pair_type,image1,image2,cosine_similarity,image1_pose,image2_pose,pose_difference,mean_absolute_pose
random_genuine,/mnt/c/Users/ansar/Desktop/VGGFace2_ArcFace_Project/data/aligned/train/n004936/0136_04.jpg,/mnt/c/Users/ansar/Desktop/VGGFace2_ArcFace_Project/data/aligned/train/n004936/0242_01.jpg,0.4728568792343139,-0.20914400935029104,0.15006456769588164,0.3592085770461727,0.17960428852308635
random_genuine,/mnt/c/Users/ansar/Desktop/VGGFace2_ArcFace_Project/data/aligned/train/n006370/0072_01.jpg,/mnt/c/Users/ansar/Desktop/VGGFace2_ArcFace_Project/data/aligned/train/n006370/0294_03.jpg,0.331011563539505,-0.08585600618125327,-0.3769114960634686,0.2910554898822153,0.23138375112236093
random_genuine,/mnt/c/Users/ansar/Desktop/VGGFace2_ArcFace_Project/data/aligned/train/n004556/0112_01.jpg,/mnt/c/Users/ansar/Desktop/VGGFace2_ArcFace_Project/data/aligned/train/n004556/0141_01.jpg,0.283119797706604,0.1928728764479448,0.1852931069600933,0.007579769487851495,0.18908299170401904
random_genuine,/mnt/c/Users/ansar/Desktop/VGGFace2_ArcFace_Project/data/aligned/train/n004924/0330_01.jpg,/mnt/c/Users/ansar/Desktop/VGGFace2_ArcFace_Project/data/aligned/train/n004924/0337_03.jpg,0.3303123116493225,-0.012152440336262277,0.026454681264097526,0.038607121600359805,0.019303560800179902
random_genuine,/mnt/c/Users/ansar/Desktop/VGGFace2_ArcFace_Project/data/aligned/train/n004851/0057_01.jpg,/mnt/c/Users/ansar/Desktop/VGGFace2_ArcFace_Project/data/aligned/train/n004851/0212_01.jpg,0.3848370015621185,0.4037235649537459,0.5119953591904379,0.10827179423669203,0.45785946207209194
random_genuine,/mnt/c/Users/ansar/Desktop/VGGFace2_ArcFace_Project/data/aligned/train/n000115/0088_01.jpg,/mnt/c/Users/ansar/Desktop/VGGFace2_ArcFace_Project/data/aligned/train/n000115/0168_04.jpg,0.3811774849891662,-0.19499487528143464,-0.4750698517841504,0.28007497650271573,0.33503236353279253
random_genuine,/mnt/c/Users/ansar/Desktop/VGGFace2_ArcFace_Project/data/aligned/train/n006895/0362_01.jpg,/mnt/c/Users/ansar/Desktop/VGGFace2_ArcFace_Project/data/aligned/train/n006895/0422_01.jpg,0.2179280668497085,-0.34116159286034164,-0.037270738878036974,0.30389085398230464,0.18921616586918932
random_genuine,/mnt/c/Users/ansar/Desktop/VGGFace2_ArcFace_Project/data/aligned/train/n008589/0146_01.jpg,/mnt/c/Users/ansar/Desktop/VGGFace2_ArcFace_Project/data/aligned/train/n008589/0403_01.jpg,0.3700581192970276,0.10210367850694681,0.055518698864952906,0.0465849796419939,0.07881118868594986
random_genuine,/mnt/c/Users/ansar/Desktop/VGGFace2_ArcFace_Project/data/aligned/train/n001937/0012_02.jpg,/mnt/c/Users/ansar/Desktop/VGGFace2_ArcFace_Project/data/aligned/train/n001937/0197_01.jpg,0.6285876631736755,-0.05786064427683055,0.15501301383610042,0.21287365811293096,0.10643682905646548
random_genuine,/mnt/c/Users/ansar/Desktop/VGGFace2_ArcFace_Project/data/aligned/train/n002070/0167_11.jpg,/mnt/c/Users/ansar/Desktop/VGGFace2_ArcFace_Project/data/aligned/train/n002070/0198_01.jpg,0.5396599769592285,-0.01982634114645095,0.10686504666952847,0.1266913878159794,0.0633456939079897
random_genuine,/mnt/c/Users/ansar/Desktop/VGGFace2_ArcFace_Project/data/aligned/train/n003525/0148_01.jpg,/mnt/c/Users/ansar/Desktop/VGGFace2_ArcFace_Project/data/aligned/train/n003525/0244_01.jpg,0.3626980483531952,0.18117392065862784,-0.034706186522204495,0.21588010718083234,0.10794005359041617
random_genuine,/mnt/c/Users/ansar/Desktop/VGGFace2_ArcFace_Project/data/aligned/train/n007492/0064_01.jpg,/mnt/c/Users/ansar/Desktop/VGGFace2_ArcFace_Project/data/aligned/train/n007492/0258_01.jpg,0.1673801839351654,-0.10632820069160973,0.1024623156695572,0.2087905163611669,0.10439525818058346
random_genuine,/mnt/c/Users/ansar/Desktop/VGGFace2_ArcFace_Project/data/aligned/train/n001562/0173_01.jpg,/mnt/c/Users/ansar/Desktop/VGGFace2_ArcFace_Project/data/aligned/train/n001562/0351_03.jpg,0.5265918374061584,0.1457144407465514,0.13605940993147236,0.009655030815079041,0.14088692533901187
random_genuine,/mnt/c/Users/ansar/Desktop/VGGFace2_ArcFace_Project/data/aligned/train/n000980/0070_01.jpg,/mnt/c/Users/ansar/Desktop/VGGFace2_ArcFace_Project/data/aligned/train/n000980/0078_01.jpg,0.3333255350589752,0.25962392713262494,-0.2770727735127943,0.5366967006454193,0.26834835032270965
random_genuine,/mnt/c/Users/ansar/Desktop/VGGFace2_ArcFace_Project/data/aligned/train/n004540/0032_01.jpg,/mnt/c/Users/ansar/Desktop/VGGFace2_ArcFace_Project/data/aligned/train/n004540/0400_01.jpg,0.3019078969955444,0.05598152248532302,0.04045769812203785,0.015523824363285164,0.04821961030368044
random_genuine,/mnt/c/Users/ansar/Desktop/VGGFace2_ArcFace_Project/data/aligned/train/n009257/0094_01.jpg,/mnt/c/Users/ansar/Desktop/VGGFace2_ArcFace_Project/data/aligned/train/n009257/0154_01.jpg,0.2780360877513885,-0.06733635641564106,0.11418031655486253,0.1815166729705036,0.0907583364852518
random_genuine,/mnt/c/Users/ansar/Desktop/VGGFace2_ArcFace_Project/data/aligned/train/n001867/0038_01.jpg,/mnt/c/Users/ansar/Desktop/VGGFace2_ArcFace_Project/data/aligned/train/n001867/0177_01.jpg,0.3890970349311828,-0.010028177550664876,-0.3130166116376726,0.3029884340870077,0.16152239459416873
random_genuine,/mnt/c/Users/ansar/Desktop/VGGFace2_ArcFace_Project/data/aligned/train/n006921/0073_01.jpg,/mnt/c/Users/ansar/Desktop/VGGFace2_ArcFace_Project/data/aligned/train/n006921/0211_01.jpg,0.4837928414344787,0.41931044819161173,-0.03998856552495418,0.4592990137165659,0.22964950685828295
random_genuine,/mnt/c/Users/ansar/Desktop/VGGFace2_ArcFace_Project/data/aligned/train/n002930/0049_01.jpg,/mnt/c/Users/ansar/Desktop/VGGFace2_ArcFace_Project/data/aligned/train/n002930/0200_01.jpg,0.3838170766830444,0.23867576628473125,-0.010420769790543027,0.24909653607527427,0.12454826803763713
random_genuine,/mnt/c/Users/ansar/Desktop/VGGFace2_ArcFace_Project/data/aligned/train/n000395/0211_01.jpg,/mnt/c/Users/ansar/Desktop/VGGFace2_ArcFace_Project/data/aligned/train/n000395/0268_01.jpg,0.7889514565467834,0.01515145853975205,0.06326630063206704,0.04811484209231499,0.039208879585909545
random_genuine,/mnt/c/Users/ansar/Desktop/VGGFace2_ArcFace_Project/data/aligned/train/n001006/0381_02.jpg,/mnt/c/Users/ansar/Desktop/VGGFace2_ArcFace_Project/data/aligned/train/n001006/0530_02.jpg,0.3067391514778137,-0.020912226575832162,0.08554764305584289,0.10645986963167506,0.05322993481583753
random_genuine,/mnt/c/Users/ansar/Desktop/VGGFace2_ArcFace_Project/data/aligned/train/n005291/0159_01.jpg,/mnt/c/Users/ansar/Desktop/VGGFace2_ArcFace_Project/data/aligned/train/n005291/0165_02.jpg,0.5209501385688782,0.09432619013974394,0.0927141312769517,0.00161205886279224,0.09352016070834782
random_genuine,/mnt/c/Users/ansar/Desktop/VGGFace2_ArcFace_Project/data/aligned/train/n000864/0097_01.jpg,/mnt/c/Users/ansar/Desktop/VGGFace2_ArcFace_Project/data/aligned/train/n000864/0102_01.jpg,0.338835209608078,0.0602965522443679,0.145524419254758,0.08522786701039012,0.10291048574956295
random_genuine,/mnt/c/Users/ansar/Desktop/VGGFace2_ArcFace_Project/data/aligned/train/n000906/0039_01.jpg,/mnt/c/Users/ansar/Desktop/VGGFace2_ArcFace_Project/data/aligned/train/n000906/0225_01.jpg,0.5116341710090637,0.005284043217392348,0.2543780137474923,0.24909397053009996,0.12983102848244232
random_genuine,/mnt/c/Users/ansar/Desktop/VGGFace2_ArcFace_Project/data/aligned/train/n005760/0056_03.jpg,/mnt/c/Users/ansar/Desktop/VGGFace2_ArcFace_Project/data/aligned/train/n005760/0563_01.jpg,0.6447491645812988,0.007538196223301395,-0.015485721948642249,0.023023918171943644,0.011511959085971822
random_genuine,/mnt/c/Users/ansar/Desktop/VGGFace2_ArcFace_Project/data/aligned/train/n001260/0009_01.jpg,/mnt/c/Users/ansar/Desktop/VGGFace2_ArcFace_Project/data/aligned/train/n001260/0241_02.jpg,0.379557341337204,-0.0684422705817944,-0.2747370518174982,0.20629478123570377,0.1715896611996463
random_genuine,/mnt/c/Users/ansar/Desktop/VGGFace2_ArcFace_Project/data/aligned/train/n001711/0198_02.jpg,/mnt/c/Users/ansar/Desktop/VGGFace2_ArcFace_Project/data/aligned/train/n001711/0368_01.jpg,0.3992002010345459,0.06800044430894957,-0.05475823974475275,0.12275868405370233,0.061379342026851164
random_genuine,/mnt/c/Users/ansar/Desktop/VGGFace2_ArcFace_Project/data/aligned/train/n000128/0166_01.jpg,/mnt/c/Users/ansar/Desktop/VGGFace2_ArcFace_Project/data/aligned/train/n000128/0254_01.jpg,0.3807370960712433,0.48575816676125155,0.14296750963075966,0.3427906571304919,0.31436283819600563
random_genuine,/mnt/c/Users/ansar/Desktop/VGGFace2_ArcFace_Project/data/aligned/train/n001205/0050_01.jpg,/mnt/c/Users/ansar/Desktop/VGGFace2_ArcFace_Project/data/aligned/train/n001205/0232_01.jpg,0.250060111284256,-0.05266670435999779,0.19677364893090554,0.24944035329090333,0.12472017664545167
random_genuine,/mnt/c/Users/ansar/Desktop/VGGFace2_ArcFace_Project/data/aligned/train/n005422/0089_01.jpg,/mnt/c/Users/ansar/Desktop/VGGFace2_ArcFace_Project/data/aligned/train/n005422/0197_01.jpg,0.0915827080607414,0.16236089506263163,-0.37554563412539327,0.537906529188025,0.2689532645940125
random_genuine,/mnt/c/Users/ansar/Desktop/VGGFace2_ArcFace_Project/data/aligned/train/n002280/0167_01.jpg,/mnt/c/Users/ansar/Desktop/VGGFace2_ArcFace_Project/data/aligned/train/n002280/0403_01.jpg,0.2698742151260376,0.06901936798610982,-0.07448690830888921,0.143506276294999,0.0717531381474995
random_genuine,/mnt/c/Users/ansar/Desktop/VGGFace2_ArcFace_Project/data/aligned/train/n001168/0058_01.jpg,/mnt/c/Users/ansar/Desktop/VGGFace2_ArcFace_Project/data/aligned/train/n001168/0127_06.jpg,0.3987130224704742,0.006883499539198576,0.15330381204629961,0.14642031250710102,0.0800936557927491
random_genuine,/mnt/c/Users/ansar/Desktop/VGGFace2_ArcFace_Project/data/aligned/train/n006963/0142_01.jpg,/mnt/c/Users/ansar/Desktop/VGGFace2_ArcFace_Project/data/aligned/train/n006963/0245_01.jpg,0.4201605021953583,0.3024678940225244,0.06762375386602887,0.23484414015649552,0.18504582394427663
random_genuine,/mnt/c/Users/ansar/Desktop/VGGFace2_ArcFace_Project/data/aligned/train/n007597/0050_01.jpg,/mnt/c/Users/ansar/Desktop/VGGFace2_ArcFace_Project/data/aligned/train/n007597/0235_02.jpg,0.3519126772880554,0.16040964622639667,0.4293186305075261,0.2689089842811294,0.2948641383669614
random_genuine,/mnt/c/Users/ansar/Desktop/VGGFace2_ArcFace_Project/data/aligned/train/n008687/0047_03.jpg,/mnt/c/Users/ansar/Desktop/VGGFace2_ArcFace_Project/data/aligned/train/n008687/0200_01.jpg,0.1678262501955032,0.0957573289479712,-0.03608080369952626,0.13183813264749747,0.06591906632374873
random_genuine,/mnt/c/Users/ansar/Desktop/VGGFace2_ArcFace_Project/data/aligned/train/n004974/0060_01.jpg,/mnt/c/Users/ansar/Desktop/VGGFace2_ArcFace_Project/data/aligned/train/n004974/0087_03.jpg,0.5867775678634644,-0.11621991348889012,0.013006564433152451,0.12922647792204256,0.06461323896102128
random_genuine,/mnt/c/Users/ansar/Desktop/VGGFace2_ArcFace_Project/data/aligned/train/n000435/0418_01.jpg,/mnt/c/Users/ansar/Desktop/VGGFace2_ArcFace_Project/data/aligned/train/n000435/0444_01.jpg,0.3178121447563171,-0.007588535003005485,0.13722837768110538,0.14481691268411087,0.07240845634205544
random_genuine,/mnt/c/Users/ansar/Desktop/VGGFace2_ArcFace_Project/data/aligned/train/n000545/0072_11.jpg,/mnt/c/Users/ansar/Desktop/VGGFace2_ArcFace_Project/data/aligned/train/n000545/0072_16.jpg,0.2095365524291992,0.14584440826785539,0.0597198367981864,0.08612457146966898,0.1027821225330209
random_genuine,/mnt/c/Users/ansar/Desktop/VGGFace2_ArcFace_Project/data/aligned/train/n000238/0444_01.jpg,/mnt/c/Users/ansar/Desktop/VGGFace2_ArcFace_Project/data/aligned/train/n000238/0477_01.jpg,0.0714971721172332,0.5456791091747798,0.07393252368072366,0.4717465854940561,0.30980581642775173
random_genuine,/mnt/c/Users/ansar/Desktop/VGGFace2_ArcFace_Project/data/aligned/train/n001222/0200_02.jpg,/mnt/c/Users/ansar/Desktop/VGGFace2_ArcFace_Project/data/aligned/train/n001222/0394_01.jpg,0.4665514528751373,-0.09665147990509226,-0.00035923147547024613,0.09629224842962202,0.048505355690281256
random_genuine,/mnt/c/Users/ansar/Desktop/VGGFace2_ArcFace_Project/data/aligned/train/n009191/0147_02.jpg,/mnt/c/Users/ansar/Desktop/VGGFace2_ArcFace_Project/data/aligned/train/n009191/0235_01.jpg,0.2904320657253265,0.0661504959778754,0.006131538368213447,0.06001895760966195,0.036141017173044424
random_genuine,/mnt/c/Users/ansar/Desktop/VGGFace2_ArcFace_Project/data/aligned/train/n007465/0295_01.jpg,/mnt/c/Users/ansar/Desktop/VGGFace2_ArcFace_Project/data/aligned/train/n007465/0547_01.jpg,0.6838229894638062,0.13526287548025132,0.09030364937639741,0.0449592261038539,0.11278326242832437
random_genuine,/mnt/c/Users/ansar/Desktop/VGGFace2_ArcFace_Project/data/aligned/train/n000255/0031_01.jpg,/mnt/c/Users/ansar/Desktop/VGGFace2_ArcFace_Project/data/aligned/train/n000255/0335_02.jpg,0.6080670356750488,0.07743949922459922,0.1363263438104274,0.058886844585828185,0.10688292151751332
random_genuine,/mnt/c/Users/ansar/Desktop/VGGFace2_ArcFace_Project/data/aligned/train/n002537/0129_01.jpg,/mnt/c/Users/ansar/Desktop/VGGFace2_ArcFace_Project/data/aligned/train/n002537/0282_03.jpg,0.2951918244361877,-0.03259940860429705,0.05772776881019872,0.09032717741449578,0.04516358870724789
random_genuine,/mnt/c/Users/ansar/Desktop/VGGFace2_ArcFace_Project/data/aligned/train/n007702/0435_02.jpg,/mnt/c/Users/ansar/Desktop/VGGFace2_ArcFace_Project/data/aligned/train/n007702/0461_01.jpg,0.3156590461730957,0.5846526061012897,-0.7531068459909361,1.3377594520922258,0.6688797260461129
random_genuine,/mnt/c/Users/ansar/Desktop/VGGFace2_ArcFace_Project/data/aligned/train/n001071/0037_01.jpg,/mnt/c/Users/ansar/Desktop/VGGFace2_ArcFace_Project/data/aligned/train/n001071/0258_02.jpg,0.1837795078754425,0.038566122717553414,-0.20142668152971285,0.23999280424726627,0.11999640212363313
random_genuine,/mnt/c/Users/ansar/Desktop/VGGFace2_ArcFace_Project/data/aligned/train/n007719/0123_01.jpg,/mnt/c/Users/ansar/Desktop/VGGFace2_ArcFace_Project/data/aligned/train/n007719/0429_01.jpg,0.1673821657896042,-0.2626577053742567,0.1911726715596508,0.4538303769339075,0.22691518846695374
random_genuine,/mnt/c/Users/ansar/Desktop/VGGFace2_ArcFace_Project/data/aligned/train/n003563/0007_03.jpg,/mnt/c/Users/ansar/Desktop/VGGFace2_ArcFace_Project/data/aligned/train/n003563/0096_02.jpg,0.5115770101547241,0.07511605972783651,0.005518657280511168,0.06959740244732535,0.04031735850417384
random_genuine,/mnt/c/Users/ansar/Desktop/VGGFace2_ArcFace_Project/data/aligned/train/n001620/0088_01.jpg,/mnt/c/Users/ansar/Desktop/VGGFace2_ArcFace_Project/data/aligned/train/n001620/0093_02.jpg,0.6243757009506226,-0.09062683112528763,0.0146194778921281,0.10524630901741573,0.052623154508707866
random_genuine,/mnt/c/Users/ansar/Desktop/VGGFace2_ArcFace_Project/data/aligned/train/n005469/0292_01.jpg,/mnt/c/Users/ansar/Desktop/VGGFace2_ArcFace_Project/data/aligned/train/n005469/0325_01.jpg,0.2562664449214935,0.09520046655307378,0.38210510242135787,0.2869046358682841,0.23865278448721583
random_genuine,/mnt/c/Users/ansar/Desktop/VGGFace2_ArcFace_Project/data/aligned/train/n006616/0036_01.jpg,/mnt/c/Users/ansar/Desktop/VGGFace2_ArcFace_Project/data/aligned/train/n006616/0351_01.jpg,0.6418321132659912,-0.1026425384943956,-0.14859372382546684,0.045951185331071245,0.12561813115993123
random_genuine,/mnt/c/Users/ansar/Desktop/VGGFace2_ArcFace_Project/data/aligned/train/n002068/0068_02.jpg,/mnt/c/Users/ansar/Desktop/VGGFace2_ArcFace_Project/data/aligned/train/n002068/0102_01.jpg,0.3135629594326019,-0.019275557461314676,0.00031726390348447975,0.019592821364799156,0.009796410682399578
random_genuine,/mnt/c/Users/ansar/Desktop/VGGFace2_ArcFace_Project/data/aligned/train/n008962/0140_01.jpg,/mnt/c/Users/ansar/Desktop/VGGFace2_ArcFace_Project/data/aligned/train/n008962/0305_02.jpg,0.1066482067108154,-0.04335210363350623,0.6439611686117699,0.6873132722452762,0.3436566361226381
random_genuine,/mnt/c/Users/ansar/Desktop/VGGFace2_ArcFace_Project/data/aligned/train/n005625/0309_02.jpg,/mnt/c/Users/ansar/Desktop/VGGFace2_ArcFace_Project/data/aligned/train/n005625/0436_01.jpg,0.177150622010231,0.4580786597938867,0.046243456655804184,0.4118352031380825,0.2521610582248454
random_genuine,/mnt/c/Users/ansar/Desktop/VGGFace2_ArcFace_Project/data/aligned/train/n004218/0083_01.jpg,/mnt/c/Users/ansar/Desktop/VGGFace2_ArcFace_Project/data/aligned/train/n004218/0434_01.jpg,0.563493549823761,-0.0790743540167335,-0.02769004525546849,0.05138430876126501,0.053382199636100996
random_genuine,/mnt/c/Users/ansar/Desktop/VGGFace2_ArcFace_Project/data/aligned/train/n003304/0230_01.jpg,/mnt/c/Users/ansar/Desktop/VGGFace2_ArcFace_Project/data/aligned/train/n003304/0337_01.jpg,0.2092576175928115,0.31369204086110236,-0.1300068798521358,0.44369892071323813,0.22184946035661907
random_genuine,/mnt/c/Users/ansar/Desktop/VGGFace2_ArcFace_Project/data/aligned/train/n001172/0145_01.jpg,/mnt/c/Users/ansar/Desktop/VGGFace2_ArcFace_Project/data/aligned/train/n001172/0413_01.jpg,0.3870927691459656,0.3188112902220483,0.12517588881904473,0.19363540140300356,0.2219935895205465
random_genuine,/mnt/c/Users/ansar/Desktop/VGGFace2_ArcFace_Project/data/aligned/train/n008799/0171_01.jpg,/mnt/c/Users/ansar/Desktop/VGGFace2_ArcFace_Project/data/aligned/train/n008799/0408_01.jpg,0.4131444096565246,0.13538362510742047,-0.2036748336324181,0.33905845873983853,0.16952922936991927
random_genuine,/mnt/c/Users/ansar/Desktop/VGGFace2_ArcFace_Project/data/aligned/train/n007165/0006_02.jpg,/mnt/c/Users/ansar/Desktop/VGGFace2_ArcFace_Project/data/aligned/train/n007165/0442_04.jpg,0.5133185386657715,0.017349764128182527,0.2458338702950453,0.22848410616686277,0.13159181721161392
random_genuine,/mnt/c/Users/ansar/Desktop/VGGFace2_ArcFace_Project/data/aligned/train/n009003/0236_01.jpg,/mnt/c/Users/ansar/Desktop/VGGFace2_ArcFace_Project/data/aligned/train/n009003/0325_01.jpg,0.1714949309825897,-0.5083646988202323,0.9398780059589834,1.4482427047792157,0.7241213523896078
random_genuine,/mnt/c/Users/ansar/Desktop/VGGFace2_ArcFace_Project/data/aligned/train/n007707/0108_01.jpg,/mnt/c/Users/ansar/Desktop/VGGFace2_ArcFace_Project/data/aligned/train/n007707/0308_02.jpg,0.3496115505695343,0.11629892331459496,-0.8748618166203505,0.9911607399349454,0.4955803699674727
random_genuine,/mnt/c/Users/ansar/Desktop/VGGFace2_ArcFace_Project/data/aligned/train/n000133/0072_01.jpg,/mnt/c/Users/ansar/Desktop/VGGFace2_ArcFace_Project/data/aligned/train/n000133/0213_02.jpg,0.4192017018795013,0.19117894437081176,0.16067324744129655,0.030505696929515214,0.17592609590605415
random_genuine,/mnt/c/Users/ansar/Desktop/VGGFace2_ArcFace_Project/data/aligned/train/n000866/0070_01.jpg,/mnt/c/Users/ansar/Desktop/VGGFace2_ArcFace_Project/data/aligned/train/n000866/0422_01.jpg,0.1684034466743469,0.04080972999158382,-0.1855063721855776,0.22631610217716142,0.11315805108858071
random_genuine,/mnt/c/Users/ansar/Desktop/VGGFace2_ArcFace_Project/data/aligned/train/n001014/0094_02.jpg,/mnt/c/Users/ansar/Desktop/VGGFace2_ArcFace_Project/data/aligned/train/n001014/0640_02.jpg,1.0,-0.2800761183481036,-0.2800761183481036,0.0,0.2800761183481036
random_genuine,/mnt/c/Users/ansar/Desktop/VGGFace2_ArcFace_Project/data/aligned/train/n007946/0152_03.jpg,/mnt/c/Users/ansar/Desktop/VGGFace2_ArcFace_Project/data/aligned/train/n007946/0573_01.jpg,0.4626361131668091,0.00370899160820334,0.22788840740838937,0.22417941580018602,0.11579869950829635
random_genuine,/mnt/c/Users/ansar/Desktop/VGGFace2_ArcFace_Project/data/aligned/train/n002239/0017_01.jpg,/mnt/c/Users/ansar/Desktop/VGGFace2_ArcFace_Project/data/aligned/train/n002239/0120_01.jpg,0.3190982937812805,0.024141321246450444,-0.28883676767473954,0.31297808892119,0.156489044460595
random_genuine,/mnt/c/Users/ansar/Desktop/VGGFace2_ArcFace_Project/data/aligned/train/n005571/0199_01.jpg,/mnt/c/Users/ansar/Desktop/VGGFace2_ArcFace_Project/data/aligned/train/n005571/0261_01.jpg,0.5730434656143188,-0.17256610156334254,0.027000479204445576,0.1995665807677881,0.09978329038389405
random_genuine,/mnt/c/Users/ansar/Desktop/VGGFace2_ArcFace_Project/data/aligned/train/n003347/0055_01.jpg,/mnt/c/Users/ansar/Desktop/VGGFace2_ArcFace_Project/data/aligned/train/n003347/0077_01.jpg,0.4667724967002868,-0.001940786603398994,0.09193668226984535,0.09387746887324434,0.04693873443662217
random_genuine,/mnt/c/Users/ansar/Desktop/VGGFace2_ArcFace_Project/data/aligned/train/n004626/0130_01.jpg,/mnt/c/Users/ansar/Desktop/VGGFace2_ArcFace_Project/data/aligned/train/n004626/0136_01.jpg,0.3651871681213379,0.15580861132424595,-0.26073287375476684,0.4165414850790128,0.2082707425395064
random_genuine,/mnt/c/Users/ansar/Desktop/VGGFace2_ArcFace_Project/data/aligned/train/n008848/0352_01.jpg,/mnt/c/Users/ansar/Desktop/VGGFace2_ArcFace_Project/data/aligned/train/n008848/0460_01.jpg,0.2610752582550049,0.14397304874252173,-0.2030219281720359,0.3469949769145576,0.1734974884572788
random_genuine,/mnt/c/Users/ansar/Desktop/VGGFace2_ArcFace_Project/data/aligned/train/n006272/0022_01.jpg,/mnt/c/Users/ansar/Desktop/VGGFace2_ArcFace_Project/data/aligned/train/n006272/0082_02.jpg,0.4496630430221557,0.05244252630209589,-0.317226046505887,0.3696685728079829,0.18483428640399144
random_genuine,/mnt/c/Users/ansar/Desktop/VGGFace2_ArcFace_Project/data/aligned/train/n004750/0263_01.jpg,/mnt/c/Users/ansar/Desktop/VGGFace2_ArcFace_Project/data/aligned/train/n004750/0369_01.jpg,0.3350929617881775,-0.37950919958753276,-0.2537075544498695,0.1258016451376633,0.31660837701870115
random_genuine,/mnt/c/Users/ansar/Desktop/VGGFace2_ArcFace_Project/data/aligned/train/n002221/0024_03.jpg,/mnt/c/Users/ansar/Desktop/VGGFace2_ArcFace_Project/data/aligned/train/n002221/0460_02.jpg,0.5241170525550842,-0.3304090915214017,-0.1272318035877772,0.2031772879336245,0.22882044755458944
random_genuine,/mnt/c/Users/ansar/Desktop/VGGFace2_ArcFace_Project/data/aligned/train/n008898/0066_02.jpg,/mnt/c/Users/ansar/Desktop/VGGFace2_ArcFace_Project/data/aligned/train/n008898/0151_01.jpg,0.4793107807636261,-0.1952454993775474,-0.020963464389903548,0.17428203498764386,0.10810448188372547
random_genuine,/mnt/c/Users/ansar/Desktop/VGGFace2_ArcFace_Project/data/aligned/train/n008677/0065_01.jpg,/mnt/c/Users/ansar/Desktop/VGGFace2_ArcFace_Project/data/aligned/train/n008677/0111_01.jpg,0.5696800351142883,0.05500214413692541,-0.02964927622725365,0.08465142036417905,0.042325710182089527
random_genuine,/mnt/c/Users/ansar/Desktop/VGGFace2_ArcFace_Project/data/aligned/train/n002757/0118_01.jpg,/mnt/c/Users/ansar/Desktop/VGGFace2_ArcFace_Project/data/aligned/train/n002757/0181_03.jpg,0.4743865728378296,0.25856879366650054,0.516960605055405,0.25839181138890444,0.38776469936095276
random_genuine,/mnt/c/Users/ansar/Desktop/VGGFace2_ArcFace_Project/data/aligned/train/n008846/0003_01.jpg,/mnt/c/Users/ansar/Desktop/VGGFace2_ArcFace_Project/data/aligned/train/n008846/0349_01.jpg,0.420865535736084,-0.19394544078564627,-0.11468211976914808,0.07926332101649819,0.15431378027739717
random_genuine,/mnt/c/Users/ansar/Desktop/VGGFace2_ArcFace_Project/data/aligned/train/n004354/0119_01.jpg,/mnt/c/Users/ansar/Desktop/VGGFace2_ArcFace_Project/data/aligned/train/n004354/0166_01.jpg,0.4994275569915771,-0.1256932762024219,-0.006064770245209503,0.1196285059572124,0.0658790232238157
random_genuine,/mnt/c/Users/ansar/Desktop/VGGFace2_ArcFace_Project/data/aligned/train/n000971/0113_01.jpg,/mnt/c/Users/ansar/Desktop/VGGFace2_ArcFace_Project/data/aligned/train/n000971/0252_02.jpg,0.115834042429924,0.18348755854809254,0.7238061016948041,0.5403185431467116,0.4536468301214483
random_genuine,/mnt/c/Users/ansar/Desktop/VGGFace2_ArcFace_Project/data/aligned/train/n004881/0260_02.jpg,/mnt/c/Users/ansar/Desktop/VGGFace2_ArcFace_Project/data/aligned/train/n004881/0329_03.jpg,0.2825203835964203,0.07258334858503832,-0.2395540933887412,0.3121374419737795,0.15606872098688976
random_genuine,/mnt/c/Users/ansar/Desktop/VGGFace2_ArcFace_Project/data/aligned/train/n006708/0400_04.jpg,/mnt/c/Users/ansar/Desktop/VGGFace2_ArcFace_Project/data/aligned/train/n006708/0407_01.jpg,0.094079814851284,1.2541809422231622,-0.27035431447894465,1.5245352567021069,0.7622676283510534
random_genuine,/mnt/c/Users/ansar/Desktop/VGGFace2_ArcFace_Project/data/aligned/train/n008323/0027_02.jpg,/mnt/c/Users/ansar/Desktop/VGGFace2_ArcFace_Project/data/aligned/train/n008323/0088_01.jpg,0.2044195830821991,0.07438431479456406,-0.12752393921127714,0.2019082540058412,0.1009541270029206
random_genuine,/mnt/c/Users/ansar/Desktop/VGGFace2_ArcFace_Project/data/aligned/train/n005524/0034_01.jpg,/mnt/c/Users/ansar/Desktop/VGGFace2_ArcFace_Project/data/aligned/train/n005524/0198_01.jpg,0.2702444195747375,-0.44895754205333027,-0.2915400517090379,0.15741749034429237,0.37024879688118406
random_genuine,/mnt/c/Users/ansar/Desktop/VGGFace2_ArcFace_Project/data/aligned/train/n003163/0054_01.jpg,/mnt/c/Users/ansar/Desktop/VGGFace2_ArcFace_Project/data/aligned/train/n003163/0375_02.jpg,0.3566817939281463,0.06648653660986675,-0.023849442274278584,0.09033597888414534,0.04516798944207267
random_genuine,/mnt/c/Users/ansar/Desktop/VGGFace2_ArcFace_Project/data/aligned/train/n000720/0235_01.jpg,/mnt/c/Users/ansar/Desktop/VGGFace2_ArcFace_Project/data/aligned/train/n000720/0274_01.jpg,0.2859145402908325,0.6272676996506968,0.14774596754868813,0.4795217321020087,0.3875068335996925
random_genuine,/mnt/c/Users/ansar/Desktop/VGGFace2_ArcFace_Project/data/aligned/train/n008855/0082_01.jpg,/mnt/c/Users/ansar/Desktop/VGGFace2_ArcFace_Project/data/aligned/train/n008855/0084_01.jpg,0.5222242474555969,0.05178837759934992,0.10551784699664664,0.05372946939729672,0.07865311229799828
random_genuine,/mnt/c/Users/ansar/Desktop/VGGFace2_ArcFace_Project/data/aligned/train/n003341/0027_01.jpg,/mnt/c/Users/ansar/Desktop/VGGFace2_ArcFace_Project/data/aligned/train/n003341/0452_03.jpg,0.509138286113739,0.020094255847769367,0.057388822949804394,0.03729456710203503,0.038741539398786884
random_genuine,/mnt/c/Users/ansar/Desktop/VGGFace2_ArcFace_Project/data/aligned/train/n004989/0086_02.jpg,/mnt/c/Users/ansar/Desktop/VGGFace2_ArcFace_Project/data/aligned/train/n004989/0132_01.jpg,0.4847456216812134,0.12252222996803956,0.25069259164896546,0.12817036168092588,0.18660741080850252
random_genuine,/mnt/c/Users/ansar/Desktop/VGGFace2_ArcFace_Project/data/aligned/train/n004629/0157_01.jpg,/mnt/c/Users/ansar/Desktop/VGGFace2_ArcFace_Project/data/aligned/train/n004629/0178_01.jpg,0.4783152937889099,-0.080838965544936,-0.0427267758282988,0.0381121897166372,0.0617828706866174
random_genuine,/mnt/c/Users/ansar/Desktop/VGGFace2_ArcFace_Project/data/aligned/train/n000071/0094_01.jpg,/mnt/c/Users/ansar/Desktop/VGGFace2_ArcFace_Project/data/aligned/train/n000071/0208_01.jpg,0.3795742690563202,0.13556569837189522,-0.14732791536480033,0.2828936137366955,0.14144680686834776
random_genuine,/mnt/c/Users/ansar/Desktop/VGGFace2_ArcFace_Project/data/aligned/train/n003607/0030_01.jpg,/mnt/c/Users/ansar/Desktop/VGGFace2_ArcFace_Project/data/aligned/train/n003607/0294_02.jpg,0.7446927428245544,0.03389363543623797,0.056622737757456736,0.022729102321218768,0.045258186596847355
random_genuine,/mnt/c/Users/ansar/Desktop/VGGFace2_ArcFace_Project/data/aligned/train/n000880/0316_01.jpg,/mnt/c/Users/ansar/Desktop/VGGFace2_ArcFace_Project/data/aligned/train/n000880/0486_01.jpg,0.2594026327133178,0.06704017865853074,-0.05418020928045403,0.12122038793898476,0.06061019396949238
random_genuine,/mnt/c/Users/ansar/Desktop/VGGFace2_ArcFace_Project/data/aligned/train/n000757/0113_01.jpg,/mnt/c/Users/ansar/Desktop/VGGFace2_ArcFace_Project/data/aligned/train/n000757/0159_01.jpg,0.435177594423294,-0.04929831953164958,0.17272016420991448,0.22201848374156408,0.11100924187078204
random_genuine,/mnt/c/Users/ansar/Desktop/VGGFace2_ArcFace_Project/data/aligned/train/n008145/0196_01.jpg,/mnt/c/Users/ansar/Desktop/VGGFace2_ArcFace_Project/data/aligned/train/n008145/0259_01.jpg,0.1386260092258453,0.11504215167680011,0.024412331141224385,0.09062982053557572,0.06972724140901225
random_genuine,/mnt/c/Users/ansar/Desktop/VGGFace2_ArcFace_Project/data/aligned/train/n003546/0103_01.jpg,/mnt/c/Users/ansar/Desktop/VGGFace2_ArcFace_Project/data/aligned/train/n003546/0322_03.jpg,0.317667543888092,-0.053093969628360514,-0.1600614708244481,0.10696750119608758,0.10657772022640431
random_genuine,/mnt/c/Users/ansar/Desktop/VGGFace2_ArcFace_Project/data/aligned/train/n007050/0079_01.jpg,/mnt/c/Users/ansar/Desktop/VGGFace2_ArcFace_Project/data/aligned/train/n007050/0391_01.jpg,0.5479463934898376,0.2701937784622795,-0.005246429282419533,0.275440207744699,0.1377201038723495
random_genuine,/mnt/c/Users/ansar/Desktop/VGGFace2_ArcFace_Project/data/aligned/train/n002998/0060_01.jpg,/mnt/c/Users/ansar/Desktop/VGGFace2_ArcFace_Project/data/aligned/train/n002998/0101_02.jpg,0.4535992443561554,-0.10793904323463485,-0.022104521118829934,0.08583452211580492,0.06502178217673239
random_genuine,/mnt/c/Users/ansar/Desktop/VGGFace2_ArcFace_Project/data/aligned/train/n000020/0048_01.jpg,/mnt/c/Users/ansar/Desktop/VGGFace2_ArcFace_Project/data/aligned/train/n000020/0151_01.jpg,0.4802384376525879,-0.020403383294708654,0.03450084871982591,0.054904232014534565,0.027452116007267283
random_genuine,/mnt/c/Users/ansar/Desktop/VGGFace2_ArcFace_Project/data/aligned/train/n006593/0099_01.jpg,/mnt/c/Users/ansar/Desktop/VGGFace2_ArcFace_Project/data/aligned/train/n006593/0156_05.jpg,0.5944411754608154,-0.10814637912566612,-0.008120915851318506,0.10002546327434761,0.05813364748849231
random_genuine,/mnt/c/Users/ansar/Desktop/VGGFace2_ArcFace_Project/data/aligned/train/n004026/0096_01.jpg,/mnt/c/Users/ansar/Desktop/VGGFace2_ArcFace_Project/data/aligned/train/n004026/0215_01.jpg,0.2781116962432861,0.033525611725829914,-0.16384518709476448,0.19737079882059438,0.09868539941029719
random_genuine,/mnt/c/Users/ansar/Desktop/VGGFace2_ArcFace_Project/data/aligned/train/n007433/0199_01.jpg,/mnt/c/Users/ansar/Desktop/VGGFace2_ArcFace_Project/data/aligned/train/n007433/0441_01.jpg,0.570304811000824,0.05675340758371554,0.13030419013194927,0.07355078254823373,0.09352879885783241
random_genuine,/mnt/c/Users/ansar/Desktop/VGGFace2_ArcFace_Project/data/aligned/train/n006636/0061_02.jpg,/mnt/c/Users/ansar/Desktop/VGGFace2_ArcFace_Project/data/aligned/train/n006636/0149_01.jpg,0.4654361605644226,0.07427164683677923,-0.15714593048523498,0.2314175773220142,0.1157087886610071
random_genuine,/mnt/c/Users/ansar/Desktop/VGGFace2_ArcFace_Project/data/aligned/train/n001429/0081_01.jpg,/mnt/c/Users/ansar/Desktop/VGGFace2_ArcFace_Project/data/aligned/train/n001429/0356_01.jpg,0.3449494540691376,-0.08791946247262214,-0.0048518229845658485,0.08306763948805629,0.046385642728593995
random_genuine,/mnt/c/Users/ansar/Desktop/VGGFace2_ArcFace_Project/data/aligned/train/n008713/0097_02.jpg,/mnt/c/Users/ansar/Desktop/VGGFace2_ArcFace_Project/data/aligned/train/n008713/0241_02.jpg,0.1262685358524322,0.027078438419849808,0.12842586550339524,0.10134742708354544,0.07775215196162252
random_genuine,/mnt/c/Users/ansar/Desktop/VGGFace2_ArcFace_Project/data/aligned/train/n006331/0051_01.jpg,/mnt/c/Users/ansar/Desktop/VGGFace2_ArcFace_Project/data/aligned/train/n006331/0257_02.jpg,0.0952529683709144,-0.10369270537633103,0.23212725342878815,0.33581995880511917,0.16790997940255958
random_genuine,/mnt/c/Users/ansar/Desktop/VGGFace2_ArcFace_Project/data/aligned/train/n000300/0147_01.jpg,/mnt/c/Users/ansar/Desktop/VGGFace2_ArcFace_Project/data/aligned/train/n000300/0529_01.jpg,0.2698094546794891,-0.08639228151425923,-0.4812505588836208,0.3948582773693615,0.28382142019894
random_genuine,/mnt/c/Users/ansar/Desktop/VGGFace2_ArcFace_Project/data/aligned/train/n006490/0088_01.jpg,/mnt/c/Users/ansar/Desktop/VGGFace2_ArcFace_Project/data/aligned/train/n006490/0244_01.jpg,0.289160817861557,0.16227327378745773,-0.008111523970648139,0.17038479775810586,0.08519239887905293
random_genuine,/mnt/c/Users/ansar/Desktop/VGGFace2_ArcFace_Project/data/aligned/train/n002911/0019_01.jpg,/mnt/c/Users/ansar/Desktop/VGGFace2_ArcFace_Project/data/aligned/train/n002911/0272_01.jpg,0.3813806772232055,-0.03252597647788428,0.17937423183083612,0.2119002083087204,0.1059501041543602
random_genuine,/mnt/c/Users/ansar/Desktop/VGGFace2_ArcFace_Project/data/aligned/train/n001440/0139_01.jpg,/mnt/c/Users/ansar/Desktop/VGGFace2_ArcFace_Project/data/aligned/train/n001440/0245_01.jpg,0.0972668230533599,0.1001093850157741,-0.1604315321890473,0.2605409172048214,0.1302704586024107
random_genuine,/mnt/c/Users/ansar/Desktop/VGGFace2_ArcFace_Project/data/aligned/train/n002724/0077_01.jpg,/mnt/c/Users/ansar/Desktop/VGGFace2_ArcFace_Project/data/aligned/train/n002724/0326_01.jpg,0.6439247131347656,-0.007630780528131786,0.04111338612672696,0.04874416665485874,0.02437208332742937
random_genuine,/mnt/c/Users/ansar/Desktop/VGGFace2_ArcFace_Project/data/aligned/train/n007398/0409_01.jpg,/mnt/c/Users/ansar/Desktop/VGGFace2_ArcFace_Project/data/aligned/train/n007398/0424_01.jpg,0.3831060528755188,-0.5639687894303369,-0.39247588647806136,0.17149290295227554,0.4782223379541991
random_genuine,/mnt/c/Users/ansar/Desktop/VGGFace2_ArcFace_Project/data/aligned/train/n002219/0181_01.jpg,/mnt/c/Users/ansar/Desktop/VGGFace2_ArcFace_Project/data/aligned/train/n002219/0253_01.jpg,0.2499536871910095,-0.1747099579605335,-0.20983834290879122,0.03512838494825771,0.19227415043466237
random_genuine,/mnt/c/Users/ansar/Desktop/VGGFace2_ArcFace_Project/data/aligned/train/n009107/0079_01.jpg,/mnt/c/Users/ansar/Desktop/VGGFace2_ArcFace_Project/data/aligned/train/n009107/0670_01.jpg,0.3995415270328522,-0.7085163741997811,-0.08567819834322439,0.6228381758565567,0.39709728627150276
random_genuine,/mnt/c/Users/ansar/Desktop/VGGFace2_ArcFace_Project/data/aligned/train/n000289/0234_01.jpg,/mnt/c/Users/ansar/Desktop/VGGFace2_ArcFace_Project/data/aligned/train/n000289/0295_04.jpg,0.1864557564258575,-0.34183682651370445,0.659489347319807,1.0013261738335115,0.5006630869167558
random_genuine,/mnt/c/Users/ansar/Desktop/VGGFace2_ArcFace_Project/data/aligned/train/n005361/0159_01.jpg,/mnt/c/Users/ansar/Desktop/VGGFace2_ArcFace_Project/data/aligned/train/n005361/0178_03.jpg,0.4694555103778839,-0.02475535746056376,-0.12309622778159626,0.0983408703210325,0.07392579262108001
random_genuine,/mnt/c/Users/ansar/Desktop/VGGFace2_ArcFace_Project/data/aligned/train/n005683/0013_01.jpg,/mnt/c/Users/ansar/Desktop/VGGFace2_ArcFace_Project/data/aligned/train/n005683/0211_01.jpg,0.6016860604286194,-0.2488351816529692,-0.004733197458440387,0.2441019841945288,0.12678418955570478
random_genuine,/mnt/c/Users/ansar/Desktop/VGGFace2_ArcFace_Project/data/aligned/train/n009035/0181_01.jpg,/mnt/c/Users/ansar/Desktop/VGGFace2_ArcFace_Project/data/aligned/train/n009035/0448_01.jpg,0.4714354276657104,-0.04215245110089638,0.011363569631021146,0.053516020731917524,0.026758010365958762
random_genuine,/mnt/c/Users/ansar/Desktop/VGGFace2_ArcFace_Project/data/aligned/train/n007926/0366_01.jpg,/mnt/c/Users/ansar/Desktop/VGGFace2_ArcFace_Project/data/aligned/train/n007926/0400_02.jpg,0.2888109982013702,0.7774227224948623,-0.11865745881134868,0.896080181306211,0.4480400906531055
random_genuine,/mnt/c/Users/ansar/Desktop/VGGFace2_ArcFace_Project/data/aligned/train/n005330/0322_01.jpg,/mnt/c/Users/ansar/Desktop/VGGFace2_ArcFace_Project/data/aligned/train/n005330/0427_01.jpg,0.4660359919071197,0.003903561885733927,0.475574285576037,0.47167072369030305,0.23973892373088546
random_genuine,/mnt/c/Users/ansar/Desktop/VGGFace2_ArcFace_Project/data/aligned/train/n000911/0008_01.jpg,/mnt/c/Users/ansar/Desktop/VGGFace2_ArcFace_Project/data/aligned/train/n000911/0399_01.jpg,0.3695994615554809,0.03351347042508126,-0.35196767832046383,0.38548114874554507,0.19274057437277253
random_genuine,/mnt/c/Users/ansar/Desktop/VGGFace2_ArcFace_Project/data/aligned/train/n006290/0020_01.jpg,/mnt/c/Users/ansar/Desktop/VGGFace2_ArcFace_Project/data/aligned/train/n006290/0026_02.jpg,0.5098250508308411,0.06238229628872176,0.02086104512370763,0.04152125116501413,0.0416216707062147
random_genuine,/mnt/c/Users/ansar/Desktop/VGGFace2_ArcFace_Project/data/aligned/train/n008402/0248_01.jpg,/mnt/c/Users/ansar/Desktop/VGGFace2_ArcFace_Project/data/aligned/train/n008402/0405_02.jpg,0.3676249086856842,0.03610966435660103,0.06011194847025225,0.02400228411365122,0.048110806413426646
random_genuine,/mnt/c/Users/ansar/Desktop/VGGFace2_ArcFace_Project/data/aligned/train/n004063/0009_01.jpg,/mnt/c/Users/ansar/Desktop/VGGFace2_ArcFace_Project/data/aligned/train/n004063/0047_01.jpg,0.7556177377700806,0.17183696413349123,-0.09274956305268385,0.2645865271861751,0.13229326359308755
random_genuine,/mnt/c/Users/ansar/Desktop/VGGFace2_ArcFace_Project/data/aligned/train/n005189/0089_01.jpg,/mnt/c/Users/ansar/Desktop/VGGFace2_ArcFace_Project/data/aligned/train/n005189/0228_01.jpg,0.2950237691402435,-0.013441450728840253,-0.30849982444318363,0.2950583737143434,0.16097063758601193
random_genuine,/mnt/c/Users/ansar/Desktop/VGGFace2_ArcFace_Project/data/aligned/train/n000140/0157_02.jpg,/mnt/c/Users/ansar/Desktop/VGGFace2_ArcFace_Project/data/aligned/train/n000140/0160_01.jpg,0.3990789949893951,0.04488203225609947,0.15715460402872203,0.11227257177262256,0.10101831814241075
random_genuine,/mnt/c/Users/ansar/Desktop/VGGFace2_ArcFace_Project/data/aligned/train/n000757/0111_02.jpg,/mnt/c/Users/ansar/Desktop/VGGFace2_ArcFace_Project/data/aligned/train/n000757/0139_01.jpg,0.2461996376514434,0.3523056363420425,-0.16319363899192674,0.5154992753339692,0.2577496376669846
random_genuine,/mnt/c/Users/ansar/Desktop/VGGFace2_ArcFace_Project/data/aligned/train/n002285/0003_01.jpg,/mnt/c/Users/ansar/Desktop/VGGFace2_ArcFace_Project/data/aligned/train/n002285/0037_03.jpg,0.1039003953337669,0.018992266129862,0.17546109465950735,0.15646882852964536,0.09722668039468467
random_genuine,/mnt/c/Users/ansar/Desktop/VGGFace2_ArcFace_Project/data/aligned/train/n003341/0056_01.jpg,/mnt/c/Users/ansar/Desktop/VGGFace2_ArcFace_Project/data/aligned/train/n003341/0162_01.jpg,0.4398945569992065,-0.05862467018252826,-0.1618059683290716,0.10318129814654334,0.11021531925579993
random_genuine,/mnt/c/Users/ansar/Desktop/VGGFace2_ArcFace_Project/data/aligned/train/n001422/0190_01.jpg,/mnt/c/Users/ansar/Desktop/VGGFace2_ArcFace_Project/data/aligned/train/n001422/0292_01.jpg,0.2714921534061432,0.4288027552421683,-0.08962707460649602,0.5184298298486644,0.2592149149243322
random_genuine,/mnt/c/Users/ansar/Desktop/VGGFace2_ArcFace_Project/data/aligned/train/n003031/0174_01.jpg,/mnt/c/Users/ansar/Desktop/VGGFace2_ArcFace_Project/data/aligned/train/n003031/0192_01.jpg,0.3428671956062317,0.23480643530016723,-0.020752127280034196,0.25555856258020143,0.12777928129010072
random_genuine,/mnt/c/Users/ansar/Desktop/VGGFace2_ArcFace_Project/data/aligned/train/n007604/0118_01.jpg,/mnt/c/Users/ansar/Desktop/VGGFace2_ArcFace_Project/data/aligned/train/n007604/0419_01.jpg,0.4474528729915619,0.09474805664397962,0.10446570692851358,0.00971765028453396,0.0996068817862466
random_genuine,/mnt/c/Users/ansar/Desktop/VGGFace2_ArcFace_Project/data/aligned/train/n003124/0166_01.jpg,/mnt/c/Users/ansar/Desktop/VGGFace2_ArcFace_Project/data/aligned/train/n003124/0514_01.jpg,0.3216389715671539,0.6220653498888932,0.5392422834898966,0.08282306639899661,0.5806538166893949
random_genuine,/mnt/c/Users/ansar/Desktop/VGGFace2_ArcFace_Project/data/aligned/train/n006713/0298_01.jpg,/mnt/c/Users/ansar/Desktop/VGGFace2_ArcFace_Project/data/aligned/train/n006713/0368_01.jpg,0.4471807777881622,-0.30019008723555207,0.10263869059410205,0.4028287778296541,0.20141438891482705
random_genuine,/mnt/c/Users/ansar/Desktop/VGGFace2_ArcFace_Project/data/aligned/train/n006716/0075_01.jpg,/mnt/c/Users/ansar/Desktop/VGGFace2_ArcFace_Project/data/aligned/train/n006716/0221_01.jpg,0.7094216346740723,-0.04506578857826656,0.2972356116666294,0.3423014002448959,0.17115070012244796
random_genuine,/mnt/c/Users/ansar/Desktop/VGGFace2_ArcFace_Project/data/aligned/train/n001752/0029_01.jpg,/mnt/c/Users/ansar/Desktop/VGGFace2_ArcFace_Project/data/aligned/train/n001752/0377_01.jpg,0.2906248867511749,0.03451740627628254,-0.4438331939553156,0.47835060023159814,0.23917530011579907
random_genuine,/mnt/c/Users/ansar/Desktop/VGGFace2_ArcFace_Project/data/aligned/train/n006075/0181_01.jpg,/mnt/c/Users/ansar/Desktop/VGGFace2_ArcFace_Project/data/aligned/train/n006075/0258_01.jpg,0.5974631905555725,0.09050301683440667,0.12758701241056886,0.03708399557616218,0.10904501462248777
random_genuine,/mnt/c/Users/ansar/Desktop/VGGFace2_ArcFace_Project/data/aligned/train/n001297/0003_01.jpg,/mnt/c/Users/ansar/Desktop/VGGFace2_ArcFace_Project/data/aligned/train/n001297/0104_01.jpg,0.6289999485015869,0.01171378371727929,0.0240798540835199,0.01236607036624061,0.017896818900399597
random_genuine,/mnt/c/Users/ansar/Desktop/VGGFace2_ArcFace_Project/data/aligned/train/n007611/0202_01.jpg,/mnt/c/Users/ansar/Desktop/VGGFace2_ArcFace_Project/data/aligned/train/n007611/0205_02.jpg,0.3249349594116211,0.12460282293867164,-0.2363404892031405,0.36094331214181213,0.18047165607090607
random_genuine,/mnt/c/Users/ansar/Desktop/VGGFace2_ArcFace_Project/data/aligned/train/n005591/0089_01.jpg,/mnt/c/Users/ansar/Desktop/VGGFace2_ArcFace_Project/data/aligned/train/n005591/0322_01.jpg,0.4549615979194641,0.06533541053757977,0.28805568452159613,0.22272027398401636,0.17669554752958794
random_genuine,/mnt/c/Users/ansar/Desktop/VGGFace2_ArcFace_Project/data/aligned/train/n001326/0057_01.jpg,/mnt/c/Users/ansar/Desktop/VGGFace2_ArcFace_Project/data/aligned/train/n001326/0165_01.jpg,0.5708895325660706,-0.07016239706890304,0.568229643545249,0.638392040614152,0.319196020307076
random_genuine,/mnt/c/Users/ansar/Desktop/VGGFace2_ArcFace_Project/data/aligned/train/n007039/0126_01.jpg,/mnt/c/Users/ansar/Desktop/VGGFace2_ArcFace_Project/data/aligned/train/n007039/0308_01.jpg,0.1573308259248733,-0.21462252638558374,0.05372891118493248,0.2683514375705162,0.1341757187852581
random_genuine,/mnt/c/Users/ansar/Desktop/VGGFace2_ArcFace_Project/data/aligned/train/n008926/0096_01.jpg,/mnt/c/Users/ansar/Desktop/VGGFace2_ArcFace_Project/data/aligned/train/n008926/0368_01.jpg,0.3579084873199463,-0.15586570274407688,-0.5781791150224028,0.422313412278326,0.36702240888323984
random_genuine,/mnt/c/Users/ansar/Desktop/VGGFace2_ArcFace_Project/data/aligned/train/n004413/0225_01.jpg,/mnt/c/Users/ansar/Desktop/VGGFace2_ArcFace_Project/data/aligned/train/n004413/0364_02.jpg,0.4089703261852264,-0.04901138133714968,0.15341579698587368,0.20242717832302337,0.10121358916151169
random_genuine,/mnt/c/Users/ansar/Desktop/VGGFace2_ArcFace_Project/data/aligned/train/n004299/0022_01.jpg,/mnt/c/Users/ansar/Desktop/VGGFace2_ArcFace_Project/data/aligned/train/n004299/0047_01.jpg,0.6920623779296875,-0.3373975738576596,-0.09170201852014273,0.24569555533751689,0.2145497961889012
random_genuine,/mnt/c/Users/ansar/Desktop/VGGFace2_ArcFace_Project/data/aligned/train/n006124/0083_01.jpg,/mnt/c/Users/ansar/Desktop/VGGFace2_ArcFace_Project/data/aligned/train/n006124/0380_02.jpg,0.1423379033803939,0.350212844551977,-1.0617922104956663,1.4120050550476433,0.7060025275238216
random_genuine,/mnt/c/Users/ansar/Desktop/VGGFace2_ArcFace_Project/data/aligned/train/n002241/0028_02.jpg,/mnt/c/Users/ansar/Desktop/VGGFace2_ArcFace_Project/data/aligned/train/n002241/0104_04.jpg,0.9351463913917542,-0.05384895495020573,0.1586273401699312,0.21247629512013694,0.10623814756006847
random_genuine,/mnt/c/Users/ansar/Desktop/VGGFace2_ArcFace_Project/data/aligned/train/n003443/0031_01.jpg,/mnt/c/Users/ansar/Desktop/VGGFace2_ArcFace_Project/data/aligned/train/n003443/0204_01.jpg,0.6259586215019226,0.3137217173144437,0.7186460796622595,0.40492436234781576,0.5161838984883516
random_genuine,/mnt/c/Users/ansar/Desktop/VGGFace2_ArcFace_Project/data/aligned/train/n003177/0162_01.jpg,/mnt/c/Users/ansar/Desktop/VGGFace2_ArcFace_Project/data/aligned/train/n003177/0352_01.jpg,0.2801657915115356,0.3969733416185496,-0.2166419671963727,0.6136153088149223,0.30680765440746116
random_genuine,/mnt/c/Users/ansar/Desktop/VGGFace2_ArcFace_Project/data/aligned/train/n003791/0135_01.jpg,/mnt/c/Users/ansar/Desktop/VGGFace2_ArcFace_Project/data/aligned/train/n003791/0195_01.jpg,0.4470824003219604,0.09525126330814876,0.21022272781542836,0.1149714645072796,0.15273699556178855
random_genuine,/mnt/c/Users/ansar/Desktop/VGGFace2_ArcFace_Project/data/aligned/train/n007574/0186_03.jpg,/mnt/c/Users/ansar/Desktop/VGGFace2_ArcFace_Project/data/aligned/train/n007574/0358_01.jpg,0.3372642993927002,-0.03997991676726294,-0.05517117106575737,0.015191254298494432,0.04757554391651016
random_genuine,/mnt/c/Users/ansar/Desktop/VGGFace2_ArcFace_Project/data/aligned/train/n000810/0355_02.jpg,/mnt/c/Users/ansar/Desktop/VGGFace2_ArcFace_Project/data/aligned/train/n000810/0595_02.jpg,0.1531774997711181,0.10756637406112189,0.0821103623254343,0.025456011735687595,0.0948383681932781
random_genuine,/mnt/c/Users/ansar/Desktop/VGGFace2_ArcFace_Project/data/aligned/train/n006845/0193_01.jpg,/mnt/c/Users/ansar/Desktop/VGGFace2_ArcFace_Project/data/aligned/train/n006845/0456_02.jpg,0.5287860035896301,-0.19530135816389602,-0.12745270379903484,0.06784865436486118,0.16137703098146544
random_genuine,/mnt/c/Users/ansar/Desktop/VGGFace2_ArcFace_Project/data/aligned/train/n006434/0164_01.jpg,/mnt/c/Users/ansar/Desktop/VGGFace2_ArcFace_Project/data/aligned/train/n006434/0258_01.jpg,0.392321914434433,-0.06502064764078117,0.44453584707822535,0.5095564947190065,0.2547782473595033
random_genuine,/mnt/c/Users/ansar/Desktop/VGGFace2_ArcFace_Project/data/aligned/train/n001968/0124_01.jpg,/mnt/c/Users/ansar/Desktop/VGGFace2_ArcFace_Project/data/aligned/train/n001968/0328_01.jpg,0.5837408304214478,0.11763665833606647,-0.08770609186857822,0.2053427502046447,0.10267137510232235
random_genuine,/mnt/c/Users/ansar/Desktop/VGGFace2_ArcFace_Project/data/aligned/train/n003622/0022_04.jpg,/mnt/c/Users/ansar/Desktop/VGGFace2_ArcFace_Project/data/aligned/train/n003622/0356_01.jpg,0.681226909160614,-0.13303746876328734,-0.26161357565142024,0.1285761068881329,0.19732552220735378
random_genuine,/mnt/c/Users/ansar/Desktop/VGGFace2_ArcFace_Project/data/aligned/train/n003709/0113_01.jpg,/mnt/c/Users/ansar/Desktop/VGGFace2_ArcFace_Project/data/aligned/train/n003709/0261_01.jpg,0.4852730631828308,-0.03236903519992407,-0.13480920235252203,0.10244016715259796,0.08358911877622305
random_genuine,/mnt/c/Users/ansar/Desktop/VGGFace2_ArcFace_Project/data/aligned/train/n002048/0267_02.jpg,/mnt/c/Users/ansar/Desktop/VGGFace2_ArcFace_Project/data/aligned/train/n002048/0377_01.jpg,0.0707775652408599,0.05286847259983748,0.25255735422042297,0.19968888162058548,0.1527129134101302
random_genuine,/mnt/c/Users/ansar/Desktop/VGGFace2_ArcFace_Project/data/aligned/train/n001735/0048_01.jpg,/mnt/c/Users/ansar/Desktop/VGGFace2_ArcFace_Project/data/aligned/train/n001735/0279_02.jpg,0.1287563592195511,0.0011988858538266262,-2.044273441920866,2.045472327774693,1.0227361638873464
random_genuine,/mnt/c/Users/ansar/Desktop/VGGFace2_ArcFace_Project/data/aligned/train/n005036/0152_01.jpg,/mnt/c/Users/ansar/Desktop/VGGFace2_ArcFace_Project/data/aligned/train/n005036/0475_01.jpg,0.5670739412307739,-0.05828770045606967,0.1549079550931301,0.21319565554919978,0.10659782777459989
random_genuine,/mnt/c/Users/ansar/Desktop/VGGFace2_ArcFace_Project/data/aligned/train/n007804/0096_02.jpg,/mnt/c/Users/ansar/Desktop/VGGFace2_ArcFace_Project/data/aligned/train/n007804/0207_05.jpg,0.3625736832618713,0.08440463490591786,-0.2365230796907794,0.3209277145966973,0.16046385729834864
random_genuine,/mnt/c/Users/ansar/Desktop/VGGFace2_ArcFace_Project/data/aligned/train/n006264/0066_01.jpg,/mnt/c/Users/ansar/Desktop/VGGFace2_ArcFace_Project/data/aligned/train/n006264/0158_02.jpg,0.5051077008247375,-0.160060392845058,-0.18820743761135836,0.028147044766300366,0.17413391522820817
random_genuine,/mnt/c/Users/ansar/Desktop/VGGFace2_ArcFace_Project/data/aligned/train/n000354/0001_01.jpg,/mnt/c/Users/ansar/Desktop/VGGFace2_ArcFace_Project/data/aligned/train/n000354/0127_02.jpg,0.5649084448814392,0.11669312026488217,0.2925215027251237,0.17582838246024157,0.20460731149500294
random_genuine,/mnt/c/Users/ansar/Desktop/VGGFace2_ArcFace_Project/data/aligned/train/n008798/0137_01.jpg,/mnt/c/Users/ansar/Desktop/VGGFace2_ArcFace_Project/data/aligned/train/n008798/0160_01.jpg,0.4644922018051147,-0.04359523459318278,-0.04379103033751886,0.00019579574433608443,0.04369313246535082
random_genuine,/mnt/c/Users/ansar/Desktop/VGGFace2_ArcFace_Project/data/aligned/train/n004608/0386_02.jpg,/mnt/c/Users/ansar/Desktop/VGGFace2_ArcFace_Project/data/aligned/train/n004608/0400_01.jpg,0.411134272813797,-0.3320701818758173,-0.03767670197132139,0.29439347990449594,0.18487344192356936
random_genuine,/mnt/c/Users/ansar/Desktop/VGGFace2_ArcFace_Project/data/aligned/train/n001464/0055_01.jpg,/mnt/c/Users/ansar/Desktop/VGGFace2_ArcFace_Project/data/aligned/train/n001464/0206_02.jpg,0.2318145334720611,-0.028468420168900888,0.3478066549987404,0.3762750751676413,0.18813753758382065
random_genuine,/mnt/c/Users/ansar/Desktop/VGGFace2_ArcFace_Project/data/aligned/train/n002927/0342_01.jpg,/mnt/c/Users/ansar/Desktop/VGGFace2_ArcFace_Project/data/aligned/train/n002927/0503_01.jpg,0.4744468033313751,1.1739753348038908,-0.15323926661839762,1.3272146014222885,0.6636073007111443
random_genuine,/mnt/c/Users/ansar/Desktop/VGGFace2_ArcFace_Project/data/aligned/train/n002754/0072_01.jpg,/mnt/c/Users/ansar/Desktop/VGGFace2_ArcFace_Project/data/aligned/train/n002754/0190_01.jpg,0.3093486428260803,-0.10027424878260303,0.11204199990121226,0.2123162486838153,0.10615812434190765
random_genuine,/mnt/c/Users/ansar/Desktop/VGGFace2_ArcFace_Project/data/aligned/train/n001215/0002_01.jpg,/mnt/c/Users/ansar/Desktop/VGGFace2_ArcFace_Project/data/aligned/train/n001215/0227_01.jpg,0.0079140029847621,0.051212143458657655,-0.02721918498401966,0.07843132844267732,0.03921566422133866
random_genuine,/mnt/c/Users/ansar/Desktop/VGGFace2_ArcFace_Project/data/aligned/train/n005790/0067_01.jpg,/mnt/c/Users/ansar/Desktop/VGGFace2_ArcFace_Project/data/aligned/train/n005790/0606_01.jpg,0.5187764167785645,0.095632809142476,-0.19384883445807766,0.2894816436005537,0.14474082180027684
random_genuine,/mnt/c/Users/ansar/Desktop/VGGFace2_ArcFace_Project/data/aligned/train/n004907/0103_01.jpg,/mnt/c/Users/ansar/Desktop/VGGFace2_ArcFace_Project/data/aligned/train/n004907/0279_01.jpg,0.2637872993946075,-0.4506422137600118,-0.3207119728817403,0.12993024087827149,0.3856770933208761
random_genuine,/mnt/c/Users/ansar/Desktop/VGGFace2_ArcFace_Project/data/aligned/train/n009223/0172_01.jpg,/mnt/c/Users/ansar/Desktop/VGGFace2_ArcFace_Project/data/aligned/train/n009223/0190_01.jpg,0.4442947208881378,0.13180381582361195,-0.011429906758417449,0.1432337225820294,0.0716168612910147
random_genuine,/mnt/c/Users/ansar/Desktop/VGGFace2_ArcFace_Project/data/aligned/train/n002785/0021_01.jpg,/mnt/c/Users/ansar/Desktop/VGGFace2_ArcFace_Project/data/aligned/train/n002785/0255_01.jpg,0.5101943016052246,-0.03562713592375538,-0.004953842477355811,0.03067329344639957,0.020290489200555595
random_genuine,/mnt/c/Users/ansar/Desktop/VGGFace2_ArcFace_Project/data/aligned/train/n007575/0081_02.jpg,/mnt/c/Users/ansar/Desktop/VGGFace2_ArcFace_Project/data/aligned/train/n007575/0237_01.jpg,0.1836993098258972,0.011315298300015405,0.2146285201355172,0.2033132218355018,0.1129719092177663
random_genuine,/mnt/c/Users/ansar/Desktop/VGGFace2_ArcFace_Project/data/aligned/train/n006977/0037_06.jpg,/mnt/c/Users/ansar/Desktop/VGGFace2_ArcFace_Project/data/aligned/train/n006977/0089_02.jpg,0.3034778237342834,-0.20869519115146642,0.016967679504468272,0.2256628706559347,0.11283143532796736
random_genuine,/mnt/c/Users/ansar/Desktop/VGGFace2_ArcFace_Project/data/aligned/train/n005521/0046_02.jpg,/mnt/c/Users/ansar/Desktop/VGGFace2_ArcFace_Project/data/aligned/train/n005521/0323_04.jpg,0.2094251960515976,-0.11051386368406281,0.08025884449817544,0.19077270818223824,0.09538635409111912
random_genuine,/mnt/c/Users/ansar/Desktop/VGGFace2_ArcFace_Project/data/aligned/train/n001696/0009_01.jpg,/mnt/c/Users/ansar/Desktop/VGGFace2_ArcFace_Project/data/aligned/train/n001696/0089_01.jpg,0.6287264227867126,0.07350671775150006,0.037568843797642054,0.035937873953858,0.055537780774571055
random_genuine,/mnt/c/Users/ansar/Desktop/VGGFace2_ArcFace_Project/data/aligned/train/n004040/0284_01.jpg,/mnt/c/Users/ansar/Desktop/VGGFace2_ArcFace_Project/data/aligned/train/n004040/0409_01.jpg,0.3670880496501922,-0.018682938998198347,0.03172216779158931,0.05040510678978766,0.02520255339489383
random_genuine,/mnt/c/Users/ansar/Desktop/VGGFace2_ArcFace_Project/data/aligned/train/n005131/0097_02.jpg,/mnt/c/Users/ansar/Desktop/VGGFace2_ArcFace_Project/data/aligned/train/n005131/0265_02.jpg,0.2244625240564346,-0.3407478254244619,0.41604727619840437,0.7567951016228662,0.3783975508114331
random_genuine,/mnt/c/Users/ansar/Desktop/VGGFace2_ArcFace_Project/data/aligned/train/n008584/0366_01.jpg,/mnt/c/Users/ansar/Desktop/VGGFace2_ArcFace_Project/data/aligned/train/n008584/0440_01.jpg,0.2831470072269439,0.027379547954517393,-0.9467285269120203,0.9741080748665376,0.4870540374332688
random_genuine,/mnt/c/Users/ansar/Desktop/VGGFace2_ArcFace_Project/data/aligned/train/n004864/0135_01.jpg,/mnt/c/Users/ansar/Desktop/VGGFace2_ArcFace_Project/data/aligned/train/n004864/0138_02.jpg,0.4236666858196258,-0.340612033642576,-0.12075599553650418,0.2198560381060718,0.23068401458954008
random_genuine,/mnt/c/Users/ansar/Desktop/VGGFace2_ArcFace_Project/data/aligned/train/n008916/0120_01.jpg,/mnt/c/Users/ansar/Desktop/VGGFace2_ArcFace_Project/data/aligned/train/n008916/0145_01.jpg,0.5473776459693909,-0.10469496620759845,-0.11374883345018309,0.00905386724258464,0.10922189982889077
random_genuine,/mnt/c/Users/ansar/Desktop/VGGFace2_ArcFace_Project/data/aligned/train/n007053/0147_01.jpg,/mnt/c/Users/ansar/Desktop/VGGFace2_ArcFace_Project/data/aligned/train/n007053/0221_01.jpg,0.5234876871109009,-0.014804246482342508,0.06344483395771831,0.07824908044006082,0.03912454022003041
random_genuine,/mnt/c/Users/ansar/Desktop/VGGFace2_ArcFace_Project/data/aligned/train/n006742/0071_02.jpg,/mnt/c/Users/ansar/Desktop/VGGFace2_ArcFace_Project/data/aligned/train/n006742/0121_01.jpg,0.5036800503730774,0.006181029122654815,0.13324370812120806,0.12706267899855325,0.06971236862193143
random_genuine,/mnt/c/Users/ansar/Desktop/VGGFace2_ArcFace_Project/data/aligned/train/n002904/0479_01.jpg,/mnt/c/Users/ansar/Desktop/VGGFace2_ArcFace_Project/data/aligned/train/n002904/0580_01.jpg,0.4464584589004516,0.17955174987676448,-0.2227985556537184,0.4023503055304829,0.20117515276524145
random_genuine,/mnt/c/Users/ansar/Desktop/VGGFace2_ArcFace_Project/data/aligned/train/n000679/0013_04.jpg,/mnt/c/Users/ansar/Desktop/VGGFace2_ArcFace_Project/data/aligned/train/n000679/0260_01.jpg,0.3062906265258789,0.2614802723137859,0.05970905150285922,0.2017712208109267,0.16059466190832256
random_genuine,/mnt/c/Users/ansar/Desktop/VGGFace2_ArcFace_Project/data/aligned/train/n007265/0054_03.jpg,/mnt/c/Users/ansar/Desktop/VGGFace2_ArcFace_Project/data/aligned/train/n007265/0464_01.jpg,0.3787479996681213,-0.09840992836104782,0.2011192197574667,0.2995291481185145,0.14976457405925725
random_genuine,/mnt/c/Users/ansar/Desktop/VGGFace2_ArcFace_Project/data/aligned/train/n003118/0028_02.jpg,/mnt/c/Users/ansar/Desktop/VGGFace2_ArcFace_Project/data/aligned/train/n003118/0066_02.jpg,0.3811860084533691,0.03416181970831857,-0.23292868126610147,0.26709050097442005,0.13354525048721003
random_genuine,/mnt/c/Users/ansar/Desktop/VGGFace2_ArcFace_Project/data/aligned/train/n004345/0043_01.jpg,/mnt/c/Users/ansar/Desktop/VGGFace2_ArcFace_Project/data/aligned/train/n004345/0192_01.jpg,0.4024441838264465,-0.18287027022430105,0.646386993505466,0.829257263729767,0.4146286318648835
random_genuine,/mnt/c/Users/ansar/Desktop/VGGFace2_ArcFace_Project/data/aligned/train/n003584/0026_01.jpg,/mnt/c/Users/ansar/Desktop/VGGFace2_ArcFace_Project/data/aligned/train/n003584/0210_01.jpg,0.4152121543884277,-0.02146389647195172,-0.3863012615093122,0.3648373650373605,0.20388257899063197
random_genuine,/mnt/c/Users/ansar/Desktop/VGGFace2_ArcFace_Project/data/aligned/train/n007085/0121_01.jpg,/mnt/c/Users/ansar/Desktop/VGGFace2_ArcFace_Project/data/aligned/train/n007085/0347_01.jpg,0.2734536826610565,-0.002721375579118027,-0.06817754751827858,0.06545617193916055,0.035449461548698304
random_genuine,/mnt/c/Users/ansar/Desktop/VGGFace2_ArcFace_Project/data/aligned/train/n003014/0048_01.jpg,/mnt/c/Users/ansar/Desktop/VGGFace2_ArcFace_Project/data/aligned/train/n003014/0136_01.jpg,0.5150188207626343,-0.05119406739421268,-0.09924976175414071,0.048055694359928035,0.0752219145741767
random_genuine,/mnt/c/Users/ansar/Desktop/VGGFace2_ArcFace_Project/data/aligned/train/n002719/0127_01.jpg,/mnt/c/Users/ansar/Desktop/VGGFace2_ArcFace_Project/data/aligned/train/n002719/0186_01.jpg,0.4966748356819153,0.21802088332224637,0.11040497599089918,0.10761590733134718,0.16421292965657278
random_genuine,/mnt/c/Users/ansar/Desktop/VGGFace2_ArcFace_Project/data/aligned/train/n000905/0273_01.jpg,/mnt/c/Users/ansar/Desktop/VGGFace2_ArcFace_Project/data/aligned/train/n000905/0372_01.jpg,0.8573146462440491,-0.23414344248085592,-0.2525689327627995,0.018425490281943596,0.2433561876218277
random_genuine,/mnt/c/Users/ansar/Desktop/VGGFace2_ArcFace_Project/data/aligned/train/n008467/0120_01.jpg,/mnt/c/Users/ansar/Desktop/VGGFace2_ArcFace_Project/data/aligned/train/n008467/0417_01.jpg,0.5234237313270569,0.2396423239134296,-0.04408054451758361,0.2837228684310132,0.1418614342155066
random_genuine,/mnt/c/Users/ansar/Desktop/VGGFace2_ArcFace_Project/data/aligned/train/n001726/0166_01.jpg,/mnt/c/Users/ansar/Desktop/VGGFace2_ArcFace_Project/data/aligned/train/n001726/0240_01.jpg,0.4843493103981018,-0.5386556531941243,-0.3805272325551039,0.15812842063902044,0.4595914428746141
random_genuine,/mnt/c/Users/ansar/Desktop/VGGFace2_ArcFace_Project/data/aligned/train/n005492/0049_01.jpg,/mnt/c/Users/ansar/Desktop/VGGFace2_ArcFace_Project/data/aligned/train/n005492/0066_01.jpg,0.5305690765380859,-0.033622950194037916,0.021112103992472337,0.05473505418651026,0.02736752709325513
random_genuine,/mnt/c/Users/ansar/Desktop/VGGFace2_ArcFace_Project/data/aligned/train/n000439/0007_01.jpg,/mnt/c/Users/ansar/Desktop/VGGFace2_ArcFace_Project/data/aligned/train/n000439/0098_01.jpg,0.5425891876220703,-0.04538569819756547,0.0362621450313431,0.08164784322890857,0.040823921614454285
random_genuine,/mnt/c/Users/ansar/Desktop/VGGFace2_ArcFace_Project/data/aligned/train/n000910/0102_01.jpg,/mnt/c/Users/ansar/Desktop/VGGFace2_ArcFace_Project/data/aligned/train/n000910/0594_01.jpg,0.5242122411727905,0.41116659930057375,0.21909871828825517,0.1920678810123186,0.31513265879441443
random_genuine,/mnt/c/Users/ansar/Desktop/VGGFace2_ArcFace_Project/data/aligned/train/n000949/0099_01.jpg,/mnt/c/Users/ansar/Desktop/VGGFace2_ArcFace_Project/data/aligned/train/n000949/0212_01.jpg,-0.0493413545191288,0.3260539595846798,0.1214608393682522,0.20459312021642762,0.223757399476466
random_genuine,/mnt/c/Users/ansar/Desktop/VGGFace2_ArcFace_Project/data/aligned/train/n008404/0219_01.jpg,/mnt/c/Users/ansar/Desktop/VGGFace2_ArcFace_Project/data/aligned/train/n008404/0429_01.jpg,0.3261321783065796,-0.35377319659651263,-0.09263829551623164,0.261134901080281,0.22320574605637214
random_genuine,/mnt/c/Users/ansar/Desktop/VGGFace2_ArcFace_Project/data/aligned/train/n001820/0087_01.jpg,/mnt/c/Users/ansar/Desktop/VGGFace2_ArcFace_Project/data/aligned/train/n001820/0192_02.jpg,0.4767762720584869,-0.08303793806434762,0.053983927683985355,0.13702186574833297,0.06851093287416649
random_genuine,/mnt/c/Users/ansar/Desktop/VGGFace2_ArcFace_Project/data/aligned/train/n006972/0147_06.jpg,/mnt/c/Users/ansar/Desktop/VGGFace2_ArcFace_Project/data/aligned/train/n006972/0518_02.jpg,0.3927898406982422,-0.059910780971092335,0.19384012790778538,0.2537509088788777,0.12687545443943885
random_genuine,/mnt/c/Users/ansar/Desktop/VGGFace2_ArcFace_Project/data/aligned/train/n004032/0188_02.jpg,/mnt/c/Users/ansar/Desktop/VGGFace2_ArcFace_Project/data/aligned/train/n004032/0298_01.jpg,0.2977530658245086,0.10582801743481554,0.4420878720730937,0.3362598546382781,0.27395794475395463
random_genuine,/mnt/c/Users/ansar/Desktop/VGGFace2_ArcFace_Project/data/aligned/train/n006931/0090_01.jpg,/mnt/c/Users/ansar/Desktop/VGGFace2_ArcFace_Project/data/aligned/train/n006931/0130_01.jpg,0.4287126362323761,0.062309543041735714,0.14855683578157627,0.08624729273984055,0.105433189411656
random_genuine,/mnt/c/Users/ansar/Desktop/VGGFace2_ArcFace_Project/data/aligned/train/n004729/0123_01.jpg,/mnt/c/Users/ansar/Desktop/VGGFace2_ArcFace_Project/data/aligned/train/n004729/0226_02.jpg,0.5506511926651001,-0.13116907723218624,-0.30561473356365637,0.17444565633147013,0.2183919053979213
random_genuine,/mnt/c/Users/ansar/Desktop/VGGFace2_ArcFace_Project/data/aligned/train/n003353/0071_03.jpg,/mnt/c/Users/ansar/Desktop/VGGFace2_ArcFace_Project/data/aligned/train/n003353/0080_01.jpg,0.3356463015079498,-0.02619177105899653,0.33913773151531024,0.36532950257430674,0.18266475128715337
random_genuine,/mnt/c/Users/ansar/Desktop/VGGFace2_ArcFace_Project/data/aligned/train/n002410/0096_01.jpg,/mnt/c/Users/ansar/Desktop/VGGFace2_ArcFace_Project/data/aligned/train/n002410/0170_01.jpg,0.0936277210712432,-0.7511425276526921,-0.06186991995291716,0.6892726076997749,0.4065062238028046
random_genuine,/mnt/c/Users/ansar/Desktop/VGGFace2_ArcFace_Project/data/aligned/train/n006714/0006_01.jpg,/mnt/c/Users/ansar/Desktop/VGGFace2_ArcFace_Project/data/aligned/train/n006714/0113_01.jpg,0.6205229163169861,0.3658922697421794,-0.10578262351841018,0.4716748932605896,0.2358374466302948
random_genuine,/mnt/c/Users/ansar/Desktop/VGGFace2_ArcFace_Project/data/aligned/train/n002941/0133_01.jpg,/mnt/c/Users/ansar/Desktop/VGGFace2_ArcFace_Project/data/aligned/train/n002941/0267_05.jpg,0.2674880921840668,0.1574864889178526,-0.05264453135222073,0.21013102027007335,0.10506551013503668
random_genuine,/mnt/c/Users/ansar/Desktop/VGGFace2_ArcFace_Project/data/aligned/train/n001201/0271_01.jpg,/mnt/c/Users/ansar/Desktop/VGGFace2_ArcFace_Project/data/aligned/train/n001201/0333_03.jpg,0.1195631846785545,0.14182148307722955,0.04585153491706016,0.09596994816016939,0.09383650899714485
random_genuine,/mnt/c/Users/ansar/Desktop/VGGFace2_ArcFace_Project/data/aligned/train/n005198/0221_02.jpg,/mnt/c/Users/ansar/Desktop/VGGFace2_ArcFace_Project/data/aligned/train/n005198/0393_02.jpg,0.1360766291618347,0.13572294107332974,1.5530340476104254,1.4173111065370956,0.8443784943418776
random_genuine,/mnt/c/Users/ansar/Desktop/VGGFace2_ArcFace_Project/data/aligned/train/n004015/0136_01.jpg,/mnt/c/Users/ansar/Desktop/VGGFace2_ArcFace_Project/data/aligned/train/n004015/0237_01.jpg,0.3363313972949981,-0.19474440100394314,0.611259635249161,0.8060040362531042,0.4030020181265521
random_genuine,/mnt/c/Users/ansar/Desktop/VGGFace2_ArcFace_Project/data/aligned/train/n007349/0037_01.jpg,/mnt/c/Users/ansar/Desktop/VGGFace2_ArcFace_Project/data/aligned/train/n007349/0368_01.jpg,0.2649740278720855,-0.018668196781138107,-0.11412906062223713,0.09546086384109902,0.06639862870168761
random_genuine,/mnt/c/Users/ansar/Desktop/VGGFace2_ArcFace_Project/data/aligned/train/n002533/0020_03.jpg,/mnt/c/Users/ansar/Desktop/VGGFace2_ArcFace_Project/data/aligned/train/n002533/0123_02.jpg,0.3710780739784241,-0.26605459891821726,0.0915170745245122,0.35757167344272944,0.17878583672136472
random_genuine,/mnt/c/Users/ansar/Desktop/VGGFace2_ArcFace_Project/data/aligned/train/n004572/0073_01.jpg,/mnt/c/Users/ansar/Desktop/VGGFace2_ArcFace_Project/data/aligned/train/n004572/0213_01.jpg,0.3507289588451385,-0.043978444662322286,0.02209299067138447,0.06607143533370675,0.03303571766685338
random_genuine,/mnt/c/Users/ansar/Desktop/VGGFace2_ArcFace_Project/data/aligned/train/n004215/0217_01.jpg,/mnt/c/Users/ansar/Desktop/VGGFace2_ArcFace_Project/data/aligned/train/n004215/0249_01.jpg,0.5088134407997131,-0.5017949723348032,-0.19467038859206073,0.30712458374274243,0.348232680463432
random_genuine,/mnt/c/Users/ansar/Desktop/VGGFace2_ArcFace_Project/data/aligned/train/n008088/0044_01.jpg,/mnt/c/Users/ansar/Desktop/VGGFace2_ArcFace_Project/data/aligned/train/n008088/0067_01.jpg,0.6601367592811584,0.22660509774415516,-0.01593751864204205,0.2425426163861972,0.1212713081930986
random_genuine,/mnt/c/Users/ansar/Desktop/VGGFace2_ArcFace_Project/data/aligned/train/n005305/0274_01.jpg,/mnt/c/Users/ansar/Desktop/VGGFace2_ArcFace_Project/data/aligned/train/n005305/0447_01.jpg,0.3928344845771789,-0.038273465198901,-0.8411144078131916,0.8028409426142906,0.43969393650604627
random_genuine,/mnt/c/Users/ansar/Desktop/VGGFace2_ArcFace_Project/data/aligned/train/n008637/0105_02.jpg,/mnt/c/Users/ansar/Desktop/VGGFace2_ArcFace_Project/data/aligned/train/n008637/0854_01.jpg,0.6430642008781433,0.14122875630604984,-0.026007049904425324,0.16723580621047515,0.08361790310523758
random_genuine,/mnt/c/Users/ansar/Desktop/VGGFace2_ArcFace_Project/data/aligned/train/n000793/0009_01.jpg,/mnt/c/Users/ansar/Desktop/VGGFace2_ArcFace_Project/data/aligned/train/n000793/0388_01.jpg,0.3458684980869293,-0.19753983484936638,0.07121425043728005,0.26875408528664646,0.13437704264332323
random_genuine,/mnt/c/Users/ansar/Desktop/VGGFace2_ArcFace_Project/data/aligned/train/n001853/0128_01.jpg,/mnt/c/Users/ansar/Desktop/VGGFace2_ArcFace_Project/data/aligned/train/n001853/0207_01.jpg,0.6539103388786316,-0.3597001269563464,0.001370445327882332,0.36107057228422873,0.18053528614211437
random_genuine,/mnt/c/Users/ansar/Desktop/VGGFace2_ArcFace_Project/data/aligned/train/n000876/0014_01.jpg,/mnt/c/Users/ansar/Desktop/VGGFace2_ArcFace_Project/data/aligned/train/n000876/0206_01.jpg,0.6891782879829407,-0.27203369566290786,-0.25245440090811366,0.019579294754794196,0.26224404828551073
random_genuine,/mnt/c/Users/ansar/Desktop/VGGFace2_ArcFace_Project/data/aligned/train/n007860/0042_01.jpg,/mnt/c/Users/ansar/Desktop/VGGFace2_ArcFace_Project/data/aligned/train/n007860/0238_03.jpg,0.2514585256576538,-0.07974442098648349,0.2693429669127262,0.3490873878992097,0.17454369394960484
random_genuine,/mnt/c/Users/ansar/Desktop/VGGFace2_ArcFace_Project/data/aligned/train/n005558/0078_01.jpg,/mnt/c/Users/ansar/Desktop/VGGFace2_ArcFace_Project/data/aligned/train/n005558/0223_01.jpg,0.3493764400482178,0.23669400314831593,-0.43596028624531236,0.6726542893936283,0.33632714469681413
random_genuine,/mnt/c/Users/ansar/Desktop/VGGFace2_ArcFace_Project/data/aligned/train/n001735/0129_01.jpg,/mnt/c/Users/ansar/Desktop/VGGFace2_ArcFace_Project/data/aligned/train/n001735/0166_01.jpg,0.4072947800159454,-0.12052378911794455,0.34147580141473344,0.461999590532678,0.230999795266339
random_genuine,/mnt/c/Users/ansar/Desktop/VGGFace2_ArcFace_Project/data/aligned/train/n004550/0396_01.jpg,/mnt/c/Users/ansar/Desktop/VGGFace2_ArcFace_Project/data/aligned/train/n004550/0491_01.jpg,0.2520973682403564,-0.38999589120720557,-0.5765805013157522,0.18658461010854666,0.4832881962614789
random_genuine,/mnt/c/Users/ansar/Desktop/VGGFace2_ArcFace_Project/data/aligned/train/n009080/0089_01.jpg,/mnt/c/Users/ansar/Desktop/VGGFace2_ArcFace_Project/data/aligned/train/n009080/0143_02.jpg,0.4834467470645904,-0.2903151691498592,-0.1883543338751061,0.10196083527475311,0.23933475151248268
random_genuine,/mnt/c/Users/ansar/Desktop/VGGFace2_ArcFace_Project/data/aligned/train/n008526/0352_01.jpg,/mnt/c/Users/ansar/Desktop/VGGFace2_ArcFace_Project/data/aligned/train/n008526/0367_01.jpg,0.5329222083091736,0.43458097755379854,0.4816926979190179,0.04711172036521938,0.45813683773640823
random_genuine,/mnt/c/Users/ansar/Desktop/VGGFace2_ArcFace_Project/data/aligned/train/n007382/0067_01.jpg,/mnt/c/Users/ansar/Desktop/VGGFace2_ArcFace_Project/data/aligned/train/n007382/0453_01.jpg,0.6053717732429504,0.04521292955955079,0.0702852638262988,0.025072334266748007,0.05774909669292479
random_genuine,/mnt/c/Users/ansar/Desktop/VGGFace2_ArcFace_Project/data/aligned/train/n002591/0257_01.jpg,/mnt/c/Users/ansar/Desktop/VGGFace2_ArcFace_Project/data/aligned/train/n002591/0410_01.jpg,0.3026955425739288,0.0939917289898963,0.005578244717667568,0.08841348427222873,0.04978498685378194
random_genuine,/mnt/c/Users/ansar/Desktop/VGGFace2_ArcFace_Project/data/aligned/train/n008788/0138_01.jpg,/mnt/c/Users/ansar/Desktop/VGGFace2_ArcFace_Project/data/aligned/train/n008788/0183_01.jpg,0.546987771987915,-0.062143715085463694,-0.11850887205430174,0.05636515696883805,0.09032629356988273
random_genuine,/mnt/c/Users/ansar/Desktop/VGGFace2_ArcFace_Project/data/aligned/train/n003667/0436_01.jpg,/mnt/c/Users/ansar/Desktop/VGGFace2_ArcFace_Project/data/aligned/train/n003667/0437_01.jpg,0.0938904508948326,0.05375630292445735,1.211010051580276,1.1572537486558185,0.6323831772523667
random_genuine,/mnt/c/Users/ansar/Desktop/VGGFace2_ArcFace_Project/data/aligned/train/n000011/0164_01.jpg,/mnt/c/Users/ansar/Desktop/VGGFace2_ArcFace_Project/data/aligned/train/n000011/0383_01.jpg,0.5487499237060547,0.08291562047627335,-0.010235025505433764,0.09315064598170711,0.046575322990853554
random_genuine,/mnt/c/Users/ansar/Desktop/VGGFace2_ArcFace_Project/data/aligned/train/n008376/0340_01.jpg,/mnt/c/Users/ansar/Desktop/VGGFace2_ArcFace_Project/data/aligned/train/n008376/0504_01.jpg,0.3251845240592956,-0.3607777481395925,-0.26727376152445514,0.09350398661513737,0.31402575483202383
random_genuine,/mnt/c/Users/ansar/Desktop/VGGFace2_ArcFace_Project/data/aligned/train/n007223/0051_01.jpg,/mnt/c/Users/ansar/Desktop/VGGFace2_ArcFace_Project/data/aligned/train/n007223/0231_03.jpg,0.2686717808246612,-0.04885056994307415,0.3528350681185271,0.40168563806160124,0.20084281903080062
random_genuine,/mnt/c/Users/ansar/Desktop/VGGFace2_ArcFace_Project/data/aligned/train/n003243/0012_04.jpg,/mnt/c/Users/ansar/Desktop/VGGFace2_ArcFace_Project/data/aligned/train/n003243/0344_03.jpg,0.4732663035392761,0.04411444238639095,0.10408981374407686,0.05997537135768591,0.0741021280652339
random_genuine,/mnt/c/Users/ansar/Desktop/VGGFace2_ArcFace_Project/data/aligned/train/n003033/0152_01.jpg,/mnt/c/Users/ansar/Desktop/VGGFace2_ArcFace_Project/data/aligned/train/n003033/0341_01.jpg,0.3080340921878814,0.024447905620852053,0.492506414557683,0.468058508936831,0.2584771600892675
random_genuine,/mnt/c/Users/ansar/Desktop/VGGFace2_ArcFace_Project/data/aligned/train/n002525/0503_01.jpg,/mnt/c/Users/ansar/Desktop/VGGFace2_ArcFace_Project/data/aligned/train/n002525/0522_01.jpg,0.6805775165557861,-0.03757056938593814,0.3840302197661523,0.4216007891520904,0.2108003945760452
random_genuine,/mnt/c/Users/ansar/Desktop/VGGFace2_ArcFace_Project/data/aligned/train/n001637/0247_01.jpg,/mnt/c/Users/ansar/Desktop/VGGFace2_ArcFace_Project/data/aligned/train/n001637/0269_01.jpg,0.3872923552989959,0.4018039590149338,-0.017193495587054998,0.41899745460198884,0.20949872730099442
random_genuine,/mnt/c/Users/ansar/Desktop/VGGFace2_ArcFace_Project/data/aligned/train/n008347/0063_01.jpg,/mnt/c/Users/ansar/Desktop/VGGFace2_ArcFace_Project/data/aligned/train/n008347/0081_01.jpg,0.4961690604686737,-0.2421586501889987,0.14625920236455242,0.3884178525535511,0.19420892627677555
random_genuine,/mnt/c/Users/ansar/Desktop/VGGFace2_ArcFace_Project/data/aligned/train/n001350/0180_01.jpg,/mnt/c/Users/ansar/Desktop/VGGFace2_ArcFace_Project/data/aligned/train/n001350/0231_01.jpg,0.3757396042346954,0.19043082533305689,-0.10096774718914961,0.29139857252220647,0.14569928626110323
random_genuine,/mnt/c/Users/ansar/Desktop/VGGFace2_ArcFace_Project/data/aligned/train/n002019/0130_01.jpg,/mnt/c/Users/ansar/Desktop/VGGFace2_ArcFace_Project/data/aligned/train/n002019/0523_01.jpg,0.3362360894680023,-0.0163884441239865,0.09634561740095395,0.11273406152494045,0.056367030762470224
random_genuine,/mnt/c/Users/ansar/Desktop/VGGFace2_ArcFace_Project/data/aligned/train/n007559/0357_01.jpg,/mnt/c/Users/ansar/Desktop/VGGFace2_ArcFace_Project/data/aligned/train/n007559/0428_01.jpg,0.273736298084259,-0.14535290928346567,-0.2542188643643975,0.10886595508093183,0.19978588682393159
random_genuine,/mnt/c/Users/ansar/Desktop/VGGFace2_ArcFace_Project/data/aligned/train/n008999/0058_01.jpg,/mnt/c/Users/ansar/Desktop/VGGFace2_ArcFace_Project/data/aligned/train/n008999/0278_01.jpg,0.331041157245636,0.17874657608318437,0.030111777280395952,0.1486347988027884,0.10442917668179016
random_genuine,/mnt/c/Users/ansar/Desktop/VGGFace2_ArcFace_Project/data/aligned/train/n007130/0120_02.jpg,/mnt/c/Users/ansar/Desktop/VGGFace2_ArcFace_Project/data/aligned/train/n007130/0297_01.jpg,0.273985207080841,0.3802888241095652,-0.07644509050906516,0.4567339146186304,0.2283669573093152
random_genuine,/mnt/c/Users/ansar/Desktop/VGGFace2_ArcFace_Project/data/aligned/train/n006803/0057_01.jpg,/mnt/c/Users/ansar/Desktop/VGGFace2_ArcFace_Project/data/aligned/train/n006803/0222_03.jpg,0.2456074506044387,0.15148970461675834,0.2267400596610331,0.07525035504427477,0.1891148821388957
random_genuine,/mnt/c/Users/ansar/Desktop/VGGFace2_ArcFace_Project/data/aligned/train/n004355/0171_01.jpg,/mnt/c/Users/ansar/Desktop/VGGFace2_ArcFace_Project/data/aligned/train/n004355/0245_02.jpg,0.4458369612693786,0.030720699191741575,-0.257789580368007,0.28851027955974856,0.14425513977987428
random_genuine,/mnt/c/Users/ansar/Desktop/VGGFace2_ArcFace_Project/data/aligned/train/n006459/0062_01.jpg,/mnt/c/Users/ansar/Desktop/VGGFace2_ArcFace_Project/data/aligned/train/n006459/0101_01.jpg,0.5264171957969666,-0.04188140199019305,0.1990957170507796,0.24097711904097266,0.12048855952048633
random_genuine,/mnt/c/Users/ansar/Desktop/VGGFace2_ArcFace_Project/data/aligned/train/n001692/0179_01.jpg,/mnt/c/Users/ansar/Desktop/VGGFace2_ArcFace_Project/data/aligned/train/n001692/0258_01.jpg,0.4739989042282104,-0.04053578795196713,0.6923545383477187,0.7328903262996858,0.3664451631498429
random_genuine,/mnt/c/Users/ansar/Desktop/VGGFace2_ArcFace_Project/data/aligned/train/n000655/0207_01.jpg,/mnt/c/Users/ansar/Desktop/VGGFace2_ArcFace_Project/data/aligned/train/n000655/0220_01.jpg,0.4486892223358154,-0.1945258275916618,0.11764849204177064,0.31217431963343245,0.15608715981671623
random_genuine,/mnt/c/Users/ansar/Desktop/VGGFace2_ArcFace_Project/data/aligned/train/n006581/0051_01.jpg,/mnt/c/Users/ansar/Desktop/VGGFace2_ArcFace_Project/data/aligned/train/n006581/0276_01.jpg,0.0881105065345764,0.29801827156973804,-0.8362723305035605,1.1342906020732986,0.5671453010366493
random_genuine,/mnt/c/Users/ansar/Desktop/VGGFace2_ArcFace_Project/data/aligned/train/n005862/0003_01.jpg,/mnt/c/Users/ansar/Desktop/VGGFace2_ArcFace_Project/data/aligned/train/n005862/0085_01.jpg,0.3765848875045776,0.0007418920089938678,-0.5288366173905588,0.5295785093995526,0.2647892546997763
random_genuine,/mnt/c/Users/ansar/Desktop/VGGFace2_ArcFace_Project/data/aligned/train/n003481/0059_05.jpg,/mnt/c/Users/ansar/Desktop/VGGFace2_ArcFace_Project/data/aligned/train/n003481/0171_01.jpg,0.3992991149425506,0.4368018989609303,0.006950322973306281,0.429851575987624,0.2218761109671183
random_genuine,/mnt/c/Users/ansar/Desktop/VGGFace2_ArcFace_Project/data/aligned/train/n008789/0254_01.jpg,/mnt/c/Users/ansar/Desktop/VGGFace2_ArcFace_Project/data/aligned/train/n008789/0286_01.jpg,0.2067766338586807,0.7843334147216311,-0.2233031351805605,1.0076365499021915,0.5038182749510958
random_genuine,/mnt/c/Users/ansar/Desktop/VGGFace2_ArcFace_Project/data/aligned/train/n008641/0346_02.jpg,/mnt/c/Users/ansar/Desktop/VGGFace2_ArcFace_Project/data/aligned/train/n008641/0463_01.jpg,0.2823517620563507,0.08895249096509064,-0.2891492871604673,0.3781017781255579,0.18905088906277895
random_genuine,/mnt/c/Users/ansar/Desktop/VGGFace2_ArcFace_Project/data/aligned/train/n000857/0180_01.jpg,/mnt/c/Users/ansar/Desktop/VGGFace2_ArcFace_Project/data/aligned/train/n000857/0186_01.jpg,0.5527291893959045,-0.07757142619729566,0.5529367261836258,0.6305081523809214,0.3152540761904607
random_genuine,/mnt/c/Users/ansar/Desktop/VGGFace2_ArcFace_Project/data/aligned/train/n007927/0153_02.jpg,/mnt/c/Users/ansar/Desktop/VGGFace2_ArcFace_Project/data/aligned/train/n007927/0261_01.jpg,0.2910828590393066,-0.18991945754448727,0.233115053696717,0.4230345112412043,0.21151725562060214
random_genuine,/mnt/c/Users/ansar/Desktop/VGGFace2_ArcFace_Project/data/aligned/train/n004799/0008_01.jpg,/mnt/c/Users/ansar/Desktop/VGGFace2_ArcFace_Project/data/aligned/train/n004799/0037_01.jpg,0.5664461851119995,0.1791955724827219,0.34450499073914936,0.16530941825642748,0.2618502816109356
random_genuine,/mnt/c/Users/ansar/Desktop/VGGFace2_ArcFace_Project/data/aligned/train/n003212/0057_01.jpg,/mnt/c/Users/ansar/Desktop/VGGFace2_ArcFace_Project/data/aligned/train/n003212/0280_01.jpg,0.4863688945770263,-0.05624061564504143,-0.46595705962502565,0.4097164439799842,0.26109883763503355
random_genuine,/mnt/c/Users/ansar/Desktop/VGGFace2_ArcFace_Project/data/aligned/train/n007607/0012_01.jpg,/mnt/c/Users/ansar/Desktop/VGGFace2_ArcFace_Project/data/aligned/train/n007607/0339_01.jpg,0.6407731175422668,0.029051676586920587,0.027694315268254173,0.001357361318666414,0.02837299592758738
random_genuine,/mnt/c/Users/ansar/Desktop/VGGFace2_ArcFace_Project/data/aligned/train/n002871/0022_01.jpg,/mnt/c/Users/ansar/Desktop/VGGFace2_ArcFace_Project/data/aligned/train/n002871/0147_01.jpg,0.6103796362876892,0.07218712417042064,0.16833271621637222,0.09614559204595158,0.12025992019339643
random_genuine,/mnt/c/Users/ansar/Desktop/VGGFace2_ArcFace_Project/data/aligned/train/n007755/0044_02.jpg,/mnt/c/Users/ansar/Desktop/VGGFace2_ArcFace_Project/data/aligned/train/n007755/0159_02.jpg,0.5311941504478455,0.06724663536633559,0.23641592512841955,0.16916928976208395,0.15183128024737758
random_genuine,/mnt/c/Users/ansar/Desktop/VGGFace2_ArcFace_Project/data/aligned/train/n002275/0015_01.jpg,/mnt/c/Users/ansar/Desktop/VGGFace2_ArcFace_Project/data/aligned/train/n002275/0116_01.jpg,0.49533411860466,-0.36292583070603,0.4753376940677692,0.8382635247737993,0.41913176238689964
random_genuine,/mnt/c/Users/ansar/Desktop/VGGFace2_ArcFace_Project/data/aligned/train/n007387/0209_01.jpg,/mnt/c/Users/ansar/Desktop/VGGFace2_ArcFace_Project/data/aligned/train/n007387/0218_04.jpg,0.2420969158411026,-0.06900914283696437,0.05731306195145437,0.12632220478841874,0.06316110239420937
random_genuine,/mnt/c/Users/ansar/Desktop/VGGFace2_ArcFace_Project/data/aligned/train/n008561/0130_02.jpg,/mnt/c/Users/ansar/Desktop/VGGFace2_ArcFace_Project/data/aligned/train/n008561/0328_01.jpg,0.5907315015792847,0.02171951768861144,0.21921425481233614,0.1974947371237247,0.12046688625047379
random_genuine,/mnt/c/Users/ansar/Desktop/VGGFace2_ArcFace_Project/data/aligned/train/n000160/0142_01.jpg,/mnt/c/Users/ansar/Desktop/VGGFace2_ArcFace_Project/data/aligned/train/n000160/0433_01.jpg,0.4291361272335052,-0.2584117190023895,-0.004200468512539452,0.25421125048985005,0.1313060937574645
random_genuine,/mnt/c/Users/ansar/Desktop/VGGFace2_ArcFace_Project/data/aligned/train/n006341/0042_01.jpg,/mnt/c/Users/ansar/Desktop/VGGFace2_ArcFace_Project/data/aligned/train/n006341/0143_01.jpg,0.5859321355819702,0.11673448052934342,0.06298568111340913,0.05374879941593429,0.08986008082137628
random_genuine,/mnt/c/Users/ansar/Desktop/VGGFace2_ArcFace_Project/data/aligned/train/n002056/0165_01.jpg,/mnt/c/Users/ansar/Desktop/VGGFace2_ArcFace_Project/data/aligned/train/n002056/0525_01.jpg,0.3518668413162231,-0.3256010479630962,0.09380302273089317,0.41940407069398933,0.20970203534699466
random_genuine,/mnt/c/Users/ansar/Desktop/VGGFace2_ArcFace_Project/data/aligned/train/n000451/0169_02.jpg,/mnt/c/Users/ansar/Desktop/VGGFace2_ArcFace_Project/data/aligned/train/n000451/0244_01.jpg,0.4290602505207062,-0.08031683107353149,0.10334028837307095,0.18365711944660246,0.09182855972330123
random_genuine,/mnt/c/Users/ansar/Desktop/VGGFace2_ArcFace_Project/data/aligned/train/n007375/0242_01.jpg,/mnt/c/Users/ansar/Desktop/VGGFace2_ArcFace_Project/data/aligned/train/n007375/0301_03.jpg,0.3665972948074341,-0.03126608073456199,0.2226255620235662,0.2538916427581282,0.1269458213790641
random_genuine,/mnt/c/Users/ansar/Desktop/VGGFace2_ArcFace_Project/data/aligned/train/n008734/0226_01.jpg,/mnt/c/Users/ansar/Desktop/VGGFace2_ArcFace_Project/data/aligned/train/n008734/0338_01.jpg,0.2249882519245147,0.18610705030746832,0.10801391606946728,0.07809313423800104,0.14706048318846782
random_genuine,/mnt/c/Users/ansar/Desktop/VGGFace2_ArcFace_Project/data/aligned/train/n003109/0242_01.jpg,/mnt/c/Users/ansar/Desktop/VGGFace2_ArcFace_Project/data/aligned/train/n003109/0472_02.jpg,0.3880743384361267,-0.06814089279027481,-0.061575223732410825,0.006565669057863988,0.06485805826134282
random_genuine,/mnt/c/Users/ansar/Desktop/VGGFace2_ArcFace_Project/data/aligned/train/n000516/0056_01.jpg,/mnt/c/Users/ansar/Desktop/VGGFace2_ArcFace_Project/data/aligned/train/n000516/0099_01.jpg,0.5613126158714294,-0.031460095019014894,-0.0012260829944692297,0.030234012024545665,0.016343089006742063
random_genuine,/mnt/c/Users/ansar/Desktop/VGGFace2_ArcFace_Project/data/aligned/train/n003129/0134_01.jpg,/mnt/c/Users/ansar/Desktop/VGGFace2_ArcFace_Project/data/aligned/train/n003129/0345_01.jpg,0.2588771879673004,0.11358888552240391,0.08650703176418786,0.02708185375821605,0.10004795864329588
random_genuine,/mnt/c/Users/ansar/Desktop/VGGFace2_ArcFace_Project/data/aligned/train/n000720/0124_04.jpg,/mnt/c/Users/ansar/Desktop/VGGFace2_ArcFace_Project/data/aligned/train/n000720/0125_01.jpg,0.4644207656383514,-0.2917897263611324,-0.054607988733966356,0.23718173762716602,0.17319885754754938
random_genuine,/mnt/c/Users/ansar/Desktop/VGGFace2_ArcFace_Project/data/aligned/train/n009192/0043_01.jpg,/mnt/c/Users/ansar/Desktop/VGGFace2_ArcFace_Project/data/aligned/train/n009192/0254_01.jpg,0.2121363431215286,-0.06776462608748353,0.21097712998823628,0.2787417560757198,0.1393708780378599
random_genuine,/mnt/c/Users/ansar/Desktop/VGGFace2_ArcFace_Project/data/aligned/train/n006526/0004_01.jpg,/mnt/c/Users/ansar/Desktop/VGGFace2_ArcFace_Project/data/aligned/train/n006526/0228_01.jpg,0.4042068123817444,0.04764986370162556,0.2938183384006826,0.24616847469905706,0.17073410105115408
random_genuine,/mnt/c/Users/ansar/Desktop/VGGFace2_ArcFace_Project/data/aligned/train/n008116/0062_02.jpg,/mnt/c/Users/ansar/Desktop/VGGFace2_ArcFace_Project/data/aligned/train/n008116/0146_01.jpg,0.626974880695343,-0.17284043509153202,-0.24519642143154471,0.0723559863400127,0.20901842826153838
random_genuine,/mnt/c/Users/ansar/Desktop/VGGFace2_ArcFace_Project/data/aligned/train/n004596/0187_01.jpg,/mnt/c/Users/ansar/Desktop/VGGFace2_ArcFace_Project/data/aligned/train/n004596/0248_01.jpg,0.2689462602138519,0.1529871590128839,-0.08537151363477131,0.2383586726476552,0.1191793363238276
random_genuine,/mnt/c/Users/ansar/Desktop/VGGFace2_ArcFace_Project/data/aligned/train/n009219/0093_02.jpg,/mnt/c/Users/ansar/Desktop/VGGFace2_ArcFace_Project/data/aligned/train/n009219/0331_01.jpg,0.2786663174629211,-0.08978806706295941,0.2664354703203425,0.3562235373833019,0.17811176869165096
random_genuine,/mnt/c/Users/ansar/Desktop/VGGFace2_ArcFace_Project/data/aligned/train/n005879/0091_01.jpg,/mnt/c/Users/ansar/Desktop/VGGFace2_ArcFace_Project/data/aligned/train/n005879/0241_01.jpg,0.3960192203521728,0.11455192243343476,0.6721458618265754,0.5575939393931406,0.3933488921300051
random_genuine,/mnt/c/Users/ansar/Desktop/VGGFace2_ArcFace_Project/data/aligned/train/n005751/0154_01.jpg,/mnt/c/Users/ansar/Desktop/VGGFace2_ArcFace_Project/data/aligned/train/n005751/0510_11.jpg,0.2384114861488342,-0.03356299465575812,-0.196415014548267,0.16285201989250886,0.11498900460201256
random_genuine,/mnt/c/Users/ansar/Desktop/VGGFace2_ArcFace_Project/data/aligned/train/n005682/0180_01.jpg,/mnt/c/Users/ansar/Desktop/VGGFace2_ArcFace_Project/data/aligned/train/n005682/0240_01.jpg,0.5410313606262207,0.10166257881224389,0.02027332978258302,0.08138924902966087,0.06096795429741345
random_genuine,/mnt/c/Users/ansar/Desktop/VGGFace2_ArcFace_Project/data/aligned/train/n001643/0305_03.jpg,/mnt/c/Users/ansar/Desktop/VGGFace2_ArcFace_Project/data/aligned/train/n001643/0337_02.jpg,0.3987599015235901,-0.1344775388266923,-0.14671873016878387,0.012241191342091562,0.1405981344977381
random_genuine,/mnt/c/Users/ansar/Desktop/VGGFace2_ArcFace_Project/data/aligned/train/n006098/0361_01.jpg,/mnt/c/Users/ansar/Desktop/VGGFace2_ArcFace_Project/data/aligned/train/n006098/0403_01.jpg,0.2223424464464187,0.029165855082038613,-0.12200016751690672,0.15116602259894532,0.07558301129947266
random_genuine,/mnt/c/Users/ansar/Desktop/VGGFace2_ArcFace_Project/data/aligned/train/n000959/0060_03.jpg,/mnt/c/Users/ansar/Desktop/VGGFace2_ArcFace_Project/data/aligned/train/n000959/0444_01.jpg,0.2758583426475525,-0.2681987893086167,2.251166623823226,2.5193654131318426,1.2596827065659213
random_genuine,/mnt/c/Users/ansar/Desktop/VGGFace2_ArcFace_Project/data/aligned/train/n003224/0051_01.jpg,/mnt/c/Users/ansar/Desktop/VGGFace2_ArcFace_Project/data/aligned/train/n003224/0100_01.jpg,0.6379063725471497,0.09545610241901402,0.040657350855846895,0.054798751563167124,0.06805672663743045
random_genuine,/mnt/c/Users/ansar/Desktop/VGGFace2_ArcFace_Project/data/aligned/train/n003244/0047_01.jpg,/mnt/c/Users/ansar/Desktop/VGGFace2_ArcFace_Project/data/aligned/train/n003244/0196_01.jpg,0.5204432010650635,-0.24887458575779575,-0.008961069565979966,0.23991351619181578,0.12891782766188786
random_genuine,/mnt/c/Users/ansar/Desktop/VGGFace2_ArcFace_Project/data/aligned/train/n004567/0248_01.jpg,/mnt/c/Users/ansar/Desktop/VGGFace2_ArcFace_Project/data/aligned/train/n004567/0322_01.jpg,0.2849031388759613,0.10413272268782077,-0.11914486713214288,0.22327758981996365,0.11163879490998183
random_genuine,/mnt/c/Users/ansar/Desktop/VGGFace2_ArcFace_Project/data/aligned/train/n001094/0094_01.jpg,/mnt/c/Users/ansar/Desktop/VGGFace2_ArcFace_Project/data/aligned/train/n001094/0470_01.jpg,0.1517334431409835,-0.23200222457207131,0.3149204685252618,0.5469226930973331,0.27346134654866655
random_genuine,/mnt/c/Users/ansar/Desktop/VGGFace2_ArcFace_Project/data/aligned/train/n007007/0191_01.jpg,/mnt/c/Users/ansar/Desktop/VGGFace2_ArcFace_Project/data/aligned/train/n007007/0222_01.jpg,0.3323546648025512,-0.07673190399481855,-0.03356114054318611,0.04317076345163244,0.05514652226900233
random_genuine,/mnt/c/Users/ansar/Desktop/VGGFace2_ArcFace_Project/data/aligned/train/n002847/0197_01.jpg,/mnt/c/Users/ansar/Desktop/VGGFace2_ArcFace_Project/data/aligned/train/n002847/0221_01.jpg,0.2948374450206756,0.25616088874950166,-0.10749258895127584,0.3636534777007775,0.18182673885038875
random_genuine,/mnt/c/Users/ansar/Desktop/VGGFace2_ArcFace_Project/data/aligned/train/n002533/0103_01.jpg,/mnt/c/Users/ansar/Desktop/VGGFace2_ArcFace_Project/data/aligned/train/n002533/0232_02.jpg,0.2609867453575134,-0.047365213201584405,0.3235463809507972,0.3709115941523816,0.1854557970761908
random_genuine,/mnt/c/Users/ansar/Desktop/VGGFace2_ArcFace_Project/data/aligned/train/n008498/0029_01.jpg,/mnt/c/Users/ansar/Desktop/VGGFace2_ArcFace_Project/data/aligned/train/n008498/0251_03.jpg,0.4981619417667389,0.07478390017215547,-0.17663880722181505,0.25142270739397055,0.12571135369698527
random_genuine,/mnt/c/Users/ansar/Desktop/VGGFace2_ArcFace_Project/data/aligned/train/n005737/0018_01.jpg,/mnt/c/Users/ansar/Desktop/VGGFace2_ArcFace_Project/data/aligned/train/n005737/0074_01.jpg,0.4903649985790252,-0.5089579952496233,0.36057693062143553,0.8695349258710587,0.43476746293552937
random_genuine,/mnt/c/Users/ansar/Desktop/VGGFace2_ArcFace_Project/data/aligned/train/n006686/0041_01.jpg,/mnt/c/Users/ansar/Desktop/VGGFace2_ArcFace_Project/data/aligned/train/n006686/0294_01.jpg,0.5551460981369019,0.030445603006159463,0.013588804351128069,0.016856798655031396,0.022017203678643765
random_genuine,/mnt/c/Users/ansar/Desktop/VGGFace2_ArcFace_Project/data/aligned/train/n000708/0234_01.jpg,/mnt/c/Users/ansar/Desktop/VGGFace2_ArcFace_Project/data/aligned/train/n000708/0242_01.jpg,0.422728568315506,0.027669104544280742,-0.14116761484788476,0.1688367193921655,0.08441835969608275
random_genuine,/mnt/c/Users/ansar/Desktop/VGGFace2_ArcFace_Project/data/aligned/train/n004688/0267_01.jpg,/mnt/c/Users/ansar/Desktop/VGGFace2_ArcFace_Project/data/aligned/train/n004688/0468_01.jpg,0.0282450262457132,-0.6127969248054941,0.28190255227695743,0.8946994770824515,0.4473497385412257
random_genuine,/mnt/c/Users/ansar/Desktop/VGGFace2_ArcFace_Project/data/aligned/train/n000844/0141_01.jpg,/mnt/c/Users/ansar/Desktop/VGGFace2_ArcFace_Project/data/aligned/train/n000844/0326_01.jpg,0.4544214010238647,0.1459028180800223,-0.17378183237012304,0.3196846504501454,0.1598423252250727
random_genuine,/mnt/c/Users/ansar/Desktop/VGGFace2_ArcFace_Project/data/aligned/train/n006318/0011_01.jpg,/mnt/c/Users/ansar/Desktop/VGGFace2_ArcFace_Project/data/aligned/train/n006318/0268_01.jpg,0.4793312847614288,-0.09248013728886784,0.31651768050297535,0.4089978177918432,0.2044989088959216
random_genuine,/mnt/c/Users/ansar/Desktop/VGGFace2_ArcFace_Project/data/aligned/train/n006776/0202_01.jpg,/mnt/c/Users/ansar/Desktop/VGGFace2_ArcFace_Project/data/aligned/train/n006776/0546_01.jpg,0.4302578270435333,-0.23925670053334747,-0.22113925475122373,0.018117445782123737,0.2301979776422856
random_genuine,/mnt/c/Users/ansar/Desktop/VGGFace2_ArcFace_Project/data/aligned/train/n005531/0070_02.jpg,/mnt/c/Users/ansar/Desktop/VGGFace2_ArcFace_Project/data/aligned/train/n005531/0141_01.jpg,0.3261930346488952,-0.16665132807138086,-0.09431085701650065,0.07234047105488021,0.13048109254394075
random_genuine,/mnt/c/Users/ansar/Desktop/VGGFace2_ArcFace_Project/data/aligned/train/n003021/0010_01.jpg,/mnt/c/Users/ansar/Desktop/VGGFace2_ArcFace_Project/data/aligned/train/n003021/0330_01.jpg,0.6554827094078064,-0.19772815713867625,0.09769263880472859,0.29542079594340487,0.14771039797170243
random_genuine,/mnt/c/Users/ansar/Desktop/VGGFace2_ArcFace_Project/data/aligned/train/n001404/0200_01.jpg,/mnt/c/Users/ansar/Desktop/VGGFace2_ArcFace_Project/data/aligned/train/n001404/0352_01.jpg,0.2077890783548355,-0.19027374475419112,-0.36663689167499863,0.1763631469208075,0.2784553182145949
random_genuine,/mnt/c/Users/ansar/Desktop/VGGFace2_ArcFace_Project/data/aligned/train/n006282/0126_03.jpg,/mnt/c/Users/ansar/Desktop/VGGFace2_ArcFace_Project/data/aligned/train/n006282/0233_01.jpg,0.6217995882034302,0.2526965124651424,-0.05194148221973307,0.30463799468487546,0.15231899734243773
random_genuine,/mnt/c/Users/ansar/Desktop/VGGFace2_ArcFace_Project/data/aligned/train/n000923/0152_01.jpg,/mnt/c/Users/ansar/Desktop/VGGFace2_ArcFace_Project/data/aligned/train/n000923/0233_01.jpg,0.2806130945682525,0.13346797933625187,0.6204095533622511,0.48694157402599925,0.3769387663492515
random_genuine,/mnt/c/Users/ansar/Desktop/VGGFace2_ArcFace_Project/data/aligned/train/n003494/0229_01.jpg,/mnt/c/Users/ansar/Desktop/VGGFace2_ArcFace_Project/data/aligned/train/n003494/0315_01.jpg,0.2187031507492065,-0.4097778516349446,-0.2981158786156682,0.11166197301927644,0.3539468651253064
random_genuine,/mnt/c/Users/ansar/Desktop/VGGFace2_ArcFace_Project/data/aligned/train/n002638/0023_01.jpg,/mnt/c/Users/ansar/Desktop/VGGFace2_ArcFace_Project/data/aligned/train/n002638/0149_02.jpg,0.7350255846977234,-0.0574882206702046,-0.08485611026255022,0.027367889592345616,0.0711721654663774
random_genuine,/mnt/c/Users/ansar/Desktop/VGGFace2_ArcFace_Project/data/aligned/train/n007490/0108_01.jpg,/mnt/c/Users/ansar/Desktop/VGGFace2_ArcFace_Project/data/aligned/train/n007490/0324_01.jpg,0.4893480241298675,-0.0005501385981338608,0.045602932229801774,0.046153070827935634,0.023076535413967817
random_genuine,/mnt/c/Users/ansar/Desktop/VGGFace2_ArcFace_Project/data/aligned/train/n009021/0009_02.jpg,/mnt/c/Users/ansar/Desktop/VGGFace2_ArcFace_Project/data/aligned/train/n009021/0018_01.jpg,0.5063345432281494,0.009423358059071612,0.000756398433609335,0.008666959625462278,0.005089878246340473
random_genuine,/mnt/c/Users/ansar/Desktop/VGGFace2_ArcFace_Project/data/aligned/train/n000976/0120_01.jpg,/mnt/c/Users/ansar/Desktop/VGGFace2_ArcFace_Project/data/aligned/train/n000976/0285_04.jpg,0.6152076125144958,0.2957697299831815,-0.06872733432725958,0.3644970643104411,0.18224853215522055
random_genuine,/mnt/c/Users/ansar/Desktop/VGGFace2_ArcFace_Project/data/aligned/train/n002214/0208_06.jpg,/mnt/c/Users/ansar/Desktop/VGGFace2_ArcFace_Project/data/aligned/train/n002214/0502_01.jpg,0.4703795909881592,-0.19957429290337328,-0.25222667874893523,0.05265238584556195,0.22590048582615424
random_genuine,/mnt/c/Users/ansar/Desktop/VGGFace2_ArcFace_Project/data/aligned/train/n003198/0127_02.jpg,/mnt/c/Users/ansar/Desktop/VGGFace2_ArcFace_Project/data/aligned/train/n003198/0379_01.jpg,0.4040879905223846,0.03304957073780775,0.1445422111093298,0.11149264037152204,0.08879589092356878
random_genuine,/mnt/c/Users/ansar/Desktop/VGGFace2_ArcFace_Project/data/aligned/train/n008869/0061_01.jpg,/mnt/c/Users/ansar/Desktop/VGGFace2_ArcFace_Project/data/aligned/train/n008869/0097_01.jpg,0.4997096359729767,-0.2117869921431502,-0.30413383144689243,0.09234683930374224,0.2579604117950213
random_genuine,/mnt/c/Users/ansar/Desktop/VGGFace2_ArcFace_Project/data/aligned/train/n007444/0187_01.jpg,/mnt/c/Users/ansar/Desktop/VGGFace2_ArcFace_Project/data/aligned/train/n007444/0189_03.jpg,0.3609882891178131,0.22757735568979542,-0.008135917333888892,0.2357132730236843,0.11785663651184215
random_genuine,/mnt/c/Users/ansar/Desktop/VGGFace2_ArcFace_Project/data/aligned/train/n005048/0034_01.jpg,/mnt/c/Users/ansar/Desktop/VGGFace2_ArcFace_Project/data/aligned/train/n005048/0230_01.jpg,0.4236122667789459,-0.2302334435849571,0.21916104797942174,0.44939449156437883,0.22469724578218941
random_genuine,/mnt/c/Users/ansar/Desktop/VGGFace2_ArcFace_Project/data/aligned/train/n004964/0116_01.jpg,/mnt/c/Users/ansar/Desktop/VGGFace2_ArcFace_Project/data/aligned/train/n004964/0449_01.jpg,0.3992232978343963,-0.0698401121970177,0.05496108885173111,0.12480120104874881,0.062400600524374406
random_genuine,/mnt/c/Users/ansar/Desktop/VGGFace2_ArcFace_Project/data/aligned/train/n006101/0204_06.jpg,/mnt/c/Users/ansar/Desktop/VGGFace2_ArcFace_Project/data/aligned/train/n006101/0249_01.jpg,-0.0659487023949623,0.035335949038433456,-0.5116420942060025,0.546978043244436,0.273489021622218
random_genuine,/mnt/c/Users/ansar/Desktop/VGGFace2_ArcFace_Project/data/aligned/train/n007223/0032_01.jpg,/mnt/c/Users/ansar/Desktop/VGGFace2_ArcFace_Project/data/aligned/train/n007223/0216_01.jpg,0.5625408887863159,0.16575627680212524,-0.020937525498872196,0.18669380230099744,0.09334690115049872
random_genuine,/mnt/c/Users/ansar/Desktop/VGGFace2_ArcFace_Project/data/aligned/train/n004958/0139_06.jpg,/mnt/c/Users/ansar/Desktop/VGGFace2_ArcFace_Project/data/aligned/train/n004958/0144_16.jpg,0.2731151878833771,0.03700459911363184,0.23091701041766385,0.19391241130403203,0.13396080476564784
random_genuine,/mnt/c/Users/ansar/Desktop/VGGFace2_ArcFace_Project/data/aligned/train/n004013/0150_01.jpg,/mnt/c/Users/ansar/Desktop/VGGFace2_ArcFace_Project/data/aligned/train/n004013/0206_01.jpg,0.4931554496288299,-0.03144959691987477,0.25433120864949205,0.2857808055693668,0.1428904027846834
random_genuine,/mnt/c/Users/ansar/Desktop/VGGFace2_ArcFace_Project/data/aligned/train/n004278/0092_02.jpg,/mnt/c/Users/ansar/Desktop/VGGFace2_ArcFace_Project/data/aligned/train/n004278/0480_02.jpg,0.5608665347099304,-0.12724443724350207,0.011665484243863848,0.13890992148736592,0.06945496074368296
random_genuine,/mnt/c/Users/ansar/Desktop/VGGFace2_ArcFace_Project/data/aligned/train/n000356/0050_01.jpg,/mnt/c/Users/ansar/Desktop/VGGFace2_ArcFace_Project/data/aligned/train/n000356/0123_02.jpg,0.4116314351558685,-0.05090399407585567,0.026647877566472657,0.07755187164232832,0.03877593582116416
random_genuine,/mnt/c/Users/ansar/Desktop/VGGFace2_ArcFace_Project/data/aligned/train/n008964/0246_01.jpg,/mnt/c/Users/ansar/Desktop/VGGFace2_ArcFace_Project/data/aligned/train/n008964/0376_01.jpg,0.4742519557476043,0.003095090932127603,-0.19406377652777904,0.19715886745990663,0.09857943372995331
random_genuine,/mnt/c/Users/ansar/Desktop/VGGFace2_ArcFace_Project/data/aligned/train/n002213/0031_01.jpg,/mnt/c/Users/ansar/Desktop/VGGFace2_ArcFace_Project/data/aligned/train/n002213/0361_01.jpg,0.6605291962623596,0.03019099827097671,-0.24528796146707252,0.27547895973804926,0.13773947986902463
random_genuine,/mnt/c/Users/ansar/Desktop/VGGFace2_ArcFace_Project/data/aligned/train/n001853/0128_01.jpg,/mnt/c/Users/ansar/Desktop/VGGFace2_ArcFace_Project/data/aligned/train/n001853/0161_01.jpg,0.5897720456123352,-0.3597001269563464,-0.42365220039376456,0.06395207343741816,0.3916761636750555
random_genuine,/mnt/c/Users/ansar/Desktop/VGGFace2_ArcFace_Project/data/aligned/train/n006243/0058_01.jpg,/mnt/c/Users/ansar/Desktop/VGGFace2_ArcFace_Project/data/aligned/train/n006243/0091_01.jpg,0.6210638880729675,-0.2231933715885645,0.01862271395883787,0.24181608554740236,0.12090804277370118
random_genuine,/mnt/c/Users/ansar/Desktop/VGGFace2_ArcFace_Project/data/aligned/train/n002156/0027_01.jpg,/mnt/c/Users/ansar/Desktop/VGGFace2_ArcFace_Project/data/aligned/train/n002156/0373_02.jpg,0.0592044182121753,0.18132709830136673,1.740995618275447,1.55966851997408,0.9611613582884069
random_genuine,/mnt/c/Users/ansar/Desktop/VGGFace2_ArcFace_Project/data/aligned/train/n000528/0060_02.jpg,/mnt/c/Users/ansar/Desktop/VGGFace2_ArcFace_Project/data/aligned/train/n000528/0282_01.jpg,0.3082797229290008,0.113057764919024,0.6247940424421295,0.5117362775231056,0.36892590368057676
random_genuine,/mnt/c/Users/ansar/Desktop/VGGFace2_ArcFace_Project/data/aligned/train/n004844/0177_01.jpg,/mnt/c/Users/ansar/Desktop/VGGFace2_ArcFace_Project/data/aligned/train/n004844/0664_01.jpg,0.5127702951431274,0.12758244179726352,-0.21579534636371875,0.3433777881609823,0.17168889408049115
random_genuine,/mnt/c/Users/ansar/Desktop/VGGFace2_ArcFace_Project/data/aligned/train/n002296/0144_01.jpg,/mnt/c/Users/ansar/Desktop/VGGFace2_ArcFace_Project/data/aligned/train/n002296/0320_02.jpg,0.3261755108833313,-0.03147205048996556,0.12076508355480134,0.1522371340447669,0.07611856702238345
random_genuine,/mnt/c/Users/ansar/Desktop/VGGFace2_ArcFace_Project/data/aligned/train/n005574/0185_02.jpg,/mnt/c/Users/ansar/Desktop/VGGFace2_ArcFace_Project/data/aligned/train/n005574/0398_01.jpg,0.5726048350334167,-0.4268192070172416,0.18436216268549266,0.6111813697027342,0.3055906848513671
random_genuine,/mnt/c/Users/ansar/Desktop/VGGFace2_ArcFace_Project/data/aligned/train/n006517/0054_01.jpg,/mnt/c/Users/ansar/Desktop/VGGFace2_ArcFace_Project/data/aligned/train/n006517/0073_01.jpg,0.6316772103309631,-0.13678660079354907,-0.08757264307651337,0.0492139577170357,0.11217962193503123
random_genuine,/mnt/c/Users/ansar/Desktop/VGGFace2_ArcFace_Project/data/aligned/train/n000971/0100_01.jpg,/mnt/c/Users/ansar/Desktop/VGGFace2_ArcFace_Project/data/aligned/train/n000971/0113_01.jpg,0.5908876657485962,0.11400019104998849,0.18348755854809254,0.06948736749810405,0.1487438747990405
random_genuine,/mnt/c/Users/ansar/Desktop/VGGFace2_ArcFace_Project/data/aligned/train/n007458/0235_01.jpg,/mnt/c/Users/ansar/Desktop/VGGFace2_ArcFace_Project/data/aligned/train/n007458/0307_02.jpg,0.2367276400327682,-0.27837832411146207,-0.04312724578257276,0.2352510783288893,0.16075278494701742
random_genuine,/mnt/c/Users/ansar/Desktop/VGGFace2_ArcFace_Project/data/aligned/train/n003395/0009_01.jpg,/mnt/c/Users/ansar/Desktop/VGGFace2_ArcFace_Project/data/aligned/train/n003395/0065_01.jpg,0.5999205708503723,0.45315254224568,0.11420682308546874,0.33894571916021127,0.28367968266557436
random_genuine,/mnt/c/Users/ansar/Desktop/VGGFace2_ArcFace_Project/data/aligned/train/n000260/0032_01.jpg,/mnt/c/Users/ansar/Desktop/VGGFace2_ArcFace_Project/data/aligned/train/n000260/0262_01.jpg,0.5230391025543213,-0.021154532474459014,0.01823908217623776,0.039393614650696775,0.019696807325348387
random_genuine,/mnt/c/Users/ansar/Desktop/VGGFace2_ArcFace_Project/data/aligned/train/n007921/0016_03.jpg,/mnt/c/Users/ansar/Desktop/VGGFace2_ArcFace_Project/data/aligned/train/n007921/0224_04.jpg,0.5955380201339722,0.01075014736648988,-0.036638337596395454,0.047388484962885336,0.023694242481442668
random_genuine,/mnt/c/Users/ansar/Desktop/VGGFace2_ArcFace_Project/data/aligned/train/n004914/0024_01.jpg,/mnt/c/Users/ansar/Desktop/VGGFace2_ArcFace_Project/data/aligned/train/n004914/0180_01.jpg,0.368097573518753,0.3678034467673564,-0.16716976329260108,0.5349732100599575,0.26748660502997873
random_genuine,/mnt/c/Users/ansar/Desktop/VGGFace2_ArcFace_Project/data/aligned/train/n003160/0108_01.jpg,/mnt/c/Users/ansar/Desktop/VGGFace2_ArcFace_Project/data/aligned/train/n003160/0143_01.jpg,0.3513559699058532,0.3974560258764515,0.05641477022778975,0.3410412556486618,0.22693539805212062
random_genuine,/mnt/c/Users/ansar/Desktop/VGGFace2_ArcFace_Project/data/aligned/train/n003121/0041_01.jpg,/mnt/c/Users/ansar/Desktop/VGGFace2_ArcFace_Project/data/aligned/train/n003121/0544_01.jpg,0.2834097146987915,0.2945724058159848,0.7472512422936188,0.452678836477634,0.5209118240548019
random_genuine,/mnt/c/Users/ansar/Desktop/VGGFace2_ArcFace_Project/data/aligned/train/n005855/0072_01.jpg,/mnt/c/Users/ansar/Desktop/VGGFace2_ArcFace_Project/data/aligned/train/n005855/0478_01.jpg,0.7668094635009766,0.11850566571873271,0.2786466262577686,0.16014096053903587,0.19857614598825066
random_genuine,/mnt/c/Users/ansar/Desktop/VGGFace2_ArcFace_Project/data/aligned/train/n008748/0143_01.jpg,/mnt/c/Users/ansar/Desktop/VGGFace2_ArcFace_Project/data/aligned/train/n008748/0176_01.jpg,0.3687490820884704,-0.21149429135672557,-0.0860453262741889,0.12544896508253667,0.14876980881545723
random_genuine,/mnt/c/Users/ansar/Desktop/VGGFace2_ArcFace_Project/data/aligned/train/n003139/0080_02.jpg,/mnt/c/Users/ansar/Desktop/VGGFace2_ArcFace_Project/data/aligned/train/n003139/0288_02.jpg,0.1747797280550003,0.19966316849733332,-0.37335603335564366,0.573019201852977,0.2865096009264885
random_genuine,/mnt/c/Users/ansar/Desktop/VGGFace2_ArcFace_Project/data/aligned/train/n003893/0229_03.jpg,/mnt/c/Users/ansar/Desktop/VGGFace2_ArcFace_Project/data/aligned/train/n003893/1007_02.jpg,0.2885408997535705,0.3312971654451689,-0.284681239656775,0.6159784051019439,0.30798920255097195
random_genuine,/mnt/c/Users/ansar/Desktop/VGGFace2_ArcFace_Project/data/aligned/train/n002398/0101_01.jpg,/mnt/c/Users/ansar/Desktop/VGGFace2_ArcFace_Project/data/aligned/train/n002398/0108_01.jpg,0.4947596192359924,0.19673121385384498,0.01670433751868678,0.1800268763351582,0.10671777568626588
random_genuine,/mnt/c/Users/ansar/Desktop/VGGFace2_ArcFace_Project/data/aligned/train/n009056/0010_01.jpg,/mnt/c/Users/ansar/Desktop/VGGFace2_ArcFace_Project/data/aligned/train/n009056/0307_01.jpg,0.3040865063667297,-0.09351400946840457,-0.241600476597234,0.14808646712882942,0.16755724303281927
random_genuine,/mnt/c/Users/ansar/Desktop/VGGFace2_ArcFace_Project/data/aligned/train/n007647/0110_01.jpg,/mnt/c/Users/ansar/Desktop/VGGFace2_ArcFace_Project/data/aligned/train/n007647/0281_02.jpg,0.7521692514419556,0.008562217143079807,-0.022579289523538045,0.03114150666661785,0.015570753333308925
random_genuine,/mnt/c/Users/ansar/Desktop/VGGFace2_ArcFace_Project/data/aligned/train/n007297/0215_02.jpg,/mnt/c/Users/ansar/Desktop/VGGFace2_ArcFace_Project/data/aligned/train/n007297/0242_01.jpg,0.4426019787788391,-0.7959318945214992,0.09888213359929662,0.8948140281207958,0.4474070140603979
random_genuine,/mnt/c/Users/ansar/Desktop/VGGFace2_ArcFace_Project/data/aligned/train/n000075/0012_03.jpg,/mnt/c/Users/ansar/Desktop/VGGFace2_ArcFace_Project/data/aligned/train/n000075/0114_04.jpg,0.5775386691093445,-0.1253927358884671,0.2285700810708302,0.3539628169592973,0.17698140847964866
random_genuine,/mnt/c/Users/ansar/Desktop/VGGFace2_ArcFace_Project/data/aligned/train/n005591/0011_01.jpg,/mnt/c/Users/ansar/Desktop/VGGFace2_ArcFace_Project/data/aligned/train/n005591/0038_02.jpg,0.6058056950569153,0.014339736590062779,-0.07060283778196544,0.08494257437202822,0.04247128718601411
random_genuine,/mnt/c/Users/ansar/Desktop/VGGFace2_ArcFace_Project/data/aligned/train/n006021/0127_03.jpg,/mnt/c/Users/ansar/Desktop/VGGFace2_ArcFace_Project/data/aligned/train/n006021/0136_01.jpg,0.4867332279682159,0.11890080279781598,0.0923468619107616,0.026553940887054386,0.1056238323542888
random_genuine,/mnt/c/Users/ansar/Desktop/VGGFace2_ArcFace_Project/data/aligned/train/n009099/0072_01.jpg,/mnt/c/Users/ansar/Desktop/VGGFace2_ArcFace_Project/data/aligned/train/n009099/0139_01.jpg,0.4226011037826538,-0.09205825011205383,-0.6044242644889071,0.5123660143768533,0.34824125730048044
random_genuine,/mnt/c/Users/ansar/Desktop/VGGFace2_ArcFace_Project/data/aligned/train/n004397/0073_02.jpg,/mnt/c/Users/ansar/Desktop/VGGFace2_ArcFace_Project/data/aligned/train/n004397/0310_03.jpg,0.4018233716487884,0.038197540047695384,-0.23608673865123866,0.27428427869893407,0.13714213934946703
random_genuine,/mnt/c/Users/ansar/Desktop/VGGFace2_ArcFace_Project/data/aligned/train/n005899/0084_01.jpg,/mnt/c/Users/ansar/Desktop/VGGFace2_ArcFace_Project/data/aligned/train/n005899/0207_01.jpg,0.3154990673065185,0.012235852220063397,-0.014461599968068211,0.026697452188131608,0.013348726094065804
random_genuine,/mnt/c/Users/ansar/Desktop/VGGFace2_ArcFace_Project/data/aligned/train/n007489/0057_02.jpg,/mnt/c/Users/ansar/Desktop/VGGFace2_ArcFace_Project/data/aligned/train/n007489/0248_02.jpg,0.2462193071842193,0.09150812144378084,-0.14727002973106795,0.2387781511748488,0.1193890755874244
random_genuine,/mnt/c/Users/ansar/Desktop/VGGFace2_ArcFace_Project/data/aligned/train/n003586/0035_01.jpg,/mnt/c/Users/ansar/Desktop/VGGFace2_ArcFace_Project/data/aligned/train/n003586/0188_01.jpg,0.3798656165599823,-0.0045118936176478264,0.2902189358523768,0.2947308294700246,0.1473654147350123
random_genuine,/mnt/c/Users/ansar/Desktop/VGGFace2_ArcFace_Project/data/aligned/train/n008522/0048_01.jpg,/mnt/c/Users/ansar/Desktop/VGGFace2_ArcFace_Project/data/aligned/train/n008522/0117_01.jpg,0.5370219349861145,0.07730487861250866,0.030633817476354172,0.04667106113615449,0.05396934804443142
random_genuine,/mnt/c/Users/ansar/Desktop/VGGFace2_ArcFace_Project/data/aligned/train/n003716/0136_03.jpg,/mnt/c/Users/ansar/Desktop/VGGFace2_ArcFace_Project/data/aligned/train/n003716/0536_01.jpg,0.4414004981517792,0.1820544399770746,0.2425827472115021,0.06052830723442751,0.21231859359428834
random_genuine,/mnt/c/Users/ansar/Desktop/VGGFace2_ArcFace_Project/data/aligned/train/n000172/0300_01.jpg,/mnt/c/Users/ansar/Desktop/VGGFace2_ArcFace_Project/data/aligned/train/n000172/0399_01.jpg,0.0961654856801033,-0.36028853578013215,0.16301064491884207,0.5232991806989742,0.2616495903494871
random_genuine,/mnt/c/Users/ansar/Desktop/VGGFace2_ArcFace_Project/data/aligned/train/n009084/0080_01.jpg,/mnt/c/Users/ansar/Desktop/VGGFace2_ArcFace_Project/data/aligned/train/n009084/0183_01.jpg,0.5676919221878052,-0.1654091350025007,0.06409734380077156,0.22950647880327227,0.11475323940163613
random_genuine,/mnt/c/Users/ansar/Desktop/VGGFace2_ArcFace_Project/data/aligned/train/n005266/0172_01.jpg,/mnt/c/Users/ansar/Desktop/VGGFace2_ArcFace_Project/data/aligned/train/n005266/0207_01.jpg,0.3506901860237121,0.055977812183179966,0.0696387121511152,0.01366089996793523,0.06280826216714758
random_genuine,/mnt/c/Users/ansar/Desktop/VGGFace2_ArcFace_Project/data/aligned/train/n007864/0008_01.jpg,/mnt/c/Users/ansar/Desktop/VGGFace2_ArcFace_Project/data/aligned/train/n007864/0011_01.jpg,0.7750577926635742,-0.058905484368282544,0.02621860430077573,0.08512408866905827,0.042562044334529134
random_genuine,/mnt/c/Users/ansar/Desktop/VGGFace2_ArcFace_Project/data/aligned/train/n007993/0004_01.jpg,/mnt/c/Users/ansar/Desktop/VGGFace2_ArcFace_Project/data/aligned/train/n007993/0074_01.jpg,0.5826280117034912,-0.0404173738863234,-0.013992384454213648,0.026424989432109754,0.027204879170268526
random_genuine,/mnt/c/Users/ansar/Desktop/VGGFace2_ArcFace_Project/data/aligned/train/n002407/0013_01.jpg,/mnt/c/Users/ansar/Desktop/VGGFace2_ArcFace_Project/data/aligned/train/n002407/0239_01.jpg,0.4990428984165191,-0.13120466150146365,0.04644557341663605,0.1776502349180997,0.08882511745904985
random_genuine,/mnt/c/Users/ansar/Desktop/VGGFace2_ArcFace_Project/data/aligned/train/n003019/0093_02.jpg,/mnt/c/Users/ansar/Desktop/VGGFace2_ArcFace_Project/data/aligned/train/n003019/0407_01.jpg,0.455494225025177,-0.12776097000487274,-0.2769851426719737,0.14922417266710097,0.20237305633842323
random_genuine,/mnt/c/Users/ansar/Desktop/VGGFace2_ArcFace_Project/data/aligned/train/n008410/0369_01.jpg,/mnt/c/Users/ansar/Desktop/VGGFace2_ArcFace_Project/data/aligned/train/n008410/0472_01.jpg,0.5833640098571777,-0.22725897802954687,0.31099477971218165,0.5382537577417286,0.2691268788708643
random_genuine,/mnt/c/Users/ansar/Desktop/VGGFace2_ArcFace_Project/data/aligned/train/n000968/0163_01.jpg,/mnt/c/Users/ansar/Desktop/VGGFace2_ArcFace_Project/data/aligned/train/n000968/0454_01.jpg,0.2332922667264938,-0.08837004734566344,0.1108545850463196,0.19922463239198304,0.09961231619599152
random_genuine,/mnt/c/Users/ansar/Desktop/VGGFace2_ArcFace_Project/data/aligned/train/n005986/0325_01.jpg,/mnt/c/Users/ansar/Desktop/VGGFace2_ArcFace_Project/data/aligned/train/n005986/0402_01.jpg,0.2398276925086975,0.4528247138517367,-0.41688171658230283,0.8697064304340396,0.4348532152170198
random_genuine,/mnt/c/Users/ansar/Desktop/VGGFace2_ArcFace_Project/data/aligned/train/n003865/0143_01.jpg,/mnt/c/Users/ansar/Desktop/VGGFace2_ArcFace_Project/data/aligned/train/n003865/0230_01.jpg,0.6950087547302246,0.11403836486713079,0.13418639335338428,0.020148028486253494,0.12411237911025753
random_genuine,/mnt/c/Users/ansar/Desktop/VGGFace2_ArcFace_Project/data/aligned/train/n000228/0010_01.jpg,/mnt/c/Users/ansar/Desktop/VGGFace2_ArcFace_Project/data/aligned/train/n000228/0415_02.jpg,0.5033184289932251,-0.0961571752073824,0.06281781788087537,0.15897499308825777,0.07948749654412889
random_genuine,/mnt/c/Users/ansar/Desktop/VGGFace2_ArcFace_Project/data/aligned/train/n001387/0194_01.jpg,/mnt/c/Users/ansar/Desktop/VGGFace2_ArcFace_Project/data/aligned/train/n001387/0259_01.jpg,0.5283862948417664,0.20697712720349135,-0.34946100774577404,0.5564381349492654,0.2782190674746327
random_genuine,/mnt/c/Users/ansar/Desktop/VGGFace2_ArcFace_Project/data/aligned/train/n003073/0321_01.jpg,/mnt/c/Users/ansar/Desktop/VGGFace2_ArcFace_Project/data/aligned/train/n003073/0527_01.jpg,0.332143485546112,0.6374806509493413,-0.69827856126382,1.3357592122131612,0.6678796061065806
random_genuine,/mnt/c/Users/ansar/Desktop/VGGFace2_ArcFace_Project/data/aligned/train/n002902/0103_02.jpg,/mnt/c/Users/ansar/Desktop/VGGFace2_ArcFace_Project/data/aligned/train/n002902/0107_01.jpg,0.5951167345046997,-0.32026749980389946,0.04409873957506192,0.3643662393789614,0.1821831196894807
random_genuine,/mnt/c/Users/ansar/Desktop/VGGFace2_ArcFace_Project/data/aligned/train/n004716/0007_01.jpg,/mnt/c/Users/ansar/Desktop/VGGFace2_ArcFace_Project/data/aligned/train/n004716/0011_01.jpg,0.5458726286888123,-0.1555973188184114,-0.48255069429478953,0.32695337547637815,0.31907400655660045
random_genuine,/mnt/c/Users/ansar/Desktop/VGGFace2_ArcFace_Project/data/aligned/train/n006746/0247_01.jpg,/mnt/c/Users/ansar/Desktop/VGGFace2_ArcFace_Project/data/aligned/train/n006746/0304_01.jpg,0.3379362821578979,-0.27052210421868644,-0.08404417082542831,0.18647793339325813,0.17728313752205738
random_genuine,/mnt/c/Users/ansar/Desktop/VGGFace2_ArcFace_Project/data/aligned/train/n009136/0115_02.jpg,/mnt/c/Users/ansar/Desktop/VGGFace2_ArcFace_Project/data/aligned/train/n009136/0345_03.jpg,0.0177969299256801,-0.015550822948624907,0.10004507600844773,0.11559589895707263,0.057797949478536316
random_genuine,/mnt/c/Users/ansar/Desktop/VGGFace2_ArcFace_Project/data/aligned/train/n003347/0077_01.jpg,/mnt/c/Users/ansar/Desktop/VGGFace2_ArcFace_Project/data/aligned/train/n003347/0234_01.jpg,0.3823692798614502,0.09193668226984535,-0.09936978189675152,0.19130646416659686,0.09565323208329843
random_genuine,/mnt/c/Users/ansar/Desktop/VGGFace2_ArcFace_Project/data/aligned/train/n003107/0247_01.jpg,/mnt/c/Users/ansar/Desktop/VGGFace2_ArcFace_Project/data/aligned/train/n003107/0631_01.jpg,0.1728952080011367,0.2636952800046064,0.033760739279940305,0.2299345407246661,0.14872800964227334
random_genuine,/mnt/c/Users/ansar/Desktop/VGGFace2_ArcFace_Project/data/aligned/train/n004604/0315_01.jpg,/mnt/c/Users/ansar/Desktop/VGGFace2_ArcFace_Project/data/aligned/train/n004604/0333_01.jpg,0.1578904092311859,-0.003220065579230399,-0.018608661045093816,0.015388595465863417,0.010914363312162109
random_genuine,/mnt/c/Users/ansar/Desktop/VGGFace2_ArcFace_Project/data/aligned/train/n007981/0104_01.jpg,/mnt/c/Users/ansar/Desktop/VGGFace2_ArcFace_Project/data/aligned/train/n007981/0269_01.jpg,0.4648186862468719,0.06391238024735903,-0.027506480144990367,0.0914188603923494,0.0457094301961747
random_genuine,/mnt/c/Users/ansar/Desktop/VGGFace2_ArcFace_Project/data/aligned/train/n006678/0111_01.jpg,/mnt/c/Users/ansar/Desktop/VGGFace2_ArcFace_Project/data/aligned/train/n006678/0285_01.jpg,0.2244678288698196,0.03701103292255274,0.030904392255203864,0.0061066406673488775,0.0339577125888783
random_genuine,/mnt/c/Users/ansar/Desktop/VGGFace2_ArcFace_Project/data/aligned/train/n006777/0236_01.jpg,/mnt/c/Users/ansar/Desktop/VGGFace2_ArcFace_Project/data/aligned/train/n006777/0260_01.jpg,0.2908001840114593,0.18816708493143927,0.031164769933931444,0.15700231499750783,0.10966592743268536
random_genuine,/mnt/c/Users/ansar/Desktop/VGGFace2_ArcFace_Project/data/aligned/train/n002868/0116_01.jpg,/mnt/c/Users/ansar/Desktop/VGGFace2_ArcFace_Project/data/aligned/train/n002868/0152_01.jpg,0.3459553718566894,-0.015091182775514599,1.0710466330070665,1.0861378157825812,0.5430689078912906
random_genuine,/mnt/c/Users/ansar/Desktop/VGGFace2_ArcFace_Project/data/aligned/train/n000012/0193_01.jpg,/mnt/c/Users/ansar/Desktop/VGGFace2_ArcFace_Project/data/aligned/train/n000012/0400_01.jpg,0.633513331413269,0.05055397368786935,-0.05495572988450816,0.10550970357237752,0.05275485178618876
random_genuine,/mnt/c/Users/ansar/Desktop/VGGFace2_ArcFace_Project/data/aligned/train/n004922/0082_03.jpg,/mnt/c/Users/ansar/Desktop/VGGFace2_ArcFace_Project/data/aligned/train/n004922/0233_01.jpg,0.2262036949396133,0.0018432505230167409,0.15417246435951976,0.15232921383650302,0.07800785744126824
random_genuine,/mnt/c/Users/ansar/Desktop/VGGFace2_ArcFace_Project/data/aligned/train/n009195/0216_01.jpg,/mnt/c/Users/ansar/Desktop/VGGFace2_ArcFace_Project/data/aligned/train/n009195/0229_01.jpg,0.352088987827301,-0.3033769312264537,-0.17181715121717317,0.13155978000928054,0.23759704122181344
random_genuine,/mnt/c/Users/ansar/Desktop/VGGFace2_ArcFace_Project/data/aligned/train/n008814/0031_01.jpg,/mnt/c/Users/ansar/Desktop/VGGFace2_ArcFace_Project/data/aligned/train/n008814/0055_01.jpg,0.4817214906215668,0.09428011208689299,0.3215534358937753,0.22727332380688228,0.20791677399033415
random_genuine,/mnt/c/Users/ansar/Desktop/VGGFace2_ArcFace_Project/data/aligned/train/n003947/0127_01.jpg,/mnt/c/Users/ansar/Desktop/VGGFace2_ArcFace_Project/data/aligned/train/n003947/0148_01.jpg,0.2927621006965637,0.29901165358689097,-0.3455706693487093,0.6445823229356002,0.3222911614678001
random_genuine,/mnt/c/Users/ansar/Desktop/VGGFace2_ArcFace_Project/data/aligned/train/n004939/0185_02.jpg,/mnt/c/Users/ansar/Desktop/VGGFace2_ArcFace_Project/data/aligned/train/n004939/0352_01.jpg,0.4018259942531585,0.07198775345221411,0.6149808454085384,0.5429930919563243,0.3434842994303762
random_genuine,/mnt/c/Users/ansar/Desktop/VGGFace2_ArcFace_Project/data/aligned/train/n002961/0215_01.jpg,/mnt/c/Users/ansar/Desktop/VGGFace2_ArcFace_Project/data/aligned/train/n002961/0493_01.jpg,0.3336638510227203,0.21143552914616245,0.3078987636302251,0.09646323448406266,0.25966714638819377
random_genuine,/mnt/c/Users/ansar/Desktop/VGGFace2_ArcFace_Project/data/aligned/train/n006733/0064_01.jpg,/mnt/c/Users/ansar/Desktop/VGGFace2_ArcFace_Project/data/aligned/train/n006733/0147_02.jpg,0.3684144616127014,-0.0672409268094362,0.13167766249723933,0.19891858930667555,0.09945929465333778
random_genuine,/mnt/c/Users/ansar/Desktop/VGGFace2_ArcFace_Project/data/aligned/train/n000217/0330_01.jpg,/mnt/c/Users/ansar/Desktop/VGGFace2_ArcFace_Project/data/aligned/train/n000217/0347_01.jpg,0.4307798743247986,-0.44990924919787145,0.004064647673866798,0.4539738968717382,0.2269869484358691
random_genuine,/mnt/c/Users/ansar/Desktop/VGGFace2_ArcFace_Project/data/aligned/train/n000220/0179_03.jpg,/mnt/c/Users/ansar/Desktop/VGGFace2_ArcFace_Project/data/aligned/train/n000220/0546_01.jpg,0.4467085003852844,0.03019069341052418,0.06784693640431644,0.037656242993792256,0.04901881490742031
random_genuine,/mnt/c/Users/ansar/Desktop/VGGFace2_ArcFace_Project/data/aligned/train/n004814/0094_02.jpg,/mnt/c/Users/ansar/Desktop/VGGFace2_ArcFace_Project/data/aligned/train/n004814/0741_02.jpg,0.3409941792488098,-0.10270520040692298,0.04943683954982995,0.15214203995675293,0.07607101997837647
random_genuine,/mnt/c/Users/ansar/Desktop/VGGFace2_ArcFace_Project/data/aligned/train/n003781/0060_05.jpg,/mnt/c/Users/ansar/Desktop/VGGFace2_ArcFace_Project/data/aligned/train/n003781/0060_06.jpg,0.1379603743553161,0.4848716885927663,0.03472177676845752,0.4501499118243088,0.25979673268061193
random_genuine,/mnt/c/Users/ansar/Desktop/VGGFace2_ArcFace_Project/data/aligned/train/n003584/0110_01.jpg,/mnt/c/Users/ansar/Desktop/VGGFace2_ArcFace_Project/data/aligned/train/n003584/0187_01.jpg,0.7090707421302795,0.11462254701568238,0.19779643063646496,0.08317388362078258,0.15620948882607366
random_genuine,/mnt/c/Users/ansar/Desktop/VGGFace2_ArcFace_Project/data/aligned/train/n006241/0067_01.jpg,/mnt/c/Users/ansar/Desktop/VGGFace2_ArcFace_Project/data/aligned/train/n006241/0234_01.jpg,0.7445533275604248,-0.011100528193219548,0.1190086722728234,0.13010920046604293,0.06505460023302147
random_genuine,/mnt/c/Users/ansar/Desktop/VGGFace2_ArcFace_Project/data/aligned/train/n009094/0036_01.jpg,/mnt/c/Users/ansar/Desktop/VGGFace2_ArcFace_Project/data/aligned/train/n009094/0509_01.jpg,0.4797979593276977,0.45337139814240024,0.04911096699135829,0.40426043115104193,0.2512411825668793
random_genuine,/mnt/c/Users/ansar/Desktop/VGGFace2_ArcFace_Project/data/aligned/train/n003047/0051_01.jpg,/mnt/c/Users/ansar/Desktop/VGGFace2_ArcFace_Project/data/aligned/train/n003047/0352_02.jpg,0.481992095708847,-0.0064201783350849905,-0.2885996947811943,0.2821795164461093,0.14750993655813965
random_genuine,/mnt/c/Users/ansar/Desktop/VGGFace2_ArcFace_Project/data/aligned/train/n005196/0136_01.jpg,/mnt/c/Users/ansar/Desktop/VGGFace2_ArcFace_Project/data/aligned/train/n005196/0165_01.jpg,0.4597011506557464,0.07949958476818396,0.016500460966587305,0.06299912380159665,0.04800002286738563
random_genuine,/mnt/c/Users/ansar/Desktop/VGGFace2_ArcFace_Project/data/aligned/train/n001351/0024_01.jpg,/mnt/c/Users/ansar/Desktop/VGGFace2_ArcFace_Project/data/aligned/train/n001351/0135_01.jpg,0.4558204710483551,0.06872805234169423,-0.13415423095199272,0.20288228329368696,0.10144114164684348
random_genuine,/mnt/c/Users/ansar/Desktop/VGGFace2_ArcFace_Project/data/aligned/train/n008878/0166_01.jpg,/mnt/c/Users/ansar/Desktop/VGGFace2_ArcFace_Project/data/aligned/train/n008878/0282_01.jpg,0.4822033643722534,0.24964432200478054,0.010429784328036724,0.2392145376767438,0.13003705316640862
random_genuine,/mnt/c/Users/ansar/Desktop/VGGFace2_ArcFace_Project/data/aligned/train/n001457/0077_01.jpg,/mnt/c/Users/ansar/Desktop/VGGFace2_ArcFace_Project/data/aligned/train/n001457/0105_01.jpg,0.6707319617271423,0.23553035933108793,0.0704425781551767,0.16508778117591122,0.15298646874313232
random_genuine,/mnt/c/Users/ansar/Desktop/VGGFace2_ArcFace_Project/data/aligned/train/n007184/0101_03.jpg,/mnt/c/Users/ansar/Desktop/VGGFace2_ArcFace_Project/data/aligned/train/n007184/0217_01.jpg,0.5563035011291504,0.046419284931526444,0.7325749873594535,0.686155702427927,0.38949713614549
random_genuine,/mnt/c/Users/ansar/Desktop/VGGFace2_ArcFace_Project/data/aligned/train/n001978/0085_01.jpg,/mnt/c/Users/ansar/Desktop/VGGFace2_ArcFace_Project/data/aligned/train/n001978/0107_01.jpg,0.4668034315109253,-0.09277351050525728,-0.33046970513554114,0.23769619463028385,0.2116216078203992
random_genuine,/mnt/c/Users/ansar/Desktop/VGGFace2_ArcFace_Project/data/aligned/train/n004641/0350_02.jpg,/mnt/c/Users/ansar/Desktop/VGGFace2_ArcFace_Project/data/aligned/train/n004641/0372_05.jpg,0.1054868251085281,0.07737156995041711,0.02054616786286209,0.056825402087555016,0.0489588689066396
random_genuine,/mnt/c/Users/ansar/Desktop/VGGFace2_ArcFace_Project/data/aligned/train/n006746/0052_01.jpg,/mnt/c/Users/ansar/Desktop/VGGFace2_ArcFace_Project/data/aligned/train/n006746/0102_01.jpg,0.5872901082038879,0.0014933265964769229,0.0355842104300533,0.03409088383357638,0.018538768513265108
random_genuine,/mnt/c/Users/ansar/Desktop/VGGFace2_ArcFace_Project/data/aligned/train/n005976/0090_01.jpg,/mnt/c/Users/ansar/Desktop/VGGFace2_ArcFace_Project/data/aligned/train/n005976/0288_01.jpg,0.1083853840827941,-0.016792048210417743,-0.04420314919302735,0.027411100982609606,0.030497598701722545
random_genuine,/mnt/c/Users/ansar/Desktop/VGGFace2_ArcFace_Project/data/aligned/train/n001269/0228_01.jpg,/mnt/c/Users/ansar/Desktop/VGGFace2_ArcFace_Project/data/aligned/train/n001269/0331_02.jpg,0.271584540605545,0.098861252589239,0.7710384707947566,0.6721772182055177,0.4349498616919978
random_genuine,/mnt/c/Users/ansar/Desktop/VGGFace2_ArcFace_Project/data/aligned/train/n000469/0070_01.jpg,/mnt/c/Users/ansar/Desktop/VGGFace2_ArcFace_Project/data/aligned/train/n000469/0205_01.jpg,0.6099754571914673,0.09667011028126703,0.14146275167457045,0.044792641393303426,0.11906643097791875
random_genuine,/mnt/c/Users/ansar/Desktop/VGGFace2_ArcFace_Project/data/aligned/train/n007131/0024_01.jpg,/mnt/c/Users/ansar/Desktop/VGGFace2_ArcFace_Project/data/aligned/train/n007131/0182_01.jpg,0.4848027527332306,0.32122404483654643,0.09402341800407686,0.22720062683246955,0.20762373142031165
random_genuine,/mnt/c/Users/ansar/Desktop/VGGFace2_ArcFace_Project/data/aligned/train/n003862/0010_01.jpg,/mnt/c/Users/ansar/Desktop/VGGFace2_ArcFace_Project/data/aligned/train/n003862/0536_01.jpg,0.75242680311203,-0.275057902648032,-0.0636000690543228,0.21145783359370918,0.1693289858511774
random_genuine,/mnt/c/Users/ansar/Desktop/VGGFace2_ArcFace_Project/data/aligned/train/n002481/0082_01.jpg,/mnt/c/Users/ansar/Desktop/VGGFace2_ArcFace_Project/data/aligned/train/n002481/0253_01.jpg,0.335900604724884,0.20588545573963515,0.16876633359551169,0.03711912214412347,0.18732589466757343
random_genuine,/mnt/c/Users/ansar/Desktop/VGGFace2_ArcFace_Project/data/aligned/train/n009103/0049_01.jpg,/mnt/c/Users/ansar/Desktop/VGGFace2_ArcFace_Project/data/aligned/train/n009103/0687_01.jpg,0.5520647168159485,-0.15324316498375168,0.002554064871549082,0.15579722985530076,0.07789861492765038
random_genuine,/mnt/c/Users/ansar/Desktop/VGGFace2_ArcFace_Project/data/aligned/train/n004253/0233_01.jpg,/mnt/c/Users/ansar/Desktop/VGGFace2_ArcFace_Project/data/aligned/train/n004253/0273_02.jpg,0.1277982741594314,0.5883865904251183,-0.4199420537941789,1.0083286442192971,0.5041643221096486
random_genuine,/mnt/c/Users/ansar/Desktop/VGGFace2_ArcFace_Project/data/aligned/train/n003260/0107_01.jpg,/mnt/c/Users/ansar/Desktop/VGGFace2_ArcFace_Project/data/aligned/train/n003260/0173_01.jpg,0.2211553156375885,0.14733828533660892,-0.13227553150353544,0.27961381684014436,0.13980690842007218
random_genuine,/mnt/c/Users/ansar/Desktop/VGGFace2_ArcFace_Project/data/aligned/train/n000935/0227_01.jpg,/mnt/c/Users/ansar/Desktop/VGGFace2_ArcFace_Project/data/aligned/train/n000935/0449_02.jpg,0.1794909685850143,-0.3860549645123422,-0.01527336542294607,0.3707815990893962,0.20066416496764414
random_genuine,/mnt/c/Users/ansar/Desktop/VGGFace2_ArcFace_Project/data/aligned/train/n003218/0030_01.jpg,/mnt/c/Users/ansar/Desktop/VGGFace2_ArcFace_Project/data/aligned/train/n003218/0228_01.jpg,0.4589958786964416,0.07547929088394226,-0.1231013973225008,0.19858068820644306,0.09929034410322153
random_genuine,/mnt/c/Users/ansar/Desktop/VGGFace2_ArcFace_Project/data/aligned/train/n007853/0084_01.jpg,/mnt/c/Users/ansar/Desktop/VGGFace2_ArcFace_Project/data/aligned/train/n007853/0360_01.jpg,0.061713334172964,0.16920749380341638,0.27293513603790426,0.10372764223448788,0.22107131492066032
random_genuine,/mnt/c/Users/ansar/Desktop/VGGFace2_ArcFace_Project/data/aligned/train/n006904/0403_01.jpg,/mnt/c/Users/ansar/Desktop/VGGFace2_ArcFace_Project/data/aligned/train/n006904/0430_01.jpg,0.4268739819526672,-0.0715289632940794,0.5879724000752286,0.659501363369308,0.329750681684654
random_genuine,/mnt/c/Users/ansar/Desktop/VGGFace2_ArcFace_Project/data/aligned/train/n002526/0081_03.jpg,/mnt/c/Users/ansar/Desktop/VGGFace2_ArcFace_Project/data/aligned/train/n002526/0211_02.jpg,0.4377727508544922,-0.08515820382169388,-0.0037247095371560693,0.0814334942845378,0.04444145667942498
random_genuine,/mnt/c/Users/ansar/Desktop/VGGFace2_ArcFace_Project/data/aligned/train/n004557/0031_03.jpg,/mnt/c/Users/ansar/Desktop/VGGFace2_ArcFace_Project/data/aligned/train/n004557/0098_01.jpg,0.3350535631179809,-0.10898391191117651,-0.2641248466104616,0.15514093469928508,0.18655437926081905
random_genuine,/mnt/c/Users/ansar/Desktop/VGGFace2_ArcFace_Project/data/aligned/train/n002049/0120_01.jpg,/mnt/c/Users/ansar/Desktop/VGGFace2_ArcFace_Project/data/aligned/train/n002049/0276_01.jpg,0.0613372065126895,0.5193151309536715,-0.10720256496858437,0.6265176959222559,0.31325884796112796
random_genuine,/mnt/c/Users/ansar/Desktop/VGGFace2_ArcFace_Project/data/aligned/train/n002349/0114_01.jpg,/mnt/c/Users/ansar/Desktop/VGGFace2_ArcFace_Project/data/aligned/train/n002349/0385_02.jpg,0.270561546087265,0.23385892296193345,0.0348628960107323,0.19899602695120114,0.13436090948633286
random_genuine,/mnt/c/Users/ansar/Desktop/VGGFace2_ArcFace_Project/data/aligned/train/n007925/0157_01.jpg,/mnt/c/Users/ansar/Desktop/VGGFace2_ArcFace_Project/data/aligned/train/n007925/0516_02.jpg,0.2443387955427169,0.061749677599432555,0.020919097511466738,0.04083058008796582,0.041334387555449645
random_genuine,/mnt/c/Users/ansar/Desktop/VGGFace2_ArcFace_Project/data/aligned/train/n006711/0015_01.jpg,/mnt/c/Users/ansar/Desktop/VGGFace2_ArcFace_Project/data/aligned/train/n006711/0494_02.jpg,0.6095491647720337,0.13139056984250563,-0.19693799191502645,0.3283285617575321,0.16416428087876606
random_genuine,/mnt/c/Users/ansar/Desktop/VGGFace2_ArcFace_Project/data/aligned/train/n005493/0501_03.jpg,/mnt/c/Users/ansar/Desktop/VGGFace2_ArcFace_Project/data/aligned/train/n005493/0503_01.jpg,0.2033391594886779,0.20406764566458063,-0.381589234500797,0.5856568801653776,0.2928284400826888
random_genuine,/mnt/c/Users/ansar/Desktop/VGGFace2_ArcFace_Project/data/aligned/train/n004958/0105_02.jpg,/mnt/c/Users/ansar/Desktop/VGGFace2_ArcFace_Project/data/aligned/train/n004958/0258_01.jpg,0.1391093730926513,-0.14454732831634418,0.2414324866211207,0.3859798149374649,0.19298990746873246
random_genuine,/mnt/c/Users/ansar/Desktop/VGGFace2_ArcFace_Project/data/aligned/train/n008312/0149_01.jpg,/mnt/c/Users/ansar/Desktop/VGGFace2_ArcFace_Project/data/aligned/train/n008312/0455_02.jpg,0.3243736326694488,0.04822345137785505,-0.29019682184919393,0.338420273227049,0.1692101366135245
random_genuine,/mnt/c/Users/ansar/Desktop/VGGFace2_ArcFace_Project/data/aligned/train/n002796/0059_03.jpg,/mnt/c/Users/ansar/Desktop/VGGFace2_ArcFace_Project/data/aligned/train/n002796/0148_01.jpg,0.1951112002134323,0.2043004504739081,-0.12547441774068205,0.3297748682145901,0.16488743410729506
random_genuine,/mnt/c/Users/ansar/Desktop/VGGFace2_ArcFace_Project/data/aligned/train/n003024/0011_01.jpg,/mnt/c/Users/ansar/Desktop/VGGFace2_ArcFace_Project/data/aligned/train/n003024/0158_02.jpg,0.1849684715270996,0.19028812852685792,0.439190954436615,0.24890282590975707,0.31473954148173644
random_genuine,/mnt/c/Users/ansar/Desktop/VGGFace2_ArcFace_Project/data/aligned/train/n000490/0023_01.jpg,/mnt/c/Users/ansar/Desktop/VGGFace2_ArcFace_Project/data/aligned/train/n000490/0100_01.jpg,0.6387264132499695,-0.3551052630602856,0.11564802134636082,0.47075328440664643,0.23537664220332322
random_genuine,/mnt/c/Users/ansar/Desktop/VGGFace2_ArcFace_Project/data/aligned/train/n006390/0012_01.jpg,/mnt/c/Users/ansar/Desktop/VGGFace2_ArcFace_Project/data/aligned/train/n006390/0198_01.jpg,0.2715803682804107,0.049898998132482095,0.14876575470618317,0.09886675657370107,0.09933237641933262
random_genuine,/mnt/c/Users/ansar/Desktop/VGGFace2_ArcFace_Project/data/aligned/train/n007400/0012_01.jpg,/mnt/c/Users/ansar/Desktop/VGGFace2_ArcFace_Project/data/aligned/train/n007400/0147_02.jpg,0.048222467303276,-0.010193041882959188,0.8087602427266083,0.8189532846095675,0.40947664230478376
random_genuine,/mnt/c/Users/ansar/Desktop/VGGFace2_ArcFace_Project/data/aligned/train/n001237/0079_02.jpg,/mnt/c/Users/ansar/Desktop/VGGFace2_ArcFace_Project/data/aligned/train/n001237/0221_01.jpg,0.2631796300411224,-0.1214065155571745,-0.06873582476970969,0.05267069078746481,0.09507117016344209
random_genuine,/mnt/c/Users/ansar/Desktop/VGGFace2_ArcFace_Project/data/aligned/train/n007530/0188_02.jpg,/mnt/c/Users/ansar/Desktop/VGGFace2_ArcFace_Project/data/aligned/train/n007530/0342_01.jpg,0.4545050859451294,-0.5809839736353544,0.3141733821525389,0.8951573557878933,0.4475786778939467
random_genuine,/mnt/c/Users/ansar/Desktop/VGGFace2_ArcFace_Project/data/aligned/train/n001472/0210_01.jpg,/mnt/c/Users/ansar/Desktop/VGGFace2_ArcFace_Project/data/aligned/train/n001472/0331_02.jpg,0.4330667555332184,-0.8144342148799469,-0.007144047966221957,0.807290166913725,0.41078913142308443
random_genuine,/mnt/c/Users/ansar/Desktop/VGGFace2_ArcFace_Project/data/aligned/train/n008508/0379_01.jpg,/mnt/c/Users/ansar/Desktop/VGGFace2_ArcFace_Project/data/aligned/train/n008508/0418_01.jpg,0.600629448890686,-0.2653915323272323,-0.057323811657615645,0.20806772066961665,0.16135767199242396
random_genuine,/mnt/c/Users/ansar/Desktop/VGGFace2_ArcFace_Project/data/aligned/train/n004780/0145_01.jpg,/mnt/c/Users/ansar/Desktop/VGGFace2_ArcFace_Project/data/aligned/train/n004780/0366_01.jpg,0.3639757931232452,0.17171509026518764,-0.45983213165672165,0.6315472219219093,0.31577361096095463
random_genuine,/mnt/c/Users/ansar/Desktop/VGGFace2_ArcFace_Project/data/aligned/train/n008931/0021_01.jpg,/mnt/c/Users/ansar/Desktop/VGGFace2_ArcFace_Project/data/aligned/train/n008931/0035_01.jpg,0.4612271189689636,-0.17441660141895426,-0.017840043633163504,0.15657655778579077,0.09612832252605888
random_genuine,/mnt/c/Users/ansar/Desktop/VGGFace2_ArcFace_Project/data/aligned/train/n003576/0141_02.jpg,/mnt/c/Users/ansar/Desktop/VGGFace2_ArcFace_Project/data/aligned/train/n003576/0208_02.jpg,0.3189060986042022,0.19310296491578846,0.03786531805996403,0.15523764685582442,0.11548414148787625
random_genuine,/mnt/c/Users/ansar/Desktop/VGGFace2_ArcFace_Project/data/aligned/train/n007470/0066_01.jpg,/mnt/c/Users/ansar/Desktop/VGGFace2_ArcFace_Project/data/aligned/train/n007470/0380_01.jpg,0.6925826072692871,-0.06664717846181507,0.013775699147405954,0.08042287760922102,0.04021143880461051
random_genuine,/mnt/c/Users/ansar/Desktop/VGGFace2_ArcFace_Project/data/aligned/train/n009107/0062_03.jpg,/mnt/c/Users/ansar/Desktop/VGGFace2_ArcFace_Project/data/aligned/train/n009107/0073_01.jpg,0.2502060234546661,0.12869306720743073,-0.21241208723434618,0.3411051544417769,0.17055257722088846
random_genuine,/mnt/c/Users/ansar/Desktop/VGGFace2_ArcFace_Project/data/aligned/train/n007139/0241_01.jpg,/mnt/c/Users/ansar/Desktop/VGGFace2_ArcFace_Project/data/aligned/train/n007139/0526_01.jpg,0.3305085003376007,0.12003149179337054,0.6138058668122958,0.49377437501892524,0.3669186793028332
random_genuine,/mnt/c/Users/ansar/Desktop/VGGFace2_ArcFace_Project/data/aligned/train/n001594/0257_01.jpg,/mnt/c/Users/ansar/Desktop/VGGFace2_ArcFace_Project/data/aligned/train/n001594/0381_01.jpg,0.1567515581846237,-0.15178426650029833,-0.11588836439490266,0.03589590210539567,0.1338363154476005
random_genuine,/mnt/c/Users/ansar/Desktop/VGGFace2_ArcFace_Project/data/aligned/train/n008945/0175_02.jpg,/mnt/c/Users/ansar/Desktop/VGGFace2_ArcFace_Project/data/aligned/train/n008945/0257_01.jpg,0.7587065100669861,-0.1992912093381419,-0.8109820186819355,0.6116908093437936,0.5051366140100387
random_genuine,/mnt/c/Users/ansar/Desktop/VGGFace2_ArcFace_Project/data/aligned/train/n002122/0089_01.jpg,/mnt/c/Users/ansar/Desktop/VGGFace2_ArcFace_Project/data/aligned/train/n002122/0209_01.jpg,0.6456260681152344,0.030648932751812605,-0.03092470626752912,0.06157363901934172,0.03078681950967086
random_genuine,/mnt/c/Users/ansar/Desktop/VGGFace2_ArcFace_Project/data/aligned/train/n002053/0198_01.jpg,/mnt/c/Users/ansar/Desktop/VGGFace2_ArcFace_Project/data/aligned/train/n002053/0291_01.jpg,0.2310697436332702,0.0664186961232127,0.26731671306128596,0.20089801693807324,0.16686770459224934
random_genuine,/mnt/c/Users/ansar/Desktop/VGGFace2_ArcFace_Project/data/aligned/train/n008288/0045_02.jpg,/mnt/c/Users/ansar/Desktop/VGGFace2_ArcFace_Project/data/aligned/train/n008288/0094_08.jpg,0.63846755027771,-0.23367841329488337,0.045992336745806064,0.2796707500406894,0.1398353750203447
random_genuine,/mnt/c/Users/ansar/Desktop/VGGFace2_ArcFace_Project/data/aligned/train/n004511/0026_02.jpg,/mnt/c/Users/ansar/Desktop/VGGFace2_ArcFace_Project/data/aligned/train/n004511/0432_01.jpg,0.7856465578079224,0.04706296201259747,-0.09163910289060244,0.13870206490319992,0.06935103245159996
random_genuine,/mnt/c/Users/ansar/Desktop/VGGFace2_ArcFace_Project/data/aligned/train/n002423/0134_01.jpg,/mnt/c/Users/ansar/Desktop/VGGFace2_ArcFace_Project/data/aligned/train/n002423/0262_01.jpg,0.3391893208026886,0.04838491337765962,-0.507313484730283,0.5556983981079426,0.2778491990539713
random_genuine,/mnt/c/Users/ansar/Desktop/VGGFace2_ArcFace_Project/data/aligned/train/n000436/0446_01.jpg,/mnt/c/Users/ansar/Desktop/VGGFace2_ArcFace_Project/data/aligned/train/n000436/0626_01.jpg,0.3196879625320434,-0.25693994891281297,-0.32217989156015964,0.06523994264734667,0.2895599202364863
random_genuine,/mnt/c/Users/ansar/Desktop/VGGFace2_ArcFace_Project/data/aligned/train/n007084/0005_01.jpg,/mnt/c/Users/ansar/Desktop/VGGFace2_ArcFace_Project/data/aligned/train/n007084/0031_01.jpg,0.6997668743133545,0.24480984445382295,-0.06906481367313588,0.3138746581269588,0.1569373290634794
random_genuine,/mnt/c/Users/ansar/Desktop/VGGFace2_ArcFace_Project/data/aligned/train/n003439/0032_01.jpg,/mnt/c/Users/ansar/Desktop/VGGFace2_ArcFace_Project/data/aligned/train/n003439/0392_01.jpg,0.2753969430923462,0.3167697212867035,-0.038435649450658374,0.35520537073736186,0.17760268536868093
random_genuine,/mnt/c/Users/ansar/Desktop/VGGFace2_ArcFace_Project/data/aligned/train/n002188/0222_01.jpg,/mnt/c/Users/ansar/Desktop/VGGFace2_ArcFace_Project/data/aligned/train/n002188/0322_01.jpg,0.6086384654045105,1.089573780114816,1.0280703931644561,0.06150338695035984,1.058822086639636
random_genuine,/mnt/c/Users/ansar/Desktop/VGGFace2_ArcFace_Project/data/aligned/train/n000744/0023_01.jpg,/mnt/c/Users/ansar/Desktop/VGGFace2_ArcFace_Project/data/aligned/train/n000744/0068_02.jpg,0.1702485978603363,0.2753913153908639,-0.019588595262003405,0.2949799106528673,0.14748995532643366
random_genuine,/mnt/c/Users/ansar/Desktop/VGGFace2_ArcFace_Project/data/aligned/train/n005916/0044_02.jpg,/mnt/c/Users/ansar/Desktop/VGGFace2_ArcFace_Project/data/aligned/train/n005916/0188_02.jpg,0.2952024638652801,-0.18091088068798628,-0.19470805030959715,0.013797169621610872,0.1878094654987917
random_genuine,/mnt/c/Users/ansar/Desktop/VGGFace2_ArcFace_Project/data/aligned/train/n000409/0183_01.jpg,/mnt/c/Users/ansar/Desktop/VGGFace2_ArcFace_Project/data/aligned/train/n000409/0226_02.jpg,0.328233391046524,0.30036134266285713,-0.0874705757402616,0.3878319184031187,0.19391595920155935
random_genuine,/mnt/c/Users/ansar/Desktop/VGGFace2_ArcFace_Project/data/aligned/train/n002076/0212_01.jpg,/mnt/c/Users/ansar/Desktop/VGGFace2_ArcFace_Project/data/aligned/train/n002076/0370_01.jpg,0.5198131799697876,0.21476711651922958,-0.0117540347448295,0.22652115126405908,0.11326057563202954
random_genuine,/mnt/c/Users/ansar/Desktop/VGGFace2_ArcFace_Project/data/aligned/train/n004975/0155_01.jpg,/mnt/c/Users/ansar/Desktop/VGGFace2_ArcFace_Project/data/aligned/train/n004975/0201_01.jpg,0.4067403376102447,0.06619297481988433,-0.004889765354828856,0.07108274017471318,0.03554137008735659
random_genuine,/mnt/c/Users/ansar/Desktop/VGGFace2_ArcFace_Project/data/aligned/train/n006865/0410_01.jpg,/mnt/c/Users/ansar/Desktop/VGGFace2_ArcFace_Project/data/aligned/train/n006865/0524_01.jpg,0.5111725330352783,-0.09584771528907236,-0.14312660795517362,0.04727889266610126,0.119487161622123
random_genuine,/mnt/c/Users/ansar/Desktop/VGGFace2_ArcFace_Project/data/aligned/train/n004637/0024_01.jpg,/mnt/c/Users/ansar/Desktop/VGGFace2_ArcFace_Project/data/aligned/train/n004637/0069_01.jpg,0.3810797929763794,-0.34301316841294954,0.08317030044579225,0.4261834688587418,0.2130917344293709
random_genuine,/mnt/c/Users/ansar/Desktop/VGGFace2_ArcFace_Project/data/aligned/train/n001014/0043_03.jpg,/mnt/c/Users/ansar/Desktop/VGGFace2_ArcFace_Project/data/aligned/train/n001014/0552_04.jpg,0.5772987008094788,0.0705495902369481,0.05090778491204796,0.019641805324900133,0.06072868757449803
random_genuine,/mnt/c/Users/ansar/Desktop/VGGFace2_ArcFace_Project/data/aligned/train/n007298/0064_02.jpg,/mnt/c/Users/ansar/Desktop/VGGFace2_ArcFace_Project/data/aligned/train/n007298/0124_01.jpg,0.4527445137500763,0.06425018134032004,0.1836539909291608,0.11940380958884075,0.12395208613474042
random_genuine,/mnt/c/Users/ansar/Desktop/VGGFace2_ArcFace_Project/data/aligned/train/n004853/0101_02.jpg,/mnt/c/Users/ansar/Desktop/VGGFace2_ArcFace_Project/data/aligned/train/n004853/0149_01.jpg,0.4149200022220611,-0.4464156725417314,-0.0390401603247301,0.4073755122170013,0.24272791643323077
random_genuine,/mnt/c/Users/ansar/Desktop/VGGFace2_ArcFace_Project/data/aligned/train/n004140/0099_03.jpg,/mnt/c/Users/ansar/Desktop/VGGFace2_ArcFace_Project/data/aligned/train/n004140/0223_01.jpg,0.481793612241745,0.00832756059750691,-0.2056119011297343,0.2139394617272412,0.1069697308636206
random_genuine,/mnt/c/Users/ansar/Desktop/VGGFace2_ArcFace_Project/data/aligned/train/n008000/0142_01.jpg,/mnt/c/Users/ansar/Desktop/VGGFace2_ArcFace_Project/data/aligned/train/n008000/0304_01.jpg,0.3987160325050354,-0.26423990954942994,-0.011847533631003626,0.25239237591842634,0.13804372159021677
random_genuine,/mnt/c/Users/ansar/Desktop/VGGFace2_ArcFace_Project/data/aligned/train/n007248/0122_02.jpg,/mnt/c/Users/ansar/Desktop/VGGFace2_ArcFace_Project/data/aligned/train/n007248/0366_01.jpg,0.4783036708831787,0.08088372700826053,0.2498409486573724,0.16895722164911187,0.16536233783281648
random_genuine,/mnt/c/Users/ansar/Desktop/VGGFace2_ArcFace_Project/data/aligned/train/n003305/0076_01.jpg,/mnt/c/Users/ansar/Desktop/VGGFace2_ArcFace_Project/data/aligned/train/n003305/0170_01.jpg,0.4800981283187866,0.11144477550494435,0.0699246046492765,0.04152017085566785,0.09068469007711041
random_genuine,/mnt/c/Users/ansar/Desktop/VGGFace2_ArcFace_Project/data/aligned/train/n001638/0014_01.jpg,/mnt/c/Users/ansar/Desktop/VGGFace2_ArcFace_Project/data/aligned/train/n001638/0104_02.jpg,0.3859953284263611,0.19872569358981967,0.059367793001510676,0.139357900588309,0.12904674329566518
random_genuine,/mnt/c/Users/ansar/Desktop/VGGFace2_ArcFace_Project/data/aligned/train/n003300/0042_03.jpg,/mnt/c/Users/ansar/Desktop/VGGFace2_ArcFace_Project/data/aligned/train/n003300/0061_02.jpg,0.3572873473167419,-0.2237705230070945,0.09832824497489526,0.3220987679819898,0.1610493839909949
random_genuine,/mnt/c/Users/ansar/Desktop/VGGFace2_ArcFace_Project/data/aligned/train/n001987/0171_01.jpg,/mnt/c/Users/ansar/Desktop/VGGFace2_ArcFace_Project/data/aligned/train/n001987/0263_03.jpg,0.3485181033611297,0.21601460742327658,-0.4742683633506522,0.6902829707739288,0.3451414853869644
random_genuine,/mnt/c/Users/ansar/Desktop/VGGFace2_ArcFace_Project/data/aligned/train/n001374/0081_01.jpg,/mnt/c/Users/ansar/Desktop/VGGFace2_ArcFace_Project/data/aligned/train/n001374/0248_01.jpg,0.3614350259304046,-0.00900886899917701,0.1165402171717109,0.12554908617088792,0.06277454308544396
random_genuine,/mnt/c/Users/ansar/Desktop/VGGFace2_ArcFace_Project/data/aligned/train/n006949/0091_01.jpg,/mnt/c/Users/ansar/Desktop/VGGFace2_ArcFace_Project/data/aligned/train/n006949/0371_02.jpg,0.2886687517166137,0.06444478441440196,0.3186538278617011,0.2542090434472991,0.19154930613805154
random_genuine,/mnt/c/Users/ansar/Desktop/VGGFace2_ArcFace_Project/data/aligned/train/n003565/0014_01.jpg,/mnt/c/Users/ansar/Desktop/VGGFace2_ArcFace_Project/data/aligned/train/n003565/0491_01.jpg,0.679363489151001,0.1666816049726393,0.0539403331428065,0.11274127182983282,0.1103109690577229
random_genuine,/mnt/c/Users/ansar/Desktop/VGGFace2_ArcFace_Project/data/aligned/train/n004805/0637_01.jpg,/mnt/c/Users/ansar/Desktop/VGGFace2_ArcFace_Project/data/aligned/train/n004805/0655_01.jpg,0.440468281507492,0.18147813178236902,0.3731009015063421,0.1916227697239731,0.2772895166443556
random_genuine,/mnt/c/Users/ansar/Desktop/VGGFace2_ArcFace_Project/data/aligned/train/n004179/0014_02.jpg,/mnt/c/Users/ansar/Desktop/VGGFace2_ArcFace_Project/data/aligned/train/n004179/0256_01.jpg,0.2966784536838531,0.11704855504913383,0.12881314439697597,0.011764589347842136,0.1229308497230549
random_genuine,/mnt/c/Users/ansar/Desktop/VGGFace2_ArcFace_Project/data/aligned/train/n004874/0173_01.jpg,/mnt/c/Users/ansar/Desktop/VGGFace2_ArcFace_Project/data/aligned/train/n004874/0342_01.jpg,0.1120049580931663,-0.08976143226068839,-0.6800760277227033,0.5903145954620148,0.38491872999169585
random_genuine,/mnt/c/Users/ansar/Desktop/VGGFace2_ArcFace_Project/data/aligned/train/n005134/0010_01.jpg,/mnt/c/Users/ansar/Desktop/VGGFace2_ArcFace_Project/data/aligned/train/n005134/0255_03.jpg,0.4439180791378021,-0.02719918834194712,-0.025601820436704763,0.0015973679052423556,0.02640050438932594
random_genuine,/mnt/c/Users/ansar/Desktop/VGGFace2_ArcFace_Project/data/aligned/train/n005064/0148_02.jpg,/mnt/c/Users/ansar/Desktop/VGGFace2_ArcFace_Project/data/aligned/train/n005064/0199_01.jpg,0.4551983773708343,-0.1829526042154043,-0.4065725049683765,0.2236199007529722,0.2947625545918904
random_genuine,/mnt/c/Users/ansar/Desktop/VGGFace2_ArcFace_Project/data/aligned/train/n001827/0139_02.jpg,/mnt/c/Users/ansar/Desktop/VGGFace2_ArcFace_Project/data/aligned/train/n001827/0222_01.jpg,0.1181172579526901,-0.08190060093940155,-0.09384691942788552,0.011946318488483973,0.08787376018364354
random_genuine,/mnt/c/Users/ansar/Desktop/VGGFace2_ArcFace_Project/data/aligned/train/n003271/0180_01.jpg,/mnt/c/Users/ansar/Desktop/VGGFace2_ArcFace_Project/data/aligned/train/n003271/0384_01.jpg,0.4691981077194214,0.016510386477276897,0.08128149893422633,0.06477111245694943,0.048895942705751615
random_genuine,/mnt/c/Users/ansar/Desktop/VGGFace2_ArcFace_Project/data/aligned/train/n007992/0061_01.jpg,/mnt/c/Users/ansar/Desktop/VGGFace2_ArcFace_Project/data/aligned/train/n007992/0142_01.jpg,0.4836620986461639,0.19167371016248452,0.05067499372330042,0.1409987164391841,0.12117435194289247
random_genuine,/mnt/c/Users/ansar/Desktop/VGGFace2_ArcFace_Project/data/aligned/train/n005792/0181_01.jpg,/mnt/c/Users/ansar/Desktop/VGGFace2_ArcFace_Project/data/aligned/train/n005792/0280_01.jpg,0.3381073772907257,0.16466314222330422,0.03681038570577073,0.1278527565175335,0.10073676396453747
random_genuine,/mnt/c/Users/ansar/Desktop/VGGFace2_ArcFace_Project/data/aligned/train/n002906/0071_01.jpg,/mnt/c/Users/ansar/Desktop/VGGFace2_ArcFace_Project/data/aligned/train/n002906/0193_01.jpg,0.1271430253982544,0.08824678134469742,0.19286293130599141,0.104616149961294,0.14055485632534442
random_genuine,/mnt/c/Users/ansar/Desktop/VGGFace2_ArcFace_Project/data/aligned/train/n008608/0055_02.jpg,/mnt/c/Users/ansar/Desktop/VGGFace2_ArcFace_Project/data/aligned/train/n008608/0178_01.jpg,0.1443869918584823,0.1046857909196792,-0.6698496508936171,0.7745354418132964,0.3872677209066482
random_genuine,/mnt/c/Users/ansar/Desktop/VGGFace2_ArcFace_Project/data/aligned/train/n006691/0088_01.jpg,/mnt/c/Users/ansar/Desktop/VGGFace2_ArcFace_Project/data/aligned/train/n006691/0509_01.jpg,0.7832062244415283,0.07149866837701299,-0.0049592884130009035,0.0764579567900139,0.03822897839500695
random_genuine,/mnt/c/Users/ansar/Desktop/VGGFace2_ArcFace_Project/data/aligned/train/n003622/0022_04.jpg,/mnt/c/Users/ansar/Desktop/VGGFace2_ArcFace_Project/data/aligned/train/n003622/0026_01.jpg,0.1255862265825271,-0.13303746876328734,-0.1598492567472118,0.026811787983924446,0.14644336275524955
random_genuine,/mnt/c/Users/ansar/Desktop/VGGFace2_ArcFace_Project/data/aligned/train/n008039/0163_01.jpg,/mnt/c/Users/ansar/Desktop/VGGFace2_ArcFace_Project/data/aligned/train/n008039/0428_02.jpg,0.5124667882919312,-0.10663801853556114,0.12955639903749552,0.23619441757305665,0.11809720878652832
random_genuine,/mnt/c/Users/ansar/Desktop/VGGFace2_ArcFace_Project/data/aligned/train/n007732/0113_01.jpg,/mnt/c/Users/ansar/Desktop/VGGFace2_ArcFace_Project/data/aligned/train/n007732/0147_01.jpg,0.5209792852401733,-0.05756281061139394,-0.2587725016990084,0.20120969108761444,0.15816765615520118
random_genuine,/mnt/c/Users/ansar/Desktop/VGGFace2_ArcFace_Project/data/aligned/train/n008100/0342_01.jpg,/mnt/c/Users/ansar/Desktop/VGGFace2_ArcFace_Project/data/aligned/train/n008100/0364_01.jpg,0.2190032005310058,-0.28739023677108044,-0.3751736034979301,0.08778336672684967,0.3312819201345053
random_genuine,/mnt/c/Users/ansar/Desktop/VGGFace2_ArcFace_Project/data/aligned/train/n003175/0102_01.jpg,/mnt/c/Users/ansar/Desktop/VGGFace2_ArcFace_Project/data/aligned/train/n003175/0104_01.jpg,0.3332333862781524,0.23565393315673716,0.01916752838458733,0.21648640477214984,0.12741073077066226
random_genuine,/mnt/c/Users/ansar/Desktop/VGGFace2_ArcFace_Project/data/aligned/train/n001332/0176_01.jpg,/mnt/c/Users/ansar/Desktop/VGGFace2_ArcFace_Project/data/aligned/train/n001332/0346_03.jpg,0.6917675733566284,-0.03889709154751872,-0.026588570167124084,0.012308521380394635,0.0327428308573214
random_genuine,/mnt/c/Users/ansar/Desktop/VGGFace2_ArcFace_Project/data/aligned/train/n004510/0325_01.jpg,/mnt/c/Users/ansar/Desktop/VGGFace2_ArcFace_Project/data/aligned/train/n004510/0464_01.jpg,0.476834237575531,-0.04890384299677527,0.2963891585879898,0.34529300158476506,0.17264650079238253
random_genuine,/mnt/c/Users/ansar/Desktop/VGGFace2_ArcFace_Project/data/aligned/train/n000573/0121_01.jpg,/mnt/c/Users/ansar/Desktop/VGGFace2_ArcFace_Project/data/aligned/train/n000573/0416_01.jpg,0.2487392574548721,0.06336951506447264,0.42970601683127213,0.3663365017667995,0.24653776594787238
random_genuine,/mnt/c/Users/ansar/Desktop/VGGFace2_ArcFace_Project/data/aligned/train/n001757/0069_01.jpg,/mnt/c/Users/ansar/Desktop/VGGFace2_ArcFace_Project/data/aligned/train/n001757/0080_01.jpg,0.5669097900390625,0.2001203152179201,0.06611732164458184,0.13400299357333825,0.13311881843125095
random_genuine,/mnt/c/Users/ansar/Desktop/VGGFace2_ArcFace_Project/data/aligned/train/n005295/0247_02.jpg,/mnt/c/Users/ansar/Desktop/VGGFace2_ArcFace_Project/data/aligned/train/n005295/0373_01.jpg,0.3339803814888,0.48037356217737787,0.466680277824111,0.013693284353266888,0.4735269200007444
random_genuine,/mnt/c/Users/ansar/Desktop/VGGFace2_ArcFace_Project/data/aligned/train/n004596/0027_01.jpg,/mnt/c/Users/ansar/Desktop/VGGFace2_ArcFace_Project/data/aligned/train/n004596/0399_01.jpg,0.4528178870677948,-0.011960723327832375,0.017875051012836266,0.02983577434066864,0.01491788717033432
random_genuine,/mnt/c/Users/ansar/Desktop/VGGFace2_ArcFace_Project/data/aligned/train/n008612/0066_02.jpg,/mnt/c/Users/ansar/Desktop/VGGFace2_ArcFace_Project/data/aligned/train/n008612/0415_01.jpg,0.324089914560318,0.37187145474267225,-0.35495157347290784,0.7268230282155801,0.36341151410779005
random_genuine,/mnt/c/Users/ansar/Desktop/VGGFace2_ArcFace_Project/data/aligned/train/n001885/0106_01.jpg,/mnt/c/Users/ansar/Desktop/VGGFace2_ArcFace_Project/data/aligned/train/n001885/0290_02.jpg,0.2769858539104461,-0.601298280215206,1.4394086556724108,2.040706935887617,1.0203534679438084
random_genuine,/mnt/c/Users/ansar/Desktop/VGGFace2_ArcFace_Project/data/aligned/train/n002021/0013_02.jpg,/mnt/c/Users/ansar/Desktop/VGGFace2_ArcFace_Project/data/aligned/train/n002021/0183_01.jpg,0.2304857671260833,-0.06412007892355542,-0.18830867690493402,0.1241885979813786,0.12621437791424472
random_genuine,/mnt/c/Users/ansar/Desktop/VGGFace2_ArcFace_Project/data/aligned/train/n000625/0057_01.jpg,/mnt/c/Users/ansar/Desktop/VGGFace2_ArcFace_Project/data/aligned/train/n000625/0071_01.jpg,0.5251107215881348,0.002640213695123856,-0.06340082454988645,0.0660410382450103,0.03302051912250515
random_genuine,/mnt/c/Users/ansar/Desktop/VGGFace2_ArcFace_Project/data/aligned/train/n008353/0230_01.jpg,/mnt/c/Users/ansar/Desktop/VGGFace2_ArcFace_Project/data/aligned/train/n008353/0256_01.jpg,0.3845505118370056,-0.4301926190545419,-0.03536347899926649,0.3948291400552754,0.23277804902690422
random_genuine,/mnt/c/Users/ansar/Desktop/VGGFace2_ArcFace_Project/data/aligned/train/n009073/0150_03.jpg,/mnt/c/Users/ansar/Desktop/VGGFace2_ArcFace_Project/data/aligned/train/n009073/0279_01.jpg,0.1437845379114151,-0.09556954506972633,0.041647285139819974,0.1372168302095463,0.06860841510477315
random_genuine,/mnt/c/Users/ansar/Desktop/VGGFace2_ArcFace_Project/data/aligned/train/n000297/0175_01.jpg,/mnt/c/Users/ansar/Desktop/VGGFace2_ArcFace_Project/data/aligned/train/n000297/0328_01.jpg,0.2240356206893921,-0.09908770036616427,-0.02158305887289696,0.0775046414932673,0.060335379619530616
random_genuine,/mnt/c/Users/ansar/Desktop/VGGFace2_ArcFace_Project/data/aligned/train/n008452/0076_03.jpg,/mnt/c/Users/ansar/Desktop/VGGFace2_ArcFace_Project/data/aligned/train/n008452/0088_01.jpg,0.611629843711853,-0.11201095396727233,0.07374680052714148,0.1857577544944138,0.0928788772472069
random_genuine,/mnt/c/Users/ansar/Desktop/VGGFace2_ArcFace_Project/data/aligned/train/n001867/0020_01.jpg,/mnt/c/Users/ansar/Desktop/VGGFace2_ArcFace_Project/data/aligned/train/n001867/0155_01.jpg,0.4508918225765228,0.018405428253738674,-0.5800321347200357,0.5984375629737744,0.2992187814868872
random_genuine,/mnt/c/Users/ansar/Desktop/VGGFace2_ArcFace_Project/data/aligned/train/n001076/0139_01.jpg,/mnt/c/Users/ansar/Desktop/VGGFace2_ArcFace_Project/data/aligned/train/n001076/0146_01.jpg,0.525371789932251,-0.11036500334028788,-0.02049511013807237,0.08986989320221551,0.06543005673918012
random_genuine,/mnt/c/Users/ansar/Desktop/VGGFace2_ArcFace_Project/data/aligned/train/n004908/0293_01.jpg,/mnt/c/Users/ansar/Desktop/VGGFace2_ArcFace_Project/data/aligned/train/n004908/0438_01.jpg,0.3212225139141083,0.1564918368874,0.6715231350469777,0.5150312981595777,0.41400748596718884
random_genuine,/mnt/c/Users/ansar/Desktop/VGGFace2_ArcFace_Project/data/aligned/train/n001323/0030_01.jpg,/mnt/c/Users/ansar/Desktop/VGGFace2_ArcFace_Project/data/aligned/train/n001323/0126_01.jpg,0.4582470655441284,0.06246825997338374,-0.06604914572750926,0.128517405700893,0.0642587028504465
random_genuine,/mnt/c/Users/ansar/Desktop/VGGFace2_ArcFace_Project/data/aligned/train/n003275/0167_01.jpg,/mnt/c/Users/ansar/Desktop/VGGFace2_ArcFace_Project/data/aligned/train/n003275/0215_01.jpg,0.3002197742462158,-0.05980751338363535,-0.3280317375579752,0.2682242241743399,0.19391962547080527
random_genuine,/mnt/c/Users/ansar/Desktop/VGGFace2_ArcFace_Project/data/aligned/train/n002854/0175_01.jpg,/mnt/c/Users/ansar/Desktop/VGGFace2_ArcFace_Project/data/aligned/train/n002854/0472_02.jpg,0.3722476959228515,0.052213027915430005,0.11615297727485259,0.06393994935942258,0.0841830025951413
random_genuine,/mnt/c/Users/ansar/Desktop/VGGFace2_ArcFace_Project/data/aligned/train/n000908/0155_01.jpg,/mnt/c/Users/ansar/Desktop/VGGFace2_ArcFace_Project/data/aligned/train/n000908/0291_01.jpg,0.2328051030635833,0.03249592455809269,0.08108289652682887,0.04858697196873618,0.05678941054246078
random_genuine,/mnt/c/Users/ansar/Desktop/VGGFace2_ArcFace_Project/data/aligned/train/n001195/0123_01.jpg,/mnt/c/Users/ansar/Desktop/VGGFace2_ArcFace_Project/data/aligned/train/n001195/0280_02.jpg,0.1870209872722625,0.4423168084935685,0.14738190548289365,0.2949349030106749,0.2948493569882311
random_genuine,/mnt/c/Users/ansar/Desktop/VGGFace2_ArcFace_Project/data/aligned/train/n006122/0027_02.jpg,/mnt/c/Users/ansar/Desktop/VGGFace2_ArcFace_Project/data/aligned/train/n006122/0174_01.jpg,0.3910544812679291,-0.04484577731401393,-0.09653805423746653,0.0516922769234526,0.07069191577574023
random_genuine,/mnt/c/Users/ansar/Desktop/VGGFace2_ArcFace_Project/data/aligned/train/n008134/0034_01.jpg,/mnt/c/Users/ansar/Desktop/VGGFace2_ArcFace_Project/data/aligned/train/n008134/0047_01.jpg,0.4691016972064972,-0.11112661245857693,0.14697424807604006,0.258100860534617,0.1290504302673085
random_genuine,/mnt/c/Users/ansar/Desktop/VGGFace2_ArcFace_Project/data/aligned/train/n005553/0027_01.jpg,/mnt/c/Users/ansar/Desktop/VGGFace2_ArcFace_Project/data/aligned/train/n005553/0226_01.jpg,0.5164796113967896,-0.2508021453207277,0.0036151063489405976,0.2544172516696683,0.12720862583483414
random_genuine,/mnt/c/Users/ansar/Desktop/VGGFace2_ArcFace_Project/data/aligned/train/n005133/0053_01.jpg,/mnt/c/Users/ansar/Desktop/VGGFace2_ArcFace_Project/data/aligned/train/n005133/0182_01.jpg,0.5283860564231873,-0.008465604521548932,0.00641277045215189,0.014878374973700821,0.0074391874868504106
random_genuine,/mnt/c/Users/ansar/Desktop/VGGFace2_ArcFace_Project/data/aligned/train/n001757/0128_01.jpg,/mnt/c/Users/ansar/Desktop/VGGFace2_ArcFace_Project/data/aligned/train/n001757/0397_01.jpg,0.2767823934555053,-0.30460142906382703,-0.1250132406799682,0.17958818838385884,0.21480733487189763
random_genuine,/mnt/c/Users/ansar/Desktop/VGGFace2_ArcFace_Project/data/aligned/train/n001096/0209_01.jpg,/mnt/c/Users/ansar/Desktop/VGGFace2_ArcFace_Project/data/aligned/train/n001096/0268_01.jpg,0.4504312574863434,-0.03110509681061877,-0.25126429529885946,0.2201591984882407,0.14118469605473913
random_genuine,/mnt/c/Users/ansar/Desktop/VGGFace2_ArcFace_Project/data/aligned/train/n000887/0036_01.jpg,/mnt/c/Users/ansar/Desktop/VGGFace2_ArcFace_Project/data/aligned/train/n000887/0311_02.jpg,0.3583816587924957,-0.11785187437832535,0.3479936014079528,0.46584547578627816,0.23292273789313908
random_genuine,/mnt/c/Users/ansar/Desktop/VGGFace2_ArcFace_Project/data/aligned/train/n002322/0077_01.jpg,/mnt/c/Users/ansar/Desktop/VGGFace2_ArcFace_Project/data/aligned/train/n002322/0230_01.jpg,0.4658630192279815,-0.019812293306700753,0.43166929579520275,0.4514815891019035,0.22574079455095175
random_genuine,/mnt/c/Users/ansar/Desktop/VGGFace2_ArcFace_Project/data/aligned/train/n008748/0121_02.jpg,/mnt/c/Users/ansar/Desktop/VGGFace2_ArcFace_Project/data/aligned/train/n008748/0143_01.jpg,0.3645414412021637,-0.7346846385832462,-0.21149429135672557,0.5231903472265206,0.4730894649699859
random_genuine,/mnt/c/Users/ansar/Desktop/VGGFace2_ArcFace_Project/data/aligned/train/n001656/0122_01.jpg,/mnt/c/Users/ansar/Desktop/VGGFace2_ArcFace_Project/data/aligned/train/n001656/0342_01.jpg,0.5017598867416382,0.09402783882810974,0.16472172203431584,0.0706938832062061,0.12937478043121278
random_genuine,/mnt/c/Users/ansar/Desktop/VGGFace2_ArcFace_Project/data/aligned/train/n007416/0088_01.jpg,/mnt/c/Users/ansar/Desktop/VGGFace2_ArcFace_Project/data/aligned/train/n007416/0158_01.jpg,0.4887649714946747,0.033619559041864595,-0.09746532013940912,0.1310848791812737,0.06554243959063685
random_genuine,/mnt/c/Users/ansar/Desktop/VGGFace2_ArcFace_Project/data/aligned/train/n004781/0135_01.jpg,/mnt/c/Users/ansar/Desktop/VGGFace2_ArcFace_Project/data/aligned/train/n004781/0323_03.jpg,0.4774828553199768,-0.08933083850600478,0.022999139940876632,0.1123299784468814,0.0561649892234407
random_genuine,/mnt/c/Users/ansar/Desktop/VGGFace2_ArcFace_Project/data/aligned/train/n008300/0148_01.jpg,/mnt/c/Users/ansar/Desktop/VGGFace2_ArcFace_Project/data/aligned/train/n008300/0311_01.jpg,0.0771377757191658,-0.024526440558241408,-0.132736678485231,0.10821023792698958,0.0786315595217362
random_genuine,/mnt/c/Users/ansar/Desktop/VGGFace2_ArcFace_Project/data/aligned/train/n002834/0104_01.jpg,/mnt/c/Users/ansar/Desktop/VGGFace2_ArcFace_Project/data/aligned/train/n002834/0108_02.jpg,0.5084282755851746,0.18368191519089072,-0.007237957644636038,0.19091987283552675,0.09545993641776337
random_genuine,/mnt/c/Users/ansar/Desktop/VGGFace2_ArcFace_Project/data/aligned/train/n000070/0069_01.jpg,/mnt/c/Users/ansar/Desktop/VGGFace2_ArcFace_Project/data/aligned/train/n000070/0187_02.jpg,0.4095497131347656,-0.5401400127294513,-0.12489025849750914,0.4152497542319422,0.33251513561348023
random_genuine,/mnt/c/Users/ansar/Desktop/VGGFace2_ArcFace_Project/data/aligned/train/n007452/0173_01.jpg,/mnt/c/Users/ansar/Desktop/VGGFace2_ArcFace_Project/data/aligned/train/n007452/0368_01.jpg,0.3611549437046051,0.07286264222402963,-0.3348153390187171,0.4076779812427467,0.20383899062137334
random_genuine,/mnt/c/Users/ansar/Desktop/VGGFace2_ArcFace_Project/data/aligned/train/n006012/0016_01.jpg,/mnt/c/Users/ansar/Desktop/VGGFace2_ArcFace_Project/data/aligned/train/n006012/0131_01.jpg,0.4562373459339142,0.25363801605375613,-0.009969926544730104,0.26360794259848624,0.13180397129924312
random_genuine,/mnt/c/Users/ansar/Desktop/VGGFace2_ArcFace_Project/data/aligned/train/n004248/0248_02.jpg,/mnt/c/Users/ansar/Desktop/VGGFace2_ArcFace_Project/data/aligned/train/n004248/0280_01.jpg,0.1629193127155304,-0.1718230277732742,-0.2992752809265842,0.12745225315330996,0.23554915434992918
random_genuine,/mnt/c/Users/ansar/Desktop/VGGFace2_ArcFace_Project/data/aligned/train/n002369/0016_01.jpg,/mnt/c/Users/ansar/Desktop/VGGFace2_ArcFace_Project/data/aligned/train/n002369/0043_01.jpg,0.556241512298584,0.017557539761491818,-0.11674417197462292,0.13430171173611474,0.06715085586805737
random_genuine,/mnt/c/Users/ansar/Desktop/VGGFace2_ArcFace_Project/data/aligned/train/n009142/0082_02.jpg,/mnt/c/Users/ansar/Desktop/VGGFace2_ArcFace_Project/data/aligned/train/n009142/0131_01.jpg,0.1993620842695236,0.1890222435175211,-0.02158003411713472,0.2106022776346558,0.1053011388173279
random_genuine,/mnt/c/Users/ansar/Desktop/VGGFace2_ArcFace_Project/data/aligned/train/n000848/0147_01.jpg,/mnt/c/Users/ansar/Desktop/VGGFace2_ArcFace_Project/data/aligned/train/n000848/0376_02.jpg,0.2375891804695129,-0.05291575056473741,-0.7388399917999375,0.6859242412352001,0.39587787118233747
random_genuine,/mnt/c/Users/ansar/Desktop/VGGFace2_ArcFace_Project/data/aligned/train/n005369/0074_01.jpg,/mnt/c/Users/ansar/Desktop/VGGFace2_ArcFace_Project/data/aligned/train/n005369/0094_02.jpg,0.5220050811767578,-0.008476176329924758,-0.1617034987516455,0.15322732242172074,0.08508983754078513
random_genuine,/mnt/c/Users/ansar/Desktop/VGGFace2_ArcFace_Project/data/aligned/train/n004147/0011_01.jpg,/mnt/c/Users/ansar/Desktop/VGGFace2_ArcFace_Project/data/aligned/train/n004147/0018_01.jpg,0.6489784717559814,0.17039832036958164,0.016080316423370128,0.1543180039462115,0.09323931839647588
random_genuine,/mnt/c/Users/ansar/Desktop/VGGFace2_ArcFace_Project/data/aligned/train/n005506/0029_01.jpg,/mnt/c/Users/ansar/Desktop/VGGFace2_ArcFace_Project/data/aligned/train/n005506/0298_01.jpg,0.2934983074665069,-0.0036817270194755016,1.5142636430534882,1.5179453700729637,0.7589726850364819
random_genuine,/mnt/c/Users/ansar/Desktop/VGGFace2_ArcFace_Project/data/aligned/train/n001295/0066_01.jpg,/mnt/c/Users/ansar/Desktop/VGGFace2_ArcFace_Project/data/aligned/train/n001295/0159_01.jpg,0.6221774816513062,-0.1261030801540474,0.06405736549985006,0.19016044565389745,0.09508022282694872
random_genuine,/mnt/c/Users/ansar/Desktop/VGGFace2_ArcFace_Project/data/aligned/train/n002618/0155_01.jpg,/mnt/c/Users/ansar/Desktop/VGGFace2_ArcFace_Project/data/aligned/train/n002618/0277_01.jpg,0.4927931427955627,-0.0028139217038746487,-0.1374732030925747,0.13465928138870004,0.07014356239822467
random_genuine,/mnt/c/Users/ansar/Desktop/VGGFace2_ArcFace_Project/data/aligned/train/n001716/0120_01.jpg,/mnt/c/Users/ansar/Desktop/VGGFace2_ArcFace_Project/data/aligned/train/n001716/0365_01.jpg,0.3049362003803253,-0.19592205152910072,0.5555850365084039,0.7515070880375045,0.3757535440187523
random_genuine,/mnt/c/Users/ansar/Desktop/VGGFace2_ArcFace_Project/data/aligned/train/n008396/0023_04.jpg,/mnt/c/Users/ansar/Desktop/VGGFace2_ArcFace_Project/data/aligned/train/n008396/0069_02.jpg,0.4841563701629638,-0.06266736685395898,-0.0879126402104947,0.02524527335653573,0.07529000353222684
random_genuine,/mnt/c/Users/ansar/Desktop/VGGFace2_ArcFace_Project/data/aligned/train/n005383/0053_01.jpg,/mnt/c/Users/ansar/Desktop/VGGFace2_ArcFace_Project/data/aligned/train/n005383/0487_01.jpg,0.5914080142974854,-0.050495340025911745,0.06547472103322914,0.11597006105914089,0.05798503052957044
random_genuine,/mnt/c/Users/ansar/Desktop/VGGFace2_ArcFace_Project/data/aligned/train/n007545/0147_01.jpg,/mnt/c/Users/ansar/Desktop/VGGFace2_ArcFace_Project/data/aligned/train/n007545/0290_01.jpg,0.5561941266059875,0.11026787681506665,0.09584205832416348,0.014425818490903172,0.10305496756961507
random_genuine,/mnt/c/Users/ansar/Desktop/VGGFace2_ArcFace_Project/data/aligned/train/n008620/0035_01.jpg,/mnt/c/Users/ansar/Desktop/VGGFace2_ArcFace_Project/data/aligned/train/n008620/0291_01.jpg,0.1595694124698639,-0.13422700315365518,0.12222983092176175,0.2564568340754169,0.12822841703770846
random_genuine,/mnt/c/Users/ansar/Desktop/VGGFace2_ArcFace_Project/data/aligned/train/n007725/0104_01.jpg,/mnt/c/Users/ansar/Desktop/VGGFace2_ArcFace_Project/data/aligned/train/n007725/0371_01.jpg,0.5691747069358826,-0.26422791396706097,-0.140330252988948,0.12389766097811297,0.2022790834780045
random_genuine,/mnt/c/Users/ansar/Desktop/VGGFace2_ArcFace_Project/data/aligned/train/n003791/0135_01.jpg,/mnt/c/Users/ansar/Desktop/VGGFace2_ArcFace_Project/data/aligned/train/n003791/0183_01.jpg,0.4299077987670898,0.09525126330814876,-0.346560090512065,0.44181135382021375,0.22090567691010687
random_genuine,/mnt/c/Users/ansar/Desktop/VGGFace2_ArcFace_Project/data/aligned/train/n003483/0250_01.jpg,/mnt/c/Users/ansar/Desktop/VGGFace2_ArcFace_Project/data/aligned/train/n003483/0268_01.jpg,0.4231277406215668,0.03713673953289407,-0.8398777992941087,0.8770145388270028,0.4385072694135014
random_genuine,/mnt/c/Users/ansar/Desktop/VGGFace2_ArcFace_Project/data/aligned/train/n007936/0119_01.jpg,/mnt/c/Users/ansar/Desktop/VGGFace2_ArcFace_Project/data/aligned/train/n007936/0200_01.jpg,0.2972963452339172,-0.21277791430916426,0.2992157703269345,0.5119936846360988,0.2559968423180494
random_genuine,/mnt/c/Users/ansar/Desktop/VGGFace2_ArcFace_Project/data/aligned/train/n003439/0365_01.jpg,/mnt/c/Users/ansar/Desktop/VGGFace2_ArcFace_Project/data/aligned/train/n003439/0376_02.jpg,0.3434949815273285,-0.24072542116750076,-0.3560133018995785,0.11528788073207777,0.29836936153353966
random_genuine,/mnt/c/Users/ansar/Desktop/VGGFace2_ArcFace_Project/data/aligned/train/n005140/0172_01.jpg,/mnt/c/Users/ansar/Desktop/VGGFace2_ArcFace_Project/data/aligned/train/n005140/0220_02.jpg,0.3530769646167755,-0.17677122571777673,0.035394795556543034,0.21216602127431977,0.10608301063715989
random_genuine,/mnt/c/Users/ansar/Desktop/VGGFace2_ArcFace_Project/data/aligned/train/n000830/0180_01.jpg,/mnt/c/Users/ansar/Desktop/VGGFace2_ArcFace_Project/data/aligned/train/n000830/0226_01.jpg,0.2397578656673431,-0.02405260094777294,-0.17399125813567548,0.14993865718790253,0.09902192954172422
random_genuine,/mnt/c/Users/ansar/Desktop/VGGFace2_ArcFace_Project/data/aligned/train/n000564/0054_01.jpg,/mnt/c/Users/ansar/Desktop/VGGFace2_ArcFace_Project/data/aligned/train/n000564/0350_01.jpg,0.5089725852012634,-0.04040012647706024,-0.1669301343422564,0.12653000786519616,0.10366513040965832
random_genuine,/mnt/c/Users/ansar/Desktop/VGGFace2_ArcFace_Project/data/aligned/train/n007540/0175_01.jpg,/mnt/c/Users/ansar/Desktop/VGGFace2_ArcFace_Project/data/aligned/train/n007540/0508_01.jpg,0.4153131544589996,-0.06242031963087086,-0.023214918123224498,0.039205401507646356,0.04281761887704768
random_genuine,/mnt/c/Users/ansar/Desktop/VGGFace2_ArcFace_Project/data/aligned/train/n000934/0304_01.jpg,/mnt/c/Users/ansar/Desktop/VGGFace2_ArcFace_Project/data/aligned/train/n000934/0322_01.jpg,0.3916908204555511,-0.6185269085901476,-0.0321315110918387,0.5863953974983089,0.3253292098409931
random_genuine,/mnt/c/Users/ansar/Desktop/VGGFace2_ArcFace_Project/data/aligned/train/n008230/0051_01.jpg,/mnt/c/Users/ansar/Desktop/VGGFace2_ArcFace_Project/data/aligned/train/n008230/0126_01.jpg,0.5363267064094543,0.003956826266064376,0.33217123440695195,0.3282144081408876,0.16806403033650816
random_genuine,/mnt/c/Users/ansar/Desktop/VGGFace2_ArcFace_Project/data/aligned/train/n002201/0083_01.jpg,/mnt/c/Users/ansar/Desktop/VGGFace2_ArcFace_Project/data/aligned/train/n002201/0353_01.jpg,0.3417751789093017,0.037654583190701044,0.22529811801572946,0.18764353482502844,0.13147635060321525
random_genuine,/mnt/c/Users/ansar/Desktop/VGGFace2_ArcFace_Project/data/aligned/train/n001232/0042_01.jpg,/mnt/c/Users/ansar/Desktop/VGGFace2_ArcFace_Project/data/aligned/train/n001232/0186_01.jpg,0.4972116947174072,0.6873272133354454,0.48276509886771773,0.2045621144677277,0.5850461561015816
random_genuine,/mnt/c/Users/ansar/Desktop/VGGFace2_ArcFace_Project/data/aligned/train/n008748/0143_01.jpg,/mnt/c/Users/ansar/Desktop/VGGFace2_ArcFace_Project/data/aligned/train/n008748/0408_01.jpg,0.4927867650985718,-0.21149429135672557,0.858398268357566,1.0698925597142916,0.5349462798571458
random_genuine,/mnt/c/Users/ansar/Desktop/VGGFace2_ArcFace_Project/data/aligned/train/n003720/0321_01.jpg,/mnt/c/Users/ansar/Desktop/VGGFace2_ArcFace_Project/data/aligned/train/n003720/0405_01.jpg,0.2259523719549179,0.0323260188302989,0.8133887466339192,0.7810627278036204,0.42285738273210904
random_genuine,/mnt/c/Users/ansar/Desktop/VGGFace2_ArcFace_Project/data/aligned/train/n003068/0043_01.jpg,/mnt/c/Users/ansar/Desktop/VGGFace2_ArcFace_Project/data/aligned/train/n003068/0203_02.jpg,0.4455921649932861,0.048793739243611134,-0.4326101687719245,0.4814039080155356,0.2407019540077678
random_genuine,/mnt/c/Users/ansar/Desktop/VGGFace2_ArcFace_Project/data/aligned/train/n005929/0154_01.jpg,/mnt/c/Users/ansar/Desktop/VGGFace2_ArcFace_Project/data/aligned/train/n005929/0306_01.jpg,0.3601783514022827,-0.06377479948685559,-0.09595871755520786,0.032183918068352274,0.07986675852103173
random_genuine,/mnt/c/Users/ansar/Desktop/VGGFace2_ArcFace_Project/data/aligned/train/n005106/0145_01.jpg,/mnt/c/Users/ansar/Desktop/VGGFace2_ArcFace_Project/data/aligned/train/n005106/0281_04.jpg,0.054806251078844,-0.3348145084047136,0.6055989410313435,0.9404134494360571,0.47020672471802855
random_genuine,/mnt/c/Users/ansar/Desktop/VGGFace2_ArcFace_Project/data/aligned/train/n006493/0062_01.jpg,/mnt/c/Users/ansar/Desktop/VGGFace2_ArcFace_Project/data/aligned/train/n006493/0687_01.jpg,0.7210456132888794,0.04294261138273664,-0.09702780677407459,0.13997041815681122,0.06998520907840561
random_genuine,/mnt/c/Users/ansar/Desktop/VGGFace2_ArcFace_Project/data/aligned/train/n008455/0416_01.jpg,/mnt/c/Users/ansar/Desktop/VGGFace2_ArcFace_Project/data/aligned/train/n008455/0480_02.jpg,0.4586701691150665,-0.11973415099080867,-0.003260041066097991,0.11647410992471068,0.06149709602845333
random_genuine,/mnt/c/Users/ansar/Desktop/VGGFace2_ArcFace_Project/data/aligned/train/n003669/0050_01.jpg,/mnt/c/Users/ansar/Desktop/VGGFace2_ArcFace_Project/data/aligned/train/n003669/0102_01.jpg,0.5391988754272461,-0.6815421997910108,0.02161893463218749,0.7031611344231983,0.35158056721159914
random_genuine,/mnt/c/Users/ansar/Desktop/VGGFace2_ArcFace_Project/data/aligned/train/n008491/0118_01.jpg,/mnt/c/Users/ansar/Desktop/VGGFace2_ArcFace_Project/data/aligned/train/n008491/0121_01.jpg,0.5236789584159851,-0.08832528978278621,-0.021499791621470705,0.0668254981613155,0.05491254070212846
random_genuine,/mnt/c/Users/ansar/Desktop/VGGFace2_ArcFace_Project/data/aligned/train/n003866/0165_01.jpg,/mnt/c/Users/ansar/Desktop/VGGFace2_ArcFace_Project/data/aligned/train/n003866/0256_01.jpg,0.4337445497512817,-0.1883559976057371,0.28152102996298345,0.4698770275687205,0.23493851378436026
random_genuine,/mnt/c/Users/ansar/Desktop/VGGFace2_ArcFace_Project/data/aligned/train/n000728/0057_01.jpg,/mnt/c/Users/ansar/Desktop/VGGFace2_ArcFace_Project/data/aligned/train/n000728/0155_02.jpg,0.2017553746700287,-0.18777412139181415,0.033688625637190925,0.2214627470290051,0.11073137351450255
random_genuine,/mnt/c/Users/ansar/Desktop/VGGFace2_ArcFace_Project/data/aligned/train/n005931/0007_01.jpg,/mnt/c/Users/ansar/Desktop/VGGFace2_ArcFace_Project/data/aligned/train/n005931/0160_01.jpg,0.7354179620742798,0.06780330128751264,-0.09314327549117439,0.160946576778687,0.0804732883893435
random_genuine,/mnt/c/Users/ansar/Desktop/VGGFace2_ArcFace_Project/data/aligned/train/n007633/0049_02.jpg,/mnt/c/Users/ansar/Desktop/VGGFace2_ArcFace_Project/data/aligned/train/n007633/0234_01.jpg,0.4409988820552826,-0.0081512248712039,-0.21549658810155833,0.20734536323035443,0.11182390648638112
random_genuine,/mnt/c/Users/ansar/Desktop/VGGFace2_ArcFace_Project/data/aligned/train/n000543/0229_01.jpg,/mnt/c/Users/ansar/Desktop/VGGFace2_ArcFace_Project/data/aligned/train/n000543/0318_01.jpg,0.3320433795452118,0.06474608096834572,0.4446897274263475,0.37994364645800177,0.25471790419734663
random_genuine,/mnt/c/Users/ansar/Desktop/VGGFace2_ArcFace_Project/data/aligned/train/n003305/0076_01.jpg,/mnt/c/Users/ansar/Desktop/VGGFace2_ArcFace_Project/data/aligned/train/n003305/0238_01.jpg,0.3163149058818817,0.11144477550494435,0.42914578763292016,0.3177010121279758,0.27029528156893223
random_genuine,/mnt/c/Users/ansar/Desktop/VGGFace2_ArcFace_Project/data/aligned/train/n000230/0089_01.jpg,/mnt/c/Users/ansar/Desktop/VGGFace2_ArcFace_Project/data/aligned/train/n000230/0203_01.jpg,0.280761569738388,-0.12619470016673856,0.6634229841609676,0.7896176843277061,0.39480884216385304
random_genuine,/mnt/c/Users/ansar/Desktop/VGGFace2_ArcFace_Project/data/aligned/train/n000116/0059_02.jpg,/mnt/c/Users/ansar/Desktop/VGGFace2_ArcFace_Project/data/aligned/train/n000116/0203_01.jpg,0.4553135335445404,-0.043051853411488185,0.09764963089469945,0.14070148430618765,0.07035074215309382
random_genuine,/mnt/c/Users/ansar/Desktop/VGGFace2_ArcFace_Project/data/aligned/train/n000851/0200_01.jpg,/mnt/c/Users/ansar/Desktop/VGGFace2_ArcFace_Project/data/aligned/train/n000851/0341_04.jpg,0.3919232785701751,-0.22252474355753013,0.48168420122448785,0.704208944782018,0.352104472391009
random_genuine,/mnt/c/Users/ansar/Desktop/VGGFace2_ArcFace_Project/data/aligned/train/n004072/0174_07.jpg,/mnt/c/Users/ansar/Desktop/VGGFace2_ArcFace_Project/data/aligned/train/n004072/0178_01.jpg,0.0146866748109459,-0.08304787940344166,0.39612380606288833,0.47917168546633,0.239585842733165
random_genuine,/mnt/c/Users/ansar/Desktop/VGGFace2_ArcFace_Project/data/aligned/train/n003116/0133_02.jpg,/mnt/c/Users/ansar/Desktop/VGGFace2_ArcFace_Project/data/aligned/train/n003116/0143_01.jpg,0.2855057716369629,-0.5475820732491913,0.21203755242499187,0.7596196256741832,0.3798098128370916
random_genuine,/mnt/c/Users/ansar/Desktop/VGGFace2_ArcFace_Project/data/aligned/train/n005712/0361_01.jpg,/mnt/c/Users/ansar/Desktop/VGGFace2_ArcFace_Project/data/aligned/train/n005712/0491_01.jpg,0.4221214950084686,0.4750506908417586,0.15654078515150788,0.3185099056902507,0.31579573799663324
random_genuine,/mnt/c/Users/ansar/Desktop/VGGFace2_ArcFace_Project/data/aligned/train/n000299/0161_02.jpg,/mnt/c/Users/ansar/Desktop/VGGFace2_ArcFace_Project/data/aligned/train/n000299/0211_01.jpg,0.5268644690513611,0.014945166462813976,-0.045313197087976466,0.06025836355079044,0.03012918177539522
random_genuine,/mnt/c/Users/ansar/Desktop/VGGFace2_ArcFace_Project/data/aligned/train/n000700/0059_01.jpg,/mnt/c/Users/ansar/Desktop/VGGFace2_ArcFace_Project/data/aligned/train/n000700/0069_02.jpg,0.0079238368198275,0.09327424293314233,0.044972569161147266,0.04830167377199507,0.0691234060471448
random_genuine,/mnt/c/Users/ansar/Desktop/VGGFace2_ArcFace_Project/data/aligned/train/n002702/0061_01.jpg,/mnt/c/Users/ansar/Desktop/VGGFace2_ArcFace_Project/data/aligned/train/n002702/0074_01.jpg,0.5002347230911255,0.14083773861214477,0.4424886447512604,0.3016509061391156,0.29166319168170257
random_genuine,/mnt/c/Users/ansar/Desktop/VGGFace2_ArcFace_Project/data/aligned/train/n004364/0119_01.jpg,/mnt/c/Users/ansar/Desktop/VGGFace2_ArcFace_Project/data/aligned/train/n004364/0328_02.jpg,0.5420491695404053,0.01873973553991169,0.0549949534791421,0.03625521793923041,0.036867344509526896
random_genuine,/mnt/c/Users/ansar/Desktop/VGGFace2_ArcFace_Project/data/aligned/train/n002821/0065_01.jpg,/mnt/c/Users/ansar/Desktop/VGGFace2_ArcFace_Project/data/aligned/train/n002821/0178_01.jpg,0.2270352691411972,0.0382042483359261,0.30299941743168385,0.26479516909575773,0.17060183288380498
random_genuine,/mnt/c/Users/ansar/Desktop/VGGFace2_ArcFace_Project/data/aligned/train/n008476/0165_01.jpg,/mnt/c/Users/ansar/Desktop/VGGFace2_ArcFace_Project/data/aligned/train/n008476/0237_03.jpg,0.7469930648803711,-0.06912021943225186,-0.06329379315643921,0.005826426275812646,0.06620700629434553
random_genuine,/mnt/c/Users/ansar/Desktop/VGGFace2_ArcFace_Project/data/aligned/train/n002122/0192_01.jpg,/mnt/c/Users/ansar/Desktop/VGGFace2_ArcFace_Project/data/aligned/train/n002122/0352_01.jpg,0.4323532283306122,0.1183091284634664,-0.2208768429983582,0.3391859714618246,0.1695929857309123
random_genuine,/mnt/c/Users/ansar/Desktop/VGGFace2_ArcFace_Project/data/aligned/train/n006613/0012_01.jpg,/mnt/c/Users/ansar/Desktop/VGGFace2_ArcFace_Project/data/aligned/train/n006613/0153_01.jpg,0.5566732287406921,-0.05590095419280466,0.067935116262135,0.12383607045493966,0.06191803522746983
random_genuine,/mnt/c/Users/ansar/Desktop/VGGFace2_ArcFace_Project/data/aligned/train/n005283/0373_01.jpg,/mnt/c/Users/ansar/Desktop/VGGFace2_ArcFace_Project/data/aligned/train/n005283/0579_02.jpg,0.4358853995800018,-0.10964748552220187,-0.3233630706539887,0.21371558513178684,0.2165052780880953
random_genuine,/mnt/c/Users/ansar/Desktop/VGGFace2_ArcFace_Project/data/aligned/train/n003218/0143_01.jpg,/mnt/c/Users/ansar/Desktop/VGGFace2_ArcFace_Project/data/aligned/train/n003218/0154_01.jpg,0.5274271368980408,-0.04238604273342831,-0.12089857523358094,0.07851253250015264,0.08164230898350462
random_genuine,/mnt/c/Users/ansar/Desktop/VGGFace2_ArcFace_Project/data/aligned/train/n001763/0346_01.jpg,/mnt/c/Users/ansar/Desktop/VGGFace2_ArcFace_Project/data/aligned/train/n001763/0523_01.jpg,0.7158754467964172,0.16178713280608606,0.20480623458078165,0.04301910177469559,0.18329668369343385
random_genuine,/mnt/c/Users/ansar/Desktop/VGGFace2_ArcFace_Project/data/aligned/train/n006080/0078_01.jpg,/mnt/c/Users/ansar/Desktop/VGGFace2_ArcFace_Project/data/aligned/train/n006080/0118_02.jpg,0.3653475642204284,-0.3237704714920207,0.1718320854713926,0.49560255696341327,0.24780127848170663
random_genuine,/mnt/c/Users/ansar/Desktop/VGGFace2_ArcFace_Project/data/aligned/train/n003278/0019_01.jpg,/mnt/c/Users/ansar/Desktop/VGGFace2_ArcFace_Project/data/aligned/train/n003278/0287_01.jpg,0.3771063387393951,-0.027875981196468093,0.17799338912901475,0.20586937032548283,0.10293468516274142
random_genuine,/mnt/c/Users/ansar/Desktop/VGGFace2_ArcFace_Project/data/aligned/train/n000087/0283_03.jpg,/mnt/c/Users/ansar/Desktop/VGGFace2_ArcFace_Project/data/aligned/train/n000087/0400_02.jpg,0.082051508128643,-0.0897922662229128,0.4586528277209626,0.5484450939438754,0.2742225469719377
random_genuine,/mnt/c/Users/ansar/Desktop/VGGFace2_ArcFace_Project/data/aligned/train/n008238/0196_02.jpg,/mnt/c/Users/ansar/Desktop/VGGFace2_ArcFace_Project/data/aligned/train/n008238/0331_01.jpg,0.2571575939655304,0.02702565633057176,0.005231559072953073,0.02179409725761869,0.016128607701762415
random_genuine,/mnt/c/Users/ansar/Desktop/VGGFace2_ArcFace_Project/data/aligned/train/n002265/0397_01.jpg,/mnt/c/Users/ansar/Desktop/VGGFace2_ArcFace_Project/data/aligned/train/n002265/0407_01.jpg,0.5389961004257202,-0.0013571725415171933,-0.1333508296014601,0.13199365705994293,0.06735400107148865
random_genuine,/mnt/c/Users/ansar/Desktop/VGGFace2_ArcFace_Project/data/aligned/train/n005873/0130_02.jpg,/mnt/c/Users/ansar/Desktop/VGGFace2_ArcFace_Project/data/aligned/train/n005873/0283_01.jpg,0.4464916586875915,-0.10834730642818179,0.07891467127680873,0.18726197770499053,0.09363098885249527
random_genuine,/mnt/c/Users/ansar/Desktop/VGGFace2_ArcFace_Project/data/aligned/train/n003023/0107_02.jpg,/mnt/c/Users/ansar/Desktop/VGGFace2_ArcFace_Project/data/aligned/train/n003023/0238_01.jpg,0.1150702983140945,0.49734348039973103,-0.4329413020935203,0.9302847824932513,0.46514239124662565
random_genuine,/mnt/c/Users/ansar/Desktop/VGGFace2_ArcFace_Project/data/aligned/train/n002989/0184_02.jpg,/mnt/c/Users/ansar/Desktop/VGGFace2_ArcFace_Project/data/aligned/train/n002989/0388_01.jpg,0.2914895415306091,-0.1773517679829375,0.6690789377982448,0.8464307057811823,0.42321535289059115
random_genuine,/mnt/c/Users/ansar/Desktop/VGGFace2_ArcFace_Project/data/aligned/train/n006090/0019_01.jpg,/mnt/c/Users/ansar/Desktop/VGGFace2_ArcFace_Project/data/aligned/train/n006090/0113_01.jpg,0.5636776685714722,-0.1834191507623129,0.14017866893900852,0.3235978197013214,0.1617989098506607
random_genuine,/mnt/c/Users/ansar/Desktop/VGGFace2_ArcFace_Project/data/aligned/train/n000103/0243_01.jpg,/mnt/c/Users/ansar/Desktop/VGGFace2_ArcFace_Project/data/aligned/train/n000103/0288_01.jpg,0.3669796884059906,-0.019444093206803476,-0.22577030775687493,0.20632621455007144,0.12260720048183921
random_genuine,/mnt/c/Users/ansar/Desktop/VGGFace2_ArcFace_Project/data/aligned/train/n007843/0039_01.jpg,/mnt/c/Users/ansar/Desktop/VGGFace2_ArcFace_Project/data/aligned/train/n007843/0313_02.jpg,0.3535336852073669,-0.10539879307334904,-0.5116567100172946,0.4062579169439456,0.30852775154532186
random_genuine,/mnt/c/Users/ansar/Desktop/VGGFace2_ArcFace_Project/data/aligned/train/n000188/0111_01.jpg,/mnt/c/Users/ansar/Desktop/VGGFace2_ArcFace_Project/data/aligned/train/n000188/0531_01.jpg,0.4240436553955078,-0.08177413327947781,0.05635738823060219,0.13813152151008,0.06906576075504
random_genuine,/mnt/c/Users/ansar/Desktop/VGGFace2_ArcFace_Project/data/aligned/train/n008817/0189_01.jpg,/mnt/c/Users/ansar/Desktop/VGGFace2_ArcFace_Project/data/aligned/train/n008817/0233_02.jpg,0.2738126218318939,0.14643972964961424,0.0696880087853372,0.07675172086427705,0.10806386921747571
random_genuine,/mnt/c/Users/ansar/Desktop/VGGFace2_ArcFace_Project/data/aligned/train/n002064/0034_01.jpg,/mnt/c/Users/ansar/Desktop/VGGFace2_ArcFace_Project/data/aligned/train/n002064/0089_02.jpg,0.5021047592163086,-0.641637752223026,0.15957521592709295,0.801212968150119,0.4006064840750595
random_genuine,/mnt/c/Users/ansar/Desktop/VGGFace2_ArcFace_Project/data/aligned/train/n008614/0046_01.jpg,/mnt/c/Users/ansar/Desktop/VGGFace2_ArcFace_Project/data/aligned/train/n008614/0217_01.jpg,0.6582559943199158,0.14846035737314825,0.18515775727234474,0.03669739989919649,0.16680905732274648
random_genuine,/mnt/c/Users/ansar/Desktop/VGGFace2_ArcFace_Project/data/aligned/train/n007462/0097_01.jpg,/mnt/c/Users/ansar/Desktop/VGGFace2_ArcFace_Project/data/aligned/train/n007462/0147_01.jpg,0.3030043244361877,-0.15175525602548443,0.5897092645511989,0.7414645205766833,0.37073226028834166
random_genuine,/mnt/c/Users/ansar/Desktop/VGGFace2_ArcFace_Project/data/aligned/train/n000299/0014_02.jpg,/mnt/c/Users/ansar/Desktop/VGGFace2_ArcFace_Project/data/aligned/train/n000299/0038_01.jpg,0.653257429599762,0.08370048609467033,0.021531431533119046,0.062169054561551286,0.05261595881389469
random_genuine,/mnt/c/Users/ansar/Desktop/VGGFace2_ArcFace_Project/data/aligned/train/n003783/0102_01.jpg,/mnt/c/Users/ansar/Desktop/VGGFace2_ArcFace_Project/data/aligned/train/n003783/0164_01.jpg,0.4714905619621277,0.07313137359658159,-0.026787537241706506,0.09991891083828809,0.049959455419144046
random_genuine,/mnt/c/Users/ansar/Desktop/VGGFace2_ArcFace_Project/data/aligned/train/n006662/0276_02.jpg,/mnt/c/Users/ansar/Desktop/VGGFace2_ArcFace_Project/data/aligned/train/n006662/0317_01.jpg,0.3569226861000061,0.09488554556171074,-1.2542211868080624,1.3491067323697732,0.6745533661848866
random_genuine,/mnt/c/Users/ansar/Desktop/VGGFace2_ArcFace_Project/data/aligned/train/n001378/0151_02.jpg,/mnt/c/Users/ansar/Desktop/VGGFace2_ArcFace_Project/data/aligned/train/n001378/0154_01.jpg,0.2602551579475403,-0.21766829050001987,0.2310055364664198,0.44867382696643965,0.22433691348321982
random_genuine,/mnt/c/Users/ansar/Desktop/VGGFace2_ArcFace_Project/data/aligned/train/n002416/0044_01.jpg,/mnt/c/Users/ansar/Desktop/VGGFace2_ArcFace_Project/data/aligned/train/n002416/0105_01.jpg,0.350958913564682,0.13668781744807235,-0.07815549328166946,0.2148433107297418,0.1074216553648709
random_genuine,/mnt/c/Users/ansar/Desktop/VGGFace2_ArcFace_Project/data/aligned/train/n000313/0005_01.jpg,/mnt/c/Users/ansar/Desktop/VGGFace2_ArcFace_Project/data/aligned/train/n000313/0167_01.jpg,0.5760606527328491,-0.09055803597092325,0.07564874637400809,0.16620678234493136,0.08310339117246568
random_genuine,/mnt/c/Users/ansar/Desktop/VGGFace2_ArcFace_Project/data/aligned/train/n004665/0002_01.jpg,/mnt/c/Users/ansar/Desktop/VGGFace2_ArcFace_Project/data/aligned/train/n004665/0003_02.jpg,0.5972860455513,-0.037066880327131464,0.06511191455929251,0.10217879488642398,0.05108939744321199
random_genuine,/mnt/c/Users/ansar/Desktop/VGGFace2_ArcFace_Project/data/aligned/train/n005205/0144_01.jpg,/mnt/c/Users/ansar/Desktop/VGGFace2_ArcFace_Project/data/aligned/train/n005205/0346_01.jpg,0.3962600827217102,0.13007014654499555,0.276778273586334,0.14670812704133845,0.20342421006566477
random_genuine,/mnt/c/Users/ansar/Desktop/VGGFace2_ArcFace_Project/data/aligned/train/n001541/0140_02.jpg,/mnt/c/Users/ansar/Desktop/VGGFace2_ArcFace_Project/data/aligned/train/n001541/0336_03.jpg,0.1578145027160644,0.013246137017551977,-0.07183380924738364,0.08507994626493562,0.04253997313246781
random_genuine,/mnt/c/Users/ansar/Desktop/VGGFace2_ArcFace_Project/data/aligned/train/n000187/0240_03.jpg,/mnt/c/Users/ansar/Desktop/VGGFace2_ArcFace_Project/data/aligned/train/n000187/0276_01.jpg,0.2796044647693634,-0.1267793961484639,-0.021380591987657113,0.10539880416080678,0.07407999406806051
random_genuine,/mnt/c/Users/ansar/Desktop/VGGFace2_ArcFace_Project/data/aligned/train/n005759/0100_01.jpg,/mnt/c/Users/ansar/Desktop/VGGFace2_ArcFace_Project/data/aligned/train/n005759/0422_04.jpg,0.7057374715805054,-0.114683509848059,-0.19302261603864954,0.07833910619059054,0.15385306294335427
random_genuine,/mnt/c/Users/ansar/Desktop/VGGFace2_ArcFace_Project/data/aligned/train/n003772/0180_01.jpg,/mnt/c/Users/ansar/Desktop/VGGFace2_ArcFace_Project/data/aligned/train/n003772/0428_01.jpg,0.4586450755596161,-0.3259365005970198,0.12378062607777147,0.44971712667479125,0.22485856333739562
random_genuine,/mnt/c/Users/ansar/Desktop/VGGFace2_ArcFace_Project/data/aligned/train/n005452/0229_02.jpg,/mnt/c/Users/ansar/Desktop/VGGFace2_ArcFace_Project/data/aligned/train/n005452/0483_02.jpg,0.3595131039619446,-0.22067347041736213,-0.02544757625229515,0.19522589416506697,0.12306052333482864
random_genuine,/mnt/c/Users/ansar/Desktop/VGGFace2_ArcFace_Project/data/aligned/train/n002178/0220_01.jpg,/mnt/c/Users/ansar/Desktop/VGGFace2_ArcFace_Project/data/aligned/train/n002178/0357_01.jpg,0.3493436574935913,-0.019628300006076328,-0.06377434655761643,0.04414604655154011,0.04170132328184638
random_genuine,/mnt/c/Users/ansar/Desktop/VGGFace2_ArcFace_Project/data/aligned/train/n005868/0044_01.jpg,/mnt/c/Users/ansar/Desktop/VGGFace2_ArcFace_Project/data/aligned/train/n005868/0190_01.jpg,0.5937545299530029,0.3231803736509286,0.3483710871309654,0.025190713480036764,0.335775730390947
random_genuine,/mnt/c/Users/ansar/Desktop/VGGFace2_ArcFace_Project/data/aligned/train/n004025/0288_01.jpg,/mnt/c/Users/ansar/Desktop/VGGFace2_ArcFace_Project/data/aligned/train/n004025/0402_01.jpg,0.3073831796646118,0.009246982565868023,0.07756323204769967,0.06831624948183165,0.04340510730678385
random_genuine,/mnt/c/Users/ansar/Desktop/VGGFace2_ArcFace_Project/data/aligned/train/n005449/0069_01.jpg,/mnt/c/Users/ansar/Desktop/VGGFace2_ArcFace_Project/data/aligned/train/n005449/0363_01.jpg,0.2640542984008789,-0.0010427452215297439,0.5071985981263577,0.5082413433478874,0.2541206716739437
random_genuine,/mnt/c/Users/ansar/Desktop/VGGFace2_ArcFace_Project/data/aligned/train/n007665/0187_01.jpg,/mnt/c/Users/ansar/Desktop/VGGFace2_ArcFace_Project/data/aligned/train/n007665/0396_01.jpg,0.2914830148220062,0.1316716351021489,-0.09445979102265346,0.22613142612480236,0.11306571306240118
random_genuine,/mnt/c/Users/ansar/Desktop/VGGFace2_ArcFace_Project/data/aligned/train/n007716/0111_01.jpg,/mnt/c/Users/ansar/Desktop/VGGFace2_ArcFace_Project/data/aligned/train/n007716/0370_01.jpg,0.3896968960762024,0.15395001783691814,0.2662578306523379,0.11230781281541974,0.210103924244628
random_genuine,/mnt/c/Users/ansar/Desktop/VGGFace2_ArcFace_Project/data/aligned/train/n005442/0104_01.jpg,/mnt/c/Users/ansar/Desktop/VGGFace2_ArcFace_Project/data/aligned/train/n005442/0169_01.jpg,0.4724150598049164,0.18041917497595805,-0.147003965239009,0.32742314021496705,0.16371157010748352
random_genuine,/mnt/c/Users/ansar/Desktop/VGGFace2_ArcFace_Project/data/aligned/train/n005384/0203_01.jpg,/mnt/c/Users/ansar/Desktop/VGGFace2_ArcFace_Project/data/aligned/train/n005384/0347_02.jpg,0.6384574174880981,0.09391923939679561,0.3267646269733576,0.232845387576562,0.2103419331850766
random_genuine,/mnt/c/Users/ansar/Desktop/VGGFace2_ArcFace_Project/data/aligned/train/n000825/0402_01.jpg,/mnt/c/Users/ansar/Desktop/VGGFace2_ArcFace_Project/data/aligned/train/n000825/0469_02.jpg,0.2860750257968902,0.093182078967025,-0.16662591651747055,0.25980799548449557,0.12990399774224778
random_genuine,/mnt/c/Users/ansar/Desktop/VGGFace2_ArcFace_Project/data/aligned/train/n001089/0034_01.jpg,/mnt/c/Users/ansar/Desktop/VGGFace2_ArcFace_Project/data/aligned/train/n001089/0297_03.jpg,0.3781187534332275,-0.21547940909038796,-0.003342247509622607,0.21213716158076534,0.10941082830000529
random_genuine,/mnt/c/Users/ansar/Desktop/VGGFace2_ArcFace_Project/data/aligned/train/n004272/0012_02.jpg,/mnt/c/Users/ansar/Desktop/VGGFace2_ArcFace_Project/data/aligned/train/n004272/0241_01.jpg,0.3943861722946167,0.07473397492970418,0.14156645726585118,0.066832482336147,0.10815021609777768
random_genuine,/mnt/c/Users/ansar/Desktop/VGGFace2_ArcFace_Project/data/aligned/train/n003876/0124_01.jpg,/mnt/c/Users/ansar/Desktop/VGGFace2_ArcFace_Project/data/aligned/train/n003876/0180_01.jpg,0.4856473505496979,0.007884655885840947,0.13556596129263884,0.1276813054067979,0.0717253085892399
random_genuine,/mnt/c/Users/ansar/Desktop/VGGFace2_ArcFace_Project/data/aligned/train/n002298/0183_01.jpg,/mnt/c/Users/ansar/Desktop/VGGFace2_ArcFace_Project/data/aligned/train/n002298/0419_01.jpg,0.4136346876621246,-0.07705785444516544,-0.036765762594965654,0.04029209185019979,0.05691180852006555
random_genuine,/mnt/c/Users/ansar/Desktop/VGGFace2_ArcFace_Project/data/aligned/train/n003670/0164_01.jpg,/mnt/c/Users/ansar/Desktop/VGGFace2_ArcFace_Project/data/aligned/train/n003670/0399_01.jpg,0.4002865552902221,-0.03765523645322578,-0.14262031515417067,0.1049650787009449,0.09013777580369822
random_genuine,/mnt/c/Users/ansar/Desktop/VGGFace2_ArcFace_Project/data/aligned/train/n008122/0245_01.jpg,/mnt/c/Users/ansar/Desktop/VGGFace2_ArcFace_Project/data/aligned/train/n008122/0441_02.jpg,0.2025131285190582,-0.32729710151860714,-0.042756245973157254,0.2845408555454499,0.1850266737458822
random_genuine,/mnt/c/Users/ansar/Desktop/VGGFace2_ArcFace_Project/data/aligned/train/n005403/0094_01.jpg,/mnt/c/Users/ansar/Desktop/VGGFace2_ArcFace_Project/data/aligned/train/n005403/0124_01.jpg,0.4173387587070465,0.44066987698978166,0.0516183794847751,0.38905149750500656,0.24614412823727838
random_genuine,/mnt/c/Users/ansar/Desktop/VGGFace2_ArcFace_Project/data/aligned/train/n006204/0174_02.jpg,/mnt/c/Users/ansar/Desktop/VGGFace2_ArcFace_Project/data/aligned/train/n006204/0212_01.jpg,0.2802863121032715,-0.26922564566760493,-0.04451678883130714,0.2247088568362978,0.15687121724945605
random_genuine,/mnt/c/Users/ansar/Desktop/VGGFace2_ArcFace_Project/data/aligned/train/n006699/0178_01.jpg,/mnt/c/Users/ansar/Desktop/VGGFace2_ArcFace_Project/data/aligned/train/n006699/0248_01.jpg,0.280826210975647,0.3721965003995288,-0.39688549177981614,0.7690819921793449,0.38454099608967246
random_genuine,/mnt/c/Users/ansar/Desktop/VGGFace2_ArcFace_Project/data/aligned/train/n005685/0090_01.jpg,/mnt/c/Users/ansar/Desktop/VGGFace2_ArcFace_Project/data/aligned/train/n005685/0165_01.jpg,0.4113436937332153,-0.22398956119120536,0.9615134996768102,1.1855030608680155,0.5927515304340077
random_genuine,/mnt/c/Users/ansar/Desktop/VGGFace2_ArcFace_Project/data/aligned/train/n006877/0224_01.jpg,/mnt/c/Users/ansar/Desktop/VGGFace2_ArcFace_Project/data/aligned/train/n006877/0282_02.jpg,0.478090763092041,0.07731668888352326,0.1117315780435589,0.03441488916003564,0.09452413346354108
random_genuine,/mnt/c/Users/ansar/Desktop/VGGFace2_ArcFace_Project/data/aligned/train/n000454/0097_01.jpg,/mnt/c/Users/ansar/Desktop/VGGFace2_ArcFace_Project/data/aligned/train/n000454/0201_01.jpg,0.1722723543643951,0.051076472109702,0.26152856465021623,0.21045209254051422,0.15630251837995912
random_genuine,/mnt/c/Users/ansar/Desktop/VGGFace2_ArcFace_Project/data/aligned/train/n008772/0168_02.jpg,/mnt/c/Users/ansar/Desktop/VGGFace2_ArcFace_Project/data/aligned/train/n008772/0366_03.jpg,0.2335517555475235,0.03686912395993928,-0.0017214511543331076,0.038590575114272385,0.019295287557136193
random_genuine,/mnt/c/Users/ansar/Desktop/VGGFace2_ArcFace_Project/data/aligned/train/n006930/0027_01.jpg,/mnt/c/Users/ansar/Desktop/VGGFace2_ArcFace_Project/data/aligned/train/n006930/0095_01.jpg,0.3569422364234924,0.049295397895226065,0.09023018139421028,0.04093478349898422,0.06976278964471817
random_genuine,/mnt/c/Users/ansar/Desktop/VGGFace2_ArcFace_Project/data/aligned/train/n008656/0081_01.jpg,/mnt/c/Users/ansar/Desktop/VGGFace2_ArcFace_Project/data/aligned/train/n008656/0923_01.jpg,0.1585891842842102,-0.4550054069376491,-0.044848958991973054,0.4101564479456761,0.2499271829648111
random_genuine,/mnt/c/Users/ansar/Desktop/VGGFace2_ArcFace_Project/data/aligned/train/n002992/0120_01.jpg,/mnt/c/Users/ansar/Desktop/VGGFace2_ArcFace_Project/data/aligned/train/n002992/0423_01.jpg,0.3984884619712829,-0.19890355075208122,-0.05692549954366052,0.1419780512084207,0.12791452514787086
random_genuine,/mnt/c/Users/ansar/Desktop/VGGFace2_ArcFace_Project/data/aligned/train/n002101/0119_01.jpg,/mnt/c/Users/ansar/Desktop/VGGFace2_ArcFace_Project/data/aligned/train/n002101/0264_01.jpg,0.1824855357408523,-0.05038361559045119,0.16279508117886415,0.21317869676931533,0.10658934838465767
random_genuine,/mnt/c/Users/ansar/Desktop/VGGFace2_ArcFace_Project/data/aligned/train/n003545/0077_02.jpg,/mnt/c/Users/ansar/Desktop/VGGFace2_ArcFace_Project/data/aligned/train/n003545/0158_02.jpg,0.6394103765487671,0.12131101534130942,0.06450241650021576,0.056808598841093655,0.09290671592076259
random_genuine,/mnt/c/Users/ansar/Desktop/VGGFace2_ArcFace_Project/data/aligned/train/n007431/0481_02.jpg,/mnt/c/Users/ansar/Desktop/VGGFace2_ArcFace_Project/data/aligned/train/n007431/0634_01.jpg,0.258431077003479,0.222885083340651,-0.024994285042057765,0.24787936838270874,0.12393968419135437
random_genuine,/mnt/c/Users/ansar/Desktop/VGGFace2_ArcFace_Project/data/aligned/train/n007186/0061_01.jpg,/mnt/c/Users/ansar/Desktop/VGGFace2_ArcFace_Project/data/aligned/train/n007186/0089_02.jpg,0.2342433929443359,-0.07218932761495447,-0.10650949417194476,0.034320166556990286,0.08934941089344961
random_genuine,/mnt/c/Users/ansar/Desktop/VGGFace2_ArcFace_Project/data/aligned/train/n005606/0004_01.jpg,/mnt/c/Users/ansar/Desktop/VGGFace2_ArcFace_Project/data/aligned/train/n005606/0129_01.jpg,0.5121051073074341,0.1186964366249336,-0.21568428695048442,0.33438072357541804,0.16719036178770902
random_genuine,/mnt/c/Users/ansar/Desktop/VGGFace2_ArcFace_Project/data/aligned/train/n003047/0082_01.jpg,/mnt/c/Users/ansar/Desktop/VGGFace2_ArcFace_Project/data/aligned/train/n003047/0085_01.jpg,0.6066334247589111,-0.03641381056132003,0.038723651429223786,0.07513746199054382,0.03756873099527191
random_genuine,/mnt/c/Users/ansar/Desktop/VGGFace2_ArcFace_Project/data/aligned/train/n001571/0162_01.jpg,/mnt/c/Users/ansar/Desktop/VGGFace2_ArcFace_Project/data/aligned/train/n001571/0242_01.jpg,0.1774596720933914,0.015613673932162134,0.5258904556424532,0.510276781710291,0.2707520647873077
random_genuine,/mnt/c/Users/ansar/Desktop/VGGFace2_ArcFace_Project/data/aligned/train/n001600/0357_01.jpg,/mnt/c/Users/ansar/Desktop/VGGFace2_ArcFace_Project/data/aligned/train/n001600/0363_02.jpg,0.2866833806037903,0.6022557176663743,-0.7881637232053034,1.3904194408716777,0.6952097204358388
random_genuine,/mnt/c/Users/ansar/Desktop/VGGFace2_ArcFace_Project/data/aligned/train/n009216/0136_01.jpg,/mnt/c/Users/ansar/Desktop/VGGFace2_ArcFace_Project/data/aligned/train/n009216/0464_02.jpg,0.5982264280319214,-0.12157624657199517,0.039930298383609016,0.16150654495560418,0.08075327247780209
random_genuine,/mnt/c/Users/ansar/Desktop/VGGFace2_ArcFace_Project/data/aligned/train/n000360/0127_01.jpg,/mnt/c/Users/ansar/Desktop/VGGFace2_ArcFace_Project/data/aligned/train/n000360/0224_01.jpg,0.4364840090274811,-0.2026671383761253,0.26153645537323494,0.46420359374936027,0.23210179687468013
random_genuine,/mnt/c/Users/ansar/Desktop/VGGFace2_ArcFace_Project/data/aligned/train/n008479/0183_01.jpg,/mnt/c/Users/ansar/Desktop/VGGFace2_ArcFace_Project/data/aligned/train/n008479/0287_02.jpg,0.549900472164154,0.09039746785524655,-0.024668449901782023,0.11506591775702857,0.057532958878514284
random_genuine,/mnt/c/Users/ansar/Desktop/VGGFace2_ArcFace_Project/data/aligned/train/n002963/0342_01.jpg,/mnt/c/Users/ansar/Desktop/VGGFace2_ArcFace_Project/data/aligned/train/n002963/0457_01.jpg,0.6446887254714966,-0.21589879837504664,0.11549907263225391,0.33139787100730056,0.16569893550365028
random_genuine,/mnt/c/Users/ansar/Desktop/VGGFace2_ArcFace_Project/data/aligned/train/n009099/0198_01.jpg,/mnt/c/Users/ansar/Desktop/VGGFace2_ArcFace_Project/data/aligned/train/n009099/0450_01.jpg,0.3789781928062439,-0.053239099497093614,-0.1323976238366717,0.07915852433957808,0.09281836166688265
random_genuine,/mnt/c/Users/ansar/Desktop/VGGFace2_ArcFace_Project/data/aligned/train/n009247/0377_01.jpg,/mnt/c/Users/ansar/Desktop/VGGFace2_ArcFace_Project/data/aligned/train/n009247/0382_01.jpg,0.2835415005683899,-0.28375782250193204,0.12722777470444988,0.41098559720638195,0.20549279860319097
random_genuine,/mnt/c/Users/ansar/Desktop/VGGFace2_ArcFace_Project/data/aligned/train/n004196/0144_01.jpg,/mnt/c/Users/ansar/Desktop/VGGFace2_ArcFace_Project/data/aligned/train/n004196/0279_03.jpg,0.2092172354459762,0.013531842116757394,0.22248130329240823,0.20894946117565083,0.11800657270458281
random_genuine,/mnt/c/Users/ansar/Desktop/VGGFace2_ArcFace_Project/data/aligned/train/n007321/0210_01.jpg,/mnt/c/Users/ansar/Desktop/VGGFace2_ArcFace_Project/data/aligned/train/n007321/0214_01.jpg,0.5151864290237427,-0.23495222404855845,0.6006974191459153,0.8356496431944738,0.4178248215972369
random_genuine,/mnt/c/Users/ansar/Desktop/VGGFace2_ArcFace_Project/data/aligned/train/n000795/0127_01.jpg,/mnt/c/Users/ansar/Desktop/VGGFace2_ArcFace_Project/data/aligned/train/n000795/0422_01.jpg,0.5185179114341736,0.5736746391968282,0.5697616847884598,0.003912954408368363,0.5717181619926439
random_genuine,/mnt/c/Users/ansar/Desktop/VGGFace2_ArcFace_Project/data/aligned/train/n008408/0065_01.jpg,/mnt/c/Users/ansar/Desktop/VGGFace2_ArcFace_Project/data/aligned/train/n008408/0296_01.jpg,0.5497738718986511,-0.12180236927092729,0.4611866329543676,0.5829890022252949,0.29149450111264746
random_genuine,/mnt/c/Users/ansar/Desktop/VGGFace2_ArcFace_Project/data/aligned/train/n001768/0037_01.jpg,/mnt/c/Users/ansar/Desktop/VGGFace2_ArcFace_Project/data/aligned/train/n001768/0281_01.jpg,0.5300600528717041,-0.1219440354388251,-0.12667797555672752,0.00473394011790243,0.12431100549777631
random_genuine,/mnt/c/Users/ansar/Desktop/VGGFace2_ArcFace_Project/data/aligned/train/n002532/0023_01.jpg,/mnt/c/Users/ansar/Desktop/VGGFace2_ArcFace_Project/data/aligned/train/n002532/0056_01.jpg,0.588283121585846,0.3108770791086596,0.1638891731851014,0.14698790592355818,0.2373831261468805
random_genuine,/mnt/c/Users/ansar/Desktop/VGGFace2_ArcFace_Project/data/aligned/train/n004825/0387_01.jpg,/mnt/c/Users/ansar/Desktop/VGGFace2_ArcFace_Project/data/aligned/train/n004825/0480_01.jpg,0.1935213208198547,-0.23372865705527715,-0.11486617991843914,0.11886247713683801,0.17429741848685815
random_genuine,/mnt/c/Users/ansar/Desktop/VGGFace2_ArcFace_Project/data/aligned/train/n000913/0059_01.jpg,/mnt/c/Users/ansar/Desktop/VGGFace2_ArcFace_Project/data/aligned/train/n000913/0169_01.jpg,0.2123056501150131,-0.13210830206624952,0.09083024464692505,0.22293854671317456,0.11146927335658728
random_genuine,/mnt/c/Users/ansar/Desktop/VGGFace2_ArcFace_Project/data/aligned/train/n000094/0059_01.jpg,/mnt/c/Users/ansar/Desktop/VGGFace2_ArcFace_Project/data/aligned/train/n000094/0160_01.jpg,0.3049431443214416,0.5344565781486481,0.018459319037651578,0.5159972591109965,0.27645794859314987
random_genuine,/mnt/c/Users/ansar/Desktop/VGGFace2_ArcFace_Project/data/aligned/train/n000820/0121_01.jpg,/mnt/c/Users/ansar/Desktop/VGGFace2_ArcFace_Project/data/aligned/train/n000820/0208_01.jpg,0.4687312841415405,0.138018761494971,0.06687562910649486,0.07114313238847614,0.10244719530073293
random_genuine,/mnt/c/Users/ansar/Desktop/VGGFace2_ArcFace_Project/data/aligned/train/n000997/0131_01.jpg,/mnt/c/Users/ansar/Desktop/VGGFace2_ArcFace_Project/data/aligned/train/n000997/0132_02.jpg,0.3843717575073242,-0.222250835030461,-0.341852235143371,0.11960140011290998,0.282051535086916
random_genuine,/mnt/c/Users/ansar/Desktop/VGGFace2_ArcFace_Project/data/aligned/train/n001507/0082_01.jpg,/mnt/c/Users/ansar/Desktop/VGGFace2_ArcFace_Project/data/aligned/train/n001507/0129_01.jpg,0.3774892687797546,-0.12249283958744099,-1.0872601359241492,0.9647672963367082,0.6048764877557951
random_genuine,/mnt/c/Users/ansar/Desktop/VGGFace2_ArcFace_Project/data/aligned/train/n003464/0057_03.jpg,/mnt/c/Users/ansar/Desktop/VGGFace2_ArcFace_Project/data/aligned/train/n003464/0088_01.jpg,0.4563615322113037,-0.0897804783201947,-0.2141226636488268,0.12434218532863209,0.15195157098451073
random_genuine,/mnt/c/Users/ansar/Desktop/VGGFace2_ArcFace_Project/data/aligned/train/n007445/0064_01.jpg,/mnt/c/Users/ansar/Desktop/VGGFace2_ArcFace_Project/data/aligned/train/n007445/0399_01.jpg,0.4705919623374939,-0.05702252507358782,-0.14399623845287707,0.08697371337928925,0.10050938176323244
random_genuine,/mnt/c/Users/ansar/Desktop/VGGFace2_ArcFace_Project/data/aligned/train/n001166/0044_01.jpg,/mnt/c/Users/ansar/Desktop/VGGFace2_ArcFace_Project/data/aligned/train/n001166/0113_01.jpg,0.3386982977390289,-0.008271081895708082,0.02204754196961173,0.030318623865319812,0.015159311932659906
random_genuine,/mnt/c/Users/ansar/Desktop/VGGFace2_ArcFace_Project/data/aligned/train/n004511/0293_01.jpg,/mnt/c/Users/ansar/Desktop/VGGFace2_ArcFace_Project/data/aligned/train/n004511/0439_01.jpg,0.4090229570865631,0.09109141258021444,-0.25823216589230974,0.34932357847252415,0.17466178923626208
random_genuine,/mnt/c/Users/ansar/Desktop/VGGFace2_ArcFace_Project/data/aligned/train/n004863/0183_02.jpg,/mnt/c/Users/ansar/Desktop/VGGFace2_ArcFace_Project/data/aligned/train/n004863/0360_01.jpg,0.4287547767162323,-0.15387318424083074,0.017290305401779615,0.17116348964261036,0.08558174482130518
random_genuine,/mnt/c/Users/ansar/Desktop/VGGFace2_ArcFace_Project/data/aligned/train/n007648/0108_02.jpg,/mnt/c/Users/ansar/Desktop/VGGFace2_ArcFace_Project/data/aligned/train/n007648/0248_01.jpg,0.0409800596535205,0.36694188539921985,0.0159039823031533,0.35103790309606653,0.19142293385118658
random_genuine,/mnt/c/Users/ansar/Desktop/VGGFace2_ArcFace_Project/data/aligned/train/n001654/0175_02.jpg,/mnt/c/Users/ansar/Desktop/VGGFace2_ArcFace_Project/data/aligned/train/n001654/0322_01.jpg,0.4652169346809387,-0.12953851093433852,0.48797715915301115,0.6175156700873496,0.3087578350436748
random_genuine,/mnt/c/Users/ansar/Desktop/VGGFace2_ArcFace_Project/data/aligned/train/n008927/0244_02.jpg,/mnt/c/Users/ansar/Desktop/VGGFace2_ArcFace_Project/data/aligned/train/n008927/0273_02.jpg,0.0838577076792717,-0.020937952534830436,-0.6757186018112102,0.6547806492763798,0.34832827717302034
random_genuine,/mnt/c/Users/ansar/Desktop/VGGFace2_ArcFace_Project/data/aligned/train/n000984/0216_02.jpg,/mnt/c/Users/ansar/Desktop/VGGFace2_ArcFace_Project/data/aligned/train/n000984/0472_01.jpg,0.2665566205978393,0.012285781641931568,0.3838481002605064,0.37156231861857486,0.198066940951219
random_genuine,/mnt/c/Users/ansar/Desktop/VGGFace2_ArcFace_Project/data/aligned/train/n001369/0034_01.jpg,/mnt/c/Users/ansar/Desktop/VGGFace2_ArcFace_Project/data/aligned/train/n001369/0139_01.jpg,0.2455407828092575,-0.289016260595565,-0.0032398694275169487,0.28577639116804804,0.146128065011541
random_genuine,/mnt/c/Users/ansar/Desktop/VGGFace2_ArcFace_Project/data/aligned/train/n003289/0029_01.jpg,/mnt/c/Users/ansar/Desktop/VGGFace2_ArcFace_Project/data/aligned/train/n003289/0185_01.jpg,0.344912439584732,-0.0773552695195584,0.05550298400887037,0.13285825352842878,0.06642912676421439
random_genuine,/mnt/c/Users/ansar/Desktop/VGGFace2_ArcFace_Project/data/aligned/train/n006367/0030_01.jpg,/mnt/c/Users/ansar/Desktop/VGGFace2_ArcFace_Project/data/aligned/train/n006367/0546_01.jpg,0.1861642599105835,0.02984001232373268,-0.2634181971204113,0.293258209444144,0.146629104722072
random_genuine,/mnt/c/Users/ansar/Desktop/VGGFace2_ArcFace_Project/data/aligned/train/n006010/0188_01.jpg,/mnt/c/Users/ansar/Desktop/VGGFace2_ArcFace_Project/data/aligned/train/n006010/0377_03.jpg,0.4927281439304352,0.042080389355072204,0.1407770191014809,0.0986966297464087,0.09142870422827656
random_genuine,/mnt/c/Users/ansar/Desktop/VGGFace2_ArcFace_Project/data/aligned/train/n008126/0212_01.jpg,/mnt/c/Users/ansar/Desktop/VGGFace2_ArcFace_Project/data/aligned/train/n008126/0289_01.jpg,0.4958247244358063,-0.34045660244930986,0.04896453734685242,0.3894211397961623,0.19471056989808114
random_genuine,/mnt/c/Users/ansar/Desktop/VGGFace2_ArcFace_Project/data/aligned/train/n002133/0387_01.jpg,/mnt/c/Users/ansar/Desktop/VGGFace2_ArcFace_Project/data/aligned/train/n002133/0401_01.jpg,0.4964779317378998,0.2237202793164782,0.45978388261829795,0.23606360330181975,0.34175208096738807
random_genuine,/mnt/c/Users/ansar/Desktop/VGGFace2_ArcFace_Project/data/aligned/train/n004127/0152_01.jpg,/mnt/c/Users/ansar/Desktop/VGGFace2_ArcFace_Project/data/aligned/train/n004127/0234_01.jpg,0.6274142265319824,-0.09778333044555602,-0.49558562966909925,0.3978022992235432,0.2966844800573276
random_genuine,/mnt/c/Users/ansar/Desktop/VGGFace2_ArcFace_Project/data/aligned/train/n002973/0112_01.jpg,/mnt/c/Users/ansar/Desktop/VGGFace2_ArcFace_Project/data/aligned/train/n002973/0174_01.jpg,0.6009721755981445,0.3885025000813985,0.0894407268449225,0.29906177323647604,0.2389716134631605
random_genuine,/mnt/c/Users/ansar/Desktop/VGGFace2_ArcFace_Project/data/aligned/train/n008398/0106_01.jpg,/mnt/c/Users/ansar/Desktop/VGGFace2_ArcFace_Project/data/aligned/train/n008398/0350_01.jpg,0.2792477905750274,-0.0017831333352542466,-0.3928142422100158,0.39103110887476156,0.19729868777263504
random_genuine,/mnt/c/Users/ansar/Desktop/VGGFace2_ArcFace_Project/data/aligned/train/n006246/0042_01.jpg,/mnt/c/Users/ansar/Desktop/VGGFace2_ArcFace_Project/data/aligned/train/n006246/0241_03.jpg,0.7747337222099304,-0.08860510937686024,-0.0507975163318247,0.03780759304503554,0.06970131285434247
random_genuine,/mnt/c/Users/ansar/Desktop/VGGFace2_ArcFace_Project/data/aligned/train/n002620/0046_01.jpg,/mnt/c/Users/ansar/Desktop/VGGFace2_ArcFace_Project/data/aligned/train/n002620/0276_01.jpg,0.7541411519050598,0.10638694133223342,0.04716728068591298,0.05921966064632044,0.0767771110090732
random_genuine,/mnt/c/Users/ansar/Desktop/VGGFace2_ArcFace_Project/data/aligned/train/n004293/0186_01.jpg,/mnt/c/Users/ansar/Desktop/VGGFace2_ArcFace_Project/data/aligned/train/n004293/0240_02.jpg,0.0600353777408599,-0.41531954441145147,0.39638303831125776,0.8117025827227092,0.4058512913613546
random_genuine,/mnt/c/Users/ansar/Desktop/VGGFace2_ArcFace_Project/data/aligned/train/n002444/0081_01.jpg,/mnt/c/Users/ansar/Desktop/VGGFace2_ArcFace_Project/data/aligned/train/n002444/0294_01.jpg,0.5159850120544434,-0.15063718803970347,-0.31638091853104505,0.16574373049134158,0.23350905328537425
random_genuine,/mnt/c/Users/ansar/Desktop/VGGFace2_ArcFace_Project/data/aligned/train/n001043/0090_01.jpg,/mnt/c/Users/ansar/Desktop/VGGFace2_ArcFace_Project/data/aligned/train/n001043/0097_01.jpg,0.9437722563743592,0.35806334746092666,0.1361380678038532,0.22192527965707345,0.24710070763238995
random_genuine,/mnt/c/Users/ansar/Desktop/VGGFace2_ArcFace_Project/data/aligned/train/n002913/0034_01.jpg,/mnt/c/Users/ansar/Desktop/VGGFace2_ArcFace_Project/data/aligned/train/n002913/0095_01.jpg,0.4318777024745941,0.32221733864808344,-0.3749338593426745,0.6971511979907579,0.34857559899537893
random_genuine,/mnt/c/Users/ansar/Desktop/VGGFace2_ArcFace_Project/data/aligned/train/n001859/0193_01.jpg,/mnt/c/Users/ansar/Desktop/VGGFace2_ArcFace_Project/data/aligned/train/n001859/0535_01.jpg,0.3210354745388031,0.03246424044264315,0.03199644764385771,0.00046779279878544217,0.032230344043250425
random_genuine,/mnt/c/Users/ansar/Desktop/VGGFace2_ArcFace_Project/data/aligned/train/n000905/0157_01.jpg,/mnt/c/Users/ansar/Desktop/VGGFace2_ArcFace_Project/data/aligned/train/n000905/0372_01.jpg,0.5466353893280029,0.026459989073807186,-0.2525689327627995,0.2790289218366067,0.13951446091830336
random_genuine,/mnt/c/Users/ansar/Desktop/VGGFace2_ArcFace_Project/data/aligned/train/n005892/0212_01.jpg,/mnt/c/Users/ansar/Desktop/VGGFace2_ArcFace_Project/data/aligned/train/n005892/0429_05.jpg,0.3731771111488342,-0.04707058389352992,0.05657873498016629,0.10364931887369622,0.05182465943684811
random_genuine,/mnt/c/Users/ansar/Desktop/VGGFace2_ArcFace_Project/data/aligned/train/n008765/0088_01.jpg,/mnt/c/Users/ansar/Desktop/VGGFace2_ArcFace_Project/data/aligned/train/n008765/0275_01.jpg,0.4336555898189544,0.03964116943675086,-0.07535984776489656,0.11500101720164742,0.05750050860082371
random_genuine,/mnt/c/Users/ansar/Desktop/VGGFace2_ArcFace_Project/data/aligned/train/n005435/0008_01.jpg,/mnt/c/Users/ansar/Desktop/VGGFace2_ArcFace_Project/data/aligned/train/n005435/0061_03.jpg,0.4684674739837646,-0.11361272496063093,0.002211061838816226,0.11582378679944716,0.05791189339972358
random_genuine,/mnt/c/Users/ansar/Desktop/VGGFace2_ArcFace_Project/data/aligned/train/n006839/0051_01.jpg,/mnt/c/Users/ansar/Desktop/VGGFace2_ArcFace_Project/data/aligned/train/n006839/0302_03.jpg,0.3727838099002838,-0.34060093486898085,0.7786304474243262,1.119231382293307,0.5596156911466535
random_genuine,/mnt/c/Users/ansar/Desktop/VGGFace2_ArcFace_Project/data/aligned/train/n008864/0141_01.jpg,/mnt/c/Users/ansar/Desktop/VGGFace2_ArcFace_Project/data/aligned/train/n008864/0189_01.jpg,0.3379952013492584,0.4367523213016803,0.38785222591421686,0.04890009538746343,0.4123022736079486
random_genuine,/mnt/c/Users/ansar/Desktop/VGGFace2_ArcFace_Project/data/aligned/train/n008732/0156_01.jpg,/mnt/c/Users/ansar/Desktop/VGGFace2_ArcFace_Project/data/aligned/train/n008732/0294_01.jpg,0.4644484519958496,-0.187105204921392,0.24080271358234556,0.42790791850373755,0.21395395925186877
random_genuine,/mnt/c/Users/ansar/Desktop/VGGFace2_ArcFace_Project/data/aligned/train/n002409/0021_01.jpg,/mnt/c/Users/ansar/Desktop/VGGFace2_ArcFace_Project/data/aligned/train/n002409/0252_01.jpg,0.5274977087974548,0.3788737901809931,0.11500382666383316,0.26386996351715997,0.24693880842241311
random_genuine,/mnt/c/Users/ansar/Desktop/VGGFace2_ArcFace_Project/data/aligned/train/n001998/0257_01.jpg,/mnt/c/Users/ansar/Desktop/VGGFace2_ArcFace_Project/data/aligned/train/n001998/0273_01.jpg,0.2721316218376159,0.15646340531775738,-0.6007433464258043,0.7572067517435617,0.37860337587178083
random_genuine,/mnt/c/Users/ansar/Desktop/VGGFace2_ArcFace_Project/data/aligned/train/n005615/0144_02.jpg,/mnt/c/Users/ansar/Desktop/VGGFace2_ArcFace_Project/data/aligned/train/n005615/0587_05.jpg,0.2036450803279876,-0.1172755712986434,-0.15078830000307877,0.03351272870443538,0.13403193565086108
random_genuine,/mnt/c/Users/ansar/Desktop/VGGFace2_ArcFace_Project/data/aligned/train/n002887/0235_01.jpg,/mnt/c/Users/ansar/Desktop/VGGFace2_ArcFace_Project/data/aligned/train/n002887/0268_01.jpg,0.4325495362281799,-0.13357500021446095,0.2806542151717462,0.41422921538620716,0.20711460769310358
random_genuine,/mnt/c/Users/ansar/Desktop/VGGFace2_ArcFace_Project/data/aligned/train/n000189/0092_02.jpg,/mnt/c/Users/ansar/Desktop/VGGFace2_ArcFace_Project/data/aligned/train/n000189/0270_01.jpg,0.1758874803781509,0.28638357763734484,-0.07267347957888126,0.3590570572162261,0.17952852860811305
random_genuine,/mnt/c/Users/ansar/Desktop/VGGFace2_ArcFace_Project/data/aligned/train/n006349/0208_01.jpg,/mnt/c/Users/ansar/Desktop/VGGFace2_ArcFace_Project/data/aligned/train/n006349/0221_01.jpg,0.6738368272781372,-0.19948195767537988,-0.015332582211367738,0.18414937546401214,0.10740726994337381
random_genuine,/mnt/c/Users/ansar/Desktop/VGGFace2_ArcFace_Project/data/aligned/train/n007433/0254_01.jpg,/mnt/c/Users/ansar/Desktop/VGGFace2_ArcFace_Project/data/aligned/train/n007433/0291_02.jpg,0.416817843914032,0.0006603685776310809,0.6126478161415928,0.6119874475639617,0.30665409235961194
random_genuine,/mnt/c/Users/ansar/Desktop/VGGFace2_ArcFace_Project/data/aligned/train/n001297/0002_01.jpg,/mnt/c/Users/ansar/Desktop/VGGFace2_ArcFace_Project/data/aligned/train/n001297/0214_01.jpg,0.2384372502565384,0.07678925507171969,0.1836827709426001,0.10689351587088042,0.1302360130071599
random_genuine,/mnt/c/Users/ansar/Desktop/VGGFace2_ArcFace_Project/data/aligned/train/n006621/0225_01.jpg,/mnt/c/Users/ansar/Desktop/VGGFace2_ArcFace_Project/data/aligned/train/n006621/0520_01.jpg,0.1186003684997558,-0.06568716981448326,0.10845333344842646,0.17414050326290972,0.08707025163145486
random_genuine,/mnt/c/Users/ansar/Desktop/VGGFace2_ArcFace_Project/data/aligned/train/n006634/0003_01.jpg,/mnt/c/Users/ansar/Desktop/VGGFace2_ArcFace_Project/data/aligned/train/n006634/0014_01.jpg,0.6436717510223389,0.06911643521200453,0.06820924741742714,0.0009071877945773937,0.06866284131471584
random_genuine,/mnt/c/Users/ansar/Desktop/VGGFace2_ArcFace_Project/data/aligned/train/n004971/0015_05.jpg,/mnt/c/Users/ansar/Desktop/VGGFace2_ArcFace_Project/data/aligned/train/n004971/0371_02.jpg,0.7542974948883057,0.3936268187948652,0.08909851048300545,0.3045283083118598,0.24136266463893533
random_genuine,/mnt/c/Users/ansar/Desktop/VGGFace2_ArcFace_Project/data/aligned/train/n004399/0109_01.jpg,/mnt/c/Users/ansar/Desktop/VGGFace2_ArcFace_Project/data/aligned/train/n004399/0349_01.jpg,0.4210221469402313,-0.043618791863958666,0.05570333100968816,0.09932212287364683,0.04966106143682342
random_genuine,/mnt/c/Users/ansar/Desktop/VGGFace2_ArcFace_Project/data/aligned/train/n001301/0249_01.jpg,/mnt/c/Users/ansar/Desktop/VGGFace2_ArcFace_Project/data/aligned/train/n001301/0263_01.jpg,0.4115411639213562,0.006384785865522816,-0.05521530695318816,0.061600092818710976,0.030800046409355488
random_genuine,/mnt/c/Users/ansar/Desktop/VGGFace2_ArcFace_Project/data/aligned/train/n002845/0007_01.jpg,/mnt/c/Users/ansar/Desktop/VGGFace2_ArcFace_Project/data/aligned/train/n002845/0098_03.jpg,0.0507810823619365,0.026024995742664925,-0.018483325754889684,0.04450832149755461,0.022254160748777306
random_genuine,/mnt/c/Users/ansar/Desktop/VGGFace2_ArcFace_Project/data/aligned/train/n008463/0279_01.jpg,/mnt/c/Users/ansar/Desktop/VGGFace2_ArcFace_Project/data/aligned/train/n008463/0324_01.jpg,0.3260030746459961,-0.06378970342940508,-0.0004451559108348368,0.06334454751857024,0.03211742967011996
random_genuine,/mnt/c/Users/ansar/Desktop/VGGFace2_ArcFace_Project/data/aligned/train/n001482/0045_01.jpg,/mnt/c/Users/ansar/Desktop/VGGFace2_ArcFace_Project/data/aligned/train/n001482/0057_01.jpg,0.3487507700920105,-0.20528579507261546,-0.02837252265118381,0.17691327242143165,0.11682915886189964
random_genuine,/mnt/c/Users/ansar/Desktop/VGGFace2_ArcFace_Project/data/aligned/train/n005285/0293_01.jpg,/mnt/c/Users/ansar/Desktop/VGGFace2_ArcFace_Project/data/aligned/train/n005285/0294_01.jpg,0.1527537703514099,0.02638461985539046,-0.43237574945124974,0.4587603693066402,0.2293801846533201
random_genuine,/mnt/c/Users/ansar/Desktop/VGGFace2_ArcFace_Project/data/aligned/train/n001620/0105_01.jpg,/mnt/c/Users/ansar/Desktop/VGGFace2_ArcFace_Project/data/aligned/train/n001620/0203_01.jpg,0.4928023517131805,0.14126777651940028,-0.3034720068516765,0.4447397833710768,0.2223698916855384
random_genuine,/mnt/c/Users/ansar/Desktop/VGGFace2_ArcFace_Project/data/aligned/train/n004209/0054_03.jpg,/mnt/c/Users/ansar/Desktop/VGGFace2_ArcFace_Project/data/aligned/train/n004209/0166_01.jpg,0.2135900110006332,0.15983720106354438,-0.3870718091241452,0.5469090101876896,0.2734545050938448
random_genuine,/mnt/c/Users/ansar/Desktop/VGGFace2_ArcFace_Project/data/aligned/train/n001555/0054_04.jpg,/mnt/c/Users/ansar/Desktop/VGGFace2_ArcFace_Project/data/aligned/train/n001555/0148_01.jpg,0.4075568914413452,-0.07797882469700851,-0.7020036972672077,0.6240248725701991,0.3899912609821081
random_genuine,/mnt/c/Users/ansar/Desktop/VGGFace2_ArcFace_Project/data/aligned/train/n006536/0018_04.jpg,/mnt/c/Users/ansar/Desktop/VGGFace2_ArcFace_Project/data/aligned/train/n006536/0045_01.jpg,0.2499792277812957,0.007623526237170115,-0.02147353561165003,0.029097061848820147,0.014548530924410073
random_genuine,/mnt/c/Users/ansar/Desktop/VGGFace2_ArcFace_Project/data/aligned/train/n007020/0071_01.jpg,/mnt/c/Users/ansar/Desktop/VGGFace2_ArcFace_Project/data/aligned/train/n007020/0341_01.jpg,0.1965870708227157,-0.004749240226562041,0.13404480021101148,0.1387940404375735,0.06939702021878676
random_genuine,/mnt/c/Users/ansar/Desktop/VGGFace2_ArcFace_Project/data/aligned/train/n007800/0023_01.jpg,/mnt/c/Users/ansar/Desktop/VGGFace2_ArcFace_Project/data/aligned/train/n007800/0251_01.jpg,0.3268429338932037,0.2996045446201958,0.1087020033633958,0.1909025412568,0.2041532739917958
random_genuine,/mnt/c/Users/ansar/Desktop/VGGFace2_ArcFace_Project/data/aligned/train/n007741/0085_04.jpg,/mnt/c/Users/ansar/Desktop/VGGFace2_ArcFace_Project/data/aligned/train/n007741/0165_01.jpg,0.437798261642456,0.0560513576736261,-0.04943158954105443,0.10548294721468053,0.052741473607340265
random_genuine,/mnt/c/Users/ansar/Desktop/VGGFace2_ArcFace_Project/data/aligned/train/n002423/0222_02.jpg,/mnt/c/Users/ansar/Desktop/VGGFace2_ArcFace_Project/data/aligned/train/n002423/0229_01.jpg,0.1132185161113739,0.24523391992473384,-0.038876473986061824,0.2841103939107957,0.14205519695539784
random_genuine,/mnt/c/Users/ansar/Desktop/VGGFace2_ArcFace_Project/data/aligned/train/n007434/0022_01.jpg,/mnt/c/Users/ansar/Desktop/VGGFace2_ArcFace_Project/data/aligned/train/n007434/0030_01.jpg,0.3954505324363708,-0.26733659252003994,-0.05801444383614753,0.2093221486838924,0.16267551817809373
random_genuine,/mnt/c/Users/ansar/Desktop/VGGFace2_ArcFace_Project/data/aligned/train/n004542/0045_02.jpg,/mnt/c/Users/ansar/Desktop/VGGFace2_ArcFace_Project/data/aligned/train/n004542/0252_01.jpg,0.2947109639644623,0.2766223280104354,-0.007805480409709917,0.2844278084201453,0.14221390421007266
random_genuine,/mnt/c/Users/ansar/Desktop/VGGFace2_ArcFace_Project/data/aligned/train/n008811/0144_02.jpg,/mnt/c/Users/ansar/Desktop/VGGFace2_ArcFace_Project/data/aligned/train/n008811/0188_01.jpg,0.1583103984594345,0.14019904971990688,0.7688479182331669,0.6286488685132601,0.45452348397653686
random_genuine,/mnt/c/Users/ansar/Desktop/VGGFace2_ArcFace_Project/data/aligned/train/n004151/0159_02.jpg,/mnt/c/Users/ansar/Desktop/VGGFace2_ArcFace_Project/data/aligned/train/n004151/0520_01.jpg,0.5902317762374878,-0.13506614808168543,-0.04034388452955357,0.09472226355213187,0.0877050163056195
random_genuine,/mnt/c/Users/ansar/Desktop/VGGFace2_ArcFace_Project/data/aligned/train/n001869/0012_01.jpg,/mnt/c/Users/ansar/Desktop/VGGFace2_ArcFace_Project/data/aligned/train/n001869/0329_02.jpg,0.352006733417511,0.09193405670921774,0.45689056956338603,0.3649565128541683,0.2744123131363019
random_genuine,/mnt/c/Users/ansar/Desktop/VGGFace2_ArcFace_Project/data/aligned/train/n006836/0106_03.jpg,/mnt/c/Users/ansar/Desktop/VGGFace2_ArcFace_Project/data/aligned/train/n006836/0248_02.jpg,0.1574341356754303,0.3783363902684224,0.30676723430608416,0.07156915596233826,0.3425518122872533
random_genuine,/mnt/c/Users/ansar/Desktop/VGGFace2_ArcFace_Project/data/aligned/train/n008349/0059_01.jpg,/mnt/c/Users/ansar/Desktop/VGGFace2_ArcFace_Project/data/aligned/train/n008349/0248_01.jpg,0.4303341507911682,0.04135142342327471,0.08296880060766634,0.04161737718439163,0.06216011201547053
random_genuine,/mnt/c/Users/ansar/Desktop/VGGFace2_ArcFace_Project/data/aligned/train/n006431/0010_01.jpg,/mnt/c/Users/ansar/Desktop/VGGFace2_ArcFace_Project/data/aligned/train/n006431/0487_01.jpg,0.6200711727142334,-0.10957327562314861,0.045988472784587855,0.15556174840773646,0.07778087420386823
random_genuine,/mnt/c/Users/ansar/Desktop/VGGFace2_ArcFace_Project/data/aligned/train/n002424/0095_01.jpg,/mnt/c/Users/ansar/Desktop/VGGFace2_ArcFace_Project/data/aligned/train/n002424/0151_01.jpg,0.334128588438034,-0.3600543529953809,0.6331189548154811,0.993173307810862,0.496586653905431
random_genuine,/mnt/c/Users/ansar/Desktop/VGGFace2_ArcFace_Project/data/aligned/train/n006848/0035_01.jpg,/mnt/c/Users/ansar/Desktop/VGGFace2_ArcFace_Project/data/aligned/train/n006848/0131_01.jpg,0.513602077960968,-0.1087607318211053,0.021679119717110496,0.1304398515382158,0.0652199257691079
random_genuine,/mnt/c/Users/ansar/Desktop/VGGFace2_ArcFace_Project/data/aligned/train/n005988/0254_01.jpg,/mnt/c/Users/ansar/Desktop/VGGFace2_ArcFace_Project/data/aligned/train/n005988/0353_01.jpg,0.6594419479370117,0.02797216481377727,0.22524426534888117,0.1972721005351039,0.12660821508132922
random_genuine,/mnt/c/Users/ansar/Desktop/VGGFace2_ArcFace_Project/data/aligned/train/n003035/0120_01.jpg,/mnt/c/Users/ansar/Desktop/VGGFace2_ArcFace_Project/data/aligned/train/n003035/0303_02.jpg,0.3702839612960815,0.028662220376975467,0.14115487677603888,0.11249265639906342,0.08490854857650718
random_genuine,/mnt/c/Users/ansar/Desktop/VGGFace2_ArcFace_Project/data/aligned/train/n005909/0296_01.jpg,/mnt/c/Users/ansar/Desktop/VGGFace2_ArcFace_Project/data/aligned/train/n005909/0316_01.jpg,0.4698309600353241,0.4093492920688041,-0.5572894860137113,0.9666387780825154,0.4833193890412577
random_genuine,/mnt/c/Users/ansar/Desktop/VGGFace2_ArcFace_Project/data/aligned/train/n000557/0414_02.jpg,/mnt/c/Users/ansar/Desktop/VGGFace2_ArcFace_Project/data/aligned/train/n000557/0439_01.jpg,0.5242531895637512,0.12502294460124175,-0.05329983481536727,0.178322779416609,0.0891613897083045
random_genuine,/mnt/c/Users/ansar/Desktop/VGGFace2_ArcFace_Project/data/aligned/train/n002943/0020_01.jpg,/mnt/c/Users/ansar/Desktop/VGGFace2_ArcFace_Project/data/aligned/train/n002943/0311_01.jpg,0.5005085468292236,-0.2468688985486519,0.01891259854610374,0.2657814970947556,0.1328907485473778
random_genuine,/mnt/c/Users/ansar/Desktop/VGGFace2_ArcFace_Project/data/aligned/train/n000627/0170_02.jpg,/mnt/c/Users/ansar/Desktop/VGGFace2_ArcFace_Project/data/aligned/train/n000627/0263_01.jpg,0.2814120650291443,-0.12355743396514476,0.2574913596066905,0.3810487935718353,0.19052439678591765
random_genuine,/mnt/c/Users/ansar/Desktop/VGGFace2_ArcFace_Project/data/aligned/train/n005325/0178_01.jpg,/mnt/c/Users/ansar/Desktop/VGGFace2_ArcFace_Project/data/aligned/train/n005325/0242_01.jpg,0.4583327770233154,0.3432117159905314,0.2566942120860548,0.0865175039044766,0.2999529640382931
random_genuine,/mnt/c/Users/ansar/Desktop/VGGFace2_ArcFace_Project/data/aligned/train/n002390/0074_01.jpg,/mnt/c/Users/ansar/Desktop/VGGFace2_ArcFace_Project/data/aligned/train/n002390/0278_02.jpg,0.0994642972946167,0.02774952050742696,1.5438683831827864,1.5161188626753594,0.7858089518451067
random_genuine,/mnt/c/Users/ansar/Desktop/VGGFace2_ArcFace_Project/data/aligned/train/n007156/0076_01.jpg,/mnt/c/Users/ansar/Desktop/VGGFace2_ArcFace_Project/data/aligned/train/n007156/0272_02.jpg,0.6381956338882446,0.06742802003386085,-0.005741707930864236,0.07316972796472508,0.03658486398236254
random_genuine,/mnt/c/Users/ansar/Desktop/VGGFace2_ArcFace_Project/data/aligned/train/n002165/0301_03.jpg,/mnt/c/Users/ansar/Desktop/VGGFace2_ArcFace_Project/data/aligned/train/n002165/0316_03.jpg,0.4045398831367492,-0.1011719256365648,0.039516883041247876,0.14068880867781267,0.07034440433890633
random_genuine,/mnt/c/Users/ansar/Desktop/VGGFace2_ArcFace_Project/data/aligned/train/n006150/0366_03.jpg,/mnt/c/Users/ansar/Desktop/VGGFace2_ArcFace_Project/data/aligned/train/n006150/0389_02.jpg,0.4233926236629486,0.014174818937142692,-0.09099228059375171,0.1051670995308944,0.0525835497654472
random_genuine,/mnt/c/Users/ansar/Desktop/VGGFace2_ArcFace_Project/data/aligned/train/n005134/0019_01.jpg,/mnt/c/Users/ansar/Desktop/VGGFace2_ArcFace_Project/data/aligned/train/n005134/0111_01.jpg,0.6726453900337219,-0.030319355639618698,-0.1946702824939114,0.1643509268542927,0.11249481906676506
random_genuine,/mnt/c/Users/ansar/Desktop/VGGFace2_ArcFace_Project/data/aligned/train/n000012/0027_01.jpg,/mnt/c/Users/ansar/Desktop/VGGFace2_ArcFace_Project/data/aligned/train/n000012/0038_02.jpg,0.6107123494148254,-0.308162084830733,-0.08717268947280461,0.2209893953579284,0.1976673871517688
random_genuine,/mnt/c/Users/ansar/Desktop/VGGFace2_ArcFace_Project/data/aligned/train/n007081/0142_01.jpg,/mnt/c/Users/ansar/Desktop/VGGFace2_ArcFace_Project/data/aligned/train/n007081/0152_02.jpg,0.5503438711166382,0.07687096879308059,-0.12828476936130115,0.20515573815438173,0.10257786907719087
random_genuine,/mnt/c/Users/ansar/Desktop/VGGFace2_ArcFace_Project/data/aligned/train/n000933/0109_02.jpg,/mnt/c/Users/ansar/Desktop/VGGFace2_ArcFace_Project/data/aligned/train/n000933/0216_01.jpg,0.3691928386688232,-0.26794697118891625,0.1347303378843999,0.4026773090733161,0.20133865453665806
random_genuine,/mnt/c/Users/ansar/Desktop/VGGFace2_ArcFace_Project/data/aligned/train/n001496/0046_01.jpg,/mnt/c/Users/ansar/Desktop/VGGFace2_ArcFace_Project/data/aligned/train/n001496/0274_01.jpg,0.2869182229042053,-0.38031218396280253,-0.11424622013445176,0.2660659638283508,0.24727920204862713
random_genuine,/mnt/c/Users/ansar/Desktop/VGGFace2_ArcFace_Project/data/aligned/train/n003498/0248_01.jpg,/mnt/c/Users/ansar/Desktop/VGGFace2_ArcFace_Project/data/aligned/train/n003498/0334_01.jpg,0.4132716655731201,-1.1046810369030464,-0.2893107709673979,0.8153702659356485,0.6969959039352221
random_genuine,/mnt/c/Users/ansar/Desktop/VGGFace2_ArcFace_Project/data/aligned/train/n005980/0102_01.jpg,/mnt/c/Users/ansar/Desktop/VGGFace2_ArcFace_Project/data/aligned/train/n005980/0148_01.jpg,0.403948426246643,0.41084377833036867,-0.11129284580791653,0.5221366241382852,0.2610683120691426
random_genuine,/mnt/c/Users/ansar/Desktop/VGGFace2_ArcFace_Project/data/aligned/train/n005631/0043_01.jpg,/mnt/c/Users/ansar/Desktop/VGGFace2_ArcFace_Project/data/aligned/train/n005631/0091_01.jpg,0.44149050116539,0.07132265887666447,0.12773036920394354,0.056407710327279065,0.099526514040304
random_genuine,/mnt/c/Users/ansar/Desktop/VGGFace2_ArcFace_Project/data/aligned/train/n007509/0007_02.jpg,/mnt/c/Users/ansar/Desktop/VGGFace2_ArcFace_Project/data/aligned/train/n007509/0212_01.jpg,0.4888637363910675,-0.006936796343889298,0.12223133573812502,0.1291681320820143,0.06458406604100715
random_genuine,/mnt/c/Users/ansar/Desktop/VGGFace2_ArcFace_Project/data/aligned/train/n002445/0016_01.jpg,/mnt/c/Users/ansar/Desktop/VGGFace2_ArcFace_Project/data/aligned/train/n002445/0032_02.jpg,0.358760118484497,0.03591137185876814,-0.08126244597938831,0.11717381783815645,0.05858690891907822
random_genuine,/mnt/c/Users/ansar/Desktop/VGGFace2_ArcFace_Project/data/aligned/train/n002993/0137_02.jpg,/mnt/c/Users/ansar/Desktop/VGGFace2_ArcFace_Project/data/aligned/train/n002993/0255_01.jpg,0.3047514259815216,0.25745895509597855,-0.09820816878464717,0.3556671238806257,0.17783356194031286
random_genuine,/mnt/c/Users/ansar/Desktop/VGGFace2_ArcFace_Project/data/aligned/train/n001881/0241_03.jpg,/mnt/c/Users/ansar/Desktop/VGGFace2_ArcFace_Project/data/aligned/train/n001881/0316_01.jpg,0.2124334722757339,-0.15628323257341228,0.06866946113757842,0.2249526937109907,0.11247634685549535
random_genuine,/mnt/c/Users/ansar/Desktop/VGGFace2_ArcFace_Project/data/aligned/train/n000101/0172_02.jpg,/mnt/c/Users/ansar/Desktop/VGGFace2_ArcFace_Project/data/aligned/train/n000101/0226_03.jpg,0.2137911021709442,-0.19269383721800065,-0.5487679045854321,0.35607406736743147,0.3707308709017164
random_genuine,/mnt/c/Users/ansar/Desktop/VGGFace2_ArcFace_Project/data/aligned/train/n002492/0023_01.jpg,/mnt/c/Users/ansar/Desktop/VGGFace2_ArcFace_Project/data/aligned/train/n002492/0131_01.jpg,0.335825115442276,0.14419676400810708,-0.004201837300762769,0.14839860130886984,0.07419930065443492
random_genuine,/mnt/c/Users/ansar/Desktop/VGGFace2_ArcFace_Project/data/aligned/train/n003761/0001_01.jpg,/mnt/c/Users/ansar/Desktop/VGGFace2_ArcFace_Project/data/aligned/train/n003761/0194_02.jpg,0.4186139702796936,0.21735445821315022,0.22615099736830538,0.008796539155155159,0.2217527277907278
random_genuine,/mnt/c/Users/ansar/Desktop/VGGFace2_ArcFace_Project/data/aligned/train/n007524/0148_01.jpg,/mnt/c/Users/ansar/Desktop/VGGFace2_ArcFace_Project/data/aligned/train/n007524/0186_01.jpg,0.5703014135360718,-0.06626246202441959,0.16295249080400848,0.22921495282842808,0.11460747641421404
random_genuine,/mnt/c/Users/ansar/Desktop/VGGFace2_ArcFace_Project/data/aligned/train/n001995/0055_01.jpg,/mnt/c/Users/ansar/Desktop/VGGFace2_ArcFace_Project/data/aligned/train/n001995/0070_01.jpg,0.4907414615154266,0.19489762589974857,-0.4132121867218967,0.6081098126216453,0.30405490631082266
random_genuine,/mnt/c/Users/ansar/Desktop/VGGFace2_ArcFace_Project/data/aligned/train/n002515/0033_01.jpg,/mnt/c/Users/ansar/Desktop/VGGFace2_ArcFace_Project/data/aligned/train/n002515/0166_01.jpg,0.6029531955718994,0.14741195139785576,0.10810696982020344,0.03930498157765232,0.1277594606090296
random_genuine,/mnt/c/Users/ansar/Desktop/VGGFace2_ArcFace_Project/data/aligned/train/n004326/0097_01.jpg,/mnt/c/Users/ansar/Desktop/VGGFace2_ArcFace_Project/data/aligned/train/n004326/0173_01.jpg,0.5258844494819641,0.16415947519888627,0.041734978376106874,0.1224244968227794,0.10294722678749657
random_genuine,/mnt/c/Users/ansar/Desktop/VGGFace2_ArcFace_Project/data/aligned/train/n004112/0051_01.jpg,/mnt/c/Users/ansar/Desktop/VGGFace2_ArcFace_Project/data/aligned/train/n004112/0270_01.jpg,0.416510671377182,0.07707263567784889,-0.10272570967721033,0.17979834535505923,0.08989917267752962
random_genuine,/mnt/c/Users/ansar/Desktop/VGGFace2_ArcFace_Project/data/aligned/train/n006926/0090_01.jpg,/mnt/c/Users/ansar/Desktop/VGGFace2_ArcFace_Project/data/aligned/train/n006926/0417_01.jpg,-0.0025017017032951,0.37739089724400693,0.3547546650034212,0.022636232240585752,0.36607278112371405
random_genuine,/mnt/c/Users/ansar/Desktop/VGGFace2_ArcFace_Project/data/aligned/train/n008920/0011_01.jpg,/mnt/c/Users/ansar/Desktop/VGGFace2_ArcFace_Project/data/aligned/train/n008920/0208_01.jpg,0.4309197962284088,-0.01683785344160252,-0.20004766368515195,0.18320981024354943,0.10844275856337723
random_genuine,/mnt/c/Users/ansar/Desktop/VGGFace2_ArcFace_Project/data/aligned/train/n008761/0149_02.jpg,/mnt/c/Users/ansar/Desktop/VGGFace2_ArcFace_Project/data/aligned/train/n008761/0212_01.jpg,0.4961618483066559,0.15258439697229856,0.1915244717029622,0.03894007473066363,0.17205443433763037
random_genuine,/mnt/c/Users/ansar/Desktop/VGGFace2_ArcFace_Project/data/aligned/train/n002919/0219_01.jpg,/mnt/c/Users/ansar/Desktop/VGGFace2_ArcFace_Project/data/aligned/train/n002919/0368_02.jpg,0.3290932774543762,-0.22305716312075632,0.04272979650154991,0.26578695962230625,0.13289347981115313
random_genuine,/mnt/c/Users/ansar/Desktop/VGGFace2_ArcFace_Project/data/aligned/train/n001593/0545_04.jpg,/mnt/c/Users/ansar/Desktop/VGGFace2_ArcFace_Project/data/aligned/train/n001593/0846_03.jpg,-0.0039798612706363,0.2895085955099425,0.19976539199174947,0.08974320351819304,0.244636993750846
random_genuine,/mnt/c/Users/ansar/Desktop/VGGFace2_ArcFace_Project/data/aligned/train/n004057/0095_01.jpg,/mnt/c/Users/ansar/Desktop/VGGFace2_ArcFace_Project/data/aligned/train/n004057/0171_01.jpg,0.3939289450645447,-0.08888774142670082,-0.1028866729471049,0.013998931520404087,0.09588720718690286
random_genuine,/mnt/c/Users/ansar/Desktop/VGGFace2_ArcFace_Project/data/aligned/train/n002480/0122_01.jpg,/mnt/c/Users/ansar/Desktop/VGGFace2_ArcFace_Project/data/aligned/train/n002480/0601_02.jpg,0.1877410858869552,-0.038808085021170224,0.09220684191555995,0.13101492693673017,0.06550746346836508
random_genuine,/mnt/c/Users/ansar/Desktop/VGGFace2_ArcFace_Project/data/aligned/train/n008012/0010_01.jpg,/mnt/c/Users/ansar/Desktop/VGGFace2_ArcFace_Project/data/aligned/train/n008012/0074_01.jpg,0.4677136242389679,-0.3135908995537301,0.11957114481681537,0.43316204437054545,0.21658102218527273
random_genuine,/mnt/c/Users/ansar/Desktop/VGGFace2_ArcFace_Project/data/aligned/train/n008455/0121_02.jpg,/mnt/c/Users/ansar/Desktop/VGGFace2_ArcFace_Project/data/aligned/train/n008455/0480_02.jpg,0.8467903733253479,0.032642732018466986,-0.003260041066097991,0.03590277308456498,0.01795138654228249
random_genuine,/mnt/c/Users/ansar/Desktop/VGGFace2_ArcFace_Project/data/aligned/train/n003715/0139_01.jpg,/mnt/c/Users/ansar/Desktop/VGGFace2_ArcFace_Project/data/aligned/train/n003715/0432_01.jpg,0.5399580597877502,-0.11052073983156838,-0.26943417547371007,0.1589134356421417,0.18997745765263924
random_genuine,/mnt/c/Users/ansar/Desktop/VGGFace2_ArcFace_Project/data/aligned/train/n008342/0241_01.jpg,/mnt/c/Users/ansar/Desktop/VGGFace2_ArcFace_Project/data/aligned/train/n008342/0267_02.jpg,0.3650789856910705,-0.3086499526720271,-0.12028292210748938,0.18836703056453774,0.21446643738975824
random_genuine,/mnt/c/Users/ansar/Desktop/VGGFace2_ArcFace_Project/data/aligned/train/n002798/0028_01.jpg,/mnt/c/Users/ansar/Desktop/VGGFace2_ArcFace_Project/data/aligned/train/n002798/0140_02.jpg,0.4295903444290161,0.20793629143882972,-0.3256174816928997,0.5335537731317295,0.26677688656586473
random_genuine,/mnt/c/Users/ansar/Desktop/VGGFace2_ArcFace_Project/data/aligned/train/n008323/0327_02.jpg,/mnt/c/Users/ansar/Desktop/VGGFace2_ArcFace_Project/data/aligned/train/n008323/0359_03.jpg,0.2667202055454254,-0.33997959747042855,0.6228373323699474,0.9628169298403759,0.48140846492018796
random_genuine,/mnt/c/Users/ansar/Desktop/VGGFace2_ArcFace_Project/data/aligned/train/n007335/0068_01.jpg,/mnt/c/Users/ansar/Desktop/VGGFace2_ArcFace_Project/data/aligned/train/n007335/0504_01.jpg,0.2825772762298584,0.3082158977601601,-0.11517068158939557,0.4233865793495557,0.21169328967477785
random_genuine,/mnt/c/Users/ansar/Desktop/VGGFace2_ArcFace_Project/data/aligned/train/n008070/0092_01.jpg,/mnt/c/Users/ansar/Desktop/VGGFace2_ArcFace_Project/data/aligned/train/n008070/0235_01.jpg,0.1905234307050705,0.4393519738731518,-0.4580475290193309,0.8973995028924826,0.4486997514462413
random_genuine,/mnt/c/Users/ansar/Desktop/VGGFace2_ArcFace_Project/data/aligned/train/n003190/0013_01.jpg,/mnt/c/Users/ansar/Desktop/VGGFace2_ArcFace_Project/data/aligned/train/n003190/0914_01.jpg,0.2183540910482406,-0.1574864675340572,-0.2565697711383525,0.09908330360429529,0.20702811933620485
random_genuine,/mnt/c/Users/ansar/Desktop/VGGFace2_ArcFace_Project/data/aligned/train/n006853/0154_01.jpg,/mnt/c/Users/ansar/Desktop/VGGFace2_ArcFace_Project/data/aligned/train/n006853/0193_01.jpg,0.4828435182571411,-0.5492735668843667,0.40655273381525736,0.955826300699624,0.477913150349812
random_genuine,/mnt/c/Users/ansar/Desktop/VGGFace2_ArcFace_Project/data/aligned/train/n005095/0004_02.jpg,/mnt/c/Users/ansar/Desktop/VGGFace2_ArcFace_Project/data/aligned/train/n005095/0518_01.jpg,0.4736962020397186,-0.16126633151078332,0.09264342398026701,0.2539097554910503,0.12695487774552516
random_genuine,/mnt/c/Users/ansar/Desktop/VGGFace2_ArcFace_Project/data/aligned/train/n008671/0059_01.jpg,/mnt/c/Users/ansar/Desktop/VGGFace2_ArcFace_Project/data/aligned/train/n008671/0154_01.jpg,0.0944415628910064,0.5375714369065576,0.02690360543269416,0.5106678314738634,0.2822375211696259
random_genuine,/mnt/c/Users/ansar/Desktop/VGGFace2_ArcFace_Project/data/aligned/train/n008248/0025_01.jpg,/mnt/c/Users/ansar/Desktop/VGGFace2_ArcFace_Project/data/aligned/train/n008248/0108_01.jpg,0.6997727751731873,-0.00022554902980258124,0.4615962332230062,0.4618217822528088,0.2309108911264044
random_genuine,/mnt/c/Users/ansar/Desktop/VGGFace2_ArcFace_Project/data/aligned/train/n007123/0275_01.jpg,/mnt/c/Users/ansar/Desktop/VGGFace2_ArcFace_Project/data/aligned/train/n007123/0289_01.jpg,0.1381289809942245,0.04245309727404432,-0.06008757450565257,0.10254067177969689,0.051270335889848445
random_genuine,/mnt/c/Users/ansar/Desktop/VGGFace2_ArcFace_Project/data/aligned/train/n007904/0120_01.jpg,/mnt/c/Users/ansar/Desktop/VGGFace2_ArcFace_Project/data/aligned/train/n007904/0531_04.jpg,0.5262579321861267,0.007076839925057509,-0.03822529928876227,0.04530213921381978,0.02265106960690989
random_genuine,/mnt/c/Users/ansar/Desktop/VGGFace2_ArcFace_Project/data/aligned/train/n005606/0007_01.jpg,/mnt/c/Users/ansar/Desktop/VGGFace2_ArcFace_Project/data/aligned/train/n005606/0017_01.jpg,0.5294749140739441,-0.3239732710263845,-0.04800536187881613,0.2759679091475684,0.1859893164526003
random_genuine,/mnt/c/Users/ansar/Desktop/VGGFace2_ArcFace_Project/data/aligned/train/n002200/0275_01.jpg,/mnt/c/Users/ansar/Desktop/VGGFace2_ArcFace_Project/data/aligned/train/n002200/0446_01.jpg,0.5857347846031189,0.06906386188703534,0.08798170561698637,0.018917843729951034,0.07852278375201086
random_genuine,/mnt/c/Users/ansar/Desktop/VGGFace2_ArcFace_Project/data/aligned/train/n003432/0083_01.jpg,/mnt/c/Users/ansar/Desktop/VGGFace2_ArcFace_Project/data/aligned/train/n003432/0092_01.jpg,0.4780877232551574,0.09887507912079896,0.020861534047128556,0.0780135450736704,0.059868306583963755
random_genuine,/mnt/c/Users/ansar/Desktop/VGGFace2_ArcFace_Project/data/aligned/train/n006024/0022_01.jpg,/mnt/c/Users/ansar/Desktop/VGGFace2_ArcFace_Project/data/aligned/train/n006024/0264_01.jpg,0.4133395552635193,0.13403463499186707,0.10018795020989342,0.033846684781973654,0.11711129260088024
random_genuine,/mnt/c/Users/ansar/Desktop/VGGFace2_ArcFace_Project/data/aligned/train/n002733/0179_02.jpg,/mnt/c/Users/ansar/Desktop/VGGFace2_ArcFace_Project/data/aligned/train/n002733/0250_01.jpg,0.3906119167804718,0.13099819258463122,0.35087863262069346,0.21988044003606225,0.24093841260266236
random_genuine,/mnt/c/Users/ansar/Desktop/VGGFace2_ArcFace_Project/data/aligned/train/n000967/0178_01.jpg,/mnt/c/Users/ansar/Desktop/VGGFace2_ArcFace_Project/data/aligned/train/n000967/0255_01.jpg,0.5419356226921082,0.48586271998972,0.41080520943676374,0.07505751055295629,0.4483339647132419
random_genuine,/mnt/c/Users/ansar/Desktop/VGGFace2_ArcFace_Project/data/aligned/train/n004802/0422_01.jpg,/mnt/c/Users/ansar/Desktop/VGGFace2_ArcFace_Project/data/aligned/train/n004802/0443_01.jpg,0.6126697659492493,0.04542219524356673,0.19008890614847548,0.14466671090490876,0.1177555506960211
random_genuine,/mnt/c/Users/ansar/Desktop/VGGFace2_ArcFace_Project/data/aligned/train/n006730/0089_01.jpg,/mnt/c/Users/ansar/Desktop/VGGFace2_ArcFace_Project/data/aligned/train/n006730/0156_01.jpg,0.2832555472850799,0.10388697453066217,-0.17088474165758477,0.2747717161882469,0.13738585809412346
random_genuine,/mnt/c/Users/ansar/Desktop/VGGFace2_ArcFace_Project/data/aligned/train/n007134/0248_01.jpg,/mnt/c/Users/ansar/Desktop/VGGFace2_ArcFace_Project/data/aligned/train/n007134/0256_01.jpg,0.3774118423461914,0.07936476954520456,-0.08849085033811323,0.1678556198833178,0.0839278099416589
random_genuine,/mnt/c/Users/ansar/Desktop/VGGFace2_ArcFace_Project/data/aligned/train/n006876/0022_01.jpg,/mnt/c/Users/ansar/Desktop/VGGFace2_ArcFace_Project/data/aligned/train/n006876/0097_01.jpg,0.3540199100971222,0.26714572448807244,-0.4662948706632054,0.7334405951512779,0.36672029757563895
random_genuine,/mnt/c/Users/ansar/Desktop/VGGFace2_ArcFace_Project/data/aligned/train/n005254/0092_01.jpg,/mnt/c/Users/ansar/Desktop/VGGFace2_ArcFace_Project/data/aligned/train/n005254/0262_01.jpg,0.2285630702972412,-0.02433939554661994,-0.07922230043118209,0.05488290488456214,0.051780847988901015
random_genuine,/mnt/c/Users/ansar/Desktop/VGGFace2_ArcFace_Project/data/aligned/train/n003373/0017_01.jpg,/mnt/c/Users/ansar/Desktop/VGGFace2_ArcFace_Project/data/aligned/train/n003373/0298_01.jpg,0.522369384765625,-0.1424749947840431,-0.2812729478973828,0.13879795311333967,0.21187397134071295
random_genuine,/mnt/c/Users/ansar/Desktop/VGGFace2_ArcFace_Project/data/aligned/train/n007907/0202_01.jpg,/mnt/c/Users/ansar/Desktop/VGGFace2_ArcFace_Project/data/aligned/train/n007907/0278_02.jpg,0.4710054397583008,-0.21579153827057634,-0.13560221126429553,0.08018932700628081,0.17569687476743595
random_genuine,/mnt/c/Users/ansar/Desktop/VGGFace2_ArcFace_Project/data/aligned/train/n003226/0034_02.jpg,/mnt/c/Users/ansar/Desktop/VGGFace2_ArcFace_Project/data/aligned/train/n003226/0219_02.jpg,0.5004965662956238,0.0690232074402908,0.21976236355753248,0.15073915611724167,0.14439278549891166
random_genuine,/mnt/c/Users/ansar/Desktop/VGGFace2_ArcFace_Project/data/aligned/train/n001606/0148_01.jpg,/mnt/c/Users/ansar/Desktop/VGGFace2_ArcFace_Project/data/aligned/train/n001606/0246_01.jpg,0.1838296949863433,-0.43099434180085816,0.048435898321331446,0.4794302401221896,0.2397151200610948
random_genuine,/mnt/c/Users/ansar/Desktop/VGGFace2_ArcFace_Project/data/aligned/train/n006556/0232_01.jpg,/mnt/c/Users/ansar/Desktop/VGGFace2_ArcFace_Project/data/aligned/train/n006556/0237_02.jpg,0.273648589849472,0.06028927489787004,0.06167848733874089,0.0013892124408708476,0.060983881118305466
random_genuine,/mnt/c/Users/ansar/Desktop/VGGFace2_ArcFace_Project/data/aligned/train/n002205/0029_01.jpg,/mnt/c/Users/ansar/Desktop/VGGFace2_ArcFace_Project/data/aligned/train/n002205/0206_01.jpg,0.3840859234333038,-0.19689392957504342,0.04929827698747755,0.24619220656252097,0.12309610328126049
random_genuine,/mnt/c/Users/ansar/Desktop/VGGFace2_ArcFace_Project/data/aligned/train/n003595/0029_01.jpg,/mnt/c/Users/ansar/Desktop/VGGFace2_ArcFace_Project/data/aligned/train/n003595/0197_01.jpg,0.2883813977241516,-0.00042019802636592213,-0.35000102582888454,0.3495808278025186,0.17521061192762524
random_genuine,/mnt/c/Users/ansar/Desktop/VGGFace2_ArcFace_Project/data/aligned/train/n001340/0033_01.jpg,/mnt/c/Users/ansar/Desktop/VGGFace2_ArcFace_Project/data/aligned/train/n001340/0328_01.jpg,0.1609915196895599,-0.08311526811961374,-0.7926703520864983,0.7095550839668845,0.43789281010305603
random_genuine,/mnt/c/Users/ansar/Desktop/VGGFace2_ArcFace_Project/data/aligned/train/n003477/0049_01.jpg,/mnt/c/Users/ansar/Desktop/VGGFace2_ArcFace_Project/data/aligned/train/n003477/0060_01.jpg,0.4182929396629333,-0.5110669895320749,-0.10888881903156734,0.4021781705005075,0.3099779042818211
random_genuine,/mnt/c/Users/ansar/Desktop/VGGFace2_ArcFace_Project/data/aligned/train/n002249/0171_02.jpg,/mnt/c/Users/ansar/Desktop/VGGFace2_ArcFace_Project/data/aligned/train/n002249/0282_01.jpg,0.2781617939472198,0.45580196618828855,0.10662619265088351,0.34917577353740503,0.28121407941958604
random_genuine,/mnt/c/Users/ansar/Desktop/VGGFace2_ArcFace_Project/data/aligned/train/n008614/0013_01.jpg,/mnt/c/Users/ansar/Desktop/VGGFace2_ArcFace_Project/data/aligned/train/n008614/0020_01.jpg,0.6193506121635437,-0.10875170481062606,0.03447170925267885,0.1432234140633049,0.07161170703165246
random_genuine,/mnt/c/Users/ansar/Desktop/VGGFace2_ArcFace_Project/data/aligned/train/n006828/0061_01.jpg,/mnt/c/Users/ansar/Desktop/VGGFace2_ArcFace_Project/data/aligned/train/n006828/0476_02.jpg,0.6913414001464844,-0.034578258524334486,0.1758983192724467,0.2104765777967812,0.1052382888983906
random_genuine,/mnt/c/Users/ansar/Desktop/VGGFace2_ArcFace_Project/data/aligned/train/n001719/0037_01.jpg,/mnt/c/Users/ansar/Desktop/VGGFace2_ArcFace_Project/data/aligned/train/n001719/0126_01.jpg,0.3896034657955169,-0.0675941188143375,-0.31401502133125464,0.24642090251691715,0.19080457007279605
random_genuine,/mnt/c/Users/ansar/Desktop/VGGFace2_ArcFace_Project/data/aligned/train/n006610/0190_03.jpg,/mnt/c/Users/ansar/Desktop/VGGFace2_ArcFace_Project/data/aligned/train/n006610/0258_01.jpg,0.6121596097946167,0.19946756662039933,0.025995005867606905,0.17347256075279244,0.11273128624400311
random_genuine,/mnt/c/Users/ansar/Desktop/VGGFace2_ArcFace_Project/data/aligned/train/n005991/0072_01.jpg,/mnt/c/Users/ansar/Desktop/VGGFace2_ArcFace_Project/data/aligned/train/n005991/0152_01.jpg,0.2946578860282898,-0.24384604158379247,0.629971508497792,0.8738175500815846,0.4369087750407923
random_genuine,/mnt/c/Users/ansar/Desktop/VGGFace2_ArcFace_Project/data/aligned/train/n000593/0060_01.jpg,/mnt/c/Users/ansar/Desktop/VGGFace2_ArcFace_Project/data/aligned/train/n000593/0179_01.jpg,0.313242644071579,0.02323094848111327,0.6123329742275306,0.5891020257464173,0.31778196135432196
random_genuine,/mnt/c/Users/ansar/Desktop/VGGFace2_ArcFace_Project/data/aligned/train/n003481/0171_01.jpg,/mnt/c/Users/ansar/Desktop/VGGFace2_ArcFace_Project/data/aligned/train/n003481/0203_04.jpg,0.3402883112430572,0.006950322973306281,0.09096875899478925,0.08401843602148297,0.04895954098404776
random_genuine,/mnt/c/Users/ansar/Desktop/VGGFace2_ArcFace_Project/data/aligned/train/n002598/0178_01.jpg,/mnt/c/Users/ansar/Desktop/VGGFace2_ArcFace_Project/data/aligned/train/n002598/0450_01.jpg,0.4681146442890167,-0.009783809706547048,-0.0966873817775399,0.08690357207099285,0.05323559574204347
random_genuine,/mnt/c/Users/ansar/Desktop/VGGFace2_ArcFace_Project/data/aligned/train/n008364/0132_01.jpg,/mnt/c/Users/ansar/Desktop/VGGFace2_ArcFace_Project/data/aligned/train/n008364/0219_01.jpg,0.3328257203102112,-0.9293237578709003,-0.18913368117562407,0.7401900766952763,0.5592287195232621
random_genuine,/mnt/c/Users/ansar/Desktop/VGGFace2_ArcFace_Project/data/aligned/train/n003016/0078_01.jpg,/mnt/c/Users/ansar/Desktop/VGGFace2_ArcFace_Project/data/aligned/train/n003016/0109_02.jpg,0.5372227430343628,-0.016023015882684007,-0.19793899041000124,0.18191597452731723,0.10698100314634262
random_genuine,/mnt/c/Users/ansar/Desktop/VGGFace2_ArcFace_Project/data/aligned/train/n000487/0028_03.jpg,/mnt/c/Users/ansar/Desktop/VGGFace2_ArcFace_Project/data/aligned/train/n000487/0036_01.jpg,0.6682158708572388,-0.017598562158147184,0.0017139984535836457,0.01931256061173083,0.009656280305865414
random_genuine,/mnt/c/Users/ansar/Desktop/VGGFace2_ArcFace_Project/data/aligned/train/n008386/0163_01.jpg,/mnt/c/Users/ansar/Desktop/VGGFace2_ArcFace_Project/data/aligned/train/n008386/0351_04.jpg,0.3201302289962768,0.00779357078190062,0.2954169431393955,0.28762337235749486,0.15160525696064805
random_genuine,/mnt/c/Users/ansar/Desktop/VGGFace2_ArcFace_Project/data/aligned/train/n008997/0099_01.jpg,/mnt/c/Users/ansar/Desktop/VGGFace2_ArcFace_Project/data/aligned/train/n008997/0155_01.jpg,0.2146922349929809,0.2943722742916961,0.32181771075352994,0.02744543646183384,0.308094992522613
random_genuine,/mnt/c/Users/ansar/Desktop/VGGFace2_ArcFace_Project/data/aligned/train/n009048/0076_01.jpg,/mnt/c/Users/ansar/Desktop/VGGFace2_ArcFace_Project/data/aligned/train/n009048/0385_01.jpg,0.6240788698196411,0.08048539665995087,-0.2131265128643221,0.29361190952427296,0.14680595476213648
random_genuine,/mnt/c/Users/ansar/Desktop/VGGFace2_ArcFace_Project/data/aligned/train/n001081/0051_01.jpg,/mnt/c/Users/ansar/Desktop/VGGFace2_ArcFace_Project/data/aligned/train/n001081/0137_01.jpg,0.4140723943710327,0.007978525373596905,-0.13842916609493508,0.146407691468532,0.073203845734266
random_genuine,/mnt/c/Users/ansar/Desktop/VGGFace2_ArcFace_Project/data/aligned/train/n000521/0275_01.jpg,/mnt/c/Users/ansar/Desktop/VGGFace2_ArcFace_Project/data/aligned/train/n000521/0325_02.jpg,0.5779087543487549,-0.027430419743579706,0.04097226734439129,0.068402687087971,0.0342013435439855
random_genuine,/mnt/c/Users/ansar/Desktop/VGGFace2_ArcFace_Project/data/aligned/train/n000045/0031_02.jpg,/mnt/c/Users/ansar/Desktop/VGGFace2_ArcFace_Project/data/aligned/train/n000045/0092_01.jpg,0.4398744106292724,-0.037900583168464834,-0.13019262996896172,0.09229204680049688,0.08404660656871328
random_genuine,/mnt/c/Users/ansar/Desktop/VGGFace2_ArcFace_Project/data/aligned/train/n007522/0015_01.jpg,/mnt/c/Users/ansar/Desktop/VGGFace2_ArcFace_Project/data/aligned/train/n007522/0367_01.jpg,0.2402783334255218,-0.0033107592576736176,0.7638552359905765,0.7671659952482501,0.38358299762412507
random_genuine,/mnt/c/Users/ansar/Desktop/VGGFace2_ArcFace_Project/data/aligned/train/n005879/0241_01.jpg,/mnt/c/Users/ansar/Desktop/VGGFace2_ArcFace_Project/data/aligned/train/n005879/0243_01.jpg,0.7116555571556091,0.6721458618265754,0.6202713729845,0.05187448884207546,0.6462086174055377
random_genuine,/mnt/c/Users/ansar/Desktop/VGGFace2_ArcFace_Project/data/aligned/train/n004975/0284_02.jpg,/mnt/c/Users/ansar/Desktop/VGGFace2_ArcFace_Project/data/aligned/train/n004975/0395_01.jpg,0.3652381002902984,-0.883098182314346,0.6005857212574055,1.4836839035717515,0.7418419517858758
random_genuine,/mnt/c/Users/ansar/Desktop/VGGFace2_ArcFace_Project/data/aligned/train/n000900/0222_01.jpg,/mnt/c/Users/ansar/Desktop/VGGFace2_ArcFace_Project/data/aligned/train/n000900/0247_01.jpg,0.4083917140960693,-0.030255812349611756,0.005375865553023795,0.03563167790263555,0.017815838951317775
random_genuine,/mnt/c/Users/ansar/Desktop/VGGFace2_ArcFace_Project/data/aligned/train/n002435/0029_03.jpg,/mnt/c/Users/ansar/Desktop/VGGFace2_ArcFace_Project/data/aligned/train/n002435/0718_03.jpg,0.0370384566485881,-0.11100358444241525,-0.19966413890819873,0.08866055446578348,0.155333861675307
random_genuine,/mnt/c/Users/ansar/Desktop/VGGFace2_ArcFace_Project/data/aligned/train/n005219/0197_01.jpg,/mnt/c/Users/ansar/Desktop/VGGFace2_ArcFace_Project/data/aligned/train/n005219/0235_02.jpg,0.2791821360588074,-0.20941608706554868,-0.09249512734957202,0.11692095971597666,0.15095560720756035
random_genuine,/mnt/c/Users/ansar/Desktop/VGGFace2_ArcFace_Project/data/aligned/train/n002734/0016_01.jpg,/mnt/c/Users/ansar/Desktop/VGGFace2_ArcFace_Project/data/aligned/train/n002734/0241_01.jpg,0.5264589786529541,0.10782250592303418,0.07743002735670136,0.030392478566332815,0.09262626663986777
random_genuine,/mnt/c/Users/ansar/Desktop/VGGFace2_ArcFace_Project/data/aligned/train/n007989/0125_01.jpg,/mnt/c/Users/ansar/Desktop/VGGFace2_ArcFace_Project/data/aligned/train/n007989/0381_01.jpg,0.1544317752122879,0.02292808987712899,-0.02605984981321673,0.04898793969034572,0.02449396984517286
random_genuine,/mnt/c/Users/ansar/Desktop/VGGFace2_ArcFace_Project/data/aligned/train/n002193/0094_01.jpg,/mnt/c/Users/ansar/Desktop/VGGFace2_ArcFace_Project/data/aligned/train/n002193/0097_01.jpg,0.3985725045204162,-0.22927112492863255,-0.49133033229912887,0.2620592073704963,0.36030072861388074
random_genuine,/mnt/c/Users/ansar/Desktop/VGGFace2_ArcFace_Project/data/aligned/train/n006115/0103_01.jpg,/mnt/c/Users/ansar/Desktop/VGGFace2_ArcFace_Project/data/aligned/train/n006115/0170_01.jpg,0.4667582809925079,0.007595250216253557,0.4287842839318482,0.42118903371559463,0.21818976707405088
random_genuine,/mnt/c/Users/ansar/Desktop/VGGFace2_ArcFace_Project/data/aligned/train/n006417/0115_02.jpg,/mnt/c/Users/ansar/Desktop/VGGFace2_ArcFace_Project/data/aligned/train/n006417/0200_01.jpg,0.2502631247043609,0.11660267511085252,0.8121564878481515,0.695553812737299,0.46437958147950203
random_genuine,/mnt/c/Users/ansar/Desktop/VGGFace2_ArcFace_Project/data/aligned/train/n008372/0034_01.jpg,/mnt/c/Users/ansar/Desktop/VGGFace2_ArcFace_Project/data/aligned/train/n008372/0151_01.jpg,0.3131174743175506,0.023321126350864946,-0.04728240469001983,0.07060353104088478,0.03530176552044239
random_genuine,/mnt/c/Users/ansar/Desktop/VGGFace2_ArcFace_Project/data/aligned/train/n006470/0009_01.jpg,/mnt/c/Users/ansar/Desktop/VGGFace2_ArcFace_Project/data/aligned/train/n006470/0150_01.jpg,0.4790340363979339,0.07051765139070296,-0.01173493525704281,0.08225258664774576,0.04112629332387288
random_genuine,/mnt/c/Users/ansar/Desktop/VGGFace2_ArcFace_Project/data/aligned/train/n006283/0158_01.jpg,/mnt/c/Users/ansar/Desktop/VGGFace2_ArcFace_Project/data/aligned/train/n006283/0162_02.jpg,0.1779315024614334,0.6095737079792037,-0.2581718855746741,0.8677455935538778,0.4338727967769389
random_genuine,/mnt/c/Users/ansar/Desktop/VGGFace2_ArcFace_Project/data/aligned/train/n000538/0229_02.jpg,/mnt/c/Users/ansar/Desktop/VGGFace2_ArcFace_Project/data/aligned/train/n000538/0309_01.jpg,0.4254492521286011,-0.16100817407840254,0.4867160861934004,0.647724260271803,0.3238621301359015
random_genuine,/mnt/c/Users/ansar/Desktop/VGGFace2_ArcFace_Project/data/aligned/train/n005124/0085_01.jpg,/mnt/c/Users/ansar/Desktop/VGGFace2_ArcFace_Project/data/aligned/train/n005124/0397_01.jpg,0.343937873840332,-0.09474770250711204,0.04989386059222305,0.14464156309933507,0.07232078154966753
random_genuine,/mnt/c/Users/ansar/Desktop/VGGFace2_ArcFace_Project/data/aligned/train/n003367/0013_02.jpg,/mnt/c/Users/ansar/Desktop/VGGFace2_ArcFace_Project/data/aligned/train/n003367/0102_02.jpg,0.6424460411071777,0.11205391826721438,-0.2611480058675049,0.3732019241347193,0.18660096206735965
random_genuine,/mnt/c/Users/ansar/Desktop/VGGFace2_ArcFace_Project/data/aligned/train/n006607/0166_02.jpg,/mnt/c/Users/ansar/Desktop/VGGFace2_ArcFace_Project/data/aligned/train/n006607/0167_01.jpg,0.4006593227386474,0.007710845249013956,0.7542055519735407,0.7464947067245267,0.38095819861127733
random_genuine,/mnt/c/Users/ansar/Desktop/VGGFace2_ArcFace_Project/data/aligned/train/n007058/0070_01.jpg,/mnt/c/Users/ansar/Desktop/VGGFace2_ArcFace_Project/data/aligned/train/n007058/0347_01.jpg,0.1074593812227249,-0.30614547101200196,0.008908085201263873,0.3150535562132658,0.1575267781066329
random_genuine,/mnt/c/Users/ansar/Desktop/VGGFace2_ArcFace_Project/data/aligned/train/n002829/0115_01.jpg,/mnt/c/Users/ansar/Desktop/VGGFace2_ArcFace_Project/data/aligned/train/n002829/0158_02.jpg,0.5224090814590454,0.010430565038004727,0.015664559349792048,0.00523399431178732,0.013047562193898387
random_genuine,/mnt/c/Users/ansar/Desktop/VGGFace2_ArcFace_Project/data/aligned/train/n007988/0013_01.jpg,/mnt/c/Users/ansar/Desktop/VGGFace2_ArcFace_Project/data/aligned/train/n007988/0105_01.jpg,0.3768781721591949,0.06845673544986385,-0.1622938987836849,0.23075063423354875,0.11537531711677437
random_genuine,/mnt/c/Users/ansar/Desktop/VGGFace2_ArcFace_Project/data/aligned/train/n003596/0100_01.jpg,/mnt/c/Users/ansar/Desktop/VGGFace2_ArcFace_Project/data/aligned/train/n003596/0196_04.jpg,0.4770371913909912,-0.05015392963700941,-0.05581871775526005,0.005664788118250642,0.052986323696134735
random_genuine,/mnt/c/Users/ansar/Desktop/VGGFace2_ArcFace_Project/data/aligned/train/n004736/0121_01.jpg,/mnt/c/Users/ansar/Desktop/VGGFace2_ArcFace_Project/data/aligned/train/n004736/0337_01.jpg,0.2121828943490982,0.45586070988572824,-0.9944715211473756,1.4503322310331037,0.7251661155165519
random_genuine,/mnt/c/Users/ansar/Desktop/VGGFace2_ArcFace_Project/data/aligned/train/n003930/0224_02.jpg,/mnt/c/Users/ansar/Desktop/VGGFace2_ArcFace_Project/data/aligned/train/n003930/0302_01.jpg,0.4130120277404785,-0.05810575766716679,0.024073925237423112,0.0821796829045899,0.04108984145229495
random_genuine,/mnt/c/Users/ansar/Desktop/VGGFace2_ArcFace_Project/data/aligned/train/n002713/0111_01.jpg,/mnt/c/Users/ansar/Desktop/VGGFace2_ArcFace_Project/data/aligned/train/n002713/0160_01.jpg,0.5342539548873901,0.0163661386932979,-0.05800010026036641,0.07436623895366432,0.03718311947683216
random_genuine,/mnt/c/Users/ansar/Desktop/VGGFace2_ArcFace_Project/data/aligned/train/n002794/0335_01.jpg,/mnt/c/Users/ansar/Desktop/VGGFace2_ArcFace_Project/data/aligned/train/n002794/0353_03.jpg,0.264266163110733,0.003780737993368208,-0.12117457453842677,0.12495531253179498,0.06247765626589749
random_genuine,/mnt/c/Users/ansar/Desktop/VGGFace2_ArcFace_Project/data/aligned/train/n003109/0129_01.jpg,/mnt/c/Users/ansar/Desktop/VGGFace2_ArcFace_Project/data/aligned/train/n003109/0351_01.jpg,0.4539677202701568,0.1637893390480113,0.11181283789989326,0.05197650114811804,0.13780108847395228
random_genuine,/mnt/c/Users/ansar/Desktop/VGGFace2_ArcFace_Project/data/aligned/train/n001109/0046_01.jpg,/mnt/c/Users/ansar/Desktop/VGGFace2_ArcFace_Project/data/aligned/train/n001109/0405_01.jpg,0.3966563045978546,-0.11663196522166644,-0.5992358648994321,0.48260389967776574,0.3579339150605493
random_genuine,/mnt/c/Users/ansar/Desktop/VGGFace2_ArcFace_Project/data/aligned/train/n006070/0311_01.jpg,/mnt/c/Users/ansar/Desktop/VGGFace2_ArcFace_Project/data/aligned/train/n006070/0327_01.jpg,0.2249816954135894,0.32474149128824403,-0.47410766811045707,0.798849159398701,0.3994245796993505
random_genuine,/mnt/c/Users/ansar/Desktop/VGGFace2_ArcFace_Project/data/aligned/train/n000014/0089_01.jpg,/mnt/c/Users/ansar/Desktop/VGGFace2_ArcFace_Project/data/aligned/train/n000014/0130_26.jpg,0.2233413606882095,-0.4901594897692863,0.04256851555816191,0.5327280053274482,0.2663640026637241
random_genuine,/mnt/c/Users/ansar/Desktop/VGGFace2_ArcFace_Project/data/aligned/train/n003426/0095_01.jpg,/mnt/c/Users/ansar/Desktop/VGGFace2_ArcFace_Project/data/aligned/train/n003426/0227_02.jpg,0.2441837638616562,-0.04436315709837747,-0.5990870351537697,0.5547238780553922,0.3217250961260736
random_genuine,/mnt/c/Users/ansar/Desktop/VGGFace2_ArcFace_Project/data/aligned/train/n001283/0004_01.jpg,/mnt/c/Users/ansar/Desktop/VGGFace2_ArcFace_Project/data/aligned/train/n001283/0173_01.jpg,0.1024655476212501,-0.025388353516157664,0.7991276281734454,0.824515981689603,0.4122579908448015
random_genuine,/mnt/c/Users/ansar/Desktop/VGGFace2_ArcFace_Project/data/aligned/train/n005770/0185_01.jpg,/mnt/c/Users/ansar/Desktop/VGGFace2_ArcFace_Project/data/aligned/train/n005770/0284_01.jpg,0.5306283831596375,0.12335079797928292,0.008669271377404085,0.11468152660187883,0.0660100346783435
random_genuine,/mnt/c/Users/ansar/Desktop/VGGFace2_ArcFace_Project/data/aligned/train/n002938/0071_01.jpg,/mnt/c/Users/ansar/Desktop/VGGFace2_ArcFace_Project/data/aligned/train/n002938/0131_01.jpg,0.5529289841651917,-0.1597928928119889,-0.05812593845007393,0.10166695436191497,0.10895941563103143
random_genuine,/mnt/c/Users/ansar/Desktop/VGGFace2_ArcFace_Project/data/aligned/train/n001559/0066_01.jpg,/mnt/c/Users/ansar/Desktop/VGGFace2_ArcFace_Project/data/aligned/train/n001559/0093_02.jpg,0.4359088242053985,0.23034617351779466,-0.3566958472087569,0.5870420207265515,0.29352101036327577
random_genuine,/mnt/c/Users/ansar/Desktop/VGGFace2_ArcFace_Project/data/aligned/train/n001044/0259_02.jpg,/mnt/c/Users/ansar/Desktop/VGGFace2_ArcFace_Project/data/aligned/train/n001044/0430_01.jpg,0.4243965744972229,0.08022360625187575,0.09282043094343219,0.012596824691556444,0.08652201859765396
random_genuine,/mnt/c/Users/ansar/Desktop/VGGFace2_ArcFace_Project/data/aligned/train/n008299/0023_01.jpg,/mnt/c/Users/ansar/Desktop/VGGFace2_ArcFace_Project/data/aligned/train/n008299/0180_01.jpg,0.254136860370636,-0.11968073014430178,-0.5479622864406131,0.42828155629631126,0.33382150829245744
random_genuine,/mnt/c/Users/ansar/Desktop/VGGFace2_ArcFace_Project/data/aligned/train/n000247/0061_01.jpg,/mnt/c/Users/ansar/Desktop/VGGFace2_ArcFace_Project/data/aligned/train/n000247/0108_03.jpg,0.4447145462036133,-0.07375536133890953,-0.19630317311753046,0.12254781177862092,0.13502926722822
random_genuine,/mnt/c/Users/ansar/Desktop/VGGFace2_ArcFace_Project/data/aligned/train/n002308/0146_01.jpg,/mnt/c/Users/ansar/Desktop/VGGFace2_ArcFace_Project/data/aligned/train/n002308/0297_01.jpg,0.2078944742679596,-0.61332800736444,0.3567035118975636,0.9700315192620037,0.48501575963100185
random_genuine,/mnt/c/Users/ansar/Desktop/VGGFace2_ArcFace_Project/data/aligned/train/n005158/0271_01.jpg,/mnt/c/Users/ansar/Desktop/VGGFace2_ArcFace_Project/data/aligned/train/n005158/0272_01.jpg,0.2218366861343383,0.10289005001421744,0.05188568592129701,0.05100436409292043,0.07738786796775723
random_genuine,/mnt/c/Users/ansar/Desktop/VGGFace2_ArcFace_Project/data/aligned/train/n003719/0046_01.jpg,/mnt/c/Users/ansar/Desktop/VGGFace2_ArcFace_Project/data/aligned/train/n003719/0210_01.jpg,0.5055683851242065,0.011101567784432052,0.12186170638778976,0.1107601386033577,0.0664816370861109
random_genuine,/mnt/c/Users/ansar/Desktop/VGGFace2_ArcFace_Project/data/aligned/train/n002450/0204_01.jpg,/mnt/c/Users/ansar/Desktop/VGGFace2_ArcFace_Project/data/aligned/train/n002450/0443_01.jpg,0.5004206895828247,0.09392242773181124,-0.16892267304595343,0.2628451007777647,0.13142255038888234
random_genuine,/mnt/c/Users/ansar/Desktop/VGGFace2_ArcFace_Project/data/aligned/train/n008807/0026_01.jpg,/mnt/c/Users/ansar/Desktop/VGGFace2_ArcFace_Project/data/aligned/train/n008807/0296_01.jpg,0.3572737574577331,-0.06519982466317455,-0.14384021423432408,0.07864038957114954,0.10452001944874931
random_genuine,/mnt/c/Users/ansar/Desktop/VGGFace2_ArcFace_Project/data/aligned/train/n006386/0005_01.jpg,/mnt/c/Users/ansar/Desktop/VGGFace2_ArcFace_Project/data/aligned/train/n006386/0175_03.jpg,0.6604018807411194,0.03056038559874776,0.05733079758363301,0.026770411984885254,0.04394559159119039
random_genuine,/mnt/c/Users/ansar/Desktop/VGGFace2_ArcFace_Project/data/aligned/train/n000992/0043_01.jpg,/mnt/c/Users/ansar/Desktop/VGGFace2_ArcFace_Project/data/aligned/train/n000992/0372_01.jpg,0.5480445027351379,0.04793183197318764,0.23771016442232,0.18977833244913236,0.14282099819775382
random_genuine,/mnt/c/Users/ansar/Desktop/VGGFace2_ArcFace_Project/data/aligned/train/n002237/0124_01.jpg,/mnt/c/Users/ansar/Desktop/VGGFace2_ArcFace_Project/data/aligned/train/n002237/0285_01.jpg,0.5479590892791748,0.3630129504778355,0.36819887080857916,0.005185920330743665,0.36560591064320735
random_genuine,/mnt/c/Users/ansar/Desktop/VGGFace2_ArcFace_Project/data/aligned/train/n001695/0075_01.jpg,/mnt/c/Users/ansar/Desktop/VGGFace2_ArcFace_Project/data/aligned/train/n001695/0328_01.jpg,0.6157524585723877,-0.040402406376530024,-0.22859590769913285,0.18819350132260282,0.13449915703783144
random_genuine,/mnt/c/Users/ansar/Desktop/VGGFace2_ArcFace_Project/data/aligned/train/n002350/0156_01.jpg,/mnt/c/Users/ansar/Desktop/VGGFace2_ArcFace_Project/data/aligned/train/n002350/0360_01.jpg,0.6109395623207092,0.07153526692592313,0.030297057259279066,0.041238209666644064,0.050916162092601094
random_genuine,/mnt/c/Users/ansar/Desktop/VGGFace2_ArcFace_Project/data/aligned/train/n008178/0074_01.jpg,/mnt/c/Users/ansar/Desktop/VGGFace2_ArcFace_Project/data/aligned/train/n008178/0143_03.jpg,0.4185496866703033,-0.0002206124918769914,0.2006785458255788,0.2008991583174558,0.1004495791587279
random_genuine,/mnt/c/Users/ansar/Desktop/VGGFace2_ArcFace_Project/data/aligned/train/n007127/0498_01.jpg,/mnt/c/Users/ansar/Desktop/VGGFace2_ArcFace_Project/data/aligned/train/n007127/0536_05.jpg,0.4251705110073089,0.014190846280692547,0.13659027662492032,0.12239943034422777,0.07539056145280644
random_genuine,/mnt/c/Users/ansar/Desktop/VGGFace2_ArcFace_Project/data/aligned/train/n000539/0097_01.jpg,/mnt/c/Users/ansar/Desktop/VGGFace2_ArcFace_Project/data/aligned/train/n000539/0391_01.jpg,0.2442186027765274,0.47710428888523576,1.3049402385832078,0.8278359496979721,0.8910222637342218
random_genuine,/mnt/c/Users/ansar/Desktop/VGGFace2_ArcFace_Project/data/aligned/train/n003186/0111_01.jpg,/mnt/c/Users/ansar/Desktop/VGGFace2_ArcFace_Project/data/aligned/train/n003186/0238_01.jpg,0.4693354368209839,-0.1219082145598242,0.26909437904181494,0.39100259360163914,0.19550129680081957
random_genuine,/mnt/c/Users/ansar/Desktop/VGGFace2_ArcFace_Project/data/aligned/train/n002588/0393_01.jpg,/mnt/c/Users/ansar/Desktop/VGGFace2_ArcFace_Project/data/aligned/train/n002588/0409_01.jpg,0.2825363576412201,0.19343677930663802,0.7418961911186149,0.5484594118119769,0.4676664852126265
random_genuine,/mnt/c/Users/ansar/Desktop/VGGFace2_ArcFace_Project/data/aligned/train/n007762/0068_01.jpg,/mnt/c/Users/ansar/Desktop/VGGFace2_ArcFace_Project/data/aligned/train/n007762/0365_01.jpg,0.18165884912014,-0.08287485738934286,0.06796261260474207,0.15083746999408493,0.07541873499704246
random_genuine,/mnt/c/Users/ansar/Desktop/VGGFace2_ArcFace_Project/data/aligned/train/n008392/0219_01.jpg,/mnt/c/Users/ansar/Desktop/VGGFace2_ArcFace_Project/data/aligned/train/n008392/0489_01.jpg,0.5011888146400452,-0.5622686159697725,-0.097666888448157,0.4646017275216155,0.32996775220896474
random_genuine,/mnt/c/Users/ansar/Desktop/VGGFace2_ArcFace_Project/data/aligned/train/n003307/0061_01.jpg,/mnt/c/Users/ansar/Desktop/VGGFace2_ArcFace_Project/data/aligned/train/n003307/0218_01.jpg,0.4728001952171325,-0.08847117813761045,-0.03202790281525496,0.05644327532235549,0.0602495404764327
random_genuine,/mnt/c/Users/ansar/Desktop/VGGFace2_ArcFace_Project/data/aligned/train/n003889/0026_01.jpg,/mnt/c/Users/ansar/Desktop/VGGFace2_ArcFace_Project/data/aligned/train/n003889/0240_01.jpg,0.2181380242109298,-0.06661865069885288,-0.39582536383465167,0.3292067131357988,0.23122200726675227
random_genuine,/mnt/c/Users/ansar/Desktop/VGGFace2_ArcFace_Project/data/aligned/train/n003232/0105_02.jpg,/mnt/c/Users/ansar/Desktop/VGGFace2_ArcFace_Project/data/aligned/train/n003232/0461_01.jpg,0.4543894827365875,0.28511629209285144,-0.2845382705580283,0.5696545626508798,0.2848272813254399
random_genuine,/mnt/c/Users/ansar/Desktop/VGGFace2_ArcFace_Project/data/aligned/train/n002756/0121_01.jpg,/mnt/c/Users/ansar/Desktop/VGGFace2_ArcFace_Project/data/aligned/train/n002756/0150_10.jpg,0.2775815427303314,0.40446121536362256,0.015402117161543659,0.3890590982020789,0.2099316662625831
random_genuine,/mnt/c/Users/ansar/Desktop/VGGFace2_ArcFace_Project/data/aligned/train/n005256/0081_04.jpg,/mnt/c/Users/ansar/Desktop/VGGFace2_ArcFace_Project/data/aligned/train/n005256/0362_01.jpg,0.8106177449226379,-0.2268084968905525,-0.34088800940944397,0.11407951251889148,0.28384825314999823
random_genuine,/mnt/c/Users/ansar/Desktop/VGGFace2_ArcFace_Project/data/aligned/train/n000690/0092_01.jpg,/mnt/c/Users/ansar/Desktop/VGGFace2_ArcFace_Project/data/aligned/train/n000690/0305_02.jpg,0.4067095220088959,-0.09831010738940062,0.2859815633081262,0.3842916706975268,0.1921458353487634
random_genuine,/mnt/c/Users/ansar/Desktop/VGGFace2_ArcFace_Project/data/aligned/train/n005386/0286_01.jpg,/mnt/c/Users/ansar/Desktop/VGGFace2_ArcFace_Project/data/aligned/train/n005386/0317_01.jpg,0.1631484478712082,0.32287626060600083,0.23193343782268505,0.09094282278331578,0.27740484921434294
random_genuine,/mnt/c/Users/ansar/Desktop/VGGFace2_ArcFace_Project/data/aligned/train/n006593/0019_02.jpg,/mnt/c/Users/ansar/Desktop/VGGFace2_ArcFace_Project/data/aligned/train/n006593/0148_05.jpg,0.6606175899505615,0.019912882073505226,-0.06087448926781576,0.08078737134132098,0.04039368567066049
random_genuine,/mnt/c/Users/ansar/Desktop/VGGFace2_ArcFace_Project/data/aligned/train/n003303/0049_01.jpg,/mnt/c/Users/ansar/Desktop/VGGFace2_ArcFace_Project/data/aligned/train/n003303/0387_01.jpg,0.4826898574829101,-0.04845845721316385,0.13580593920832093,0.1842643964214848,0.0921321982107424
random_genuine,/mnt/c/Users/ansar/Desktop/VGGFace2_ArcFace_Project/data/aligned/train/n000728/0182_03.jpg,/mnt/c/Users/ansar/Desktop/VGGFace2_ArcFace_Project/data/aligned/train/n000728/0254_01.jpg,0.5063482522964478,0.03000982265722795,0.22777139595162066,0.1977615732943927,0.1288906093044243
random_genuine,/mnt/c/Users/ansar/Desktop/VGGFace2_ArcFace_Project/data/aligned/train/n001263/0231_01.jpg,/mnt/c/Users/ansar/Desktop/VGGFace2_ArcFace_Project/data/aligned/train/n001263/0497_01.jpg,0.4219367504119873,-0.3190763598519117,0.5438067928469605,0.8628831526988723,0.43144157634943614
random_genuine,/mnt/c/Users/ansar/Desktop/VGGFace2_ArcFace_Project/data/aligned/train/n004582/0076_01.jpg,/mnt/c/Users/ansar/Desktop/VGGFace2_ArcFace_Project/data/aligned/train/n004582/0321_01.jpg,0.5376376509666443,-0.07017027984185532,-0.1570793296867766,0.08690904984492127,0.11362480476431597
random_genuine,/mnt/c/Users/ansar/Desktop/VGGFace2_ArcFace_Project/data/aligned/train/n000917/0015_01.jpg,/mnt/c/Users/ansar/Desktop/VGGFace2_ArcFace_Project/data/aligned/train/n000917/0340_01.jpg,0.1488975584506988,-0.667897929488361,0.20185173486569666,0.8697496643540576,0.4348748321770288
random_genuine,/mnt/c/Users/ansar/Desktop/VGGFace2_ArcFace_Project/data/aligned/train/n000150/0031_01.jpg,/mnt/c/Users/ansar/Desktop/VGGFace2_ArcFace_Project/data/aligned/train/n000150/0334_01.jpg,0.4208868145942688,-0.0426838389023163,-0.35565839197135285,0.31297455306903654,0.19917111543683458
random_genuine,/mnt/c/Users/ansar/Desktop/VGGFace2_ArcFace_Project/data/aligned/train/n007454/0090_01.jpg,/mnt/c/Users/ansar/Desktop/VGGFace2_ArcFace_Project/data/aligned/train/n007454/0336_01.jpg,0.4273025095462799,-0.26977709624418744,0.9013216976645225,1.17109879390871,0.585549396954355
random_genuine,/mnt/c/Users/ansar/Desktop/VGGFace2_ArcFace_Project/data/aligned/train/n007001/0042_01.jpg,/mnt/c/Users/ansar/Desktop/VGGFace2_ArcFace_Project/data/aligned/train/n007001/0269_01.jpg,0.528777539730072,0.05571650569016247,-0.009489832183147966,0.06520633787331043,0.032603168936655214
random_genuine,/mnt/c/Users/ansar/Desktop/VGGFace2_ArcFace_Project/data/aligned/train/n008581/0212_01.jpg,/mnt/c/Users/ansar/Desktop/VGGFace2_ArcFace_Project/data/aligned/train/n008581/0272_04.jpg,0.472287654876709,-0.30654960828371,-0.09441391958985583,0.21213568869385413,0.2004817639367829
random_genuine,/mnt/c/Users/ansar/Desktop/VGGFace2_ArcFace_Project/data/aligned/train/n000189/0069_01.jpg,/mnt/c/Users/ansar/Desktop/VGGFace2_ArcFace_Project/data/aligned/train/n000189/0134_01.jpg,0.2854946851730346,-0.3035912285013176,-0.3262680263051154,0.022676797803797832,0.3149296274032165
random_genuine,/mnt/c/Users/ansar/Desktop/VGGFace2_ArcFace_Project/data/aligned/train/n008714/0036_01.jpg,/mnt/c/Users/ansar/Desktop/VGGFace2_ArcFace_Project/data/aligned/train/n008714/0069_01.jpg,0.5089184641838074,-0.22048594269091987,0.04705182917359881,0.26753777186451866,0.13376888593225933
random_genuine,/mnt/c/Users/ansar/Desktop/VGGFace2_ArcFace_Project/data/aligned/train/n008783/0290_01.jpg,/mnt/c/Users/ansar/Desktop/VGGFace2_ArcFace_Project/data/aligned/train/n008783/0303_01.jpg,0.3736125230789184,-0.004940557245970249,0.6440224410727311,0.6489629983187013,0.32448149915935065
random_genuine,/mnt/c/Users/ansar/Desktop/VGGFace2_ArcFace_Project/data/aligned/train/n005119/0054_01.jpg,/mnt/c/Users/ansar/Desktop/VGGFace2_ArcFace_Project/data/aligned/train/n005119/0365_01.jpg,0.2936425805091858,0.06280391618734427,0.3521505701044201,0.2893466539170758,0.20747724314588217
random_genuine,/mnt/c/Users/ansar/Desktop/VGGFace2_ArcFace_Project/data/aligned/train/n001981/0128_01.jpg,/mnt/c/Users/ansar/Desktop/VGGFace2_ArcFace_Project/data/aligned/train/n001981/0296_01.jpg,0.2692901194095611,-0.0752467540962464,0.29756633107298613,0.3728130851692325,0.18640654258461625
random_genuine,/mnt/c/Users/ansar/Desktop/VGGFace2_ArcFace_Project/data/aligned/train/n002211/0143_01.jpg,/mnt/c/Users/ansar/Desktop/VGGFace2_ArcFace_Project/data/aligned/train/n002211/0248_01.jpg,0.4406556189060211,0.09298563482172714,-0.3679116225891701,0.46089725741089727,0.23044862870544863
random_genuine,/mnt/c/Users/ansar/Desktop/VGGFace2_ArcFace_Project/data/aligned/train/n005800/0060_01.jpg,/mnt/c/Users/ansar/Desktop/VGGFace2_ArcFace_Project/data/aligned/train/n005800/0570_01.jpg,0.3539083003997803,-0.45386300679737446,0.021934624939374148,0.4757976317367486,0.2378988158683743
random_genuine,/mnt/c/Users/ansar/Desktop/VGGFace2_ArcFace_Project/data/aligned/train/n004245/0082_02.jpg,/mnt/c/Users/ansar/Desktop/VGGFace2_ArcFace_Project/data/aligned/train/n004245/0261_02.jpg,0.100898802280426,0.2852197421139019,2.8536187772788546,2.5683990351649526,1.5694192596963783
random_genuine,/mnt/c/Users/ansar/Desktop/VGGFace2_ArcFace_Project/data/aligned/train/n002374/0011_01.jpg,/mnt/c/Users/ansar/Desktop/VGGFace2_ArcFace_Project/data/aligned/train/n002374/0261_02.jpg,0.4717164635658264,0.04299429305291973,0.08684464820641875,0.04385035515349903,0.06491947062966924
random_genuine,/mnt/c/Users/ansar/Desktop/VGGFace2_ArcFace_Project/data/aligned/train/n008812/0035_01.jpg,/mnt/c/Users/ansar/Desktop/VGGFace2_ArcFace_Project/data/aligned/train/n008812/0181_01.jpg,0.1586579531431198,0.014033282304238304,0.4008882068537059,0.3868549245494676,0.2074607445789721
random_genuine,/mnt/c/Users/ansar/Desktop/VGGFace2_ArcFace_Project/data/aligned/train/n002995/0083_01.jpg,/mnt/c/Users/ansar/Desktop/VGGFace2_ArcFace_Project/data/aligned/train/n002995/0156_01.jpg,0.5780651569366455,-0.22381833382029567,0.030599454152687403,0.2544177879729831,0.12720889398649154
random_genuine,/mnt/c/Users/ansar/Desktop/VGGFace2_ArcFace_Project/data/aligned/train/n006530/0198_02.jpg,/mnt/c/Users/ansar/Desktop/VGGFace2_ArcFace_Project/data/aligned/train/n006530/0272_02.jpg,0.4476726055145263,-0.018383315757512814,-0.8121034724102214,0.7937201566527086,0.4152433940838671
random_genuine,/mnt/c/Users/ansar/Desktop/VGGFace2_ArcFace_Project/data/aligned/train/n008063/0131_01.jpg,/mnt/c/Users/ansar/Desktop/VGGFace2_ArcFace_Project/data/aligned/train/n008063/0454_01.jpg,0.560333251953125,0.8093231035073145,-0.17262478675918447,0.981947890266499,0.4909739451332495
random_genuine,/mnt/c/Users/ansar/Desktop/VGGFace2_ArcFace_Project/data/aligned/train/n008700/0145_01.jpg,/mnt/c/Users/ansar/Desktop/VGGFace2_ArcFace_Project/data/aligned/train/n008700/0240_01.jpg,0.4563977718353271,0.00876460983469645,0.525367703548769,0.5166030937140726,0.2670661566917327
random_genuine,/mnt/c/Users/ansar/Desktop/VGGFace2_ArcFace_Project/data/aligned/train/n005675/0016_01.jpg,/mnt/c/Users/ansar/Desktop/VGGFace2_ArcFace_Project/data/aligned/train/n005675/0036_03.jpg,0.4288988709449768,0.190207619591516,0.1391888855092177,0.05101873408229829,0.16469825255036685
random_genuine,/mnt/c/Users/ansar/Desktop/VGGFace2_ArcFace_Project/data/aligned/train/n000806/0121_02.jpg,/mnt/c/Users/ansar/Desktop/VGGFace2_ArcFace_Project/data/aligned/train/n000806/0166_01.jpg,0.4501003921031952,-0.2700735232079667,-0.0006804973933202731,0.2693930258146464,0.13537701030064347
random_genuine,/mnt/c/Users/ansar/Desktop/VGGFace2_ArcFace_Project/data/aligned/train/n003399/0250_06.jpg,/mnt/c/Users/ansar/Desktop/VGGFace2_ArcFace_Project/data/aligned/train/n003399/0329_01.jpg,0.6648126840591431,-0.03513488202282544,-0.009713484031764504,0.02542139799106094,0.022424183027294972
random_genuine,/mnt/c/Users/ansar/Desktop/VGGFace2_ArcFace_Project/data/aligned/train/n005640/0198_01.jpg,/mnt/c/Users/ansar/Desktop/VGGFace2_ArcFace_Project/data/aligned/train/n005640/0319_01.jpg,0.2884990274906158,0.17107294957045224,-0.3776331710207514,0.5487061205912036,0.2743530602956018
random_genuine,/mnt/c/Users/ansar/Desktop/VGGFace2_ArcFace_Project/data/aligned/train/n000075/0027_03.jpg,/mnt/c/Users/ansar/Desktop/VGGFace2_ArcFace_Project/data/aligned/train/n000075/0080_01.jpg,0.3123408257961273,0.08384981403770578,-0.1529137835040199,0.23676359754172568,0.11838179877086284
random_genuine,/mnt/c/Users/ansar/Desktop/VGGFace2_ArcFace_Project/data/aligned/train/n001561/0168_02.jpg,/mnt/c/Users/ansar/Desktop/VGGFace2_ArcFace_Project/data/aligned/train/n001561/0345_01.jpg,0.0141333928331732,0.24438168491161574,-0.0030052018439817225,0.24738688675559747,0.12369344337779874
random_genuine,/mnt/c/Users/ansar/Desktop/VGGFace2_ArcFace_Project/data/aligned/train/n000869/0408_01.jpg,/mnt/c/Users/ansar/Desktop/VGGFace2_ArcFace_Project/data/aligned/train/n000869/0774_01.jpg,0.1411885321140289,-0.10822043140143146,-0.010656472713368063,0.0975639586880634,0.05943845205739976
random_genuine,/mnt/c/Users/ansar/Desktop/VGGFace2_ArcFace_Project/data/aligned/train/n005688/0015_01.jpg,/mnt/c/Users/ansar/Desktop/VGGFace2_ArcFace_Project/data/aligned/train/n005688/0235_01.jpg,0.4031819403171539,0.16007647044860918,0.10247193760031884,0.05760453284829034,0.131274204024464
random_genuine,/mnt/c/Users/ansar/Desktop/VGGFace2_ArcFace_Project/data/aligned/train/n008632/0091_01.jpg,/mnt/c/Users/ansar/Desktop/VGGFace2_ArcFace_Project/data/aligned/train/n008632/0314_01.jpg,0.2348680198192596,0.09317851296750215,0.00545094872956614,0.08772756423793601,0.04931473084853415
random_genuine,/mnt/c/Users/ansar/Desktop/VGGFace2_ArcFace_Project/data/aligned/train/n004562/0100_01.jpg,/mnt/c/Users/ansar/Desktop/VGGFace2_ArcFace_Project/data/aligned/train/n004562/0102_01.jpg,0.4084211885929107,0.09644033045097687,0.1489055145780398,0.05246518412706293,0.12267292251450834
random_genuine,/mnt/c/Users/ansar/Desktop/VGGFace2_ArcFace_Project/data/aligned/train/n008023/0024_02.jpg,/mnt/c/Users/ansar/Desktop/VGGFace2_ArcFace_Project/data/aligned/train/n008023/0237_01.jpg,0.6288321614265442,-0.17079431077096296,-0.001458091741741912,0.16933621902922105,0.08612620125635244
random_genuine,/mnt/c/Users/ansar/Desktop/VGGFace2_ArcFace_Project/data/aligned/train/n002997/0018_01.jpg,/mnt/c/Users/ansar/Desktop/VGGFace2_ArcFace_Project/data/aligned/train/n002997/0363_03.jpg,0.4503364861011505,0.20312758269434866,0.0998356304930746,0.10329195220127406,0.15148160659371163
random_genuine,/mnt/c/Users/ansar/Desktop/VGGFace2_ArcFace_Project/data/aligned/train/n003270/0262_01.jpg,/mnt/c/Users/ansar/Desktop/VGGFace2_ArcFace_Project/data/aligned/train/n003270/0358_02.jpg,0.118303395807743,0.05828826541976309,0.05630291264959434,0.001985352770168751,0.05729558903467871
random_genuine,/mnt/c/Users/ansar/Desktop/VGGFace2_ArcFace_Project/data/aligned/train/n004622/0204_05.jpg,/mnt/c/Users/ansar/Desktop/VGGFace2_ArcFace_Project/data/aligned/train/n004622/0221_04.jpg,0.0868008807301521,-0.019549512914239193,-0.0933473427029513,0.0737978297887121,0.05644842780859524
random_genuine,/mnt/c/Users/ansar/Desktop/VGGFace2_ArcFace_Project/data/aligned/train/n008980/0100_03.jpg,/mnt/c/Users/ansar/Desktop/VGGFace2_ArcFace_Project/data/aligned/train/n008980/0350_02.jpg,0.6977978348731995,-0.04508381873287714,-0.1377514287412089,0.09266761000833176,0.09141762373704303
random_genuine,/mnt/c/Users/ansar/Desktop/VGGFace2_ArcFace_Project/data/aligned/train/n001334/0017_02.jpg,/mnt/c/Users/ansar/Desktop/VGGFace2_ArcFace_Project/data/aligned/train/n001334/0575_01.jpg,0.4563558399677276,-0.02400478310486632,-0.3340228587082966,0.3100180756034303,0.17901382090658147
random_genuine,/mnt/c/Users/ansar/Desktop/VGGFace2_ArcFace_Project/data/aligned/train/n000050/0126_03.jpg,/mnt/c/Users/ansar/Desktop/VGGFace2_ArcFace_Project/data/aligned/train/n000050/0227_01.jpg,0.3632762134075165,-0.26667782388442346,0.0957725938026437,0.36245041768706715,0.18122520884353358
random_genuine,/mnt/c/Users/ansar/Desktop/VGGFace2_ArcFace_Project/data/aligned/train/n009163/0188_01.jpg,/mnt/c/Users/ansar/Desktop/VGGFace2_ArcFace_Project/data/aligned/train/n009163/0270_01.jpg,0.377651184797287,-0.590440328557087,6.360505020078262,6.950945348635349,3.4754726743176745
random_genuine,/mnt/c/Users/ansar/Desktop/VGGFace2_ArcFace_Project/data/aligned/train/n006305/0170_01.jpg,/mnt/c/Users/ansar/Desktop/VGGFace2_ArcFace_Project/data/aligned/train/n006305/0183_03.jpg,0.4072037637233734,0.061008873654076805,0.2000744179342868,0.13906554428020998,0.1305416457941818
random_genuine,/mnt/c/Users/ansar/Desktop/VGGFace2_ArcFace_Project/data/aligned/train/n008683/0282_01.jpg,/mnt/c/Users/ansar/Desktop/VGGFace2_ArcFace_Project/data/aligned/train/n008683/0568_01.jpg,0.087705060839653,0.07464689458955122,-0.1970446917589526,0.2716915863485038,0.1358457931742519
random_genuine,/mnt/c/Users/ansar/Desktop/VGGFace2_ArcFace_Project/data/aligned/train/n007944/0018_01.jpg,/mnt/c/Users/ansar/Desktop/VGGFace2_ArcFace_Project/data/aligned/train/n007944/0243_01.jpg,0.3385849893093109,0.13316708203229916,-0.1413767642526595,0.27454384628495865,0.13727192314247932
random_genuine,/mnt/c/Users/ansar/Desktop/VGGFace2_ArcFace_Project/data/aligned/train/n008968/0127_01.jpg,/mnt/c/Users/ansar/Desktop/VGGFace2_ArcFace_Project/data/aligned/train/n008968/0230_01.jpg,0.5861316323280334,0.0025497911988547188,-0.2509338712638859,0.2534836624627406,0.1267418312313703
random_genuine,/mnt/c/Users/ansar/Desktop/VGGFace2_ArcFace_Project/data/aligned/train/n003211/0316_02.jpg,/mnt/c/Users/ansar/Desktop/VGGFace2_ArcFace_Project/data/aligned/train/n003211/0379_01.jpg,0.4684820175170898,1.4478962027053393,0.5850264936984597,0.8628697090068795,1.0164613482018994
random_genuine,/mnt/c/Users/ansar/Desktop/VGGFace2_ArcFace_Project/data/aligned/train/n001482/0029_02.jpg,/mnt/c/Users/ansar/Desktop/VGGFace2_ArcFace_Project/data/aligned/train/n001482/0045_01.jpg,0.3570788204669952,0.04783423925251196,-0.20528579507261546,0.2531200343251274,0.1265600171625637
random_genuine,/mnt/c/Users/ansar/Desktop/VGGFace2_ArcFace_Project/data/aligned/train/n007071/0058_02.jpg,/mnt/c/Users/ansar/Desktop/VGGFace2_ArcFace_Project/data/aligned/train/n007071/0195_01.jpg,0.4096540510654449,0.1516662774687554,-0.0498128234228255,0.20147910089158091,0.10073955044579046
random_genuine,/mnt/c/Users/ansar/Desktop/VGGFace2_ArcFace_Project/data/aligned/train/n004309/0217_01.jpg,/mnt/c/Users/ansar/Desktop/VGGFace2_ArcFace_Project/data/aligned/train/n004309/0284_01.jpg,0.4528206884860992,-0.6839849965338521,0.166969693172306,0.8509546897061582,0.4254773448530791
random_genuine,/mnt/c/Users/ansar/Desktop/VGGFace2_ArcFace_Project/data/aligned/train/n005437/0209_02.jpg,/mnt/c/Users/ansar/Desktop/VGGFace2_ArcFace_Project/data/aligned/train/n005437/0251_02.jpg,0.5734975337982178,-0.35335768651906513,0.251279734274537,0.604637420793602,0.302318710396801
random_genuine,/mnt/c/Users/ansar/Desktop/VGGFace2_ArcFace_Project/data/aligned/train/n002518/0006_01.jpg,/mnt/c/Users/ansar/Desktop/VGGFace2_ArcFace_Project/data/aligned/train/n002518/0256_01.jpg,0.3578591048717499,0.05432276165624001,0.2805333243287945,0.22621056267255452,0.16742804299251726
random_genuine,/mnt/c/Users/ansar/Desktop/VGGFace2_ArcFace_Project/data/aligned/train/n009215/0231_02.jpg,/mnt/c/Users/ansar/Desktop/VGGFace2_ArcFace_Project/data/aligned/train/n009215/0404_01.jpg,0.5092798471450806,-0.15480228329767226,0.002882581083761483,0.15768486438143375,0.07884243219071688
random_genuine,/mnt/c/Users/ansar/Desktop/VGGFace2_ArcFace_Project/data/aligned/train/n003862/0098_01.jpg,/mnt/c/Users/ansar/Desktop/VGGFace2_ArcFace_Project/data/aligned/train/n003862/0180_01.jpg,0.4270563721656799,0.07208833419298048,0.08487804432912563,0.012789710136145147,0.07848318926105305
random_genuine,/mnt/c/Users/ansar/Desktop/VGGFace2_ArcFace_Project/data/aligned/train/n001933/0115_01.jpg,/mnt/c/Users/ansar/Desktop/VGGFace2_ArcFace_Project/data/aligned/train/n001933/0122_01.jpg,0.3372420072555542,0.013892024757764616,0.10124328293956239,0.08735125818179777,0.057567653848663504
random_genuine,/mnt/c/Users/ansar/Desktop/VGGFace2_ArcFace_Project/data/aligned/train/n004063/0047_01.jpg,/mnt/c/Users/ansar/Desktop/VGGFace2_ArcFace_Project/data/aligned/train/n004063/0199_01.jpg,0.4471341669559479,-0.09274956305268385,-0.0981940916398926,0.005444528587208744,0.09547182734628823
random_genuine,/mnt/c/Users/ansar/Desktop/VGGFace2_ArcFace_Project/data/aligned/train/n007634/0071_01.jpg,/mnt/c/Users/ansar/Desktop/VGGFace2_ArcFace_Project/data/aligned/train/n007634/0282_01.jpg,0.1629337519407272,0.012088577400003202,0.0022001884806399467,0.009888388919363255,0.007144382940321574
random_genuine,/mnt/c/Users/ansar/Desktop/VGGFace2_ArcFace_Project/data/aligned/train/n001450/0015_01.jpg,/mnt/c/Users/ansar/Desktop/VGGFace2_ArcFace_Project/data/aligned/train/n001450/0110_01.jpg,0.4397498369216919,-0.04408184088086675,0.2403951417199419,0.28447698260080867,0.14223849130040433
random_genuine,/mnt/c/Users/ansar/Desktop/VGGFace2_ArcFace_Project/data/aligned/train/n002554/0039_01.jpg,/mnt/c/Users/ansar/Desktop/VGGFace2_ArcFace_Project/data/aligned/train/n002554/0070_02.jpg,0.3519509434700012,-0.4552365181626914,-0.013397124350381089,0.4418393938123103,0.23431682125653625
random_genuine,/mnt/c/Users/ansar/Desktop/VGGFace2_ArcFace_Project/data/aligned/train/n003842/0161_01.jpg,/mnt/c/Users/ansar/Desktop/VGGFace2_ArcFace_Project/data/aligned/train/n003842/0222_01.jpg,0.2720460891723633,-0.7078132197436189,-0.1760449351816934,0.5317682845619255,0.44192907746265614
random_genuine,/mnt/c/Users/ansar/Desktop/VGGFace2_ArcFace_Project/data/aligned/train/n008659/0002_01.jpg,/mnt/c/Users/ansar/Desktop/VGGFace2_ArcFace_Project/data/aligned/train/n008659/0284_01.jpg,0.1875775605440139,-0.11860361878037665,0.3749322237667012,0.49353584254707783,0.24676792127353891
random_genuine,/mnt/c/Users/ansar/Desktop/VGGFace2_ArcFace_Project/data/aligned/train/n008875/0062_02.jpg,/mnt/c/Users/ansar/Desktop/VGGFace2_ArcFace_Project/data/aligned/train/n008875/0202_01.jpg,0.1605823934078216,-0.05335413473969138,-0.09646702075966342,0.043112886019972034,0.0749105777496774
random_genuine,/mnt/c/Users/ansar/Desktop/VGGFace2_ArcFace_Project/data/aligned/train/n001282/0072_03.jpg,/mnt/c/Users/ansar/Desktop/VGGFace2_ArcFace_Project/data/aligned/train/n001282/0340_01.jpg,0.3408456742763519,-0.1008965291308712,-0.16517152850481037,0.06427499937393917,0.1330340288178408
random_genuine,/mnt/c/Users/ansar/Desktop/VGGFace2_ArcFace_Project/data/aligned/train/n001953/0168_01.jpg,/mnt/c/Users/ansar/Desktop/VGGFace2_ArcFace_Project/data/aligned/train/n001953/0226_01.jpg,0.2575635612010956,0.00900460049306777,0.03780903205853002,0.028804431565462252,0.023406816275798895
random_genuine,/mnt/c/Users/ansar/Desktop/VGGFace2_ArcFace_Project/data/aligned/train/n007115/0037_01.jpg,/mnt/c/Users/ansar/Desktop/VGGFace2_ArcFace_Project/data/aligned/train/n007115/0111_01.jpg,0.4479975998401642,-0.08889702269176107,0.398888752818423,0.4877857755101841,0.24389288775509205
random_genuine,/mnt/c/Users/ansar/Desktop/VGGFace2_ArcFace_Project/data/aligned/train/n009119/0157_01.jpg,/mnt/c/Users/ansar/Desktop/VGGFace2_ArcFace_Project/data/aligned/train/n009119/0290_01.jpg,0.0206563901156187,0.23065268904218883,-0.8513663963193492,1.0820190853615381,0.5410095426807691
random_genuine,/mnt/c/Users/ansar/Desktop/VGGFace2_ArcFace_Project/data/aligned/train/n006972/0038_01.jpg,/mnt/c/Users/ansar/Desktop/VGGFace2_ArcFace_Project/data/aligned/train/n006972/0490_03.jpg,0.5344088673591614,0.10076346077106209,0.03421638172226605,0.06654707904879603,0.06748992124666407
random_genuine,/mnt/c/Users/ansar/Desktop/VGGFace2_ArcFace_Project/data/aligned/train/n000755/0218_03.jpg,/mnt/c/Users/ansar/Desktop/VGGFace2_ArcFace_Project/data/aligned/train/n000755/0566_01.jpg,0.2517141699790954,0.16591486412725492,-0.009334167520495982,0.1752490316477509,0.08762451582387545
random_genuine,/mnt/c/Users/ansar/Desktop/VGGFace2_ArcFace_Project/data/aligned/train/n006439/0132_01.jpg,/mnt/c/Users/ansar/Desktop/VGGFace2_ArcFace_Project/data/aligned/train/n006439/0376_03.jpg,0.0755840986967086,-0.08204773599516083,0.31651678447209025,0.3985645204672511,0.19928226023362555
random_genuine,/mnt/c/Users/ansar/Desktop/VGGFace2_ArcFace_Project/data/aligned/train/n004972/0163_02.jpg,/mnt/c/Users/ansar/Desktop/VGGFace2_ArcFace_Project/data/aligned/train/n004972/0313_01.jpg,0.2801023125648498,0.04851824692820076,0.19267943529061882,0.14416118836241806,0.12059884110940979
random_genuine,/mnt/c/Users/ansar/Desktop/VGGFace2_ArcFace_Project/data/aligned/train/n007833/0062_01.jpg,/mnt/c/Users/ansar/Desktop/VGGFace2_ArcFace_Project/data/aligned/train/n007833/0214_01.jpg,0.1594048291444778,-0.12307004073203563,0.9060270132538311,1.0290970539858666,0.5145485269929333
random_genuine,/mnt/c/Users/ansar/Desktop/VGGFace2_ArcFace_Project/data/aligned/train/n006258/0061_03.jpg,/mnt/c/Users/ansar/Desktop/VGGFace2_ArcFace_Project/data/aligned/train/n006258/0176_05.jpg,0.2695489823818207,0.27824884443865183,-0.05598191434862815,0.33423075878728,0.16711537939364
random_genuine,/mnt/c/Users/ansar/Desktop/VGGFace2_ArcFace_Project/data/aligned/train/n000816/0094_01.jpg,/mnt/c/Users/ansar/Desktop/VGGFace2_ArcFace_Project/data/aligned/train/n000816/0134_01.jpg,0.7478199601173401,0.17993676773088227,0.10442829672037855,0.07550847101050372,0.1421825322256304
random_genuine,/mnt/c/Users/ansar/Desktop/VGGFace2_ArcFace_Project/data/aligned/train/n000187/0058_02.jpg,/mnt/c/Users/ansar/Desktop/VGGFace2_ArcFace_Project/data/aligned/train/n000187/0258_10.jpg,0.6243172883987427,-0.014978520440719194,0.037917157676034485,0.05289567811675368,0.02644783905837684
random_genuine,/mnt/c/Users/ansar/Desktop/VGGFace2_ArcFace_Project/data/aligned/train/n002895/0179_01.jpg,/mnt/c/Users/ansar/Desktop/VGGFace2_ArcFace_Project/data/aligned/train/n002895/0363_01.jpg,0.0728824213147163,-0.31870373714723893,0.3069960676931746,0.6256998048404135,0.31284990242020677
random_genuine,/mnt/c/Users/ansar/Desktop/VGGFace2_ArcFace_Project/data/aligned/train/n007243/0113_01.jpg,/mnt/c/Users/ansar/Desktop/VGGFace2_ArcFace_Project/data/aligned/train/n007243/0291_01.jpg,0.5593804717063904,0.014243354274688211,0.12792816828711248,0.11368481401242427,0.07108576128090034
random_genuine,/mnt/c/Users/ansar/Desktop/VGGFace2_ArcFace_Project/data/aligned/train/n006463/0081_01.jpg,/mnt/c/Users/ansar/Desktop/VGGFace2_ArcFace_Project/data/aligned/train/n006463/0162_01.jpg,0.1973222345113754,-0.03416652480028708,0.21500667433120066,0.24917319913148775,0.12458659956574387
random_genuine,/mnt/c/Users/ansar/Desktop/VGGFace2_ArcFace_Project/data/aligned/train/n003732/0112_01.jpg,/mnt/c/Users/ansar/Desktop/VGGFace2_ArcFace_Project/data/aligned/train/n003732/0275_02.jpg,0.7180648446083069,0.04320920399204923,-0.1088120638020879,0.15202126779413713,0.07601063389706857
random_genuine,/mnt/c/Users/ansar/Desktop/VGGFace2_ArcFace_Project/data/aligned/train/n005079/0204_01.jpg,/mnt/c/Users/ansar/Desktop/VGGFace2_ArcFace_Project/data/aligned/train/n005079/0313_01.jpg,0.499969333410263,-0.12083305119543669,0.01673970136364915,0.13757275255908585,0.06878637627954293
random_genuine,/mnt/c/Users/ansar/Desktop/VGGFace2_ArcFace_Project/data/aligned/train/n005066/0126_01.jpg,/mnt/c/Users/ansar/Desktop/VGGFace2_ArcFace_Project/data/aligned/train/n005066/0146_01.jpg,0.3041242659091949,0.2078145052006309,0.22095500491483835,0.013140499714207443,0.21438475505773463
random_genuine,/mnt/c/Users/ansar/Desktop/VGGFace2_ArcFace_Project/data/aligned/train/n005640/0246_01.jpg,/mnt/c/Users/ansar/Desktop/VGGFace2_ArcFace_Project/data/aligned/train/n005640/0389_01.jpg,0.4949137270450592,-0.21942259697589006,-0.3225097270585071,0.10308713008261705,0.2709661620171986
random_genuine,/mnt/c/Users/ansar/Desktop/VGGFace2_ArcFace_Project/data/aligned/train/n000415/0075_02.jpg,/mnt/c/Users/ansar/Desktop/VGGFace2_ArcFace_Project/data/aligned/train/n000415/0188_01.jpg,0.3206133544445038,0.011069505215193108,1.1306744084947875,1.1196049032795945,0.5708719568549903
random_genuine,/mnt/c/Users/ansar/Desktop/VGGFace2_ArcFace_Project/data/aligned/train/n001545/0127_01.jpg,/mnt/c/Users/ansar/Desktop/VGGFace2_ArcFace_Project/data/aligned/train/n001545/0333_01.jpg,0.4236306250095367,-0.00518934758467433,-0.1750753321020263,0.16988598451735198,0.09013233984335031
random_genuine,/mnt/c/Users/ansar/Desktop/VGGFace2_ArcFace_Project/data/aligned/train/n003477/0060_01.jpg,/mnt/c/Users/ansar/Desktop/VGGFace2_ArcFace_Project/data/aligned/train/n003477/0358_01.jpg,0.4311973452568054,-0.10888881903156734,-0.4716120647776113,0.362723245746044,0.2902504419045893
random_genuine,/mnt/c/Users/ansar/Desktop/VGGFace2_ArcFace_Project/data/aligned/train/n002558/0046_01.jpg,/mnt/c/Users/ansar/Desktop/VGGFace2_ArcFace_Project/data/aligned/train/n002558/0147_01.jpg,0.4623548686504364,0.2854522656052112,-0.06747864610886978,0.352930911714081,0.1764654558570405
random_genuine,/mnt/c/Users/ansar/Desktop/VGGFace2_ArcFace_Project/data/aligned/train/n008724/0230_01.jpg,/mnt/c/Users/ansar/Desktop/VGGFace2_ArcFace_Project/data/aligned/train/n008724/0268_01.jpg,0.2393350750207901,0.015659665812965774,-0.039651960578393104,0.05531162639135888,0.02765581319567944
random_genuine,/mnt/c/Users/ansar/Desktop/VGGFace2_ArcFace_Project/data/aligned/train/n007907/0087_01.jpg,/mnt/c/Users/ansar/Desktop/VGGFace2_ArcFace_Project/data/aligned/train/n007907/0228_01.jpg,0.6641767621040344,-0.006290971916177529,-0.2592026394608525,0.252911667544675,0.132746805688515
random_genuine,/mnt/c/Users/ansar/Desktop/VGGFace2_ArcFace_Project/data/aligned/train/n003418/0032_01.jpg,/mnt/c/Users/ansar/Desktop/VGGFace2_ArcFace_Project/data/aligned/train/n003418/0055_01.jpg,0.2704252600669861,-0.34571676841660204,0.2756261530413571,0.6213429214579591,0.31067146072897955
random_genuine,/mnt/c/Users/ansar/Desktop/VGGFace2_ArcFace_Project/data/aligned/train/n008474/0017_01.jpg,/mnt/c/Users/ansar/Desktop/VGGFace2_ArcFace_Project/data/aligned/train/n008474/0083_01.jpg,0.6522952914237976,0.2690204066712107,0.09994340136484575,0.16907700530636494,0.18448190401802822
random_genuine,/mnt/c/Users/ansar/Desktop/VGGFace2_ArcFace_Project/data/aligned/train/n006111/0172_01.jpg,/mnt/c/Users/ansar/Desktop/VGGFace2_ArcFace_Project/data/aligned/train/n006111/0190_01.jpg,0.5304070711135864,-0.4134503729527066,0.22507137121931906,0.6385217441720257,0.31926087208601284
random_genuine,/mnt/c/Users/ansar/Desktop/VGGFace2_ArcFace_Project/data/aligned/train/n004360/0100_01.jpg,/mnt/c/Users/ansar/Desktop/VGGFace2_ArcFace_Project/data/aligned/train/n004360/0253_01.jpg,0.061065848916769,0.04183185515816616,0.16919979414415415,0.12736793898598797,0.10551582465116016
random_genuine,/mnt/c/Users/ansar/Desktop/VGGFace2_ArcFace_Project/data/aligned/train/n002278/0076_01.jpg,/mnt/c/Users/ansar/Desktop/VGGFace2_ArcFace_Project/data/aligned/train/n002278/0165_01.jpg,0.7657541632652283,0.0022191844913214036,0.041236017872689164,0.03901683338136776,0.021727601182005285
random_genuine,/mnt/c/Users/ansar/Desktop/VGGFace2_ArcFace_Project/data/aligned/train/n007677/0192_02.jpg,/mnt/c/Users/ansar/Desktop/VGGFace2_ArcFace_Project/data/aligned/train/n007677/0262_01.jpg,0.3829003870487213,-0.0813976512680757,-0.18411316515472942,0.10271551388665372,0.13275540821140255
random_genuine,/mnt/c/Users/ansar/Desktop/VGGFace2_ArcFace_Project/data/aligned/train/n007462/0090_01.jpg,/mnt/c/Users/ansar/Desktop/VGGFace2_ArcFace_Project/data/aligned/train/n007462/0367_02.jpg,0.3031218945980072,-0.23776378661539163,-0.0487662654028785,0.18899752121251312,0.14326502600913507
random_genuine,/mnt/c/Users/ansar/Desktop/VGGFace2_ArcFace_Project/data/aligned/train/n005788/0077_01.jpg,/mnt/c/Users/ansar/Desktop/VGGFace2_ArcFace_Project/data/aligned/train/n005788/0182_01.jpg,0.4921490252017975,0.054156012171003506,-0.10145409206529285,0.15561010423629634,0.07780505211814817
random_genuine,/mnt/c/Users/ansar/Desktop/VGGFace2_ArcFace_Project/data/aligned/train/n005737/0018_01.jpg,/mnt/c/Users/ansar/Desktop/VGGFace2_ArcFace_Project/data/aligned/train/n005737/0388_01.jpg,0.478013664484024,-0.5089579952496233,0.2512348020859708,0.7601927973355941,0.38009639866779704
random_genuine,/mnt/c/Users/ansar/Desktop/VGGFace2_ArcFace_Project/data/aligned/train/n001267/0049_01.jpg,/mnt/c/Users/ansar/Desktop/VGGFace2_ArcFace_Project/data/aligned/train/n001267/0132_01.jpg,0.4477127492427826,-0.08157500401160561,0.20471428362256266,0.2862892876341683,0.14314464381708414
random_genuine,/mnt/c/Users/ansar/Desktop/VGGFace2_ArcFace_Project/data/aligned/train/n002893/0227_01.jpg,/mnt/c/Users/ansar/Desktop/VGGFace2_ArcFace_Project/data/aligned/train/n002893/0261_01.jpg,0.4721132218837738,0.06399390666100332,-0.2153812646220994,0.27937517128310274,0.13968758564155137
random_genuine,/mnt/c/Users/ansar/Desktop/VGGFace2_ArcFace_Project/data/aligned/train/n008649/0021_01.jpg,/mnt/c/Users/ansar/Desktop/VGGFace2_ArcFace_Project/data/aligned/train/n008649/0327_01.jpg,0.1036400571465492,-0.01810467380215631,0.8579057650454615,0.8760104388476178,0.4380052194238089
random_genuine,/mnt/c/Users/ansar/Desktop/VGGFace2_ArcFace_Project/data/aligned/train/n006500/0300_02.jpg,/mnt/c/Users/ansar/Desktop/VGGFace2_ArcFace_Project/data/aligned/train/n006500/0382_01.jpg,0.0710950493812561,-0.02538684066123113,-0.12094403180187538,0.09555719114064425,0.07316543623155325
random_genuine,/mnt/c/Users/ansar/Desktop/VGGFace2_ArcFace_Project/data/aligned/train/n007123/0100_01.jpg,/mnt/c/Users/ansar/Desktop/VGGFace2_ArcFace_Project/data/aligned/train/n007123/0357_01.jpg,0.3838717043399811,0.08117720874205549,0.0073098786806199655,0.07386733006143552,0.04424354371133773
random_genuine,/mnt/c/Users/ansar/Desktop/VGGFace2_ArcFace_Project/data/aligned/train/n002615/0165_01.jpg,/mnt/c/Users/ansar/Desktop/VGGFace2_ArcFace_Project/data/aligned/train/n002615/0204_01.jpg,0.2224591672420501,0.19449842310159865,0.20270788009631852,0.008209456994719866,0.19860315159895858
random_genuine,/mnt/c/Users/ansar/Desktop/VGGFace2_ArcFace_Project/data/aligned/train/n006556/0102_01.jpg,/mnt/c/Users/ansar/Desktop/VGGFace2_ArcFace_Project/data/aligned/train/n006556/0404_01.jpg,0.2655670642852783,0.24620360977388722,0.7961145638940372,0.54991095412015,0.5211590868339622
random_genuine,/mnt/c/Users/ansar/Desktop/VGGFace2_ArcFace_Project/data/aligned/train/n007997/0013_01.jpg,/mnt/c/Users/ansar/Desktop/VGGFace2_ArcFace_Project/data/aligned/train/n007997/0154_02.jpg,0.5063918232917786,0.21471371707985515,0.03731435826925014,0.177399358810605,0.12601403767455266
random_genuine,/mnt/c/Users/ansar/Desktop/VGGFace2_ArcFace_Project/data/aligned/train/n005273/0090_01.jpg,/mnt/c/Users/ansar/Desktop/VGGFace2_ArcFace_Project/data/aligned/train/n005273/0257_01.jpg,0.4133888483047485,-0.46571528868595136,-0.24962495672858462,0.21609033195736674,0.357670122707268
random_genuine,/mnt/c/Users/ansar/Desktop/VGGFace2_ArcFace_Project/data/aligned/train/n005465/0168_10.jpg,/mnt/c/Users/ansar/Desktop/VGGFace2_ArcFace_Project/data/aligned/train/n005465/0235_01.jpg,0.4585181772708893,0.06705739388729783,1.1151664455478116,1.0481090516605138,0.5911119197175547
random_genuine,/mnt/c/Users/ansar/Desktop/VGGFace2_ArcFace_Project/data/aligned/train/n001849/0047_01.jpg,/mnt/c/Users/ansar/Desktop/VGGFace2_ArcFace_Project/data/aligned/train/n001849/0071_01.jpg,0.4938741326332092,-0.09749953513398364,0.06593280167774172,0.16343233681172536,0.08171616840586268
random_genuine,/mnt/c/Users/ansar/Desktop/VGGFace2_ArcFace_Project/data/aligned/train/n006940/0044_01.jpg,/mnt/c/Users/ansar/Desktop/VGGFace2_ArcFace_Project/data/aligned/train/n006940/0465_01.jpg,0.2284076660871505,0.36887316186060587,-0.18778974699245068,0.5566629088530566,0.2783314544265283
random_genuine,/mnt/c/Users/ansar/Desktop/VGGFace2_ArcFace_Project/data/aligned/train/n005795/0201_03.jpg,/mnt/c/Users/ansar/Desktop/VGGFace2_ArcFace_Project/data/aligned/train/n005795/0216_01.jpg,0.4942986071109772,0.4533832717262266,0.14903503203431176,0.3043482396919148,0.3012091518802692
random_impostor,/mnt/c/Users/ansar/Desktop/VGGFace2_ArcFace_Project/data/aligned/train/n005400/0040_01.jpg,/mnt/c/Users/ansar/Desktop/VGGFace2_ArcFace_Project/data/aligned/train/n001235/0257_01.jpg,-0.0539131052792072,0.2880293579408794,-0.0455229131288175,0.3335522710696969,0.16677613553484846
random_impostor,/mnt/c/Users/ansar/Desktop/VGGFace2_ArcFace_Project/data/aligned/train/n002017/0204_01.jpg,/mnt/c/Users/ansar/Desktop/VGGFace2_ArcFace_Project/data/aligned/train/n005948/0316_01.jpg,0.087349958717823,-0.2938196792933612,-0.32310079468442066,0.02928111539105943,0.3084602369888909
random_impostor,/mnt/c/Users/ansar/Desktop/VGGFace2_ArcFace_Project/data/aligned/train/n002707/0080_01.jpg,/mnt/c/Users/ansar/Desktop/VGGFace2_ArcFace_Project/data/aligned/train/n008182/0030_01.jpg,0.068836860358715,0.04921627929621766,0.1927216203717145,0.14350534107549684,0.12096894983396608
random_impostor,/mnt/c/Users/ansar/Desktop/VGGFace2_ArcFace_Project/data/aligned/train/n008911/0097_01.jpg,/mnt/c/Users/ansar/Desktop/VGGFace2_ArcFace_Project/data/aligned/train/n005254/0310_01.jpg,0.0322483256459236,0.12051858823758184,0.04765381162066399,0.07286477661691784,0.08408619992912292
random_impostor,/mnt/c/Users/ansar/Desktop/VGGFace2_ArcFace_Project/data/aligned/train/n001451/0255_01.jpg,/mnt/c/Users/ansar/Desktop/VGGFace2_ArcFace_Project/data/aligned/train/n003019/0186_01.jpg,0.189282938838005,0.12524718899523168,0.15967649995224434,0.034429310957012654,0.142461844473738
random_impostor,/mnt/c/Users/ansar/Desktop/VGGFace2_ArcFace_Project/data/aligned/train/n001424/0145_01.jpg,/mnt/c/Users/ansar/Desktop/VGGFace2_ArcFace_Project/data/aligned/train/n001791/0195_01.jpg,0.1694032400846481,-0.037320775046813706,-0.13243624391214845,0.09511546886533474,0.08487850947948108
random_impostor,/mnt/c/Users/ansar/Desktop/VGGFace2_ArcFace_Project/data/aligned/train/n004235/0274_01.jpg,/mnt/c/Users/ansar/Desktop/VGGFace2_ArcFace_Project/data/aligned/train/n007767/0557_03.jpg,0.0074090142734348,-0.9313274866370584,0.07746793168327307,1.0087954183203316,0.5043977091601658
random_impostor,/mnt/c/Users/ansar/Desktop/VGGFace2_ArcFace_Project/data/aligned/train/n005178/0486_01.jpg,/mnt/c/Users/ansar/Desktop/VGGFace2_ArcFace_Project/data/aligned/train/n006627/0129_01.jpg,0.0179054643958807,-0.19262210210075117,0.4016814697188607,0.5943035718196119,0.29715178590980595
random_impostor,/mnt/c/Users/ansar/Desktop/VGGFace2_ArcFace_Project/data/aligned/train/n000905/0170_01.jpg,/mnt/c/Users/ansar/Desktop/VGGFace2_ArcFace_Project/data/aligned/train/n007342/0031_19.jpg,0.0963370874524116,-0.055725666018290515,-0.04085829992547826,0.014867366092812258,0.04829198297188439
random_impostor,/mnt/c/Users/ansar/Desktop/VGGFace2_ArcFace_Project/data/aligned/train/n008367/0384_03.jpg,/mnt/c/Users/ansar/Desktop/VGGFace2_ArcFace_Project/data/aligned/train/n009142/0082_02.jpg,0.0092425188049674,-0.21242139421972359,0.1890222435175211,0.4014436377372447,0.20072181886862234
random_impostor,/mnt/c/Users/ansar/Desktop/VGGFace2_ArcFace_Project/data/aligned/train/n005803/0318_02.jpg,/mnt/c/Users/ansar/Desktop/VGGFace2_ArcFace_Project/data/aligned/train/n008380/0237_06.jpg,0.0988512337207794,-0.2232217240146059,0.03586730196493116,0.2590890259795371,0.12954451298976855
random_impostor,/mnt/c/Users/ansar/Desktop/VGGFace2_ArcFace_Project/data/aligned/train/n006840/0007_01.jpg,/mnt/c/Users/ansar/Desktop/VGGFace2_ArcFace_Project/data/aligned/train/n000865/0082_04.jpg,0.0395278669893741,0.023171961099252313,0.23929900315047858,0.21612704205122626,0.13123548212486544
random_impostor,/mnt/c/Users/ansar/Desktop/VGGFace2_ArcFace_Project/data/aligned/train/n007957/0051_01.jpg,/mnt/c/Users/ansar/Desktop/VGGFace2_ArcFace_Project/data/aligned/train/n002992/0254_01.jpg,0.0376619733870029,-0.049427357975896105,0.17426884265949324,0.22369620063538936,0.11184810031769468
random_impostor,/mnt/c/Users/ansar/Desktop/VGGFace2_ArcFace_Project/data/aligned/train/n007646/0007_01.jpg,/mnt/c/Users/ansar/Desktop/VGGFace2_ArcFace_Project/data/aligned/train/n002473/0272_02.jpg,0.0948623716831207,0.1226427418606234,0.04710932555981187,0.07553341630081153,0.08487603371021764
random_impostor,/mnt/c/Users/ansar/Desktop/VGGFace2_ArcFace_Project/data/aligned/train/n007410/0128_01.jpg,/mnt/c/Users/ansar/Desktop/VGGFace2_ArcFace_Project/data/aligned/train/n004516/0090_01.jpg,-0.0258356425911188,0.10127352425759024,0.05194342915838262,0.049330095099207626,0.07660847670798643
random_impostor,/mnt/c/Users/ansar/Desktop/VGGFace2_ArcFace_Project/data/aligned/train/n003800/0010_01.jpg,/mnt/c/Users/ansar/Desktop/VGGFace2_ArcFace_Project/data/aligned/train/n007336/0145_01.jpg,-0.1170920506119728,0.02265999515701278,0.03070792156485725,0.00804792640784447,0.026683958360935015
random_impostor,/mnt/c/Users/ansar/Desktop/VGGFace2_ArcFace_Project/data/aligned/train/n005150/0163_01.jpg,/mnt/c/Users/ansar/Desktop/VGGFace2_ArcFace_Project/data/aligned/train/n008955/0203_01.jpg,0.0969027131795883,0.6606092203699004,-0.05875029031081071,0.7193595106807111,0.35967975534035557
random_impostor,/mnt/c/Users/ansar/Desktop/VGGFace2_ArcFace_Project/data/aligned/train/n001615/0073_01.jpg,/mnt/c/Users/ansar/Desktop/VGGFace2_ArcFace_Project/data/aligned/train/n001882/0415_01.jpg,0.0392036624252796,0.034479388687603266,0.378337549382757,0.34385816069515374,0.20640846903518012
random_impostor,/mnt/c/Users/ansar/Desktop/VGGFace2_ArcFace_Project/data/aligned/train/n005969/0030_01.jpg,/mnt/c/Users/ansar/Desktop/VGGFace2_ArcFace_Project/data/aligned/train/n000780/0220_01.jpg,0.0735046565532684,0.0690010362473677,0.07564389838830393,0.006642862140936234,0.07232246731783581
random_impostor,/mnt/c/Users/ansar/Desktop/VGGFace2_ArcFace_Project/data/aligned/train/n006905/0154_01.jpg,/mnt/c/Users/ansar/Desktop/VGGFace2_ArcFace_Project/data/aligned/train/n001938/0057_01.jpg,0.0384075976908206,-0.0970907412006165,0.15551667705791725,0.2526074182585337,0.12630370912926686
random_impostor,/mnt/c/Users/ansar/Desktop/VGGFace2_ArcFace_Project/data/aligned/train/n003281/0078_01.jpg,/mnt/c/Users/ansar/Desktop/VGGFace2_ArcFace_Project/data/aligned/train/n001879/0218_01.jpg,0.0717887431383133,0.019437820641063263,-0.4291414408224445,0.44857926146350774,0.22428963073175387
random_impostor,/mnt/c/Users/ansar/Desktop/VGGFace2_ArcFace_Project/data/aligned/train/n003761/0173_02.jpg,/mnt/c/Users/ansar/Desktop/VGGFace2_ArcFace_Project/data/aligned/train/n005950/0193_02.jpg,0.0603330843150615,0.5996610105574278,-0.1897060844721219,0.7893670950295497,0.39468354751477486
random_impostor,/mnt/c/Users/ansar/Desktop/VGGFace2_ArcFace_Project/data/aligned/train/n000460/0064_01.jpg,/mnt/c/Users/ansar/Desktop/VGGFace2_ArcFace_Project/data/aligned/train/n007410/0325_01.jpg,0.1540526747703552,-0.08416440583357096,-0.4747426739772217,0.3905782681436507,0.27945353990539634
random_impostor,/mnt/c/Users/ansar/Desktop/VGGFace2_ArcFace_Project/data/aligned/train/n006294/0241_02.jpg,/mnt/c/Users/ansar/Desktop/VGGFace2_ArcFace_Project/data/aligned/train/n000285/0235_01.jpg,0.271093487739563,-0.10463452049192284,-0.14394989402526426,0.03931537353334141,0.12429220725859355
random_impostor,/mnt/c/Users/ansar/Desktop/VGGFace2_ArcFace_Project/data/aligned/train/n000408/0046_02.jpg,/mnt/c/Users/ansar/Desktop/VGGFace2_ArcFace_Project/data/aligned/train/n005295/0312_01.jpg,0.2190745621919632,0.09519313468143026,0.12371022421262964,0.028517089531199385,0.10945167944702995
random_impostor,/mnt/c/Users/ansar/Desktop/VGGFace2_ArcFace_Project/data/aligned/train/n007178/0128_01.jpg,/mnt/c/Users/ansar/Desktop/VGGFace2_ArcFace_Project/data/aligned/train/n008141/0118_01.jpg,0.1594874262809753,-0.17396106760043747,-0.1282189308722148,0.045742136728222665,0.15108999923632616
random_impostor,/mnt/c/Users/ansar/Desktop/VGGFace2_ArcFace_Project/data/aligned/train/n001014/0018_02.jpg,/mnt/c/Users/ansar/Desktop/VGGFace2_ArcFace_Project/data/aligned/train/n004732/0012_02.jpg,0.2165859490633011,-0.0916365028975285,0.030530926718991085,0.1221674296165196,0.0610837148082598
random_impostor,/mnt/c/Users/ansar/Desktop/VGGFace2_ArcFace_Project/data/aligned/train/n002418/0119_02.jpg,/mnt/c/Users/ansar/Desktop/VGGFace2_ArcFace_Project/data/aligned/train/n004870/0132_04.jpg,0.0175756383687257,0.09891255079004938,0.14205982713568588,0.043147276345636504,0.12048618896286763
random_impostor,/mnt/c/Users/ansar/Desktop/VGGFace2_ArcFace_Project/data/aligned/train/n000751/0036_01.jpg,/mnt/c/Users/ansar/Desktop/VGGFace2_ArcFace_Project/data/aligned/train/n004606/0691_01.jpg,0.051087774336338,-0.029612248168457842,-0.20920619147345978,0.17959394330500195,0.11940921982095881
random_impostor,/mnt/c/Users/ansar/Desktop/VGGFace2_ArcFace_Project/data/aligned/train/n007875/0206_01.jpg,/mnt/c/Users/ansar/Desktop/VGGFace2_ArcFace_Project/data/aligned/train/n007860/0129_01.jpg,0.1373883038759231,0.03066604236309336,0.10676113082299289,0.07609508845989954,0.06871358659304312
random_impostor,/mnt/c/Users/ansar/Desktop/VGGFace2_ArcFace_Project/data/aligned/train/n002876/0142_01.jpg,/mnt/c/Users/ansar/Desktop/VGGFace2_ArcFace_Project/data/aligned/train/n002774/0172_01.jpg,0.1621528714895248,-0.10282732144321136,0.31479783569182707,0.41762515713503845,0.20881257856751922
random_impostor,/mnt/c/Users/ansar/Desktop/VGGFace2_ArcFace_Project/data/aligned/train/n008275/0274_01.jpg,/mnt/c/Users/ansar/Desktop/VGGFace2_ArcFace_Project/data/aligned/train/n003604/0187_01.jpg,-0.0192797537893056,-0.0960457500229031,-0.13588459007962334,0.03983884005672024,0.11596517005126322
random_impostor,/mnt/c/Users/ansar/Desktop/VGGFace2_ArcFace_Project/data/aligned/train/n005096/0188_03.jpg,/mnt/c/Users/ansar/Desktop/VGGFace2_ArcFace_Project/data/aligned/train/n002236/0158_01.jpg,-0.0550816878676414,-0.13720415492842417,-0.31319775741681777,0.1759936024883936,0.22520095617262098
random_impostor,/mnt/c/Users/ansar/Desktop/VGGFace2_ArcFace_Project/data/aligned/train/n004901/0331_01.jpg,/mnt/c/Users/ansar/Desktop/VGGFace2_ArcFace_Project/data/aligned/train/n007711/0339_01.jpg,0.1672953814268112,0.30089947430300695,0.0997258525574132,0.20117362174559375,0.2003126634302101
random_impostor,/mnt/c/Users/ansar/Desktop/VGGFace2_ArcFace_Project/data/aligned/train/n001385/0095_01.jpg,/mnt/c/Users/ansar/Desktop/VGGFace2_ArcFace_Project/data/aligned/train/n007875/0074_01.jpg,0.007278383243829,0.3757190967059279,-0.10069785719449653,0.47641695390042443,0.23820847695021222
random_impostor,/mnt/c/Users/ansar/Desktop/VGGFace2_ArcFace_Project/data/aligned/train/n003148/0506_01.jpg,/mnt/c/Users/ansar/Desktop/VGGFace2_ArcFace_Project/data/aligned/train/n005586/0091_01.jpg,-0.0176642443984746,0.07915796803714416,0.1049740265042685,0.025816058467124342,0.09206599727070633
random_impostor,/mnt/c/Users/ansar/Desktop/VGGFace2_ArcFace_Project/data/aligned/train/n007033/0153_02.jpg,/mnt/c/Users/ansar/Desktop/VGGFace2_ArcFace_Project/data/aligned/train/n004557/0098_01.jpg,0.1456981897354126,0.029208372219410045,-0.2641248466104616,0.2933332188298716,0.1466666094149358
random_impostor,/mnt/c/Users/ansar/Desktop/VGGFace2_ArcFace_Project/data/aligned/train/n004852/0248_01.jpg,/mnt/c/Users/ansar/Desktop/VGGFace2_ArcFace_Project/data/aligned/train/n007758/0233_02.jpg,0.0426969155669212,-0.043455726548278624,0.13214704569787336,0.17560277224615198,0.08780138612307599
random_impostor,/mnt/c/Users/ansar/Desktop/VGGFace2_ArcFace_Project/data/aligned/train/n004970/0287_01.jpg,/mnt/c/Users/ansar/Desktop/VGGFace2_ArcFace_Project/data/aligned/train/n002785/0494_01.jpg,0.0686656311154365,-0.15677748928795265,0.0647827229952506,0.22156021228320327,0.11078010614160164
random_impostor,/mnt/c/Users/ansar/Desktop/VGGFace2_ArcFace_Project/data/aligned/train/n004431/0392_02.jpg,/mnt/c/Users/ansar/Desktop/VGGFace2_ArcFace_Project/data/aligned/train/n000244/0175_01.jpg,0.0542385689914226,0.2673140637351855,-0.3527782904185617,0.6200923541537472,0.3100461770768736
random_impostor,/mnt/c/Users/ansar/Desktop/VGGFace2_ArcFace_Project/data/aligned/train/n003878/0209_01.jpg,/mnt/c/Users/ansar/Desktop/VGGFace2_ArcFace_Project/data/aligned/train/n001759/0245_01.jpg,0.0266022849828004,0.2426104338228984,-0.28625119288661544,0.5288616267095139,0.26443081335475693
random_impostor,/mnt/c/Users/ansar/Desktop/VGGFace2_ArcFace_Project/data/aligned/train/n005325/0120_01.jpg,/mnt/c/Users/ansar/Desktop/VGGFace2_ArcFace_Project/data/aligned/train/n008776/0141_01.jpg,0.12905915081501,-0.15422518966686066,-0.07848153372359237,0.07574365594326829,0.11635336169522652
random_impostor,/mnt/c/Users/ansar/Desktop/VGGFace2_ArcFace_Project/data/aligned/train/n004129/0297_01.jpg,/mnt/c/Users/ansar/Desktop/VGGFace2_ArcFace_Project/data/aligned/train/n003640/0346_01.jpg,-0.0686981305480003,-0.13347230187968792,0.04556012731245366,0.17903242919214157,0.08951621459607079
random_impostor,/mnt/c/Users/ansar/Desktop/VGGFace2_ArcFace_Project/data/aligned/train/n000913/0014_01.jpg,/mnt/c/Users/ansar/Desktop/VGGFace2_ArcFace_Project/data/aligned/train/n007643/0076_01.jpg,0.3074431121349334,-0.20186925548378482,0.15291512960206669,0.35478438508585153,0.17739219254292576
random_impostor,/mnt/c/Users/ansar/Desktop/VGGFace2_ArcFace_Project/data/aligned/train/n002016/0239_01.jpg,/mnt/c/Users/ansar/Desktop/VGGFace2_ArcFace_Project/data/aligned/train/n009132/0201_01.jpg,-0.0254999957978725,0.06806001233923278,0.07634911029416103,0.008289097954928243,0.0722045613166969
random_impostor,/mnt/c/Users/ansar/Desktop/VGGFace2_ArcFace_Project/data/aligned/train/n007762/0068_01.jpg,/mnt/c/Users/ansar/Desktop/VGGFace2_ArcFace_Project/data/aligned/train/n006210/0167_01.jpg,0.3395356237888336,-0.08287485738934286,1.1684480033121918,1.2513228607015345,0.6256614303507673
random_impostor,/mnt/c/Users/ansar/Desktop/VGGFace2_ArcFace_Project/data/aligned/train/n002908/0192_01.jpg,/mnt/c/Users/ansar/Desktop/VGGFace2_ArcFace_Project/data/aligned/train/n006063/0154_01.jpg,0.0128750344738364,0.32936331848669254,0.4155973544499836,0.08623403596329104,0.37248033646833806
random_impostor,/mnt/c/Users/ansar/Desktop/VGGFace2_ArcFace_Project/data/aligned/train/n003065/0123_01.jpg,/mnt/c/Users/ansar/Desktop/VGGFace2_ArcFace_Project/data/aligned/train/n002513/1016_02.jpg,0.0611988231539726,0.031157023288452507,-0.06828333257338436,0.09944035586183686,0.04972017793091843
random_impostor,/mnt/c/Users/ansar/Desktop/VGGFace2_ArcFace_Project/data/aligned/train/n008979/0459_01.jpg,/mnt/c/Users/ansar/Desktop/VGGFace2_ArcFace_Project/data/aligned/train/n008609/0120_01.jpg,0.1872678846120834,0.02217338350874431,-0.4509016195229931,0.47307500303173744,0.23653750151586872
random_impostor,/mnt/c/Users/ansar/Desktop/VGGFace2_ArcFace_Project/data/aligned/train/n000221/0168_01.jpg,/mnt/c/Users/ansar/Desktop/VGGFace2_ArcFace_Project/data/aligned/train/n004488/0173_01.jpg,0.1346603482961654,-0.04662157573573384,-0.3507036902822987,0.30408211454656486,0.19866263300901627
random_impostor,/mnt/c/Users/ansar/Desktop/VGGFace2_ArcFace_Project/data/aligned/train/n002807/0087_01.jpg,/mnt/c/Users/ansar/Desktop/VGGFace2_ArcFace_Project/data/aligned/train/n007294/0167_01.jpg,0.0164168644696474,0.27126802275786827,-0.06443448851117653,0.3357025112690448,0.1678512556345224
random_impostor,/mnt/c/Users/ansar/Desktop/VGGFace2_ArcFace_Project/data/aligned/train/n002246/0035_01.jpg,/mnt/c/Users/ansar/Desktop/VGGFace2_ArcFace_Project/data/aligned/train/n001421/0395_01.jpg,0.0729483589529991,-0.0038382891695613285,-0.03807917308062945,0.03424088391106812,0.020958731125095387
random_impostor,/mnt/c/Users/ansar/Desktop/VGGFace2_ArcFace_Project/data/aligned/train/n001373/0116_03.jpg,/mnt/c/Users/ansar/Desktop/VGGFace2_ArcFace_Project/data/aligned/train/n005649/0075_01.jpg,-0.0085065746679902,0.6831343482449858,-0.0036643189240179075,0.6867986671690036,0.3433993335845018
random_impostor,/mnt/c/Users/ansar/Desktop/VGGFace2_ArcFace_Project/data/aligned/train/n003422/0069_02.jpg,/mnt/c/Users/ansar/Desktop/VGGFace2_ArcFace_Project/data/aligned/train/n002132/0273_01.jpg,0.0576263889670372,-0.03376321629004831,0.09239392071800133,0.12615713700804965,0.06307856850402482
random_impostor,/mnt/c/Users/ansar/Desktop/VGGFace2_ArcFace_Project/data/aligned/train/n000423/0092_01.jpg,/mnt/c/Users/ansar/Desktop/VGGFace2_ArcFace_Project/data/aligned/train/n008180/0255_01.jpg,-0.0138689037412405,-0.3392262511216713,-0.2100105830466999,0.12921566807497142,0.2746184170841856
random_impostor,/mnt/c/Users/ansar/Desktop/VGGFace2_ArcFace_Project/data/aligned/train/n003479/0059_01.jpg,/mnt/c/Users/ansar/Desktop/VGGFace2_ArcFace_Project/data/aligned/train/n003052/0191_01.jpg,0.2700736224651336,0.24161736919672352,0.05592307860696497,0.18569429058975856,0.14877022390184425
random_impostor,/mnt/c/Users/ansar/Desktop/VGGFace2_ArcFace_Project/data/aligned/train/n006090/0123_02.jpg,/mnt/c/Users/ansar/Desktop/VGGFace2_ArcFace_Project/data/aligned/train/n007610/0191_01.jpg,0.0783267319202423,0.23319347022702214,0.14143578582795133,0.09175768439907081,0.18731462802748672
random_impostor,/mnt/c/Users/ansar/Desktop/VGGFace2_ArcFace_Project/data/aligned/train/n006868/0317_01.jpg,/mnt/c/Users/ansar/Desktop/VGGFace2_ArcFace_Project/data/aligned/train/n005960/0118_01.jpg,0.0928266644477844,-0.1308576936560158,0.10411408079650913,0.23497177445252493,0.11748588722626246
random_impostor,/mnt/c/Users/ansar/Desktop/VGGFace2_ArcFace_Project/data/aligned/train/n000232/0033_01.jpg,/mnt/c/Users/ansar/Desktop/VGGFace2_ArcFace_Project/data/aligned/train/n007499/0249_01.jpg,0.2099446803331375,-0.0429345041453284,0.9873583155597898,1.0302928197051182,0.5151464098525591
random_impostor,/mnt/c/Users/ansar/Desktop/VGGFace2_ArcFace_Project/data/aligned/train/n006803/0359_01.jpg,/mnt/c/Users/ansar/Desktop/VGGFace2_ArcFace_Project/data/aligned/train/n000288/0313_01.jpg,0.0173200145363807,0.1359050848930785,-0.06039626098843199,0.1963013458815105,0.09815067294075525
random_impostor,/mnt/c/Users/ansar/Desktop/VGGFace2_ArcFace_Project/data/aligned/train/n003978/0067_01.jpg,/mnt/c/Users/ansar/Desktop/VGGFace2_ArcFace_Project/data/aligned/train/n003319/0268_01.jpg,-0.0290503147989511,0.03126021200785558,0.016911979922330064,0.014348232085525516,0.02408609596509282
random_impostor,/mnt/c/Users/ansar/Desktop/VGGFace2_ArcFace_Project/data/aligned/train/n005209/0157_01.jpg,/mnt/c/Users/ansar/Desktop/VGGFace2_ArcFace_Project/data/aligned/train/n005110/0087_03.jpg,-0.0352349020540714,0.0693226011784372,0.10808428441761095,0.038761683239173755,0.08870344279802407
random_impostor,/mnt/c/Users/ansar/Desktop/VGGFace2_ArcFace_Project/data/aligned/train/n002168/0253_01.jpg,/mnt/c/Users/ansar/Desktop/VGGFace2_ArcFace_Project/data/aligned/train/n001772/0258_02.jpg,0.0898254290223121,0.7090109121440823,0.04032804631328814,0.6686828658307942,0.3746694792286852
random_impostor,/mnt/c/Users/ansar/Desktop/VGGFace2_ArcFace_Project/data/aligned/train/n000643/0009_01.jpg,/mnt/c/Users/ansar/Desktop/VGGFace2_ArcFace_Project/data/aligned/train/n005925/0445_02.jpg,0.0224095620214939,-0.06501833574546541,0.28960399922104557,0.35462233496651097,0.17731116748325548
random_impostor,/mnt/c/Users/ansar/Desktop/VGGFace2_ArcFace_Project/data/aligned/train/n003226/0035_01.jpg,/mnt/c/Users/ansar/Desktop/VGGFace2_ArcFace_Project/data/aligned/train/n007818/0287_01.jpg,0.1507504880428314,-0.014853113076606668,0.8277989963709108,0.8426521094475175,0.4213260547237587
random_impostor,/mnt/c/Users/ansar/Desktop/VGGFace2_ArcFace_Project/data/aligned/train/n000309/0103_01.jpg,/mnt/c/Users/ansar/Desktop/VGGFace2_ArcFace_Project/data/aligned/train/n001750/0284_04.jpg,0.137526050209999,-0.01934997543941925,0.012909442390063816,0.032259417829483064,0.016129708914741532
random_impostor,/mnt/c/Users/ansar/Desktop/VGGFace2_ArcFace_Project/data/aligned/train/n008114/0235_01.jpg,/mnt/c/Users/ansar/Desktop/VGGFace2_ArcFace_Project/data/aligned/train/n004079/0180_01.jpg,0.1411896049976349,-0.3897883231805707,-0.22573240850670204,0.16405591467386868,0.30776036584363636
random_impostor,/mnt/c/Users/ansar/Desktop/VGGFace2_ArcFace_Project/data/aligned/train/n000393/0032_01.jpg,/mnt/c/Users/ansar/Desktop/VGGFace2_ArcFace_Project/data/aligned/train/n003643/0058_01.jpg,0.0205514803528785,-0.05351739934376805,-0.2889055718725117,0.23538817252874367,0.17121148560813987
random_impostor,/mnt/c/Users/ansar/Desktop/VGGFace2_ArcFace_Project/data/aligned/train/n005400/0352_02.jpg,/mnt/c/Users/ansar/Desktop/VGGFace2_ArcFace_Project/data/aligned/train/n005644/0008_01.jpg,-0.0127285327762365,0.40733072728141506,0.07020249072506024,0.3371282365563548,0.23876660900323765
random_impostor,/mnt/c/Users/ansar/Desktop/VGGFace2_ArcFace_Project/data/aligned/train/n005934/0281_01.jpg,/mnt/c/Users/ansar/Desktop/VGGFace2_ArcFace_Project/data/aligned/train/n008498/0008_01.jpg,0.1171793863177299,0.13112936000835285,-0.12713167569326914,0.25826103570162195,0.12913051785081098
random_impostor,/mnt/c/Users/ansar/Desktop/VGGFace2_ArcFace_Project/data/aligned/train/n005580/0041_01.jpg,/mnt/c/Users/ansar/Desktop/VGGFace2_ArcFace_Project/data/aligned/train/n006131/0226_01.jpg,-0.017192106693983,-0.19306763260007345,0.15779330923471957,0.350860941834793,0.1754304709173965
random_impostor,/mnt/c/Users/ansar/Desktop/VGGFace2_ArcFace_Project/data/aligned/train/n003070/0075_01.jpg,/mnt/c/Users/ansar/Desktop/VGGFace2_ArcFace_Project/data/aligned/train/n006933/0285_01.jpg,0.0452418513596057,0.2748203989398241,0.07610751219406509,0.198712886745759,0.17546395556694458
random_impostor,/mnt/c/Users/ansar/Desktop/VGGFace2_ArcFace_Project/data/aligned/train/n003411/0351_02.jpg,/mnt/c/Users/ansar/Desktop/VGGFace2_ArcFace_Project/data/aligned/train/n001134/0213_01.jpg,0.1901361793279647,-0.21116126237361046,-0.18724879839045575,0.02391246398315472,0.1992050303820331
random_impostor,/mnt/c/Users/ansar/Desktop/VGGFace2_ArcFace_Project/data/aligned/train/n007848/0297_01.jpg,/mnt/c/Users/ansar/Desktop/VGGFace2_ArcFace_Project/data/aligned/train/n007755/0065_01.jpg,0.0971914231777191,-0.4437445955729357,-0.24043180323091093,0.2033127923420248,0.3420881994019233
random_impostor,/mnt/c/Users/ansar/Desktop/VGGFace2_ArcFace_Project/data/aligned/train/n002227/0154_01.jpg,/mnt/c/Users/ansar/Desktop/VGGFace2_ArcFace_Project/data/aligned/train/n001531/0329_02.jpg,-0.0478232912719249,0.1864242165303688,-0.175084482247354,0.36150869877772285,0.18075434938886142
random_impostor,/mnt/c/Users/ansar/Desktop/VGGFace2_ArcFace_Project/data/aligned/train/n001654/0170_01.jpg,/mnt/c/Users/ansar/Desktop/VGGFace2_ArcFace_Project/data/aligned/train/n003908/0140_01.jpg,0.0672735050320625,-0.03750196268151802,-0.3832704900296772,0.3457685273481592,0.21038622635559762
random_impostor,/mnt/c/Users/ansar/Desktop/VGGFace2_ArcFace_Project/data/aligned/train/n001096/0060_01.jpg,/mnt/c/Users/ansar/Desktop/VGGFace2_ArcFace_Project/data/aligned/train/n000733/0044_01.jpg,0.0883507132530212,-0.4665007665461556,0.02445816671817647,0.49095893326433204,0.24547946663216602
random_impostor,/mnt/c/Users/ansar/Desktop/VGGFace2_ArcFace_Project/data/aligned/train/n005694/0154_02.jpg,/mnt/c/Users/ansar/Desktop/VGGFace2_ArcFace_Project/data/aligned/train/n006795/0177_03.jpg,-0.0103112272918224,-0.04320176458740718,-0.0038085511867435007,0.03939321340066368,0.023505157887075342
random_impostor,/mnt/c/Users/ansar/Desktop/VGGFace2_ArcFace_Project/data/aligned/train/n005275/0256_01.jpg,/mnt/c/Users/ansar/Desktop/VGGFace2_ArcFace_Project/data/aligned/train/n008245/0100_02.jpg,0.0863634571433067,-0.1380879727148974,0.11565729483733542,0.2537452675522328,0.1268726337761164
random_impostor,/mnt/c/Users/ansar/Desktop/VGGFace2_ArcFace_Project/data/aligned/train/n004110/0193_01.jpg,/mnt/c/Users/ansar/Desktop/VGGFace2_ArcFace_Project/data/aligned/train/n000842/0163_01.jpg,0.2074434161186218,0.017789156753619417,-0.24634953392512812,0.2641386906787475,0.13206934533937376
random_impostor,/mnt/c/Users/ansar/Desktop/VGGFace2_ArcFace_Project/data/aligned/train/n007720/0306_01.jpg,/mnt/c/Users/ansar/Desktop/VGGFace2_ArcFace_Project/data/aligned/train/n008052/0442_01.jpg,-0.0295377615839242,-1.2392455175820873,0.09726328188962012,1.3365087994717075,0.6682543997358538
random_impostor,/mnt/c/Users/ansar/Desktop/VGGFace2_ArcFace_Project/data/aligned/train/n003389/0036_01.jpg,/mnt/c/Users/ansar/Desktop/VGGFace2_ArcFace_Project/data/aligned/train/n005209/0048_01.jpg,0.0266763530671596,-0.27466386219552347,0.17486169093956377,0.44952555313508724,0.22476277656754362
random_impostor,/mnt/c/Users/ansar/Desktop/VGGFace2_ArcFace_Project/data/aligned/train/n001855/0276_02.jpg,/mnt/c/Users/ansar/Desktop/VGGFace2_ArcFace_Project/data/aligned/train/n008066/0376_01.jpg,0.1785671859979629,-0.021555688905688125,-0.23747000237692423,0.2159143134712361,0.12951284564130616
random_impostor,/mnt/c/Users/ansar/Desktop/VGGFace2_ArcFace_Project/data/aligned/train/n008880/0009_01.jpg,/mnt/c/Users/ansar/Desktop/VGGFace2_ArcFace_Project/data/aligned/train/n001340/0269_01.jpg,0.067368097603321,0.5061318704134522,0.004667269155007917,0.5014646012584443,0.25539956978423006
random_impostor,/mnt/c/Users/ansar/Desktop/VGGFace2_ArcFace_Project/data/aligned/train/n008142/0114_01.jpg,/mnt/c/Users/ansar/Desktop/VGGFace2_ArcFace_Project/data/aligned/train/n002408/0191_02.jpg,0.2825957536697387,-0.047624831016269485,-0.030974614187199562,0.016650216829069923,0.039299722601734526
random_impostor,/mnt/c/Users/ansar/Desktop/VGGFace2_ArcFace_Project/data/aligned/train/n007060/0068_01.jpg,/mnt/c/Users/ansar/Desktop/VGGFace2_ArcFace_Project/data/aligned/train/n007028/0190_03.jpg,0.0283774249255657,-0.0028115992829996195,-0.32579162881281126,0.32298002952981164,0.16430161404790544
random_impostor,/mnt/c/Users/ansar/Desktop/VGGFace2_ArcFace_Project/data/aligned/train/n006622/0145_01.jpg,/mnt/c/Users/ansar/Desktop/VGGFace2_ArcFace_Project/data/aligned/train/n005952/0166_01.jpg,-0.0129555761814117,0.055555344490068284,-0.05735272046240307,0.11290806495247135,0.05645403247623568
random_impostor,/mnt/c/Users/ansar/Desktop/VGGFace2_ArcFace_Project/data/aligned/train/n006427/0385_01.jpg,/mnt/c/Users/ansar/Desktop/VGGFace2_ArcFace_Project/data/aligned/train/n003424/0183_01.jpg,0.1401043832302093,-0.1974334344696574,0.28054710156791374,0.4779805360375711,0.23899026801878556
random_impostor,/mnt/c/Users/ansar/Desktop/VGGFace2_ArcFace_Project/data/aligned/train/n004477/0123_01.jpg,/mnt/c/Users/ansar/Desktop/VGGFace2_ArcFace_Project/data/aligned/train/n002376/0221_01.jpg,0.0987182557582855,-0.3148023005705519,-0.06899731332802422,0.2458049872425277,0.19189980694928807
random_impostor,/mnt/c/Users/ansar/Desktop/VGGFace2_ArcFace_Project/data/aligned/train/n002645/0122_01.jpg,/mnt/c/Users/ansar/Desktop/VGGFace2_ArcFace_Project/data/aligned/train/n005096/0276_02.jpg,-0.0397880747914314,0.11072616071731238,-0.29212357724637306,0.40284973796368545,0.20142486898184273
random_impostor,/mnt/c/Users/ansar/Desktop/VGGFace2_ArcFace_Project/data/aligned/train/n007150/0202_01.jpg,/mnt/c/Users/ansar/Desktop/VGGFace2_ArcFace_Project/data/aligned/train/n005453/0261_01.jpg,0.0658375695347786,0.3500887863210317,-0.09827396477131284,0.4483627510923445,0.22418137554617226
random_impostor,/mnt/c/Users/ansar/Desktop/VGGFace2_ArcFace_Project/data/aligned/train/n006118/0256_01.jpg,/mnt/c/Users/ansar/Desktop/VGGFace2_ArcFace_Project/data/aligned/train/n003797/0094_01.jpg,0.1681499630212783,-0.5427774592618848,-0.1531544806913093,0.3896229785705755,0.34796596997659707
random_impostor,/mnt/c/Users/ansar/Desktop/VGGFace2_ArcFace_Project/data/aligned/train/n003915/0169_01.jpg,/mnt/c/Users/ansar/Desktop/VGGFace2_ArcFace_Project/data/aligned/train/n007324/0290_01.jpg,0.1843648999929428,-0.04812427084170012,0.04012587445416451,0.08825014529586464,0.04412507264793232
random_impostor,/mnt/c/Users/ansar/Desktop/VGGFace2_ArcFace_Project/data/aligned/train/n003062/0379_01.jpg,/mnt/c/Users/ansar/Desktop/VGGFace2_ArcFace_Project/data/aligned/train/n003583/0220_01.jpg,0.0572956167161464,-0.02841026133581167,-0.00443830192367695,0.02397195941213472,0.01642428162974431
random_impostor,/mnt/c/Users/ansar/Desktop/VGGFace2_ArcFace_Project/data/aligned/train/n002608/0030_01.jpg,/mnt/c/Users/ansar/Desktop/VGGFace2_ArcFace_Project/data/aligned/train/n005190/0246_01.jpg,0.047342725098133,0.0848532134505485,0.11133320378346807,0.026479990332919576,0.09809320861700829
random_impostor,/mnt/c/Users/ansar/Desktop/VGGFace2_ArcFace_Project/data/aligned/train/n006662/0127_02.jpg,/mnt/c/Users/ansar/Desktop/VGGFace2_ArcFace_Project/data/aligned/train/n003667/0218_01.jpg,0.1744458824396133,0.05851353538663912,-0.14905518319014188,0.207568718576781,0.1037843592883905
random_impostor,/mnt/c/Users/ansar/Desktop/VGGFace2_ArcFace_Project/data/aligned/train/n000557/0378_01.jpg,/mnt/c/Users/ansar/Desktop/VGGFace2_ArcFace_Project/data/aligned/train/n005850/0267_01.jpg,0.2136660665273666,-0.03676663364650738,0.3119869559418539,0.3487535895883613,0.17437679479418064
random_impostor,/mnt/c/Users/ansar/Desktop/VGGFace2_ArcFace_Project/data/aligned/train/n006143/0193_02.jpg,/mnt/c/Users/ansar/Desktop/VGGFace2_ArcFace_Project/data/aligned/train/n004465/0104_05.jpg,0.0290560964494943,-0.20443195323658273,0.25451557487139015,0.4589475281079729,0.22947376405398645
random_impostor,/mnt/c/Users/ansar/Desktop/VGGFace2_ArcFace_Project/data/aligned/train/n003947/0122_01.jpg,/mnt/c/Users/ansar/Desktop/VGGFace2_ArcFace_Project/data/aligned/train/n006943/0226_01.jpg,0.0467423051595687,-0.14197266764779762,-0.13970647262039157,0.0022661950274060483,0.1408395701340946
random_impostor,/mnt/c/Users/ansar/Desktop/VGGFace2_ArcFace_Project/data/aligned/train/n005895/0301_01.jpg,/mnt/c/Users/ansar/Desktop/VGGFace2_ArcFace_Project/data/aligned/train/n006390/0093_02.jpg,0.1718836724758148,0.04270005477007152,-0.07566144290154758,0.1183614976716191,0.05918074883580955
random_impostor,/mnt/c/Users/ansar/Desktop/VGGFace2_ArcFace_Project/data/aligned/train/n006135/0310_02.jpg,/mnt/c/Users/ansar/Desktop/VGGFace2_ArcFace_Project/data/aligned/train/n007991/0393_01.jpg,-0.010297073982656,-0.0032836215146416314,0.26214718055749586,0.2654308020721375,0.13271540103606874
random_impostor,/mnt/c/Users/ansar/Desktop/VGGFace2_ArcFace_Project/data/aligned/train/n002794/0015_05.jpg,/mnt/c/Users/ansar/Desktop/VGGFace2_ArcFace_Project/data/aligned/train/n006850/0105_01.jpg,0.0842581093311309,0.11510624180425909,-0.004401783690086335,0.11950802549434542,0.05975401274717271
random_impostor,/mnt/c/Users/ansar/Desktop/VGGFace2_ArcFace_Project/data/aligned/train/n008690/0076_01.jpg,/mnt/c/Users/ansar/Desktop/VGGFace2_ArcFace_Project/data/aligned/train/n002146/0116_01.jpg,-0.0757850483059883,-0.15193417615454868,-0.27857369227971124,0.12663951612516255,0.21525393421712996
random_impostor,/mnt/c/Users/ansar/Desktop/VGGFace2_ArcFace_Project/data/aligned/train/n007728/0272_01.jpg,/mnt/c/Users/ansar/Desktop/VGGFace2_ArcFace_Project/data/aligned/train/n006632/0411_01.jpg,0.1092909425497055,0.051262142694192846,0.30533221219455825,0.2540700695003654,0.17829717744437554
random_impostor,/mnt/c/Users/ansar/Desktop/VGGFace2_ArcFace_Project/data/aligned/train/n002649/0150_01.jpg,/mnt/c/Users/ansar/Desktop/VGGFace2_ArcFace_Project/data/aligned/train/n000779/0031_01.jpg,0.0471993684768676,0.06081563406438174,-0.1451229289640402,0.20593856302842195,0.10296928151421098
random_impostor,/mnt/c/Users/ansar/Desktop/VGGFace2_ArcFace_Project/data/aligned/train/n008689/0115_01.jpg,/mnt/c/Users/ansar/Desktop/VGGFace2_ArcFace_Project/data/aligned/train/n008298/0147_01.jpg,-0.1227331459522247,-0.02266019946720104,0.05495803886004514,0.07761823832724618,0.03880911916362309
random_impostor,/mnt/c/Users/ansar/Desktop/VGGFace2_ArcFace_Project/data/aligned/train/n006636/0334_02.jpg,/mnt/c/Users/ansar/Desktop/VGGFace2_ArcFace_Project/data/aligned/train/n004257/0204_01.jpg,0.1369793862104416,0.46633041536695413,0.05241915115044923,0.4139112642165049,0.25937478325870167
random_impostor,/mnt/c/Users/ansar/Desktop/VGGFace2_ArcFace_Project/data/aligned/train/n009256/0125_02.jpg,/mnt/c/Users/ansar/Desktop/VGGFace2_ArcFace_Project/data/aligned/train/n008641/0198_01.jpg,-0.0675135403871536,-0.11648191779172067,0.2855709271223337,0.40205284491405435,0.20102642245702718
random_impostor,/mnt/c/Users/ansar/Desktop/VGGFace2_ArcFace_Project/data/aligned/train/n005512/0048_01.jpg,/mnt/c/Users/ansar/Desktop/VGGFace2_ArcFace_Project/data/aligned/train/n006426/0275_01.jpg,0.0882658064365387,0.07096869026900107,-0.43695777024475985,0.5079264605137609,0.25396323025688045
random_impostor,/mnt/c/Users/ansar/Desktop/VGGFace2_ArcFace_Project/data/aligned/train/n008823/0028_01.jpg,/mnt/c/Users/ansar/Desktop/VGGFace2_ArcFace_Project/data/aligned/train/n007866/0233_01.jpg,-0.0758924260735511,-0.13679858723280114,-0.4462557546874474,0.30945716745464624,0.29152717096012426
random_impostor,/mnt/c/Users/ansar/Desktop/VGGFace2_ArcFace_Project/data/aligned/train/n004651/0203_01.jpg,/mnt/c/Users/ansar/Desktop/VGGFace2_ArcFace_Project/data/aligned/train/n004744/0065_01.jpg,0.0124847432598471,0.007079884217792681,-0.00021315364209775658,0.007293037859890438,0.003646518929945219
random_impostor,/mnt/c/Users/ansar/Desktop/VGGFace2_ArcFace_Project/data/aligned/train/n004941/0154_01.jpg,/mnt/c/Users/ansar/Desktop/VGGFace2_ArcFace_Project/data/aligned/train/n007251/0161_01.jpg,0.0067288433201611,-0.03909964334163459,0.0776216506941027,0.1167212940357373,0.05836064701786865
random_impostor,/mnt/c/Users/ansar/Desktop/VGGFace2_ArcFace_Project/data/aligned/train/n004435/0471_01.jpg,/mnt/c/Users/ansar/Desktop/VGGFace2_ArcFace_Project/data/aligned/train/n002189/0157_03.jpg,0.0571020618081092,-0.08299086839837759,0.4731134335323223,0.5561043019306999,0.27805215096534996
random_impostor,/mnt/c/Users/ansar/Desktop/VGGFace2_ArcFace_Project/data/aligned/train/n005196/0136_01.jpg,/mnt/c/Users/ansar/Desktop/VGGFace2_ArcFace_Project/data/aligned/train/n002480/0369_01.jpg,0.1284343004226684,0.07949958476818396,-0.015949223767677524,0.09544880853586149,0.047724404267930745
random_impostor,/mnt/c/Users/ansar/Desktop/VGGFace2_ArcFace_Project/data/aligned/train/n002791/0003_01.jpg,/mnt/c/Users/ansar/Desktop/VGGFace2_ArcFace_Project/data/aligned/train/n002570/0188_01.jpg,0.1606471985578537,0.29761208389683413,0.02971792979070764,0.2678941541061265,0.1636650068437709
random_impostor,/mnt/c/Users/ansar/Desktop/VGGFace2_ArcFace_Project/data/aligned/train/n008751/0037_01.jpg,/mnt/c/Users/ansar/Desktop/VGGFace2_ArcFace_Project/data/aligned/train/n006398/0318_01.jpg,0.1496168226003646,0.07968992647282414,-0.5908763717030862,0.6705662981759103,0.33528314908795515
random_impostor,/mnt/c/Users/ansar/Desktop/VGGFace2_ArcFace_Project/data/aligned/train/n003058/0415_01.jpg,/mnt/c/Users/ansar/Desktop/VGGFace2_ArcFace_Project/data/aligned/train/n005190/0211_01.jpg,0.082192912697792,0.2737867205362211,-0.07015461080726898,0.3439413313434901,0.17197066567174504
random_impostor,/mnt/c/Users/ansar/Desktop/VGGFace2_ArcFace_Project/data/aligned/train/n000632/0289_01.jpg,/mnt/c/Users/ansar/Desktop/VGGFace2_ArcFace_Project/data/aligned/train/n007107/0163_04.jpg,0.1161317750811576,-0.2505997920282447,0.02185872647541718,0.2724585185036619,0.13622925925183094
random_impostor,/mnt/c/Users/ansar/Desktop/VGGFace2_ArcFace_Project/data/aligned/train/n006899/0517_02.jpg,/mnt/c/Users/ansar/Desktop/VGGFace2_ArcFace_Project/data/aligned/train/n009179/0296_01.jpg,0.0882799252867698,-0.28381933102678286,0.5125331003121065,0.7963524313388894,0.3981762156694447
random_impostor,/mnt/c/Users/ansar/Desktop/VGGFace2_ArcFace_Project/data/aligned/train/n001348/0121_01.jpg,/mnt/c/Users/ansar/Desktop/VGGFace2_ArcFace_Project/data/aligned/train/n003454/0100_01.jpg,0.0743740573525428,0.11026114189128518,0.03539632187683058,0.0748648200144546,0.07282873188405788
random_impostor,/mnt/c/Users/ansar/Desktop/VGGFace2_ArcFace_Project/data/aligned/train/n002313/0141_01.jpg,/mnt/c/Users/ansar/Desktop/VGGFace2_ArcFace_Project/data/aligned/train/n006539/0285_01.jpg,0.2539421021938324,-0.25654008138607814,-0.7651854703329254,0.5086453889468472,0.5108627758595018
random_impostor,/mnt/c/Users/ansar/Desktop/VGGFace2_ArcFace_Project/data/aligned/train/n007798/0154_01.jpg,/mnt/c/Users/ansar/Desktop/VGGFace2_ArcFace_Project/data/aligned/train/n006693/0301_01.jpg,0.0952438786625862,0.07114917038119645,0.023076685511129166,0.04807248487006728,0.04711292794616281
random_impostor,/mnt/c/Users/ansar/Desktop/VGGFace2_ArcFace_Project/data/aligned/train/n002243/0146_01.jpg,/mnt/c/Users/ansar/Desktop/VGGFace2_ArcFace_Project/data/aligned/train/n001861/0113_01.jpg,0.0996409878134727,-0.11813839373641345,-0.06501264274759011,0.05312575098882334,0.09157551824200177
random_impostor,/mnt/c/Users/ansar/Desktop/VGGFace2_ArcFace_Project/data/aligned/train/n006921/0175_01.jpg,/mnt/c/Users/ansar/Desktop/VGGFace2_ArcFace_Project/data/aligned/train/n007761/0132_01.jpg,0.0633274838328361,0.06725014127004178,0.2322504661207622,0.16500032485072041,0.149750303695402
random_impostor,/mnt/c/Users/ansar/Desktop/VGGFace2_ArcFace_Project/data/aligned/train/n008795/0458_01.jpg,/mnt/c/Users/ansar/Desktop/VGGFace2_ArcFace_Project/data/aligned/train/n004974/0114_01.jpg,0.1002212241291999,-0.12091868991365713,-0.15931098921811593,0.038392299304458796,0.14011483956588652
random_impostor,/mnt/c/Users/ansar/Desktop/VGGFace2_ArcFace_Project/data/aligned/train/n000427/0072_02.jpg,/mnt/c/Users/ansar/Desktop/VGGFace2_ArcFace_Project/data/aligned/train/n009171/0148_01.jpg,0.1502347737550735,-0.056289475829761786,-0.4991362103384708,0.442846734508709,0.27771284308411626
random_impostor,/mnt/c/Users/ansar/Desktop/VGGFace2_ArcFace_Project/data/aligned/train/n007257/0226_01.jpg,/mnt/c/Users/ansar/Desktop/VGGFace2_ArcFace_Project/data/aligned/train/n004989/0064_02.jpg,0.1181202828884124,0.28592229713630946,0.10531145431359984,0.18061084282270962,0.19561687572495465
random_impostor,/mnt/c/Users/ansar/Desktop/VGGFace2_ArcFace_Project/data/aligned/train/n003654/0128_01.jpg,/mnt/c/Users/ansar/Desktop/VGGFace2_ArcFace_Project/data/aligned/train/n000378/0336_01.jpg,0.3154292404651642,0.1208439376542774,0.04046737926446543,0.08037655838981196,0.08065565845937142
random_impostor,/mnt/c/Users/ansar/Desktop/VGGFace2_ArcFace_Project/data/aligned/train/n002000/0086_01.jpg,/mnt/c/Users/ansar/Desktop/VGGFace2_ArcFace_Project/data/aligned/train/n007535/0079_02.jpg,0.3120668828487396,0.576190089437293,0.06525570906210153,0.5109343803751915,0.32072289924969727
random_impostor,/mnt/c/Users/ansar/Desktop/VGGFace2_ArcFace_Project/data/aligned/train/n000810/0324_02.jpg,/mnt/c/Users/ansar/Desktop/VGGFace2_ArcFace_Project/data/aligned/train/n003967/0460_02.jpg,-0.0101504232734441,-0.1219285518930695,0.012157560706946976,0.1340861126000165,0.06704305630000824
random_impostor,/mnt/c/Users/ansar/Desktop/VGGFace2_ArcFace_Project/data/aligned/train/n006945/0252_01.jpg,/mnt/c/Users/ansar/Desktop/VGGFace2_ArcFace_Project/data/aligned/train/n003522/0030_01.jpg,-0.088329367339611,0.13012550476066423,0.35767342113495054,0.2275479163742863,0.2438994629478074
random_impostor,/mnt/c/Users/ansar/Desktop/VGGFace2_ArcFace_Project/data/aligned/train/n005184/0259_02.jpg,/mnt/c/Users/ansar/Desktop/VGGFace2_ArcFace_Project/data/aligned/train/n003929/0235_01.jpg,0.102364681661129,0.2681276262780766,0.025926927450057872,0.24220069882801876,0.14702727686406725
random_impostor,/mnt/c/Users/ansar/Desktop/VGGFace2_ArcFace_Project/data/aligned/train/n007475/0306_01.jpg,/mnt/c/Users/ansar/Desktop/VGGFace2_ArcFace_Project/data/aligned/train/n000632/0099_02.jpg,-0.0506813414394855,0.35181529845918147,-0.3111236896279893,0.6629389880871708,0.3314694940435854
random_impostor,/mnt/c/Users/ansar/Desktop/VGGFace2_ArcFace_Project/data/aligned/train/n002171/0221_01.jpg,/mnt/c/Users/ansar/Desktop/VGGFace2_ArcFace_Project/data/aligned/train/n001737/0402_01.jpg,-0.048411551862955,-0.2414846779467854,0.06565164276950339,0.3071363207162888,0.1535681603581444
random_impostor,/mnt/c/Users/ansar/Desktop/VGGFace2_ArcFace_Project/data/aligned/train/n007298/0080_01.jpg,/mnt/c/Users/ansar/Desktop/VGGFace2_ArcFace_Project/data/aligned/train/n003303/0219_01.jpg,0.1959603875875473,0.246782179367152,0.028782416659851536,0.21799976270730045,0.13778229801350175
random_impostor,/mnt/c/Users/ansar/Desktop/VGGFace2_ArcFace_Project/data/aligned/train/n001684/0116_01.jpg,/mnt/c/Users/ansar/Desktop/VGGFace2_ArcFace_Project/data/aligned/train/n005261/0148_03.jpg,0.1644034087657928,-0.5205137218474638,-0.3377770324321376,0.18273668941532623,0.4291453771398007
random_impostor,/mnt/c/Users/ansar/Desktop/VGGFace2_ArcFace_Project/data/aligned/train/n006814/0231_01.jpg,/mnt/c/Users/ansar/Desktop/VGGFace2_ArcFace_Project/data/aligned/train/n001307/0551_05.jpg,0.0156053379178047,0.10613916787172459,-0.1763334780504562,0.2824726459221808,0.1412363229610904
random_impostor,/mnt/c/Users/ansar/Desktop/VGGFace2_ArcFace_Project/data/aligned/train/n006806/0118_01.jpg,/mnt/c/Users/ansar/Desktop/VGGFace2_ArcFace_Project/data/aligned/train/n000773/0339_06.jpg,0.0241221189498901,-0.05864774543215953,0.37761913424959287,0.4362668796817524,0.2181334398408762
random_impostor,/mnt/c/Users/ansar/Desktop/VGGFace2_ArcFace_Project/data/aligned/train/n007308/0033_01.jpg,/mnt/c/Users/ansar/Desktop/VGGFace2_ArcFace_Project/data/aligned/train/n004472/0769_01.jpg,0.1189660429954528,-0.0013184348556002142,0.2556500251534468,0.25696846000904705,0.12848423000452353
random_impostor,/mnt/c/Users/ansar/Desktop/VGGFace2_ArcFace_Project/data/aligned/train/n000631/0044_01.jpg,/mnt/c/Users/ansar/Desktop/VGGFace2_ArcFace_Project/data/aligned/train/n001978/0195_01.jpg,0.0946609824895858,0.7128843792551091,0.3022382026686525,0.4106461765864566,0.5075612909618807
random_impostor,/mnt/c/Users/ansar/Desktop/VGGFace2_ArcFace_Project/data/aligned/train/n005346/0318_01.jpg,/mnt/c/Users/ansar/Desktop/VGGFace2_ArcFace_Project/data/aligned/train/n000008/0223_01.jpg,0.389599084854126,0.0049496795326296385,-0.06660438060956644,0.07155406014219608,0.03577703007109804
random_impostor,/mnt/c/Users/ansar/Desktop/VGGFace2_ArcFace_Project/data/aligned/train/n005218/0149_02.jpg,/mnt/c/Users/ansar/Desktop/VGGFace2_ArcFace_Project/data/aligned/train/n001776/0083_01.jpg,0.1483265608549118,-0.008894103952915742,-0.032878219781736044,0.023984115828820304,0.020886161867325892
random_impostor,/mnt/c/Users/ansar/Desktop/VGGFace2_ArcFace_Project/data/aligned/train/n002736/0367_01.jpg,/mnt/c/Users/ansar/Desktop/VGGFace2_ArcFace_Project/data/aligned/train/n000971/0248_01.jpg,0.118533082306385,-0.11755599465700736,0.6646672481913606,0.782223242848368,0.391111621424184
random_impostor,/mnt/c/Users/ansar/Desktop/VGGFace2_ArcFace_Project/data/aligned/train/n006325/0078_01.jpg,/mnt/c/Users/ansar/Desktop/VGGFace2_ArcFace_Project/data/aligned/train/n002019/0016_02.jpg,0.1531602591276168,0.11857135047884326,0.07017532424751861,0.04839602623132465,0.09437333736318093
random_impostor,/mnt/c/Users/ansar/Desktop/VGGFace2_ArcFace_Project/data/aligned/train/n006685/0203_01.jpg,/mnt/c/Users/ansar/Desktop/VGGFace2_ArcFace_Project/data/aligned/train/n009140/0117_01.jpg,0.061523575335741,0.4694789022021206,0.14769317072137833,0.32178573148074224,0.3085860364617494
random_impostor,/mnt/c/Users/ansar/Desktop/VGGFace2_ArcFace_Project/data/aligned/train/n004485/0013_01.jpg,/mnt/c/Users/ansar/Desktop/VGGFace2_ArcFace_Project/data/aligned/train/n004727/0220_02.jpg,0.0970393344759941,0.3325950201337773,0.21692580751928414,0.11566921261449314,0.2747604138265307
random_impostor,/mnt/c/Users/ansar/Desktop/VGGFace2_ArcFace_Project/data/aligned/train/n004269/0058_01.jpg,/mnt/c/Users/ansar/Desktop/VGGFace2_ArcFace_Project/data/aligned/train/n003712/0429_01.jpg,0.0594607889652252,-0.20625566484298044,-0.28207970503413093,0.0758240401911505,0.24416768493855567
random_impostor,/mnt/c/Users/ansar/Desktop/VGGFace2_ArcFace_Project/data/aligned/train/n006474/0261_03.jpg,/mnt/c/Users/ansar/Desktop/VGGFace2_ArcFace_Project/data/aligned/train/n001824/0239_01.jpg,0.1825830489397049,-0.1567435398263035,-0.7536158974051003,0.5968723575787968,0.4551797186157019
random_impostor,/mnt/c/Users/ansar/Desktop/VGGFace2_ArcFace_Project/data/aligned/train/n002693/0049_02.jpg,/mnt/c/Users/ansar/Desktop/VGGFace2_ArcFace_Project/data/aligned/train/n008837/0151_03.jpg,0.1667263507843017,-0.07980724862818626,-0.03445534299191116,0.04535190563627511,0.05713129581004871
random_impostor,/mnt/c/Users/ansar/Desktop/VGGFace2_ArcFace_Project/data/aligned/train/n004374/0342_01.jpg,/mnt/c/Users/ansar/Desktop/VGGFace2_ArcFace_Project/data/aligned/train/n009227/0169_02.jpg,0.0937282666563987,-0.9197426127359235,0.6240119628107003,1.5437545755466238,0.7718772877733119
random_impostor,/mnt/c/Users/ansar/Desktop/VGGFace2_ArcFace_Project/data/aligned/train/n001380/0181_01.jpg,/mnt/c/Users/ansar/Desktop/VGGFace2_ArcFace_Project/data/aligned/train/n001554/0018_01.jpg,0.0536615476012229,0.49164576072299415,-0.0713316911350956,0.5629774518580898,0.2814887259290449
random_impostor,/mnt/c/Users/ansar/Desktop/VGGFace2_ArcFace_Project/data/aligned/train/n005884/0346_01.jpg,/mnt/c/Users/ansar/Desktop/VGGFace2_ArcFace_Project/data/aligned/train/n001147/0138_01.jpg,0.0364712998270988,-0.31271053462109427,-0.2359670292133767,0.07674350540771757,0.2743387819172355
random_impostor,/mnt/c/Users/ansar/Desktop/VGGFace2_ArcFace_Project/data/aligned/train/n005974/0073_01.jpg,/mnt/c/Users/ansar/Desktop/VGGFace2_ArcFace_Project/data/aligned/train/n001402/0081_02.jpg,0.0173786245286464,0.4731850137467545,0.04292819353954492,0.43025682020720957,0.2580566036431497
random_impostor,/mnt/c/Users/ansar/Desktop/VGGFace2_ArcFace_Project/data/aligned/train/n000650/0296_01.jpg,/mnt/c/Users/ansar/Desktop/VGGFace2_ArcFace_Project/data/aligned/train/n004203/0197_02.jpg,0.0797915533185005,0.5816400115453899,0.20507948844548934,0.37656052309990057,0.39335974999543966
random_impostor,/mnt/c/Users/ansar/Desktop/VGGFace2_ArcFace_Project/data/aligned/train/n007944/0237_02.jpg,/mnt/c/Users/ansar/Desktop/VGGFace2_ArcFace_Project/data/aligned/train/n005647/0293_01.jpg,0.2467360347509384,0.29359417737431537,0.0019009484144227517,0.29169322895989264,0.14774756289436905
random_impostor,/mnt/c/Users/ansar/Desktop/VGGFace2_ArcFace_Project/data/aligned/train/n003718/0218_03.jpg,/mnt/c/Users/ansar/Desktop/VGGFace2_ArcFace_Project/data/aligned/train/n003216/0311_01.jpg,0.1410330235958099,1.3018724481530835,-0.5126339554270928,1.8145064035801761,0.9072532017900881
random_impostor,/mnt/c/Users/ansar/Desktop/VGGFace2_ArcFace_Project/data/aligned/train/n000204/0044_01.jpg,/mnt/c/Users/ansar/Desktop/VGGFace2_ArcFace_Project/data/aligned/train/n008618/0047_01.jpg,0.077965036034584,0.031261705497170805,0.08578121534265273,0.05451950984548193,0.05852146041991177
random_impostor,/mnt/c/Users/ansar/Desktop/VGGFace2_ArcFace_Project/data/aligned/train/n004957/0088_02.jpg,/mnt/c/Users/ansar/Desktop/VGGFace2_ArcFace_Project/data/aligned/train/n001131/0137_01.jpg,-0.0484207309782505,-0.14799544201374465,-0.16461153986728214,0.016616097853537487,0.15630349094051338
random_impostor,/mnt/c/Users/ansar/Desktop/VGGFace2_ArcFace_Project/data/aligned/train/n002811/0109_01.jpg,/mnt/c/Users/ansar/Desktop/VGGFace2_ArcFace_Project/data/aligned/train/n002917/0054_02.jpg,0.1429559141397476,-0.04353308953268871,0.21700759880046944,0.26054068833315813,0.13027034416657907
random_impostor,/mnt/c/Users/ansar/Desktop/VGGFace2_ArcFace_Project/data/aligned/train/n005780/0306_01.jpg,/mnt/c/Users/ansar/Desktop/VGGFace2_ArcFace_Project/data/aligned/train/n000465/0131_04.jpg,0.1125978156924247,-0.16536168426269512,-0.17596146506706128,0.01059978080436616,0.1706615746648782
random_impostor,/mnt/c/Users/ansar/Desktop/VGGFace2_ArcFace_Project/data/aligned/train/n008977/0094_01.jpg,/mnt/c/Users/ansar/Desktop/VGGFace2_ArcFace_Project/data/aligned/train/n007426/0406_01.jpg,0.1969639807939529,0.14224429378381548,0.30045344708748495,0.15820915330366947,0.2213488704356502
random_impostor,/mnt/c/Users/ansar/Desktop/VGGFace2_ArcFace_Project/data/aligned/train/n006552/0032_01.jpg,/mnt/c/Users/ansar/Desktop/VGGFace2_ArcFace_Project/data/aligned/train/n001061/0216_02.jpg,0.1642076075077057,0.012157197524042023,0.10544604552550363,0.0932888480014616,0.05880162152477283
random_impostor,/mnt/c/Users/ansar/Desktop/VGGFace2_ArcFace_Project/data/aligned/train/n009200/0053_01.jpg,/mnt/c/Users/ansar/Desktop/VGGFace2_ArcFace_Project/data/aligned/train/n003089/0099_01.jpg,0.2306070029735565,-0.0235173568229487,0.22907733634356825,0.25259469316651695,0.12629734658325847
random_impostor,/mnt/c/Users/ansar/Desktop/VGGFace2_ArcFace_Project/data/aligned/train/n005686/0228_01.jpg,/mnt/c/Users/ansar/Desktop/VGGFace2_ArcFace_Project/data/aligned/train/n007978/0234_01.jpg,0.1576397567987442,-0.4920869604313814,0.06462659982118198,0.5567135602525634,0.2783567801262817
random_impostor,/mnt/c/Users/ansar/Desktop/VGGFace2_ArcFace_Project/data/aligned/train/n001734/0067_01.jpg,/mnt/c/Users/ansar/Desktop/VGGFace2_ArcFace_Project/data/aligned/train/n008007/0073_01.jpg,0.0065219313837587,-0.42872044363518425,0.019215586601945812,0.4479360302371301,0.22396801511856504
random_impostor,/mnt/c/Users/ansar/Desktop/VGGFace2_ArcFace_Project/data/aligned/train/n008162/0032_01.jpg,/mnt/c/Users/ansar/Desktop/VGGFace2_ArcFace_Project/data/aligned/train/n002172/0085_01.jpg,0.0300684440881013,0.006051840684442722,0.11750768137100687,0.11145584068656414,0.0617797610277248
random_impostor,/mnt/c/Users/ansar/Desktop/VGGFace2_ArcFace_Project/data/aligned/train/n006156/0087_01.jpg,/mnt/c/Users/ansar/Desktop/VGGFace2_ArcFace_Project/data/aligned/train/n005512/0045_01.jpg,0.1308313757181167,-0.05633378260100553,0.0633836154648967,0.11971739806590223,0.059858699032951115
random_impostor,/mnt/c/Users/ansar/Desktop/VGGFace2_ArcFace_Project/data/aligned/train/n006564/0434_02.jpg,/mnt/c/Users/ansar/Desktop/VGGFace2_ArcFace_Project/data/aligned/train/n002528/0176_01.jpg,0.2447852939367294,-0.6798125173800498,-0.06103191876450237,0.6187805986155475,0.37042221807227604
random_impostor,/mnt/c/Users/ansar/Desktop/VGGFace2_ArcFace_Project/data/aligned/train/n000782/0076_02.jpg,/mnt/c/Users/ansar/Desktop/VGGFace2_ArcFace_Project/data/aligned/train/n001167/0041_02.jpg,-0.0170288980007171,-0.064149845852589,0.05491768784648794,0.11906753369907694,0.05953376684953847
random_impostor,/mnt/c/Users/ansar/Desktop/VGGFace2_ArcFace_Project/data/aligned/train/n003531/0445_01.jpg,/mnt/c/Users/ansar/Desktop/VGGFace2_ArcFace_Project/data/aligned/train/n001551/0080_01.jpg,0.2286510616540908,0.2156957536023977,0.22659536947186673,0.010899615869469026,0.22114556153713222
random_impostor,/mnt/c/Users/ansar/Desktop/VGGFace2_ArcFace_Project/data/aligned/train/n007841/0152_01.jpg,/mnt/c/Users/ansar/Desktop/VGGFace2_ArcFace_Project/data/aligned/train/n008996/0383_01.jpg,0.0017542126588523,-0.15733119849524385,-0.3458936250262632,0.18856242653101934,0.25161241176075355
random_impostor,/mnt/c/Users/ansar/Desktop/VGGFace2_ArcFace_Project/data/aligned/train/n006530/0112_01.jpg,/mnt/c/Users/ansar/Desktop/VGGFace2_ArcFace_Project/data/aligned/train/n003382/0027_01.jpg,0.1220520064234733,0.05115421491972378,0.15414668144979754,0.10299246653007377,0.10265044818476066
random_impostor,/mnt/c/Users/ansar/Desktop/VGGFace2_ArcFace_Project/data/aligned/train/n004215/0045_01.jpg,/mnt/c/Users/ansar/Desktop/VGGFace2_ArcFace_Project/data/aligned/train/n008918/0114_01.jpg,0.0690783783793449,0.003936098171250593,0.042684556828671574,0.03874845865742098,0.023310327499961085
random_impostor,/mnt/c/Users/ansar/Desktop/VGGFace2_ArcFace_Project/data/aligned/train/n003813/0186_01.jpg,/mnt/c/Users/ansar/Desktop/VGGFace2_ArcFace_Project/data/aligned/train/n008514/0097_02.jpg,-0.0349676385521888,0.09951576383501522,0.17420129417909616,0.07468553034408094,0.1368585290070557
random_impostor,/mnt/c/Users/ansar/Desktop/VGGFace2_ArcFace_Project/data/aligned/train/n007601/0023_01.jpg,/mnt/c/Users/ansar/Desktop/VGGFace2_ArcFace_Project/data/aligned/train/n006056/0115_01.jpg,-0.0095007242634892,-0.12019771159662636,-0.015627895292200805,0.10456981630442555,0.06791280344441358
random_impostor,/mnt/c/Users/ansar/Desktop/VGGFace2_ArcFace_Project/data/aligned/train/n002325/0382_04.jpg,/mnt/c/Users/ansar/Desktop/VGGFace2_ArcFace_Project/data/aligned/train/n000792/0091_01.jpg,0.0266995392739772,1.659793396676291,-0.25449038484819453,1.9142837815244855,0.9571418907622428
random_impostor,/mnt/c/Users/ansar/Desktop/VGGFace2_ArcFace_Project/data/aligned/train/n007131/0369_02.jpg,/mnt/c/Users/ansar/Desktop/VGGFace2_ArcFace_Project/data/aligned/train/n003150/0078_01.jpg,0.098270758986473,-0.24663443503195046,-0.06809622904825414,0.1785382059836963,0.1573653320401023
random_impostor,/mnt/c/Users/ansar/Desktop/VGGFace2_ArcFace_Project/data/aligned/train/n001342/0178_01.jpg,/mnt/c/Users/ansar/Desktop/VGGFace2_ArcFace_Project/data/aligned/train/n007618/0026_04.jpg,0.1893941313028335,0.01605320365312336,-0.2303572442748759,0.24641044792799924,0.12320522396399962
random_impostor,/mnt/c/Users/ansar/Desktop/VGGFace2_ArcFace_Project/data/aligned/train/n000368/0192_01.jpg,/mnt/c/Users/ansar/Desktop/VGGFace2_ArcFace_Project/data/aligned/train/n000966/0245_01.jpg,0.151297777891159,0.05967852164840704,0.27488399426663596,0.21520547261822892,0.1672812579575215
random_impostor,/mnt/c/Users/ansar/Desktop/VGGFace2_ArcFace_Project/data/aligned/train/n000442/0285_01.jpg,/mnt/c/Users/ansar/Desktop/VGGFace2_ArcFace_Project/data/aligned/train/n002097/0187_02.jpg,0.1619814187288284,0.0676586766101404,0.2144474745942598,0.14678879798411942,0.1410530756022001
random_impostor,/mnt/c/Users/ansar/Desktop/VGGFace2_ArcFace_Project/data/aligned/train/n001275/0347_01.jpg,/mnt/c/Users/ansar/Desktop/VGGFace2_ArcFace_Project/data/aligned/train/n008776/0021_01.jpg,0.0554493926465511,-0.30769716185470386,0.03675034021617787,0.3444475020708817,0.17222375103544085
random_impostor,/mnt/c/Users/ansar/Desktop/VGGFace2_ArcFace_Project/data/aligned/train/n009009/0415_02.jpg,/mnt/c/Users/ansar/Desktop/VGGFace2_ArcFace_Project/data/aligned/train/n008578/0144_01.jpg,0.8499653339385986,-0.21869237591003277,-0.054451181707613754,0.164241194202419,0.13657177880882326
random_impostor,/mnt/c/Users/ansar/Desktop/VGGFace2_ArcFace_Project/data/aligned/train/n007420/0321_01.jpg,/mnt/c/Users/ansar/Desktop/VGGFace2_ArcFace_Project/data/aligned/train/n004107/0247_01.jpg,0.1366225481033325,-0.2692842642037865,0.273953222516497,0.5432374867202835,0.27161874336014175
random_impostor,/mnt/c/Users/ansar/Desktop/VGGFace2_ArcFace_Project/data/aligned/train/n001226/0183_01.jpg,/mnt/c/Users/ansar/Desktop/VGGFace2_ArcFace_Project/data/aligned/train/n007851/0327_01.jpg,-0.0051440373063087,0.051567341804447366,0.2476893521762582,0.19612201037181085,0.1496283469903528
random_impostor,/mnt/c/Users/ansar/Desktop/VGGFace2_ArcFace_Project/data/aligned/train/n005185/0003_01.jpg,/mnt/c/Users/ansar/Desktop/VGGFace2_ArcFace_Project/data/aligned/train/n000641/0106_02.jpg,0.2267489731311798,-0.040820742990221925,0.018620214595410793,0.05944095758563272,0.02972047879281636
random_impostor,/mnt/c/Users/ansar/Desktop/VGGFace2_ArcFace_Project/data/aligned/train/n006658/0220_01.jpg,/mnt/c/Users/ansar/Desktop/VGGFace2_ArcFace_Project/data/aligned/train/n000867/0120_01.jpg,0.0346214957535266,-0.15731204994530565,-0.010528304360995291,0.14678374558431034,0.08392017715315048
random_impostor,/mnt/c/Users/ansar/Desktop/VGGFace2_ArcFace_Project/data/aligned/train/n002162/0260_01.jpg,/mnt/c/Users/ansar/Desktop/VGGFace2_ArcFace_Project/data/aligned/train/n000571/0019_01.jpg,0.0379640348255634,-0.06829584419171257,-0.06460001741425174,0.003695826777460831,0.06644793080298216
random_impostor,/mnt/c/Users/ansar/Desktop/VGGFace2_ArcFace_Project/data/aligned/train/n004241/0213_01.jpg,/mnt/c/Users/ansar/Desktop/VGGFace2_ArcFace_Project/data/aligned/train/n000896/0013_01.jpg,0.1246288567781448,-0.22591628312741663,-0.28790023288317657,0.06198394975575994,0.2569082580052966
random_impostor,/mnt/c/Users/ansar/Desktop/VGGFace2_ArcFace_Project/data/aligned/train/n006035/0538_01.jpg,/mnt/c/Users/ansar/Desktop/VGGFace2_ArcFace_Project/data/aligned/train/n001514/0233_01.jpg,0.0053674895316362,-0.07111550208302048,0.08775855565135622,0.15887405773437668,0.07943702886718834
random_impostor,/mnt/c/Users/ansar/Desktop/VGGFace2_ArcFace_Project/data/aligned/train/n000782/0077_02.jpg,/mnt/c/Users/ansar/Desktop/VGGFace2_ArcFace_Project/data/aligned/train/n003863/0072_02.jpg,-0.0137555291876196,-0.2477607171046311,0.19638338904594738,0.4441441061505785,0.22207205307528924
random_impostor,/mnt/c/Users/ansar/Desktop/VGGFace2_ArcFace_Project/data/aligned/train/n004303/0138_01.jpg,/mnt/c/Users/ansar/Desktop/VGGFace2_ArcFace_Project/data/aligned/train/n006529/0070_01.jpg,0.0940695628523826,0.03075015928135124,0.014567192544074065,0.016182966737277177,0.02265867591271265
random_impostor,/mnt/c/Users/ansar/Desktop/VGGFace2_ArcFace_Project/data/aligned/train/n006367/0030_01.jpg,/mnt/c/Users/ansar/Desktop/VGGFace2_ArcFace_Project/data/aligned/train/n004154/0432_02.jpg,0.2658189833164215,0.02984001232373268,0.0924987341077634,0.06265872178403072,0.06116937321574804
random_impostor,/mnt/c/Users/ansar/Desktop/VGGFace2_ArcFace_Project/data/aligned/train/n002900/0013_02.jpg,/mnt/c/Users/ansar/Desktop/VGGFace2_ArcFace_Project/data/aligned/train/n005629/0017_01.jpg,-0.0605785250663757,0.1393821410576872,0.14708279697238466,0.007700655914697457,0.14323246901503595
random_impostor,/mnt/c/Users/ansar/Desktop/VGGFace2_ArcFace_Project/data/aligned/train/n006627/0111_01.jpg,/mnt/c/Users/ansar/Desktop/VGGFace2_ArcFace_Project/data/aligned/train/n006390/0093_02.jpg,0.0676910579204559,-0.027306170891822933,-0.07566144290154758,0.04835527200972465,0.05148380689668526
random_impostor,/mnt/c/Users/ansar/Desktop/VGGFace2_ArcFace_Project/data/aligned/train/n000251/0300_01.jpg,/mnt/c/Users/ansar/Desktop/VGGFace2_ArcFace_Project/data/aligned/train/n001636/0081_02.jpg,-0.0269150454550981,0.12181566346962748,0.03621432892392618,0.08560133454570129,0.07901499619677683
random_impostor,/mnt/c/Users/ansar/Desktop/VGGFace2_ArcFace_Project/data/aligned/train/n005092/0072_01.jpg,/mnt/c/Users/ansar/Desktop/VGGFace2_ArcFace_Project/data/aligned/train/n003641/0045_01.jpg,0.2044662535190582,-0.055679882873974795,0.14786761070962584,0.20354749358360064,0.10177374679180032
random_impostor,/mnt/c/Users/ansar/Desktop/VGGFace2_ArcFace_Project/data/aligned/train/n004098/0109_01.jpg,/mnt/c/Users/ansar/Desktop/VGGFace2_ArcFace_Project/data/aligned/train/n000273/0072_01.jpg,0.0556963272392749,-0.04013630315060184,-0.3731638643983232,0.33302756124772137,0.20665008377446253
random_impostor,/mnt/c/Users/ansar/Desktop/VGGFace2_ArcFace_Project/data/aligned/train/n009108/0138_01.jpg,/mnt/c/Users/ansar/Desktop/VGGFace2_ArcFace_Project/data/aligned/train/n003040/0215_01.jpg,0.0364879444241523,-0.33436277739872505,-0.4465945258029872,0.11223174840426214,0.39047865160085615
random_impostor,/mnt/c/Users/ansar/Desktop/VGGFace2_ArcFace_Project/data/aligned/train/n005086/0613_01.jpg,/mnt/c/Users/ansar/Desktop/VGGFace2_ArcFace_Project/data/aligned/train/n001231/0005_01.jpg,0.0760333761572837,0.39657334946740413,-0.17653346443601647,0.5731068139034206,0.2865534069517103
random_impostor,/mnt/c/Users/ansar/Desktop/VGGFace2_ArcFace_Project/data/aligned/train/n007116/0230_01.jpg,/mnt/c/Users/ansar/Desktop/VGGFace2_ArcFace_Project/data/aligned/train/n000965/0009_01.jpg,-0.0136836227029562,-0.4364525360073207,-0.12443583894626416,0.31201669706105656,0.28044418747679245
random_impostor,/mnt/c/Users/ansar/Desktop/VGGFace2_ArcFace_Project/data/aligned/train/n007834/1368_02.jpg,/mnt/c/Users/ansar/Desktop/VGGFace2_ArcFace_Project/data/aligned/train/n002930/0200_01.jpg,-0.1247055605053901,1.1095147633504652,-0.010420769790543027,1.1199355331410081,0.5599677665705041
random_impostor,/mnt/c/Users/ansar/Desktop/VGGFace2_ArcFace_Project/data/aligned/train/n009205/0351_04.jpg,/mnt/c/Users/ansar/Desktop/VGGFace2_ArcFace_Project/data/aligned/train/n001590/0123_03.jpg,-0.0211415681988,0.08006309576674969,0.004354778677985971,0.07570831708876372,0.042208937222367834
random_impostor,/mnt/c/Users/ansar/Desktop/VGGFace2_ArcFace_Project/data/aligned/train/n000340/0086_01.jpg,/mnt/c/Users/ansar/Desktop/VGGFace2_ArcFace_Project/data/aligned/train/n000439/0022_01.jpg,-0.002622447675094,-0.033397290724148376,-0.1743566976665066,0.14095940694235823,0.10387699419532749
random_impostor,/mnt/c/Users/ansar/Desktop/VGGFace2_ArcFace_Project/data/aligned/train/n005467/0066_01.jpg,/mnt/c/Users/ansar/Desktop/VGGFace2_ArcFace_Project/data/aligned/train/n003824/0238_01.jpg,0.0445411838591098,0.052691418974256936,0.08204670348965601,0.029355284515399073,0.06736906123195648
random_impostor,/mnt/c/Users/ansar/Desktop/VGGFace2_ArcFace_Project/data/aligned/train/n004840/0074_01.jpg,/mnt/c/Users/ansar/Desktop/VGGFace2_ArcFace_Project/data/aligned/train/n001522/0003_01.jpg,0.0506993159651756,0.004402801886222748,0.40254067615792805,0.39813787427170527,0.2034717390220754
random_impostor,/mnt/c/Users/ansar/Desktop/VGGFace2_ArcFace_Project/data/aligned/train/n005219/0227_01.jpg,/mnt/c/Users/ansar/Desktop/VGGFace2_ArcFace_Project/data/aligned/train/n006252/0095_05.jpg,0.1766466945409774,-0.05651585029728546,-0.16307497698493392,0.10655912668764847,0.10979541364110969
random_impostor,/mnt/c/Users/ansar/Desktop/VGGFace2_ArcFace_Project/data/aligned/train/n001175/0174_01.jpg,/mnt/c/Users/ansar/Desktop/VGGFace2_ArcFace_Project/data/aligned/train/n004864/0036_01.jpg,0.1559006422758102,0.20157984234260048,-0.011225677042607136,0.21280551938520761,0.10640275969260381
random_impostor,/mnt/c/Users/ansar/Desktop/VGGFace2_ArcFace_Project/data/aligned/train/n000012/0193_01.jpg,/mnt/c/Users/ansar/Desktop/VGGFace2_ArcFace_Project/data/aligned/train/n006308/0203_01.jpg,-0.0475036725401878,0.05055397368786935,-0.05226795669240223,0.10282193038027157,0.051410965190135785
random_impostor,/mnt/c/Users/ansar/Desktop/VGGFace2_ArcFace_Project/data/aligned/train/n002737/0169_01.jpg,/mnt/c/Users/ansar/Desktop/VGGFace2_ArcFace_Project/data/aligned/train/n001124/0314_01.jpg,0.1129235923290252,-0.19270571446995413,0.010748369769951091,0.20345408423990521,0.10172704211995261
random_impostor,/mnt/c/Users/ansar/Desktop/VGGFace2_ArcFace_Project/data/aligned/train/n006991/0046_01.jpg,/mnt/c/Users/ansar/Desktop/VGGFace2_ArcFace_Project/data/aligned/train/n004231/0415_01.jpg,0.1370228976011276,-0.275529987681005,-0.2949593299653086,0.019429342284303597,0.2852446588231568
random_impostor,/mnt/c/Users/ansar/Desktop/VGGFace2_ArcFace_Project/data/aligned/train/n007816/0199_01.jpg,/mnt/c/Users/ansar/Desktop/VGGFace2_ArcFace_Project/data/aligned/train/n001986/0275_01.jpg,0.1598505973815918,-0.08916029239389404,0.06698786403143915,0.1561481564253332,0.0780740782126666
random_impostor,/mnt/c/Users/ansar/Desktop/VGGFace2_ArcFace_Project/data/aligned/train/n006725/0132_01.jpg,/mnt/c/Users/ansar/Desktop/VGGFace2_ArcFace_Project/data/aligned/train/n006463/0052_06.jpg,0.1408170163631439,0.24120601142526005,-0.02117523587730346,0.2623812473025635,0.13119062365128176
random_impostor,/mnt/c/Users/ansar/Desktop/VGGFace2_ArcFace_Project/data/aligned/train/n001627/0312_01.jpg,/mnt/c/Users/ansar/Desktop/VGGFace2_ArcFace_Project/data/aligned/train/n002073/0143_01.jpg,0.1184325888752937,0.07285837953706828,-0.21351814108542053,0.2863765206224888,0.1431882603112444
random_impostor,/mnt/c/Users/ansar/Desktop/VGGFace2_ArcFace_Project/data/aligned/train/n004251/0480_01.jpg,/mnt/c/Users/ansar/Desktop/VGGFace2_ArcFace_Project/data/aligned/train/n007434/0224_01.jpg,0.1279420107603073,-0.042709232785204165,-0.008968445050857308,0.033740787734346855,0.025838838918030738
random_impostor,/mnt/c/Users/ansar/Desktop/VGGFace2_ArcFace_Project/data/aligned/train/n003641/0549_03.jpg,/mnt/c/Users/ansar/Desktop/VGGFace2_ArcFace_Project/data/aligned/train/n002559/0503_01.jpg,0.1309753060340881,-0.5715638136323373,-0.42073529279529603,0.1508285208370413,0.4961495532138167
random_impostor,/mnt/c/Users/ansar/Desktop/VGGFace2_ArcFace_Project/data/aligned/train/n006217/0018_01.jpg,/mnt/c/Users/ansar/Desktop/VGGFace2_ArcFace_Project/data/aligned/train/n007561/0003_01.jpg,0.0859581157565116,0.12398507731914821,-0.32256059313175245,0.44654567045090066,0.22327283522545033
random_impostor,/mnt/c/Users/ansar/Desktop/VGGFace2_ArcFace_Project/data/aligned/train/n000342/0098_01.jpg,/mnt/c/Users/ansar/Desktop/VGGFace2_ArcFace_Project/data/aligned/train/n006544/0197_01.jpg,-0.0303878523409366,0.012455268310744064,-0.35262255054230357,0.36507781885304763,0.18253890942652382
random_impostor,/mnt/c/Users/ansar/Desktop/VGGFace2_ArcFace_Project/data/aligned/train/n008291/0062_01.jpg,/mnt/c/Users/ansar/Desktop/VGGFace2_ArcFace_Project/data/aligned/train/n007135/0033_01.jpg,0.1768067330121994,-0.12403731744278429,0.05651681971317159,0.18055413715595586,0.09027706857797793
random_impostor,/mnt/c/Users/ansar/Desktop/VGGFace2_ArcFace_Project/data/aligned/train/n008765/0085_01.jpg,/mnt/c/Users/ansar/Desktop/VGGFace2_ArcFace_Project/data/aligned/train/n003620/0296_01.jpg,-0.0220852363854646,-0.14834561977778749,-0.12795810234431124,0.02038751743347625,0.13815186106104937
random_impostor,/mnt/c/Users/ansar/Desktop/VGGFace2_ArcFace_Project/data/aligned/train/n009077/0075_01.jpg,/mnt/c/Users/ansar/Desktop/VGGFace2_ArcFace_Project/data/aligned/train/n004997/0312_01.jpg,0.0120137045159935,-0.03726881265033481,0.02603733484865176,0.06330614749898657,0.031653073749493284
random_impostor,/mnt/c/Users/ansar/Desktop/VGGFace2_ArcFace_Project/data/aligned/train/n009226/0077_01.jpg,/mnt/c/Users/ansar/Desktop/VGGFace2_ArcFace_Project/data/aligned/train/n003840/0013_01.jpg,-0.126914381980896,0.14958604364591416,0.015119162119093017,0.13446688152682115,0.08235260288250358
random_impostor,/mnt/c/Users/ansar/Desktop/VGGFace2_ArcFace_Project/data/aligned/train/n002843/0328_02.jpg,/mnt/c/Users/ansar/Desktop/VGGFace2_ArcFace_Project/data/aligned/train/n006829/0103_01.jpg,0.0117993941530585,-0.00648019440696309,-0.02032156865057001,0.01384137424360692,0.01340088152876655
random_impostor,/mnt/c/Users/ansar/Desktop/VGGFace2_ArcFace_Project/data/aligned/train/n007129/0078_02.jpg,/mnt/c/Users/ansar/Desktop/VGGFace2_ArcFace_Project/data/aligned/train/n000835/0147_01.jpg,0.0438010916113853,-0.07889820619458256,-0.33535099067423463,0.2564527844796521,0.20712459843440859
random_impostor,/mnt/c/Users/ansar/Desktop/VGGFace2_ArcFace_Project/data/aligned/train/n001088/0020_01.jpg,/mnt/c/Users/ansar/Desktop/VGGFace2_ArcFace_Project/data/aligned/train/n006469/0271_01.jpg,0.0119636068120598,-0.12690523734404374,0.08093000775910225,0.207835245103146,0.103917622551573
random_impostor,/mnt/c/Users/ansar/Desktop/VGGFace2_ArcFace_Project/data/aligned/train/n003766/0178_01.jpg,/mnt/c/Users/ansar/Desktop/VGGFace2_ArcFace_Project/data/aligned/train/n003176/0195_01.jpg,0.0151381390169262,-0.4288777438428216,-0.12048429737296223,0.3083934464698594,0.2746810206078919
random_impostor,/mnt/c/Users/ansar/Desktop/VGGFace2_ArcFace_Project/data/aligned/train/n002137/0427_01.jpg,/mnt/c/Users/ansar/Desktop/VGGFace2_ArcFace_Project/data/aligned/train/n007136/0132_01.jpg,0.0422033481299877,-0.1085182721071559,-0.038429704179823075,0.07008856792733281,0.07347398814348949
random_impostor,/mnt/c/Users/ansar/Desktop/VGGFace2_ArcFace_Project/data/aligned/train/n001484/0496_01.jpg,/mnt/c/Users/ansar/Desktop/VGGFace2_ArcFace_Project/data/aligned/train/n006338/0070_01.jpg,-0.0535169690847396,-0.06552080398060965,0.060434201202428414,0.12595500518303807,0.06297750259151903
random_impostor,/mnt/c/Users/ansar/Desktop/VGGFace2_ArcFace_Project/data/aligned/train/n002323/0252_01.jpg,/mnt/c/Users/ansar/Desktop/VGGFace2_ArcFace_Project/data/aligned/train/n005130/0014_01.jpg,0.2407513856887817,-0.2216667705387687,-0.01815815219030861,0.2035086183484601,0.11991246136453866
random_impostor,/mnt/c/Users/ansar/Desktop/VGGFace2_ArcFace_Project/data/aligned/train/n000576/0154_01.jpg,/mnt/c/Users/ansar/Desktop/VGGFace2_ArcFace_Project/data/aligned/train/n000333/0148_01.jpg,0.0388104356825351,0.03440445211777059,-0.1751361300857503,0.2095405822035209,0.10477029110176045
random_impostor,/mnt/c/Users/ansar/Desktop/VGGFace2_ArcFace_Project/data/aligned/train/n001914/0307_01.jpg,/mnt/c/Users/ansar/Desktop/VGGFace2_ArcFace_Project/data/aligned/train/n004961/0063_01.jpg,0.1092236191034317,-0.015572317960263551,0.24983183476973683,0.2654041527300004,0.1327020763650002
random_impostor,/mnt/c/Users/ansar/Desktop/VGGFace2_ArcFace_Project/data/aligned/train/n000011/0118_01.jpg,/mnt/c/Users/ansar/Desktop/VGGFace2_ArcFace_Project/data/aligned/train/n007224/0168_02.jpg,0.1018502339720726,-0.21332460514105278,-0.07229664904004478,0.141027956101008,0.1428106270905488
random_impostor,/mnt/c/Users/ansar/Desktop/VGGFace2_ArcFace_Project/data/aligned/train/n000947/0170_01.jpg,/mnt/c/Users/ansar/Desktop/VGGFace2_ArcFace_Project/data/aligned/train/n006789/0396_01.jpg,0.208080843091011,-0.3014775886259351,-0.21266067208264644,0.08881691654328866,0.2570691303542908
random_impostor,/mnt/c/Users/ansar/Desktop/VGGFace2_ArcFace_Project/data/aligned/train/n008132/0072_01.jpg,/mnt/c/Users/ansar/Desktop/VGGFace2_ArcFace_Project/data/aligned/train/n005510/0507_02.jpg,0.0801026672124862,0.025372296806010133,-0.010755885828321987,0.03612818263433212,0.01806409131716606
random_impostor,/mnt/c/Users/ansar/Desktop/VGGFace2_ArcFace_Project/data/aligned/train/n004559/0195_01.jpg,/mnt/c/Users/ansar/Desktop/VGGFace2_ArcFace_Project/data/aligned/train/n001810/0100_03.jpg,0.146573930978775,0.15951115465169152,0.11905976341214464,0.040451391239546886,0.13928545903191808
random_impostor,/mnt/c/Users/ansar/Desktop/VGGFace2_ArcFace_Project/data/aligned/train/n005914/0064_01.jpg,/mnt/c/Users/ansar/Desktop/VGGFace2_ArcFace_Project/data/aligned/train/n001833/0460_01.jpg,0.1472301632165908,-0.3149545215214116,-0.010766652689460381,0.30418786883195126,0.162860587105436
random_impostor,/mnt/c/Users/ansar/Desktop/VGGFace2_ArcFace_Project/data/aligned/train/n008852/0460_01.jpg,/mnt/c/Users/ansar/Desktop/VGGFace2_ArcFace_Project/data/aligned/train/n003290/0192_01.jpg,0.077281504869461,0.5374238957882175,0.07855913553794035,0.4588647602502771,0.3079915156630789
random_impostor,/mnt/c/Users/ansar/Desktop/VGGFace2_ArcFace_Project/data/aligned/train/n001339/0298_01.jpg,/mnt/c/Users/ansar/Desktop/VGGFace2_ArcFace_Project/data/aligned/train/n002777/0306_01.jpg,0.0880501419305801,-0.035994056196160557,0.1120518081927812,0.14804586438894174,0.07402293219447087
random_impostor,/mnt/c/Users/ansar/Desktop/VGGFace2_ArcFace_Project/data/aligned/train/n008292/0202_01.jpg,/mnt/c/Users/ansar/Desktop/VGGFace2_ArcFace_Project/data/aligned/train/n003820/0189_01.jpg,0.074291855096817,0.11240722143933546,0.18516917488522616,0.0727619534458907,0.1487881981622808
random_impostor,/mnt/c/Users/ansar/Desktop/VGGFace2_ArcFace_Project/data/aligned/train/n005991/0222_02.jpg,/mnt/c/Users/ansar/Desktop/VGGFace2_ArcFace_Project/data/aligned/train/n000764/0042_01.jpg,0.1040743365883827,0.05684872092344266,-0.05099120687768953,0.10783992780113219,0.053919963900566095
random_impostor,/mnt/c/Users/ansar/Desktop/VGGFace2_ArcFace_Project/data/aligned/train/n001745/0343_01.jpg,/mnt/c/Users/ansar/Desktop/VGGFace2_ArcFace_Project/data/aligned/train/n005684/0309_02.jpg,0.3168733417987823,0.45671154745632375,-0.028859365494335595,0.48557091295065935,0.24278545647532968
random_impostor,/mnt/c/Users/ansar/Desktop/VGGFace2_ArcFace_Project/data/aligned/train/n007568/0408_02.jpg,/mnt/c/Users/ansar/Desktop/VGGFace2_ArcFace_Project/data/aligned/train/n007944/0302_01.jpg,0.1884921491146087,-0.36552391552824975,-0.1530654931981697,0.21245842233008005,0.2592947043632097
random_impostor,/mnt/c/Users/ansar/Desktop/VGGFace2_ArcFace_Project/data/aligned/train/n006415/0209_02.jpg,/mnt/c/Users/ansar/Desktop/VGGFace2_ArcFace_Project/data/aligned/train/n002045/0340_01.jpg,0.072116695344448,-0.058169760897201384,-0.1470567070407249,0.08888694614352352,0.10261323396896314
random_impostor,/mnt/c/Users/ansar/Desktop/VGGFace2_ArcFace_Project/data/aligned/train/n005771/0269_01.jpg,/mnt/c/Users/ansar/Desktop/VGGFace2_ArcFace_Project/data/aligned/train/n005778/0124_02.jpg,0.0466888658702373,-0.2885599190483081,0.3758337097163883,0.6643936287646963,0.33219681438234816
random_impostor,/mnt/c/Users/ansar/Desktop/VGGFace2_ArcFace_Project/data/aligned/train/n004323/0161_01.jpg,/mnt/c/Users/ansar/Desktop/VGGFace2_ArcFace_Project/data/aligned/train/n006509/0193_01.jpg,0.0190159119665622,-0.17092088683012305,-0.21691012318897518,0.04598923635885213,0.19391550500954913
random_impostor,/mnt/c/Users/ansar/Desktop/VGGFace2_ArcFace_Project/data/aligned/train/n008291/0011_01.jpg,/mnt/c/Users/ansar/Desktop/VGGFace2_ArcFace_Project/data/aligned/train/n008414/0302_01.jpg,0.0120121845975518,-0.1087956180680299,0.017329039798657797,0.1261246578666877,0.06306232893334385
random_impostor,/mnt/c/Users/ansar/Desktop/VGGFace2_ArcFace_Project/data/aligned/train/n003694/0299_03.jpg,/mnt/c/Users/ansar/Desktop/VGGFace2_ArcFace_Project/data/aligned/train/n004844/0037_01.jpg,0.0139648066833615,-0.13942670864332876,-0.1406244260247852,0.0011977173814564368,0.14002556733405697
random_impostor,/mnt/c/Users/ansar/Desktop/VGGFace2_ArcFace_Project/data/aligned/train/n009233/0243_01.jpg,/mnt/c/Users/ansar/Desktop/VGGFace2_ArcFace_Project/data/aligned/train/n007134/0324_01.jpg,0.1943332105875015,-0.04528463566705195,-0.21498937356709405,0.1697047379000421,0.130137004617073
random_impostor,/mnt/c/Users/ansar/Desktop/VGGFace2_ArcFace_Project/data/aligned/train/n002950/0138_01.jpg,/mnt/c/Users/ansar/Desktop/VGGFace2_ArcFace_Project/data/aligned/train/n008780/0207_01.jpg,0.0133798234164714,-0.45937969356538694,0.10582475814594437,0.5652044517113313,0.28260222585566563
random_impostor,/mnt/c/Users/ansar/Desktop/VGGFace2_ArcFace_Project/data/aligned/train/n002391/0107_01.jpg,/mnt/c/Users/ansar/Desktop/VGGFace2_ArcFace_Project/data/aligned/train/n008563/0406_01.jpg,0.0250071585178375,-0.18730975888019605,0.03797156848434804,0.2252813273645441,0.11264066368227205
random_impostor,/mnt/c/Users/ansar/Desktop/VGGFace2_ArcFace_Project/data/aligned/train/n007808/0202_01.jpg,/mnt/c/Users/ansar/Desktop/VGGFace2_ArcFace_Project/data/aligned/train/n003376/0004_01.jpg,0.0287570152431726,0.1740001508939115,-0.3788682923453544,0.5528684432392659,0.27643422161963294
random_impostor,/mnt/c/Users/ansar/Desktop/VGGFace2_ArcFace_Project/data/aligned/train/n009061/0066_01.jpg,/mnt/c/Users/ansar/Desktop/VGGFace2_ArcFace_Project/data/aligned/train/n001427/0106_01.jpg,-0.0134830567985773,-0.07477069842199398,-0.002079232857204153,0.07269146556478982,0.03842496563959907
random_impostor,/mnt/c/Users/ansar/Desktop/VGGFace2_ArcFace_Project/data/aligned/train/n005168/0070_01.jpg,/mnt/c/Users/ansar/Desktop/VGGFace2_ArcFace_Project/data/aligned/train/n009078/0073_01.jpg,0.0179601795971393,-0.10051120497729098,0.2916573864319951,0.3921685914092861,0.19608429570464306
random_impostor,/mnt/c/Users/ansar/Desktop/VGGFace2_ArcFace_Project/data/aligned/train/n000295/0100_01.jpg,/mnt/c/Users/ansar/Desktop/VGGFace2_ArcFace_Project/data/aligned/train/n000558/0383_01.jpg,0.2719180583953857,-0.44207668863298033,-0.42842603676161656,0.013650651871363773,0.43525136269729847
random_impostor,/mnt/c/Users/ansar/Desktop/VGGFace2_ArcFace_Project/data/aligned/train/n007137/0193_01.jpg,/mnt/c/Users/ansar/Desktop/VGGFace2_ArcFace_Project/data/aligned/train/n004913/0580_01.jpg,0.0185936614871025,-1.0296937258699996,0.032216815147332496,1.0619105410173322,0.5309552705086661
random_impostor,/mnt/c/Users/ansar/Desktop/VGGFace2_ArcFace_Project/data/aligned/train/n005557/0130_01.jpg,/mnt/c/Users/ansar/Desktop/VGGFace2_ArcFace_Project/data/aligned/train/n000270/0334_01.jpg,0.1640971451997757,0.045848760440689584,0.13580818386601806,0.08995942342532848,0.09082847215335382
random_impostor,/mnt/c/Users/ansar/Desktop/VGGFace2_ArcFace_Project/data/aligned/train/n004623/0063_01.jpg,/mnt/c/Users/ansar/Desktop/VGGFace2_ArcFace_Project/data/aligned/train/n009248/0169_01.jpg,0.2161836326122284,-0.26675692078832597,0.19952559647588344,0.46628251726420944,0.23314125863210472
random_impostor,/mnt/c/Users/ansar/Desktop/VGGFace2_ArcFace_Project/data/aligned/train/n001201/0226_01.jpg,/mnt/c/Users/ansar/Desktop/VGGFace2_ArcFace_Project/data/aligned/train/n000989/0050_01.jpg,0.0563395544886589,-0.3036988555008044,-0.008326684695682434,0.29537217080512196,0.1560127700982434
random_impostor,/mnt/c/Users/ansar/Desktop/VGGFace2_ArcFace_Project/data/aligned/train/n003870/0490_01.jpg,/mnt/c/Users/ansar/Desktop/VGGFace2_ArcFace_Project/data/aligned/train/n002584/0036_01.jpg,-0.1127141788601875,-0.5935599296115907,0.17650722958915838,0.7700671592007491,0.38503357960037454
random_impostor,/mnt/c/Users/ansar/Desktop/VGGFace2_ArcFace_Project/data/aligned/train/n003328/0202_01.jpg,/mnt/c/Users/ansar/Desktop/VGGFace2_ArcFace_Project/data/aligned/train/n000580/0052_01.jpg,0.1370228081941604,-0.1009184461991505,-0.04376718174826343,0.057151264450887064,0.07234281397370697
random_impostor,/mnt/c/Users/ansar/Desktop/VGGFace2_ArcFace_Project/data/aligned/train/n005877/0057_02.jpg,/mnt/c/Users/ansar/Desktop/VGGFace2_ArcFace_Project/data/aligned/train/n003874/0272_01.jpg,-0.0354569479823112,0.05975139006199178,-0.02456103782839222,0.084312427890384,0.042156213945192
random_impostor,/mnt/c/Users/ansar/Desktop/VGGFace2_ArcFace_Project/data/aligned/train/n001135/0140_01.jpg,/mnt/c/Users/ansar/Desktop/VGGFace2_ArcFace_Project/data/aligned/train/n004946/0285_01.jpg,0.1287314444780349,0.05990838084722134,-0.04146705192395327,0.10137543277117461,0.050687716385587306
random_impostor,/mnt/c/Users/ansar/Desktop/VGGFace2_ArcFace_Project/data/aligned/train/n003797/0022_01.jpg,/mnt/c/Users/ansar/Desktop/VGGFace2_ArcFace_Project/data/aligned/train/n000646/0298_01.jpg,0.1157402396202087,0.03806727823385117,0.17525422167559904,0.13718694344174787,0.1066607499547251
random_impostor,/mnt/c/Users/ansar/Desktop/VGGFace2_ArcFace_Project/data/aligned/train/n005378/0423_01.jpg,/mnt/c/Users/ansar/Desktop/VGGFace2_ArcFace_Project/data/aligned/train/n002877/0131_01.jpg,0.0492585711181163,-0.0429201628908242,0.009165340343851244,0.05208550323467544,0.02604275161733772
random_impostor,/mnt/c/Users/ansar/Desktop/VGGFace2_ArcFace_Project/data/aligned/train/n004378/0148_01.jpg,/mnt/c/Users/ansar/Desktop/VGGFace2_ArcFace_Project/data/aligned/train/n000942/0248_01.jpg,0.0447490066289901,0.5072685718720276,-0.2941520886701478,0.8014206605421754,0.4007103302710877
random_impostor,/mnt/c/Users/ansar/Desktop/VGGFace2_ArcFace_Project/data/aligned/train/n002915/0066_01.jpg,/mnt/c/Users/ansar/Desktop/VGGFace2_ArcFace_Project/data/aligned/train/n008350/0358_01.jpg,-0.0739292204380035,-0.022991780443658395,0.14064896374016758,0.163640744183826,0.081820372091913
random_impostor,/mnt/c/Users/ansar/Desktop/VGGFace2_ArcFace_Project/data/aligned/train/n002829/0195_01.jpg,/mnt/c/Users/ansar/Desktop/VGGFace2_ArcFace_Project/data/aligned/train/n003586/0330_01.jpg,-0.0298519730567932,-0.2949551004919137,-0.35790260979295807,0.06294750930104437,0.3264288551424359
random_impostor,/mnt/c/Users/ansar/Desktop/VGGFace2_ArcFace_Project/data/aligned/train/n003866/0291_01.jpg,/mnt/c/Users/ansar/Desktop/VGGFace2_ArcFace_Project/data/aligned/train/n008632/0198_01.jpg,0.126322254538536,0.6646672436305369,-0.031227164805326366,0.6958944084358633,0.3479472042179316
random_impostor,/mnt/c/Users/ansar/Desktop/VGGFace2_ArcFace_Project/data/aligned/train/n008206/0008_01.jpg,/mnt/c/Users/ansar/Desktop/VGGFace2_ArcFace_Project/data/aligned/train/n003562/0201_02.jpg,0.1097251027822494,0.07155688089984888,0.04597004352479545,0.025586837375053427,0.05876346221232216
random_impostor,/mnt/c/Users/ansar/Desktop/VGGFace2_ArcFace_Project/data/aligned/train/n000358/0304_01.jpg,/mnt/c/Users/ansar/Desktop/VGGFace2_ArcFace_Project/data/aligned/train/n009227/0065_01.jpg,0.0189300570636987,-0.06602517826435478,-0.20208012940327066,0.13605495113891589,0.1340526538338127
random_impostor,/mnt/c/Users/ansar/Desktop/VGGFace2_ArcFace_Project/data/aligned/train/n001347/0016_01.jpg,/mnt/c/Users/ansar/Desktop/VGGFace2_ArcFace_Project/data/aligned/train/n008225/0451_01.jpg,0.2096839100122451,0.0344513890406564,-0.17473319286158803,0.20918458190224443,0.10459229095112221
random_impostor,/mnt/c/Users/ansar/Desktop/VGGFace2_ArcFace_Project/data/aligned/train/n006510/0396_01.jpg,/mnt/c/Users/ansar/Desktop/VGGFace2_ArcFace_Project/data/aligned/train/n005358/0339_01.jpg,0.0137962661683559,0.040637161867359044,0.1180886869805589,0.07745152511319986,0.07936292442395897
random_impostor,/mnt/c/Users/ansar/Desktop/VGGFace2_ArcFace_Project/data/aligned/train/n008292/0221_01.jpg,/mnt/c/Users/ansar/Desktop/VGGFace2_ArcFace_Project/data/aligned/train/n004141/0366_01.jpg,0.241434171795845,-0.3613235258836133,-0.2593001886950411,0.10202333718857215,0.3103118572893272
random_impostor,/mnt/c/Users/ansar/Desktop/VGGFace2_ArcFace_Project/data/aligned/train/n001557/0033_01.jpg,/mnt/c/Users/ansar/Desktop/VGGFace2_ArcFace_Project/data/aligned/train/n007477/0225_01.jpg,0.106457807123661,0.18354175284852672,0.10804496602448209,0.07549678682404463,0.1457933594365044
random_impostor,/mnt/c/Users/ansar/Desktop/VGGFace2_ArcFace_Project/data/aligned/train/n007209/0692_01.jpg,/mnt/c/Users/ansar/Desktop/VGGFace2_ArcFace_Project/data/aligned/train/n001748/0149_01.jpg,0.2306027859449386,-0.08443161825273576,-0.15569683022133785,0.07126521196860208,0.1200642242370368
random_impostor,/mnt/c/Users/ansar/Desktop/VGGFace2_ArcFace_Project/data/aligned/train/n002971/0206_01.jpg,/mnt/c/Users/ansar/Desktop/VGGFace2_ArcFace_Project/data/aligned/train/n003287/0530_01.jpg,0.0917613580822944,0.08289454654040228,1.7048575496167473,1.621963003076345,0.8938760480785748
random_impostor,/mnt/c/Users/ansar/Desktop/VGGFace2_ArcFace_Project/data/aligned/train/n006556/0316_01.jpg,/mnt/c/Users/ansar/Desktop/VGGFace2_ArcFace_Project/data/aligned/train/n001794/0158_01.jpg,0.0330410376191139,-0.34817166334140676,0.10926694303323885,0.4574386063746456,0.2287193031873228
random_impostor,/mnt/c/Users/ansar/Desktop/VGGFace2_ArcFace_Project/data/aligned/train/n008166/0341_01.jpg,/mnt/c/Users/ansar/Desktop/VGGFace2_ArcFace_Project/data/aligned/train/n007826/0115_01.jpg,-0.0246702451258897,0.1286140644820535,0.16210481810570956,0.033490753623656055,0.14535944129388154
random_impostor,/mnt/c/Users/ansar/Desktop/VGGFace2_ArcFace_Project/data/aligned/train/n007058/0529_01.jpg,/mnt/c/Users/ansar/Desktop/VGGFace2_ArcFace_Project/data/aligned/train/n007828/0387_01.jpg,0.1660027652978897,-0.1569812650607495,-0.17957847904632993,0.022597213985580428,0.16827987205353973
random_impostor,/mnt/c/Users/ansar/Desktop/VGGFace2_ArcFace_Project/data/aligned/train/n008301/0275_05.jpg,/mnt/c/Users/ansar/Desktop/VGGFace2_ArcFace_Project/data/aligned/train/n002053/0205_01.jpg,0.025526899844408,-0.04415581856578341,-0.10458375890378566,0.060427940338002244,0.07436978873478453
random_impostor,/mnt/c/Users/ansar/Desktop/VGGFace2_ArcFace_Project/data/aligned/train/n006634/0223_01.jpg,/mnt/c/Users/ansar/Desktop/VGGFace2_ArcFace_Project/data/aligned/train/n005060/0161_01.jpg,0.0943422988057136,0.002982251656370025,-0.09148968262052525,0.09447193427689526,0.04723596713844763
random_impostor,/mnt/c/Users/ansar/Desktop/VGGFace2_ArcFace_Project/data/aligned/train/n002751/0041_01.jpg,/mnt/c/Users/ansar/Desktop/VGGFace2_ArcFace_Project/data/aligned/train/n008569/0336_01.jpg,0.1605766415596008,0.030817535208641354,0.1252204972566284,0.09440296204798704,0.07801901623263488
random_impostor,/mnt/c/Users/ansar/Desktop/VGGFace2_ArcFace_Project/data/aligned/train/n000802/0102_01.jpg,/mnt/c/Users/ansar/Desktop/VGGFace2_ArcFace_Project/data/aligned/train/n005754/0002_01.jpg,0.1755637526512146,-0.3906355514751917,0.03878545972972771,0.4294210112049194,0.2147105056024597
random_impostor,/mnt/c/Users/ansar/Desktop/VGGFace2_ArcFace_Project/data/aligned/train/n008618/0105_01.jpg,/mnt/c/Users/ansar/Desktop/VGGFace2_ArcFace_Project/data/aligned/train/n003712/0635_01.jpg,-0.0137403747066855,-0.025301611596451574,-1.3909721605141285,1.365670548917677,0.70813688605529
random_impostor,/mnt/c/Users/ansar/Desktop/VGGFace2_ArcFace_Project/data/aligned/train/n005338/0516_01.jpg,/mnt/c/Users/ansar/Desktop/VGGFace2_ArcFace_Project/data/aligned/train/n005840/0047_01.jpg,0.1036264151334762,0.2127243504794915,-0.022091819534882966,0.23481617001437446,0.11740808500718723
random_impostor,/mnt/c/Users/ansar/Desktop/VGGFace2_ArcFace_Project/data/aligned/train/n006064/0192_01.jpg,/mnt/c/Users/ansar/Desktop/VGGFace2_ArcFace_Project/data/aligned/train/n009141/0143_01.jpg,0.2101284563541412,0.04507239440126536,0.021560824447327737,0.023511569953937626,0.03331660942429655
random_impostor,/mnt/c/Users/ansar/Desktop/VGGFace2_ArcFace_Project/data/aligned/train/n007349/0372_02.jpg,/mnt/c/Users/ansar/Desktop/VGGFace2_ArcFace_Project/data/aligned/train/n000859/0132_01.jpg,-0.0159411467611789,0.07654206995765783,0.1202040283169661,0.043661958359308264,0.09837304913731196
random_impostor,/mnt/c/Users/ansar/Desktop/VGGFace2_ArcFace_Project/data/aligned/train/n009027/0223_02.jpg,/mnt/c/Users/ansar/Desktop/VGGFace2_ArcFace_Project/data/aligned/train/n006396/0429_01.jpg,0.0782096087932586,0.503986710085743,-0.11604689455781604,0.620033604643559,0.3100168023217795
random_impostor,/mnt/c/Users/ansar/Desktop/VGGFace2_ArcFace_Project/data/aligned/train/n000399/0308_01.jpg,/mnt/c/Users/ansar/Desktop/VGGFace2_ArcFace_Project/data/aligned/train/n007441/0145_01.jpg,-0.0011324650840833,0.23486003298734898,0.25087683267566097,0.01601679968831199,0.24286843283150497
random_impostor,/mnt/c/Users/ansar/Desktop/VGGFace2_ArcFace_Project/data/aligned/train/n000033/0233_02.jpg,/mnt/c/Users/ansar/Desktop/VGGFace2_ArcFace_Project/data/aligned/train/n001957/0280_01.jpg,0.2794128656387329,0.035406275421782096,-0.7172611500814442,0.7526674255032263,0.37633371275161315
random_impostor,/mnt/c/Users/ansar/Desktop/VGGFace2_ArcFace_Project/data/aligned/train/n000514/0221_01.jpg,/mnt/c/Users/ansar/Desktop/VGGFace2_ArcFace_Project/data/aligned/train/n007009/0165_01.jpg,0.2239625751972198,-1.0600141447416365,-0.39893263170251964,0.6610815130391168,0.7294733882220781
random_impostor,/mnt/c/Users/ansar/Desktop/VGGFace2_ArcFace_Project/data/aligned/train/n005190/0320_02.jpg,/mnt/c/Users/ansar/Desktop/VGGFace2_ArcFace_Project/data/aligned/train/n006704/0012_01.jpg,0.1004697829484939,0.43561898696282864,0.08767975829205081,0.3479392286707778,0.2616493726274397
random_impostor,/mnt/c/Users/ansar/Desktop/VGGFace2_ArcFace_Project/data/aligned/train/n008837/0118_01.jpg,/mnt/c/Users/ansar/Desktop/VGGFace2_ArcFace_Project/data/aligned/train/n008011/0004_16.jpg,0.0891058444976806,-0.03583822214399735,0.08467563267473216,0.1205138548187295,0.06025692740936475
random_impostor,/mnt/c/Users/ansar/Desktop/VGGFace2_ArcFace_Project/data/aligned/train/n006598/0203_01.jpg,/mnt/c/Users/ansar/Desktop/VGGFace2_ArcFace_Project/data/aligned/train/n007430/0008_01.jpg,-0.0632594302296638,0.04055651579823706,0.25540489241441394,0.2148483766161769,0.1479807041063255
random_impostor,/mnt/c/Users/ansar/Desktop/VGGFace2_ArcFace_Project/data/aligned/train/n000468/0055_01.jpg,/mnt/c/Users/ansar/Desktop/VGGFace2_ArcFace_Project/data/aligned/train/n001052/0506_02.jpg,0.1147625967860221,0.26048397398714324,-0.203915882908321,0.46439985689546426,0.23219992844773213
random_impostor,/mnt/c/Users/ansar/Desktop/VGGFace2_ArcFace_Project/data/aligned/train/n006776/0118_01.jpg,/mnt/c/Users/ansar/Desktop/VGGFace2_ArcFace_Project/data/aligned/train/n000789/0080_01.jpg,0.1042591035366058,-0.28043510240930436,0.05553196081737323,0.3359670632266776,0.1679835316133388
random_impostor,/mnt/c/Users/ansar/Desktop/VGGFace2_ArcFace_Project/data/aligned/train/n003464/0295_01.jpg,/mnt/c/Users/ansar/Desktop/VGGFace2_ArcFace_Project/data/aligned/train/n000195/0081_01.jpg,0.0158827565610408,0.007984472462110922,-0.4607375145478465,0.46872198700995743,0.23436099350497872
random_impostor,/mnt/c/Users/ansar/Desktop/VGGFace2_ArcFace_Project/data/aligned/train/n004931/0017_02.jpg,/mnt/c/Users/ansar/Desktop/VGGFace2_ArcFace_Project/data/aligned/train/n003934/0114_01.jpg,0.2322976887226104,0.024806657562299952,0.1663495535426439,0.14154289598034397,0.09557810555247193
random_impostor,/mnt/c/Users/ansar/Desktop/VGGFace2_ArcFace_Project/data/aligned/train/n007512/0069_01.jpg,/mnt/c/Users/ansar/Desktop/VGGFace2_ArcFace_Project/data/aligned/train/n008675/0366_01.jpg,-9.01306775631383e-05,-0.12474760492171184,-0.2057787587779266,0.08103115385621475,0.16526318184981922
random_impostor,/mnt/c/Users/ansar/Desktop/VGGFace2_ArcFace_Project/data/aligned/train/n007175/0258_01.jpg,/mnt/c/Users/ansar/Desktop/VGGFace2_ArcFace_Project/data/aligned/train/n003851/0040_01.jpg,0.1205529198050499,-0.18759325871275978,-0.15017033804557492,0.03742292066718486,0.16888179837916734
random_impostor,/mnt/c/Users/ansar/Desktop/VGGFace2_ArcFace_Project/data/aligned/train/n003553/0157_01.jpg,/mnt/c/Users/ansar/Desktop/VGGFace2_ArcFace_Project/data/aligned/train/n006511/0012_01.jpg,0.0061788447201251,-0.1700575269295264,-0.23514210197390986,0.06508457504438347,0.20259981445171812
random_impostor,/mnt/c/Users/ansar/Desktop/VGGFace2_ArcFace_Project/data/aligned/train/n004672/0399_02.jpg,/mnt/c/Users/ansar/Desktop/VGGFace2_ArcFace_Project/data/aligned/train/n001924/0201_01.jpg,0.1406673192977905,0.5187808602717946,-0.6095671863939547,1.1283480466657494,0.5641740233328747
random_impostor,/mnt/c/Users/ansar/Desktop/VGGFace2_ArcFace_Project/data/aligned/train/n005305/0127_01.jpg,/mnt/c/Users/ansar/Desktop/VGGFace2_ArcFace_Project/data/aligned/train/n000199/0224_02.jpg,0.239200547337532,-0.25583516341056667,-0.15342879095373063,0.10240637245683604,0.20463197718214865
random_impostor,/mnt/c/Users/ansar/Desktop/VGGFace2_ArcFace_Project/data/aligned/train/n001895/0051_03.jpg,/mnt/c/Users/ansar/Desktop/VGGFace2_ArcFace_Project/data/aligned/train/n003168/0367_01.jpg,0.0361004099249839,-0.022151826749758338,-0.5873442408447594,0.5651924140950011,0.3047480337972589
random_impostor,/mnt/c/Users/ansar/Desktop/VGGFace2_ArcFace_Project/data/aligned/train/n002740/0504_02.jpg,/mnt/c/Users/ansar/Desktop/VGGFace2_ArcFace_Project/data/aligned/train/n000074/0192_01.jpg,0.0866729393601417,0.39975382168858326,0.5349446071142562,0.13519078542567292,0.46734921440141974
random_impostor,/mnt/c/Users/ansar/Desktop/VGGFace2_ArcFace_Project/data/aligned/train/n008847/0044_01.jpg,/mnt/c/Users/ansar/Desktop/VGGFace2_ArcFace_Project/data/aligned/train/n008647/0260_01.jpg,0.1767542064189911,0.1815119886768904,0.285624278463704,0.10411228978681358,0.23356813357029718
random_impostor,/mnt/c/Users/ansar/Desktop/VGGFace2_ArcFace_Project/data/aligned/train/n005403/0226_03.jpg,/mnt/c/Users/ansar/Desktop/VGGFace2_ArcFace_Project/data/aligned/train/n000344/0024_01.jpg,0.1524557024240493,-0.03778823060102946,0.04685044871978668,0.08463867932081615,0.04231933966040807
random_impostor,/mnt/c/Users/ansar/Desktop/VGGFace2_ArcFace_Project/data/aligned/train/n005892/0042_01.jpg,/mnt/c/Users/ansar/Desktop/VGGFace2_ArcFace_Project/data/aligned/train/n006638/0154_01.jpg,0.0508816167712211,-0.009790142926940455,-0.18809789396988918,0.17830775104294874,0.09894401844841481
random_impostor,/mnt/c/Users/ansar/Desktop/VGGFace2_ArcFace_Project/data/aligned/train/n002130/0235_01.jpg,/mnt/c/Users/ansar/Desktop/VGGFace2_ArcFace_Project/data/aligned/train/n008807/0026_01.jpg,0.2304439097642898,0.17800970639806063,-0.06519982466317455,0.24320953106123516,0.12160476553061758
random_impostor,/mnt/c/Users/ansar/Desktop/VGGFace2_ArcFace_Project/data/aligned/train/n008546/0123_01.jpg,/mnt/c/Users/ansar/Desktop/VGGFace2_ArcFace_Project/data/aligned/train/n008934/0286_01.jpg,0.2821053266525268,-0.3008691021587336,-0.2694872967516531,0.031381805407080465,0.28517819945519335
random_impostor,/mnt/c/Users/ansar/Desktop/VGGFace2_ArcFace_Project/data/aligned/train/n000120/0337_01.jpg,/mnt/c/Users/ansar/Desktop/VGGFace2_ArcFace_Project/data/aligned/train/n006668/0041_01.jpg,0.1988795697689056,-0.11007438194482756,0.27345944324952526,0.3835338251943528,0.1917669125971764
random_impostor,/mnt/c/Users/ansar/Desktop/VGGFace2_ArcFace_Project/data/aligned/train/n004235/0108_01.jpg,/mnt/c/Users/ansar/Desktop/VGGFace2_ArcFace_Project/data/aligned/train/n002652/0153_02.jpg,0.0150045938789844,-0.1360817550159005,0.3109196105667325,0.44700136558263304,0.22350068279131652
random_impostor,/mnt/c/Users/ansar/Desktop/VGGFace2_ArcFace_Project/data/aligned/train/n003265/0193_01.jpg,/mnt/c/Users/ansar/Desktop/VGGFace2_ArcFace_Project/data/aligned/train/n008607/0320_01.jpg,0.0170729979872703,0.2279649920395052,0.09758500026663931,0.1303799917728659,0.16277499615307225
random_impostor,/mnt/c/Users/ansar/Desktop/VGGFace2_ArcFace_Project/data/aligned/train/n004282/0526_08.jpg,/mnt/c/Users/ansar/Desktop/VGGFace2_ArcFace_Project/data/aligned/train/n000608/0545_01.jpg,0.0785375908017158,0.03107266864389759,-0.09966001630998644,0.13073268495388404,0.06536634247694202
random_impostor,/mnt/c/Users/ansar/Desktop/VGGFace2_ArcFace_Project/data/aligned/train/n006441/0129_01.jpg,/mnt/c/Users/ansar/Desktop/VGGFace2_ArcFace_Project/data/aligned/train/n003305/0453_01.jpg,-0.0145429298281669,0.08480519869491134,-0.3430283106086051,0.42783350930351643,0.21391675465175822
random_impostor,/mnt/c/Users/ansar/Desktop/VGGFace2_ArcFace_Project/data/aligned/train/n004960/0283_01.jpg,/mnt/c/Users/ansar/Desktop/VGGFace2_ArcFace_Project/data/aligned/train/n002424/0055_01.jpg,0.0450026728212833,0.5869748267965713,-0.4347209159980746,1.021695742794646,0.510847871397323
random_impostor,/mnt/c/Users/ansar/Desktop/VGGFace2_ArcFace_Project/data/aligned/train/n003355/0107_01.jpg,/mnt/c/Users/ansar/Desktop/VGGFace2_ArcFace_Project/data/aligned/train/n004975/0207_01.jpg,0.0381525456905365,0.4393528782870154,0.08293858330669063,0.3564142949803248,0.261145730796853
random_impostor,/mnt/c/Users/ansar/Desktop/VGGFace2_ArcFace_Project/data/aligned/train/n007214/0362_02.jpg,/mnt/c/Users/ansar/Desktop/VGGFace2_ArcFace_Project/data/aligned/train/n003734/0120_01.jpg,0.1674913018941879,-1.4710776941968595,-0.10885681905331683,1.3622208751435427,0.7899672566250882
random_impostor,/mnt/c/Users/ansar/Desktop/VGGFace2_ArcFace_Project/data/aligned/train/n007134/0237_01.jpg,/mnt/c/Users/ansar/Desktop/VGGFace2_ArcFace_Project/data/aligned/train/n007463/0004_01.jpg,0.2921555638313293,-0.12007812810304311,-0.23881513399890036,0.11873700589585726,0.17944663105097175
random_impostor,/mnt/c/Users/ansar/Desktop/VGGFace2_ArcFace_Project/data/aligned/train/n007718/0208_03.jpg,/mnt/c/Users/ansar/Desktop/VGGFace2_ArcFace_Project/data/aligned/train/n004980/0372_01.jpg,0.914865791797638,0.6777476068703343,0.06980157631373245,0.6079460305566019,0.37377459159203336
random_impostor,/mnt/c/Users/ansar/Desktop/VGGFace2_ArcFace_Project/data/aligned/train/n004175/0094_01.jpg,/mnt/c/Users/ansar/Desktop/VGGFace2_ArcFace_Project/data/aligned/train/n006323/0027_01.jpg,-0.0148773323744535,-0.18732035196924093,0.03699669944734207,0.224317051416583,0.1121585257082915
random_impostor,/mnt/c/Users/ansar/Desktop/VGGFace2_ArcFace_Project/data/aligned/train/n002331/0178_01.jpg,/mnt/c/Users/ansar/Desktop/VGGFace2_ArcFace_Project/data/aligned/train/n007758/0082_04.jpg,0.020376706495881,0.11955183727523107,-0.035962031958393745,0.1555138692336248,0.0777569346168124
random_impostor,/mnt/c/Users/ansar/Desktop/VGGFace2_ArcFace_Project/data/aligned/train/n004388/0115_02.jpg,/mnt/c/Users/ansar/Desktop/VGGFace2_ArcFace_Project/data/aligned/train/n000798/0767_04.jpg,0.0696640685200691,0.01052626379112707,-0.24111101579556665,0.25163727958669374,0.12581863979334687
random_impostor,/mnt/c/Users/ansar/Desktop/VGGFace2_ArcFace_Project/data/aligned/train/n004076/0007_01.jpg,/mnt/c/Users/ansar/Desktop/VGGFace2_ArcFace_Project/data/aligned/train/n004054/0259_01.jpg,0.1343229413032531,-0.2562818300772379,-0.1796001622865493,0.07668166779068863,0.2179409961818936
random_impostor,/mnt/c/Users/ansar/Desktop/VGGFace2_ArcFace_Project/data/aligned/train/n003916/0231_01.jpg,/mnt/c/Users/ansar/Desktop/VGGFace2_ArcFace_Project/data/aligned/train/n004126/0309_02.jpg,0.1625194251537323,0.08583459872233991,0.43075788235398826,0.34492328363164837,0.2582962405381641
random_impostor,/mnt/c/Users/ansar/Desktop/VGGFace2_ArcFace_Project/data/aligned/train/n001430/0170_01.jpg,/mnt/c/Users/ansar/Desktop/VGGFace2_ArcFace_Project/data/aligned/train/n007160/0151_01.jpg,0.0143649755045771,0.19107927100975647,-0.052570931077230286,0.24365020208698676,0.12182510104349338
random_impostor,/mnt/c/Users/ansar/Desktop/VGGFace2_ArcFace_Project/data/aligned/train/n003063/0272_01.jpg,/mnt/c/Users/ansar/Desktop/VGGFace2_ArcFace_Project/data/aligned/train/n008758/0249_02.jpg,0.1395231485366821,-0.20303161042918416,-0.4554854541586493,0.25245384372946517,0.3292585322939168
random_impostor,/mnt/c/Users/ansar/Desktop/VGGFace2_ArcFace_Project/data/aligned/train/n007750/0080_01.jpg,/mnt/c/Users/ansar/Desktop/VGGFace2_ArcFace_Project/data/aligned/train/n003247/0226_02.jpg,0.2821899056434631,-0.11861555810418534,-0.24053823213839223,0.1219226740342069,0.17957689512128877
random_impostor,/mnt/c/Users/ansar/Desktop/VGGFace2_ArcFace_Project/data/aligned/train/n005292/0402_01.jpg,/mnt/c/Users/ansar/Desktop/VGGFace2_ArcFace_Project/data/aligned/train/n004627/0019_01.jpg,0.1579630970954895,-0.08617721120796727,-0.09547653390612677,0.009299322698159501,0.09082687255704702
random_impostor,/mnt/c/Users/ansar/Desktop/VGGFace2_ArcFace_Project/data/aligned/train/n004193/0475_01.jpg,/mnt/c/Users/ansar/Desktop/VGGFace2_ArcFace_Project/data/aligned/train/n005022/0378_01.jpg,0.0131144598126411,0.2824156860560333,0.05788912707590446,0.22452655898012883,0.17015240656596886
random_impostor,/mnt/c/Users/ansar/Desktop/VGGFace2_ArcFace_Project/data/aligned/train/n000373/0202_01.jpg,/mnt/c/Users/ansar/Desktop/VGGFace2_ArcFace_Project/data/aligned/train/n005422/0197_01.jpg,0.1137207746505737,0.21852447506035858,-0.37554563412539327,0.5940701091857519,0.29703505459287594
random_impostor,/mnt/c/Users/ansar/Desktop/VGGFace2_ArcFace_Project/data/aligned/train/n007759/0165_01.jpg,/mnt/c/Users/ansar/Desktop/VGGFace2_ArcFace_Project/data/aligned/train/n002237/0093_01.jpg,0.0929014384746551,-0.08248505562040989,-0.08841899669089644,0.005933941070486545,0.08545202615565317
random_impostor,/mnt/c/Users/ansar/Desktop/VGGFace2_ArcFace_Project/data/aligned/train/n002569/0004_01.jpg,/mnt/c/Users/ansar/Desktop/VGGFace2_ArcFace_Project/data/aligned/train/n001960/0444_01.jpg,-0.0310754645615816,-0.444478267813188,-0.03710473747690636,0.40737353033628165,0.24079150264504717
random_impostor,/mnt/c/Users/ansar/Desktop/VGGFace2_ArcFace_Project/data/aligned/train/n005439/0039_01.jpg,/mnt/c/Users/ansar/Desktop/VGGFace2_ArcFace_Project/data/aligned/train/n004244/0163_02.jpg,-0.0788798183202743,-0.14069412223989938,-0.06332010924863958,0.0773740129912598,0.10200711574426949
random_impostor,/mnt/c/Users/ansar/Desktop/VGGFace2_ArcFace_Project/data/aligned/train/n003407/0003_01.jpg,/mnt/c/Users/ansar/Desktop/VGGFace2_ArcFace_Project/data/aligned/train/n002695/0055_01.jpg,0.1446674019098281,0.14524207182071136,0.05849837102219192,0.08674370079851944,0.10187022142145163
random_impostor,/mnt/c/Users/ansar/Desktop/VGGFace2_ArcFace_Project/data/aligned/train/n006850/0414_01.jpg,/mnt/c/Users/ansar/Desktop/VGGFace2_ArcFace_Project/data/aligned/train/n003975/0062_01.jpg,0.092355266213417,-0.011446625447223408,-0.018355183233375934,0.006908557786152526,0.01490090434029967
random_impostor,/mnt/c/Users/ansar/Desktop/VGGFace2_ArcFace_Project/data/aligned/train/n007361/0428_01.jpg,/mnt/c/Users/ansar/Desktop/VGGFace2_ArcFace_Project/data/aligned/train/n003033/0242_01.jpg,0.0322980470955371,0.07637443937752941,0.24068972488965848,0.16431528551212907,0.15853208213359393
random_impostor,/mnt/c/Users/ansar/Desktop/VGGFace2_ArcFace_Project/data/aligned/train/n008290/0019_01.jpg,/mnt/c/Users/ansar/Desktop/VGGFace2_ArcFace_Project/data/aligned/train/n004415/0090_01.jpg,0.1208018064498901,-0.041809758404190454,-0.0729993689025393,0.031189610498348848,0.05740456365336488
random_impostor,/mnt/c/Users/ansar/Desktop/VGGFace2_ArcFace_Project/data/aligned/train/n008239/0062_01.jpg,/mnt/c/Users/ansar/Desktop/VGGFace2_ArcFace_Project/data/aligned/train/n000489/0022_01.jpg,0.0023374937009066,0.04739819322740676,0.025878026428221988,0.02152016679918477,0.036638109827814375
random_impostor,/mnt/c/Users/ansar/Desktop/VGGFace2_ArcFace_Project/data/aligned/train/n000883/0176_01.jpg,/mnt/c/Users/ansar/Desktop/VGGFace2_ArcFace_Project/data/aligned/train/n006290/0109_01.jpg,-0.1289579719305038,-0.2030154263653384,0.2765599633657793,0.4795753897311177,0.23978769486555884
random_impostor,/mnt/c/Users/ansar/Desktop/VGGFace2_ArcFace_Project/data/aligned/train/n007634/0175_01.jpg,/mnt/c/Users/ansar/Desktop/VGGFace2_ArcFace_Project/data/aligned/train/n004261/0154_03.jpg,0.1082693189382553,-1.2503069563096678,-0.2619277410118667,0.988379215297801,0.7561173486607673
random_impostor,/mnt/c/Users/ansar/Desktop/VGGFace2_ArcFace_Project/data/aligned/train/n003057/0193_01.jpg,/mnt/c/Users/ansar/Desktop/VGGFace2_ArcFace_Project/data/aligned/train/n001882/0332_03.jpg,0.0386484265327453,-0.30655750401009246,0.08971287626589206,0.3962703802759845,0.19813519013799225
random_impostor,/mnt/c/Users/ansar/Desktop/VGGFace2_ArcFace_Project/data/aligned/train/n008202/0242_01.jpg,/mnt/c/Users/ansar/Desktop/VGGFace2_ArcFace_Project/data/aligned/train/n004747/0098_01.jpg,0.0336107090115547,-0.21533136691325228,-0.06199803222198216,0.1533333346912701,0.13866469956761723
random_impostor,/mnt/c/Users/ansar/Desktop/VGGFace2_ArcFace_Project/data/aligned/train/n003942/0215_01.jpg,/mnt/c/Users/ansar/Desktop/VGGFace2_ArcFace_Project/data/aligned/train/n007026/0156_01.jpg,0.2043658345937729,0.052799630012697676,-0.43295083916943106,0.4857504691821287,0.24287523459106436
random_impostor,/mnt/c/Users/ansar/Desktop/VGGFace2_ArcFace_Project/data/aligned/train/n002079/0134_01.jpg,/mnt/c/Users/ansar/Desktop/VGGFace2_ArcFace_Project/data/aligned/train/n001942/0262_01.jpg,0.0334275737404823,-0.41969999085052906,0.10633119961822855,0.5260311904687576,0.2630155952343788
random_impostor,/mnt/c/Users/ansar/Desktop/VGGFace2_ArcFace_Project/data/aligned/train/n001369/0489_02.jpg,/mnt/c/Users/ansar/Desktop/VGGFace2_ArcFace_Project/data/aligned/train/n005357/0016_01.jpg,-0.0391839630901813,0.801865954355045,0.034033617312005535,0.7678323370430395,0.41794978583352527
random_impostor,/mnt/c/Users/ansar/Desktop/VGGFace2_ArcFace_Project/data/aligned/train/n007382/0269_01.jpg,/mnt/c/Users/ansar/Desktop/VGGFace2_ArcFace_Project/data/aligned/train/n001219/0074_01.jpg,0.0592552535235881,0.012614226555036086,-0.17204126236035894,0.18465548891539502,0.09232774445769751
random_impostor,/mnt/c/Users/ansar/Desktop/VGGFace2_ArcFace_Project/data/aligned/train/n005395/0234_01.jpg,/mnt/c/Users/ansar/Desktop/VGGFace2_ArcFace_Project/data/aligned/train/n004958/0086_01.jpg,0.0044346135109663,0.19379980034242675,0.11802009486235895,0.0757797054800678,0.15590994760239285
random_impostor,/mnt/c/Users/ansar/Desktop/VGGFace2_ArcFace_Project/data/aligned/train/n000034/0343_01.jpg,/mnt/c/Users/ansar/Desktop/VGGFace2_ArcFace_Project/data/aligned/train/n005257/0011_01.jpg,0.1288238018751144,-0.19076261143819176,-0.4368443146630578,0.24608170322486603,0.3138034630506248
random_impostor,/mnt/c/Users/ansar/Desktop/VGGFace2_ArcFace_Project/data/aligned/train/n008787/0095_01.jpg,/mnt/c/Users/ansar/Desktop/VGGFace2_ArcFace_Project/data/aligned/train/n008233/0298_01.jpg,0.039093043655157,0.03096959214031241,0.4082320485800533,0.3772624564397409,0.21960082036018286
random_impostor,/mnt/c/Users/ansar/Desktop/VGGFace2_ArcFace_Project/data/aligned/train/n005902/0542_01.jpg,/mnt/c/Users/ansar/Desktop/VGGFace2_ArcFace_Project/data/aligned/train/n001785/0295_01.jpg,0.1654153317213058,-0.011896400822235271,-0.062232762634643266,0.050336361812408,0.037064581728439266
random_impostor,/mnt/c/Users/ansar/Desktop/VGGFace2_ArcFace_Project/data/aligned/train/n001675/0228_01.jpg,/mnt/c/Users/ansar/Desktop/VGGFace2_ArcFace_Project/data/aligned/train/n001163/0342_02.jpg,0.1354160904884338,0.44764504281816303,0.6010728850969699,0.15342784227880685,0.5243589639575664
random_impostor,/mnt/c/Users/ansar/Desktop/VGGFace2_ArcFace_Project/data/aligned/train/n005750/0394_01.jpg,/mnt/c/Users/ansar/Desktop/VGGFace2_ArcFace_Project/data/aligned/train/n005119/0014_02.jpg,0.0764341056346893,0.005626580394010531,-0.20642526886211873,0.21205184925612927,0.10602592462806464
random_impostor,/mnt/c/Users/ansar/Desktop/VGGFace2_ArcFace_Project/data/aligned/train/n008469/0130_01.jpg,/mnt/c/Users/ansar/Desktop/VGGFace2_ArcFace_Project/data/aligned/train/n001722/0200_01.jpg,0.0645307302474975,0.015491794289014498,0.17204293296033613,0.15655113867132162,0.09376736362467532
random_impostor,/mnt/c/Users/ansar/Desktop/VGGFace2_ArcFace_Project/data/aligned/train/n001630/0132_01.jpg,/mnt/c/Users/ansar/Desktop/VGGFace2_ArcFace_Project/data/aligned/train/n006860/0412_01.jpg,0.0435710065066814,-0.027907626483035516,-0.1079571253332027,0.08004949885016718,0.06793237590811911
random_impostor,/mnt/c/Users/ansar/Desktop/VGGFace2_ArcFace_Project/data/aligned/train/n003409/0161_01.jpg,/mnt/c/Users/ansar/Desktop/VGGFace2_ArcFace_Project/data/aligned/train/n004310/0267_01.jpg,0.0212376788258552,0.09067656326046335,0.7262250362443146,0.6355484729838512,0.40845079975238896
random_impostor,/mnt/c/Users/ansar/Desktop/VGGFace2_ArcFace_Project/data/aligned/train/n004072/0358_01.jpg,/mnt/c/Users/ansar/Desktop/VGGFace2_ArcFace_Project/data/aligned/train/n001657/0617_02.jpg,0.0694403499364852,-0.5142253950906988,-0.20539461901108821,0.3088307760796105,0.3598100070508935
random_impostor,/mnt/c/Users/ansar/Desktop/VGGFace2_ArcFace_Project/data/aligned/train/n005420/0469_01.jpg,/mnt/c/Users/ansar/Desktop/VGGFace2_ArcFace_Project/data/aligned/train/n008043/0222_01.jpg,0.0532646663486957,0.22222174691041738,-0.03923996616678423,0.2614617130772016,0.1307308565386008
random_impostor,/mnt/c/Users/ansar/Desktop/VGGFace2_ArcFace_Project/data/aligned/train/n007610/0402_01.jpg,/mnt/c/Users/ansar/Desktop/VGGFace2_ArcFace_Project/data/aligned/train/n004339/0068_01.jpg,0.0008344691595993,0.015786678191770494,-0.07498994209374962,0.09077662028552011,0.045388310142760055
random_impostor,/mnt/c/Users/ansar/Desktop/VGGFace2_ArcFace_Project/data/aligned/train/n008341/0004_01.jpg,/mnt/c/Users/ansar/Desktop/VGGFace2_ArcFace_Project/data/aligned/train/n005177/0196_01.jpg,0.0214396752417087,0.03702422294963617,-0.14256939749852449,0.17959362044816066,0.08979681022408033
random_impostor,/mnt/c/Users/ansar/Desktop/VGGFace2_ArcFace_Project/data/aligned/train/n000041/0110_01.jpg,/mnt/c/Users/ansar/Desktop/VGGFace2_ArcFace_Project/data/aligned/train/n006441/0204_02.jpg,0.0884208977222442,-0.3266421937762386,-0.015354038096294365,0.3112881556799442,0.1709981159362665
random_impostor,/mnt/c/Users/ansar/Desktop/VGGFace2_ArcFace_Project/data/aligned/train/n002976/0046_01.jpg,/mnt/c/Users/ansar/Desktop/VGGFace2_ArcFace_Project/data/aligned/train/n007366/0243_02.jpg,0.0945271998643875,-0.21535627916164402,0.7020004554823507,0.9173567346439947,0.45867836732199735
random_impostor,/mnt/c/Users/ansar/Desktop/VGGFace2_ArcFace_Project/data/aligned/train/n008531/0199_01.jpg,/mnt/c/Users/ansar/Desktop/VGGFace2_ArcFace_Project/data/aligned/train/n003735/0385_01.jpg,0.1721122115850448,-0.014673632253281029,0.8699358601306696,0.8846094923839506,0.4423047461919753
random_impostor,/mnt/c/Users/ansar/Desktop/VGGFace2_ArcFace_Project/data/aligned/train/n006432/0062_02.jpg,/mnt/c/Users/ansar/Desktop/VGGFace2_ArcFace_Project/data/aligned/train/n008900/0406_01.jpg,0.063055895268917,-0.21953085356227112,-0.18297655784342703,0.03655429571884408,0.20125370570284906
random_impostor,/mnt/c/Users/ansar/Desktop/VGGFace2_ArcFace_Project/data/aligned/train/n004295/0156_01.jpg,/mnt/c/Users/ansar/Desktop/VGGFace2_ArcFace_Project/data/aligned/train/n000871/0054_01.jpg,0.0422378033399581,-0.06619957925183381,-0.292183906367625,0.22598432711579117,0.17919174280972938
random_impostor,/mnt/c/Users/ansar/Desktop/VGGFace2_ArcFace_Project/data/aligned/train/n006093/0081_01.jpg,/mnt/c/Users/ansar/Desktop/VGGFace2_ArcFace_Project/data/aligned/train/n006651/0293_01.jpg,-0.0737418457865715,0.06242369234871624,-0.0012124934464055564,0.0636361857951218,0.0318180928975609
random_impostor,/mnt/c/Users/ansar/Desktop/VGGFace2_ArcFace_Project/data/aligned/train/n000276/0220_01.jpg,/mnt/c/Users/ansar/Desktop/VGGFace2_ArcFace_Project/data/aligned/train/n002872/0518_01.jpg,0.0399680659174919,1.1609445480675662,-0.5979675136517463,1.7589120617193124,0.8794560308596562
random_impostor,/mnt/c/Users/ansar/Desktop/VGGFace2_ArcFace_Project/data/aligned/train/n009228/0010_01.jpg,/mnt/c/Users/ansar/Desktop/VGGFace2_ArcFace_Project/data/aligned/train/n002442/0010_02.jpg,0.1110306307673454,-0.03202153430796635,-0.3092080776730132,0.2771865433650469,0.17061480599048978
random_impostor,/mnt/c/Users/ansar/Desktop/VGGFace2_ArcFace_Project/data/aligned/train/n001883/0102_02.jpg,/mnt/c/Users/ansar/Desktop/VGGFace2_ArcFace_Project/data/aligned/train/n004450/0352_01.jpg,0.1132200807332992,0.015669003691311335,-0.2984268962604068,0.31409589995171816,0.15704794997585908
random_impostor,/mnt/c/Users/ansar/Desktop/VGGFace2_ArcFace_Project/data/aligned/train/n000992/0043_01.jpg,/mnt/c/Users/ansar/Desktop/VGGFace2_ArcFace_Project/data/aligned/train/n005194/0150_01.jpg,0.1489258408546447,0.04793183197318764,0.09617728156024805,0.0482454495870604,0.07205455676671785
random_impostor,/mnt/c/Users/ansar/Desktop/VGGFace2_ArcFace_Project/data/aligned/train/n008949/0217_01.jpg,/mnt/c/Users/ansar/Desktop/VGGFace2_ArcFace_Project/data/aligned/train/n006006/0065_04.jpg,0.0809285342693328,-0.2759791216910898,0.267135136638521,0.5431142583296108,0.2715571291648054
random_impostor,/mnt/c/Users/ansar/Desktop/VGGFace2_ArcFace_Project/data/aligned/train/n006130/0469_01.jpg,/mnt/c/Users/ansar/Desktop/VGGFace2_ArcFace_Project/data/aligned/train/n008920/0101_01.jpg,0.0922801867127418,-1.0613290862693738,-0.07830153658137327,0.9830275496880005,0.5698153114253736
random_impostor,/mnt/c/Users/ansar/Desktop/VGGFace2_ArcFace_Project/data/aligned/train/n005302/0011_01.jpg,/mnt/c/Users/ansar/Desktop/VGGFace2_ArcFace_Project/data/aligned/train/n008736/0171_01.jpg,0.0595080479979515,0.2022836527180982,0.03476122507661296,0.16752242764148523,0.11852243889735559
random_impostor,/mnt/c/Users/ansar/Desktop/VGGFace2_ArcFace_Project/data/aligned/train/n006069/0039_01.jpg,/mnt/c/Users/ansar/Desktop/VGGFace2_ArcFace_Project/data/aligned/train/n001489/0303_01.jpg,0.0734641104936599,0.22981065183324903,0.08020798274274372,0.1496026690905053,0.15500931728799638
random_impostor,/mnt/c/Users/ansar/Desktop/VGGFace2_ArcFace_Project/data/aligned/train/n007581/0192_01.jpg,/mnt/c/Users/ansar/Desktop/VGGFace2_ArcFace_Project/data/aligned/train/n002991/0013_01.jpg,0.1108278110623359,-0.09220511108260744,0.25473118831995145,0.3469362994025589,0.17346814970127944
random_impostor,/mnt/c/Users/ansar/Desktop/VGGFace2_ArcFace_Project/data/aligned/train/n005019/0229_01.jpg,/mnt/c/Users/ansar/Desktop/VGGFace2_ArcFace_Project/data/aligned/train/n007270/0010_03.jpg,0.1022509485483169,-0.09332319881586557,-0.15843456920871293,0.06511137039284737,0.12587888401228925
random_impostor,/mnt/c/Users/ansar/Desktop/VGGFace2_ArcFace_Project/data/aligned/train/n003095/0022_01.jpg,/mnt/c/Users/ansar/Desktop/VGGFace2_ArcFace_Project/data/aligned/train/n008677/0102_01.jpg,0.2187470942735672,-0.1637687230658434,0.07632210358199572,0.2400908266478391,0.12004541332391955
random_impostor,/mnt/c/Users/ansar/Desktop/VGGFace2_ArcFace_Project/data/aligned/train/n007321/0093_01.jpg,/mnt/c/Users/ansar/Desktop/VGGFace2_ArcFace_Project/data/aligned/train/n007895/0044_01.jpg,0.1904029697179794,-0.15610327674264912,-0.03135475838300288,0.12474851835964623,0.093729017562826
random_impostor,/mnt/c/Users/ansar/Desktop/VGGFace2_ArcFace_Project/data/aligned/train/n007087/0262_01.jpg,/mnt/c/Users/ansar/Desktop/VGGFace2_ArcFace_Project/data/aligned/train/n002995/0273_04.jpg,0.1695326864719391,-0.15539339677263533,-0.3316523386124018,0.17625894183976645,0.24352286769251857
random_impostor,/mnt/c/Users/ansar/Desktop/VGGFace2_ArcFace_Project/data/aligned/train/n008397/0200_02.jpg,/mnt/c/Users/ansar/Desktop/VGGFace2_ArcFace_Project/data/aligned/train/n000579/0351_01.jpg,-0.0762141719460487,-0.16095818016106228,-0.19344843824085867,0.032490258079796386,0.17720330920096047
random_impostor,/mnt/c/Users/ansar/Desktop/VGGFace2_ArcFace_Project/data/aligned/train/n008868/0209_01.jpg,/mnt/c/Users/ansar/Desktop/VGGFace2_ArcFace_Project/data/aligned/train/n008718/0070_01.jpg,0.201560840010643,-0.065471787864015,-0.036320691245684635,0.029151096618330367,0.050896239554849815
random_impostor,/mnt/c/Users/ansar/Desktop/VGGFace2_ArcFace_Project/data/aligned/train/n008120/0055_01.jpg,/mnt/c/Users/ansar/Desktop/VGGFace2_ArcFace_Project/data/aligned/train/n003749/0175_01.jpg,-0.0195333342999219,-0.1752984242804114,0.06035463267909769,0.23565305695950908,0.11782652847975454
random_impostor,/mnt/c/Users/ansar/Desktop/VGGFace2_ArcFace_Project/data/aligned/train/n003374/0286_01.jpg,/mnt/c/Users/ansar/Desktop/VGGFace2_ArcFace_Project/data/aligned/train/n001238/0306_01.jpg,-0.0202322788536548,-0.16343678153243288,0.027516968396575185,0.19095374992900807,0.09547687496450404
random_impostor,/mnt/c/Users/ansar/Desktop/VGGFace2_ArcFace_Project/data/aligned/train/n002217/0104_01.jpg,/mnt/c/Users/ansar/Desktop/VGGFace2_ArcFace_Project/data/aligned/train/n005267/0140_01.jpg,0.1908142119646072,-0.16638575265003458,-0.6107142280550556,0.444328475405021,0.3885499903525451
random_impostor,/mnt/c/Users/ansar/Desktop/VGGFace2_ArcFace_Project/data/aligned/train/n002423/0126_01.jpg,/mnt/c/Users/ansar/Desktop/VGGFace2_ArcFace_Project/data/aligned/train/n007380/0086_01.jpg,-0.0611725822091102,-0.08684915683251132,0.15566426266866376,0.24251341950117508,0.12125670975058754
random_impostor,/mnt/c/Users/ansar/Desktop/VGGFace2_ArcFace_Project/data/aligned/train/n002143/0186_01.jpg,/mnt/c/Users/ansar/Desktop/VGGFace2_ArcFace_Project/data/aligned/train/n006160/0387_01.jpg,0.0646385625004768,0.030954254786075542,-0.33190787559559803,0.3628621303816736,0.1814310651908368
random_impostor,/mnt/c/Users/ansar/Desktop/VGGFace2_ArcFace_Project/data/aligned/train/n000414/0105_03.jpg,/mnt/c/Users/ansar/Desktop/VGGFace2_ArcFace_Project/data/aligned/train/n000813/0257_01.jpg,-0.0117356367409229,-0.016165533050153218,-0.17652363568842414,0.1603581026382709,0.09634458436928868
random_impostor,/mnt/c/Users/ansar/Desktop/VGGFace2_ArcFace_Project/data/aligned/train/n001797/0326_03.jpg,/mnt/c/Users/ansar/Desktop/VGGFace2_ArcFace_Project/data/aligned/train/n002975/0429_02.jpg,0.013557257130742,0.4719809937484563,0.12763508620089703,0.3443459075475593,0.29980803997467664
random_impostor,/mnt/c/Users/ansar/Desktop/VGGFace2_ArcFace_Project/data/aligned/train/n002005/0531_02.jpg,/mnt/c/Users/ansar/Desktop/VGGFace2_ArcFace_Project/data/aligned/train/n006420/0017_01.jpg,0.0104982247576117,0.3075547850293401,-0.2555419320797092,0.5630967171090493,0.28154835855452465
random_impostor,/mnt/c/Users/ansar/Desktop/VGGFace2_ArcFace_Project/data/aligned/train/n002182/0151_02.jpg,/mnt/c/Users/ansar/Desktop/VGGFace2_ArcFace_Project/data/aligned/train/n006978/0206_01.jpg,0.0880810990929603,0.2014051881878081,-0.47712842815976253,0.6785336163475706,0.3392668081737853
random_impostor,/mnt/c/Users/ansar/Desktop/VGGFace2_ArcFace_Project/data/aligned/train/n009046/0271_01.jpg,/mnt/c/Users/ansar/Desktop/VGGFace2_ArcFace_Project/data/aligned/train/n004927/0448_01.jpg,0.1587593555450439,-0.1810346365892091,0.24872130680732768,0.4297559433965368,0.2148779716982684
random_impostor,/mnt/c/Users/ansar/Desktop/VGGFace2_ArcFace_Project/data/aligned/train/n000141/0078_01.jpg,/mnt/c/Users/ansar/Desktop/VGGFace2_ArcFace_Project/data/aligned/train/n003908/0132_01.jpg,0.0440445654094219,-0.07394753009636956,-0.6020079964842839,0.5280604663879144,0.33797776329032675
random_impostor,/mnt/c/Users/ansar/Desktop/VGGFace2_ArcFace_Project/data/aligned/train/n007394/0089_01.jpg,/mnt/c/Users/ansar/Desktop/VGGFace2_ArcFace_Project/data/aligned/train/n002603/0202_01.jpg,0.0825190693140029,0.16835598949592592,0.07137461544557232,0.0969813740503536,0.11986530247074911
random_impostor,/mnt/c/Users/ansar/Desktop/VGGFace2_ArcFace_Project/data/aligned/train/n001290/0037_02.jpg,/mnt/c/Users/ansar/Desktop/VGGFace2_ArcFace_Project/data/aligned/train/n007195/0242_02.jpg,0.0084279868751764,-0.06320466440593124,-0.36245644596908966,0.2992517815631584,0.21283055518751046
random_impostor,/mnt/c/Users/ansar/Desktop/VGGFace2_ArcFace_Project/data/aligned/train/n007247/0246_02.jpg,/mnt/c/Users/ansar/Desktop/VGGFace2_ArcFace_Project/data/aligned/train/n009234/0063_03.jpg,-0.1906972378492355,0.011761072756686542,0.16902800910835913,0.1572669363516726,0.09039454093252283
random_impostor,/mnt/c/Users/ansar/Desktop/VGGFace2_ArcFace_Project/data/aligned/train/n002428/0052_01.jpg,/mnt/c/Users/ansar/Desktop/VGGFace2_ArcFace_Project/data/aligned/train/n007446/0168_01.jpg,0.108269914984703,-0.16022430534683565,0.08929490447442583,0.24951920982126147,0.12475960491063073
random_impostor,/mnt/c/Users/ansar/Desktop/VGGFace2_ArcFace_Project/data/aligned/train/n005170/0194_01.jpg,/mnt/c/Users/ansar/Desktop/VGGFace2_ArcFace_Project/data/aligned/train/n006948/0147_03.jpg,-0.1089954599738121,0.06901496010238144,-0.2541730886552968,0.32318804875767826,0.16159402437883913
random_impostor,/mnt/c/Users/ansar/Desktop/VGGFace2_ArcFace_Project/data/aligned/train/n008905/0215_01.jpg,/mnt/c/Users/ansar/Desktop/VGGFace2_ArcFace_Project/data/aligned/train/n000723/0306_01.jpg,0.0360574424266815,-0.10206282488034821,-0.7601142572711928,0.6580514323908445,0.4310885410757705
random_impostor,/mnt/c/Users/ansar/Desktop/VGGFace2_ArcFace_Project/data/aligned/train/n007451/0088_01.jpg,/mnt/c/Users/ansar/Desktop/VGGFace2_ArcFace_Project/data/aligned/train/n007883/0140_01.jpg,0.0189294498413801,-0.44954257720518637,0.2590874000903315,0.7086299772955178,0.3543149886477589
random_impostor,/mnt/c/Users/ansar/Desktop/VGGFace2_ArcFace_Project/data/aligned/train/n008745/0049_01.jpg,/mnt/c/Users/ansar/Desktop/VGGFace2_ArcFace_Project/data/aligned/train/n009255/0111_01.jpg,0.0759665518999099,0.11165139098935252,-0.14586634200831944,0.25751773299767194,0.12875886649883597
random_impostor,/mnt/c/Users/ansar/Desktop/VGGFace2_ArcFace_Project/data/aligned/train/n005422/0208_01.jpg,/mnt/c/Users/ansar/Desktop/VGGFace2_ArcFace_Project/data/aligned/train/n000559/0293_02.jpg,0.1448312252759933,0.280668852102522,0.08438040633910644,0.1962884457634156,0.18252462922081422
random_impostor,/mnt/c/Users/ansar/Desktop/VGGFace2_ArcFace_Project/data/aligned/train/n005632/0101_02.jpg,/mnt/c/Users/ansar/Desktop/VGGFace2_ArcFace_Project/data/aligned/train/n008994/0105_01.jpg,-0.0017618042184039,-0.0281264148971167,0.07592876788004772,0.10405518277716443,0.05202759138858221
random_impostor,/mnt/c/Users/ansar/Desktop/VGGFace2_ArcFace_Project/data/aligned/train/n002358/0115_01.jpg,/mnt/c/Users/ansar/Desktop/VGGFace2_ArcFace_Project/data/aligned/train/n001855/0029_01.jpg,0.1820244640111923,-0.07384798063700476,-0.6589455317167041,0.5850975510796994,0.3663967561768544
random_impostor,/mnt/c/Users/ansar/Desktop/VGGFace2_ArcFace_Project/data/aligned/train/n004414/0005_01.jpg,/mnt/c/Users/ansar/Desktop/VGGFace2_ArcFace_Project/data/aligned/train/n000174/0014_01.jpg,0.1437761336565017,0.11371127651018441,0.002763348861801519,0.11094792764838289,0.05823731268599296
random_impostor,/mnt/c/Users/ansar/Desktop/VGGFace2_ArcFace_Project/data/aligned/train/n002099/0063_01.jpg,/mnt/c/Users/ansar/Desktop/VGGFace2_ArcFace_Project/data/aligned/train/n007473/0213_02.jpg,0.1010238230228424,-0.019317526811228104,-0.08206820160405644,0.06275067479282834,0.05069286420764227
random_impostor,/mnt/c/Users/ansar/Desktop/VGGFace2_ArcFace_Project/data/aligned/train/n006119/0038_01.jpg,/mnt/c/Users/ansar/Desktop/VGGFace2_ArcFace_Project/data/aligned/train/n008854/0381_01.jpg,-0.0405522547662258,0.051546386593049776,0.011905680442244746,0.03964070615080503,0.03172603351764726
random_impostor,/mnt/c/Users/ansar/Desktop/VGGFace2_ArcFace_Project/data/aligned/train/n003905/0300_01.jpg,/mnt/c/Users/ansar/Desktop/VGGFace2_ArcFace_Project/data/aligned/train/n006645/0200_01.jpg,0.0632646605372428,0.13880637547257965,-0.06183587372357875,0.20064224919615842,0.10032112459807921
random_impostor,/mnt/c/Users/ansar/Desktop/VGGFace2_ArcFace_Project/data/aligned/train/n003983/0304_01.jpg,/mnt/c/Users/ansar/Desktop/VGGFace2_ArcFace_Project/data/aligned/train/n006766/0392_01.jpg,0.1637757718563079,-0.12820938064727355,-0.002393883645064061,0.12581549700220948,0.06530163214616881
random_impostor,/mnt/c/Users/ansar/Desktop/VGGFace2_ArcFace_Project/data/aligned/train/n006223/0085_01.jpg,/mnt/c/Users/ansar/Desktop/VGGFace2_ArcFace_Project/data/aligned/train/n001840/0044_01.jpg,0.2484398484230041,-0.09981664500256208,-0.015395497041831878,0.0844211479607302,0.05760607102219698
random_impostor,/mnt/c/Users/ansar/Desktop/VGGFace2_ArcFace_Project/data/aligned/train/n004265/0005_01.jpg,/mnt/c/Users/ansar/Desktop/VGGFace2_ArcFace_Project/data/aligned/train/n007425/0317_01.jpg,0.068285547196865,-0.012090257533921362,-0.01457407756754683,0.002483820033625468,0.013332167550734096
random_impostor,/mnt/c/Users/ansar/Desktop/VGGFace2_ArcFace_Project/data/aligned/train/n009103/0297_01.jpg,/mnt/c/Users/ansar/Desktop/VGGFace2_ArcFace_Project/data/aligned/train/n007012/0205_01.jpg,0.099242091178894,-0.0951462542240842,-0.08482950523517528,0.010316748988908914,0.08998787972962974
random_impostor,/mnt/c/Users/ansar/Desktop/VGGFace2_ArcFace_Project/data/aligned/train/n002293/0043_01.jpg,/mnt/c/Users/ansar/Desktop/VGGFace2_ArcFace_Project/data/aligned/train/n006483/0355_01.jpg,0.0736462026834487,0.06476288945173114,-0.05553311488867692,0.12029600434040806,0.06014800217020403
random_impostor,/mnt/c/Users/ansar/Desktop/VGGFace2_ArcFace_Project/data/aligned/train/n000832/0176_01.jpg,/mnt/c/Users/ansar/Desktop/VGGFace2_ArcFace_Project/data/aligned/train/n002426/0582_01.jpg,0.0483642220497131,0.024618404996990903,-0.2618262483989966,0.2864446533959875,0.14322232669799376
random_impostor,/mnt/c/Users/ansar/Desktop/VGGFace2_ArcFace_Project/data/aligned/train/n005066/0122_01.jpg,/mnt/c/Users/ansar/Desktop/VGGFace2_ArcFace_Project/data/aligned/train/n007892/0333_01.jpg,0.0152403600513935,-0.09753244169815144,0.2697475946987216,0.36728003639687307,0.18364001819843653
random_impostor,/mnt/c/Users/ansar/Desktop/VGGFace2_ArcFace_Project/data/aligned/train/n008701/0284_01.jpg,/mnt/c/Users/ansar/Desktop/VGGFace2_ArcFace_Project/data/aligned/train/n008193/0056_01.jpg,-0.0470200926065444,0.5034298499462112,0.1325120084966504,0.3709178414495608,0.3179709292214308
random_impostor,/mnt/c/Users/ansar/Desktop/VGGFace2_ArcFace_Project/data/aligned/train/n009094/0315_01.jpg,/mnt/c/Users/ansar/Desktop/VGGFace2_ArcFace_Project/data/aligned/train/n005962/0032_02.jpg,0.0722231417894363,0.006418989522429217,0.19592110209945335,0.18950211257702412,0.10117004581094129
random_impostor,/mnt/c/Users/ansar/Desktop/VGGFace2_ArcFace_Project/data/aligned/train/n005118/0047_01.jpg,/mnt/c/Users/ansar/Desktop/VGGFace2_ArcFace_Project/data/aligned/train/n006176/0015_01.jpg,0.0172578748315572,-0.13099587492573075,0.016064771585302784,0.14706064651103354,0.07353032325551677
random_impostor,/mnt/c/Users/ansar/Desktop/VGGFace2_ArcFace_Project/data/aligned/train/n008525/0118_01.jpg,/mnt/c/Users/ansar/Desktop/VGGFace2_ArcFace_Project/data/aligned/train/n004755/0103_02.jpg,0.1678191870450973,-0.03323909463060554,0.132332884692988,0.16557197932359355,0.08278598966179677
random_impostor,/mnt/c/Users/ansar/Desktop/VGGFace2_ArcFace_Project/data/aligned/train/n005381/0379_01.jpg,/mnt/c/Users/ansar/Desktop/VGGFace2_ArcFace_Project/data/aligned/train/n004862/0201_01.jpg,-0.0643318966031074,0.20638904150055218,0.06856305170298786,0.13782598979756433,0.13747604660177
random_impostor,/mnt/c/Users/ansar/Desktop/VGGFace2_ArcFace_Project/data/aligned/train/n005768/0097_01.jpg,/mnt/c/Users/ansar/Desktop/VGGFace2_ArcFace_Project/data/aligned/train/n007916/0092_01.jpg,0.1049921289086341,-0.07269849649366407,0.018160378264366908,0.09085887475803098,0.04542943737901549
random_impostor,/mnt/c/Users/ansar/Desktop/VGGFace2_ArcFace_Project/data/aligned/train/n008939/0072_01.jpg,/mnt/c/Users/ansar/Desktop/VGGFace2_ArcFace_Project/data/aligned/train/n001232/0204_01.jpg,0.1102357134222984,-0.21906154080914292,0.2421428772375608,0.46120441804670376,0.23060220902335188
random_impostor,/mnt/c/Users/ansar/Desktop/VGGFace2_ArcFace_Project/data/aligned/train/n007132/0470_01.jpg,/mnt/c/Users/ansar/Desktop/VGGFace2_ArcFace_Project/data/aligned/train/n000116/0026_02.jpg,0.0313620008528232,-0.04021264429744274,-0.05855066958868097,0.01833802529123823,0.04938165694306186
random_impostor,/mnt/c/Users/ansar/Desktop/VGGFace2_ArcFace_Project/data/aligned/train/n005712/0208_01.jpg,/mnt/c/Users/ansar/Desktop/VGGFace2_ArcFace_Project/data/aligned/train/n003292/0227_01.jpg,0.1736400723457336,0.03560233892100424,0.10134850067404912,0.06574616175304487,0.06847541979752668
random_impostor,/mnt/c/Users/ansar/Desktop/VGGFace2_ArcFace_Project/data/aligned/train/n001385/0115_02.jpg,/mnt/c/Users/ansar/Desktop/VGGFace2_ArcFace_Project/data/aligned/train/n004567/0236_01.jpg,0.0334271006286144,0.07336789198243733,0.1925118846362929,0.11914399265385557,0.13293988830936512
random_impostor,/mnt/c/Users/ansar/Desktop/VGGFace2_ArcFace_Project/data/aligned/train/n006890/0194_01.jpg,/mnt/c/Users/ansar/Desktop/VGGFace2_ArcFace_Project/data/aligned/train/n006268/0375_01.jpg,0.1037693321704864,0.020690400176189814,0.04442838592243436,0.023737985746244545,0.03255939304931209
random_impostor,/mnt/c/Users/ansar/Desktop/VGGFace2_ArcFace_Project/data/aligned/train/n008398/0224_02.jpg,/mnt/c/Users/ansar/Desktop/VGGFace2_ArcFace_Project/data/aligned/train/n001073/0158_01.jpg,0.0380301587283611,0.3662259942378011,-0.28382369800564317,0.6500496922434442,0.3250248461217221
random_impostor,/mnt/c/Users/ansar/Desktop/VGGFace2_ArcFace_Project/data/aligned/train/n008477/0050_01.jpg,/mnt/c/Users/ansar/Desktop/VGGFace2_ArcFace_Project/data/aligned/train/n000764/0374_01.jpg,0.037110585719347,-0.018360273511571355,0.8540342133912001,0.8723944869027714,0.4361972434513857
random_impostor,/mnt/c/Users/ansar/Desktop/VGGFace2_ArcFace_Project/data/aligned/train/n000618/0249_01.jpg,/mnt/c/Users/ansar/Desktop/VGGFace2_ArcFace_Project/data/aligned/train/n002755/0073_01.jpg,0.1812454164028167,-0.9359302757943133,0.45454422089229685,1.3904744966866103,0.6952372483433051
random_impostor,/mnt/c/Users/ansar/Desktop/VGGFace2_ArcFace_Project/data/aligned/train/n004238/0129_01.jpg,/mnt/c/Users/ansar/Desktop/VGGFace2_ArcFace_Project/data/aligned/train/n007536/0079_01.jpg,0.0106244720518589,0.0758032651666385,0.18709029809471991,0.11128703292808141,0.13144678163067922
random_impostor,/mnt/c/Users/ansar/Desktop/VGGFace2_ArcFace_Project/data/aligned/train/n003448/0269_02.jpg,/mnt/c/Users/ansar/Desktop/VGGFace2_ArcFace_Project/data/aligned/train/n000240/0395_02.jpg,0.039553765207529,-0.009316488458147806,0.030189602328835104,0.03950609078698291,0.019753045393491455
random_impostor,/mnt/c/Users/ansar/Desktop/VGGFace2_ArcFace_Project/data/aligned/train/n003734/0254_01.jpg,/mnt/c/Users/ansar/Desktop/VGGFace2_ArcFace_Project/data/aligned/train/n007179/0205_01.jpg,0.0314462855458259,0.4189281252404068,-0.3209370056587381,0.7398651308991449,0.3699325654495724
random_impostor,/mnt/c/Users/ansar/Desktop/VGGFace2_ArcFace_Project/data/aligned/train/n006293/0256_01.jpg,/mnt/c/Users/ansar/Desktop/VGGFace2_ArcFace_Project/data/aligned/train/n004646/0111_01.jpg,0.1498272567987442,0.07325120841490791,-0.010817695658821257,0.08406890407372916,0.04203445203686458
random_impostor,/mnt/c/Users/ansar/Desktop/VGGFace2_ArcFace_Project/data/aligned/train/n007969/0042_02.jpg,/mnt/c/Users/ansar/Desktop/VGGFace2_ArcFace_Project/data/aligned/train/n004732/0007_01.jpg,0.0100910989567637,-0.14236402975437268,0.032223852591103906,0.1745878823454766,0.0872939411727383
random_impostor,/mnt/c/Users/ansar/Desktop/VGGFace2_ArcFace_Project/data/aligned/train/n003355/0537_01.jpg,/mnt/c/Users/ansar/Desktop/VGGFace2_ArcFace_Project/data/aligned/train/n000948/0225_01.jpg,0.6542245149612427,-0.36369752717663795,-1.113219572224573,0.7495220450479351,0.7384585497006055
random_impostor,/mnt/c/Users/ansar/Desktop/VGGFace2_ArcFace_Project/data/aligned/train/n008963/0042_01.jpg,/mnt/c/Users/ansar/Desktop/VGGFace2_ArcFace_Project/data/aligned/train/n008898/0079_01.jpg,0.0451437272131443,0.6551029922776787,0.32825017132309386,0.3268528209545848,0.49167658180038626
random_impostor,/mnt/c/Users/ansar/Desktop/VGGFace2_ArcFace_Project/data/aligned/train/n000199/0182_01.jpg,/mnt/c/Users/ansar/Desktop/VGGFace2_ArcFace_Project/data/aligned/train/n002764/0066_01.jpg,0.0125839207321405,0.06889825908877723,-0.3255545637622273,0.3944528228510045,0.19722641142550226
random_impostor,/mnt/c/Users/ansar/Desktop/VGGFace2_ArcFace_Project/data/aligned/train/n006542/0082_01.jpg,/mnt/c/Users/ansar/Desktop/VGGFace2_ArcFace_Project/data/aligned/train/n002985/0365_01.jpg,0.047404333949089,0.5198691266822211,-1.391530838652875,1.9113999653350962,0.9556999826675481
random_impostor,/mnt/c/Users/ansar/Desktop/VGGFace2_ArcFace_Project/data/aligned/train/n002790/0042_05.jpg,/mnt/c/Users/ansar/Desktop/VGGFace2_ArcFace_Project/data/aligned/train/n008600/0401_01.jpg,-0.0052365502342581,0.03381717799703349,-1.0711770869954134,1.104994264992447,0.5524971324962235
random_impostor,/mnt/c/Users/ansar/Desktop/VGGFace2_ArcFace_Project/data/aligned/train/n007069/0308_02.jpg,/mnt/c/Users/ansar/Desktop/VGGFace2_ArcFace_Project/data/aligned/train/n001235/0333_01.jpg,0.1442549973726272,0.1504853377796953,0.18485232099597076,0.03436698321627546,0.16766882938783303
random_impostor,/mnt/c/Users/ansar/Desktop/VGGFace2_ArcFace_Project/data/aligned/train/n000496/0026_03.jpg,/mnt/c/Users/ansar/Desktop/VGGFace2_ArcFace_Project/data/aligned/train/n001373/0004_01.jpg,-0.0028428428340703,-0.05734185198591524,-0.2868879553808441,0.22954610339492887,0.17211490368337967
random_impostor,/mnt/c/Users/ansar/Desktop/VGGFace2_ArcFace_Project/data/aligned/train/n008845/0147_01.jpg,/mnt/c/Users/ansar/Desktop/VGGFace2_ArcFace_Project/data/aligned/train/n007988/0011_01.jpg,0.0469346828758716,-0.0576475684006178,-0.18789750646991465,0.13024993806929686,0.12277253743526623
random_impostor,/mnt/c/Users/ansar/Desktop/VGGFace2_ArcFace_Project/data/aligned/train/n006702/0085_02.jpg,/mnt/c/Users/ansar/Desktop/VGGFace2_ArcFace_Project/data/aligned/train/n005271/0084_01.jpg,0.1466317176818847,0.3455801010174559,0.28479021188310927,0.06078988913434663,0.31518515645028256
random_impostor,/mnt/c/Users/ansar/Desktop/VGGFace2_ArcFace_Project/data/aligned/train/n008704/0115_01.jpg,/mnt/c/Users/ansar/Desktop/VGGFace2_ArcFace_Project/data/aligned/train/n004599/0023_01.jpg,0.1587667763233184,-0.052443815591485705,0.2505275200822194,0.3029713356737051,0.15148566783685255
random_impostor,/mnt/c/Users/ansar/Desktop/VGGFace2_ArcFace_Project/data/aligned/train/n005394/0079_01.jpg,/mnt/c/Users/ansar/Desktop/VGGFace2_ArcFace_Project/data/aligned/train/n004308/0399_01.jpg,0.1978617161512375,0.29244814384230217,0.5027242543839605,0.21027611054165835,0.3975861991131313
random_impostor,/mnt/c/Users/ansar/Desktop/VGGFace2_ArcFace_Project/data/aligned/train/n007991/0343_01.jpg,/mnt/c/Users/ansar/Desktop/VGGFace2_ArcFace_Project/data/aligned/train/n003553/0046_01.jpg,0.0398800857365131,0.012240194833246697,-0.1994285148906747,0.2116687097239214,0.1058343548619607
random_impostor,/mnt/c/Users/ansar/Desktop/VGGFace2_ArcFace_Project/data/aligned/train/n004138/0174_01.jpg,/mnt/c/Users/ansar/Desktop/VGGFace2_ArcFace_Project/data/aligned/train/n007880/0033_01.jpg,0.2333557307720184,0.0015453876059815777,0.01923563714366832,0.017690249537686744,0.010390512374824948
random_impostor,/mnt/c/Users/ansar/Desktop/VGGFace2_ArcFace_Project/data/aligned/train/n008819/0107_01.jpg,/mnt/c/Users/ansar/Desktop/VGGFace2_ArcFace_Project/data/aligned/train/n006017/0116_01.jpg,-0.0215397961437702,0.027472496410991795,0.03567144337320874,0.008198946962216944,0.03157196989210027
random_impostor,/mnt/c/Users/ansar/Desktop/VGGFace2_ArcFace_Project/data/aligned/train/n008411/0110_01.jpg,/mnt/c/Users/ansar/Desktop/VGGFace2_ArcFace_Project/data/aligned/train/n002485/0167_01.jpg,0.0298837684094905,-0.0038572758539835677,0.21098154485778575,0.21483882071176932,0.10741941035588466
random_impostor,/mnt/c/Users/ansar/Desktop/VGGFace2_ArcFace_Project/data/aligned/train/n004930/0059_02.jpg,/mnt/c/Users/ansar/Desktop/VGGFace2_ArcFace_Project/data/aligned/train/n006564/0285_02.jpg,0.0747340247035026,0.012538952915484946,0.08581489040772733,0.07327593749224239,0.049176921661606136
random_impostor,/mnt/c/Users/ansar/Desktop/VGGFace2_ArcFace_Project/data/aligned/train/n003875/0190_01.jpg,/mnt/c/Users/ansar/Desktop/VGGFace2_ArcFace_Project/data/aligned/train/n002164/0374_03.jpg,0.1657039374113083,0.6373048945659481,-0.09723278937320892,0.734537683939157,0.3672688419695785
random_impostor,/mnt/c/Users/ansar/Desktop/VGGFace2_ArcFace_Project/data/aligned/train/n001709/0002_01.jpg,/mnt/c/Users/ansar/Desktop/VGGFace2_ArcFace_Project/data/aligned/train/n003633/0051_02.jpg,-0.1201217100024223,0.02446894544521718,-0.20187656132523907,0.22634550677045626,0.11317275338522813
random_impostor,/mnt/c/Users/ansar/Desktop/VGGFace2_ArcFace_Project/data/aligned/train/n002656/0131_03.jpg,/mnt/c/Users/ansar/Desktop/VGGFace2_ArcFace_Project/data/aligned/train/n004492/0053_01.jpg,0.105972982943058,0.12831285814210167,0.1509316173350859,0.022618759192984228,0.13962223773859378
random_impostor,/mnt/c/Users/ansar/Desktop/VGGFace2_ArcFace_Project/data/aligned/train/n006926/0156_20.jpg,/mnt/c/Users/ansar/Desktop/VGGFace2_ArcFace_Project/data/aligned/train/n008611/0580_03.jpg,0.1209661960601806,0.12402225574938344,0.03525212630762545,0.088770129441758,0.07963719102850444
random_impostor,/mnt/c/Users/ansar/Desktop/VGGFace2_ArcFace_Project/data/aligned/train/n002750/0134_01.jpg,/mnt/c/Users/ansar/Desktop/VGGFace2_ArcFace_Project/data/aligned/train/n008527/0012_02.jpg,-0.0983601510524749,0.032492848489266736,-0.16892674333840563,0.20141959182767236,0.10070979591383618
random_impostor,/mnt/c/Users/ansar/Desktop/VGGFace2_ArcFace_Project/data/aligned/train/n007652/0020_02.jpg,/mnt/c/Users/ansar/Desktop/VGGFace2_ArcFace_Project/data/aligned/train/n006280/1009_01.jpg,0.0076702833175659,-0.11474615475689096,0.05732842899407052,0.17207458375096146,0.08603729187548073
random_impostor,/mnt/c/Users/ansar/Desktop/VGGFace2_ArcFace_Project/data/aligned/train/n006334/0133_01.jpg,/mnt/c/Users/ansar/Desktop/VGGFace2_ArcFace_Project/data/aligned/train/n001033/0149_01.jpg,0.0771382898092269,-0.21108545978810223,0.5406239418962945,0.7517094016843967,0.37585470084219835
random_impostor,/mnt/c/Users/ansar/Desktop/VGGFace2_ArcFace_Project/data/aligned/train/n004312/0215_01.jpg,/mnt/c/Users/ansar/Desktop/VGGFace2_ArcFace_Project/data/aligned/train/n008592/0316_01.jpg,0.230447307229042,-0.20961423415137295,-0.021801805276068086,0.18781242887530486,0.11570801971372052
random_impostor,/mnt/c/Users/ansar/Desktop/VGGFace2_ArcFace_Project/data/aligned/train/n009158/0274_01.jpg,/mnt/c/Users/ansar/Desktop/VGGFace2_ArcFace_Project/data/aligned/train/n007592/0299_01.jpg,-0.0188831482082605,-0.07959012402100314,-0.06420159095374743,0.01538853306725571,0.07189585748737529
random_impostor,/mnt/c/Users/ansar/Desktop/VGGFace2_ArcFace_Project/data/aligned/train/n008502/0032_09.jpg,/mnt/c/Users/ansar/Desktop/VGGFace2_ArcFace_Project/data/aligned/train/n006938/0838_03.jpg,0.2121384590864181,0.10731229762277267,-0.011772916771198483,0.11908521439397116,0.05954260719698558
random_impostor,/mnt/c/Users/ansar/Desktop/VGGFace2_ArcFace_Project/data/aligned/train/n009063/0577_02.jpg,/mnt/c/Users/ansar/Desktop/VGGFace2_ArcFace_Project/data/aligned/train/n008576/0059_01.jpg,0.0996251106262207,0.04414589132008793,0.041481791926818064,0.0026640993932698642,0.042813841623452996
random_impostor,/mnt/c/Users/ansar/Desktop/VGGFace2_ArcFace_Project/data/aligned/train/n008656/0052_04.jpg,/mnt/c/Users/ansar/Desktop/VGGFace2_ArcFace_Project/data/aligned/train/n007921/0176_03.jpg,0.2541105151176452,-0.96945285724492,0.0725562161611535,1.0420090734060736,0.5210045367030368
random_impostor,/mnt/c/Users/ansar/Desktop/VGGFace2_ArcFace_Project/data/aligned/train/n009051/0318_01.jpg,/mnt/c/Users/ansar/Desktop/VGGFace2_ArcFace_Project/data/aligned/train/n003057/0131_01.jpg,0.1623106747865677,-0.15658911452298108,0.19076792106618187,0.347357035589163,0.1736785177945815
random_impostor,/mnt/c/Users/ansar/Desktop/VGGFace2_ArcFace_Project/data/aligned/train/n006452/0032_01.jpg,/mnt/c/Users/ansar/Desktop/VGGFace2_ArcFace_Project/data/aligned/train/n008448/0222_01.jpg,0.0865016356110572,0.25033680861872304,-0.2596840293610807,0.5100208379798037,0.25501041898990184
random_impostor,/mnt/c/Users/ansar/Desktop/VGGFace2_ArcFace_Project/data/aligned/train/n006199/0041_01.jpg,/mnt/c/Users/ansar/Desktop/VGGFace2_ArcFace_Project/data/aligned/train/n003575/0100_01.jpg,0.0812442973256111,0.1269241768757518,0.48507443124139327,0.35815025436564146,0.30599930405857256
random_impostor,/mnt/c/Users/ansar/Desktop/VGGFace2_ArcFace_Project/data/aligned/train/n005363/0279_02.jpg,/mnt/c/Users/ansar/Desktop/VGGFace2_ArcFace_Project/data/aligned/train/n008865/0140_01.jpg,0.0946267768740654,-0.23748934423860085,-0.013586764282106138,0.2239025799564947,0.1255380542603535
random_impostor,/mnt/c/Users/ansar/Desktop/VGGFace2_ArcFace_Project/data/aligned/train/n002356/0046_01.jpg,/mnt/c/Users/ansar/Desktop/VGGFace2_ArcFace_Project/data/aligned/train/n002988/0395_01.jpg,0.0082500642165541,-0.011902488687056248,-0.6686029184509726,0.6567004297639164,0.34025270356901444
random_impostor,/mnt/c/Users/ansar/Desktop/VGGFace2_ArcFace_Project/data/aligned/train/n007946/0125_01.jpg,/mnt/c/Users/ansar/Desktop/VGGFace2_ArcFace_Project/data/aligned/train/n000549/0214_01.jpg,0.1178715676069259,0.16783416513365287,0.23883778045703152,0.07100361532337865,0.2033359727953422
random_impostor,/mnt/c/Users/ansar/Desktop/VGGFace2_ArcFace_Project/data/aligned/train/n001347/0196_01.jpg,/mnt/c/Users/ansar/Desktop/VGGFace2_ArcFace_Project/data/aligned/train/n007195/0119_01.jpg,0.0191843584179878,-0.21888364495589385,0.029957722404974983,0.24884136736086884,0.12442068368043442
random_impostor,/mnt/c/Users/ansar/Desktop/VGGFace2_ArcFace_Project/data/aligned/train/n006848/0209_04.jpg,/mnt/c/Users/ansar/Desktop/VGGFace2_ArcFace_Project/data/aligned/train/n001980/0424_01.jpg,0.0056549841538071,0.004776274098081607,0.041064953098688725,0.036288679000607116,0.022920613598385167
random_impostor,/mnt/c/Users/ansar/Desktop/VGGFace2_ArcFace_Project/data/aligned/train/n003521/0369_01.jpg,/mnt/c/Users/ansar/Desktop/VGGFace2_ArcFace_Project/data/aligned/train/n008368/0156_01.jpg,0.2226205468177795,0.13900204404742939,0.01163249246722989,0.1273695515801995,0.07531726825732964
random_impostor,/mnt/c/Users/ansar/Desktop/VGGFace2_ArcFace_Project/data/aligned/train/n007015/0217_01.jpg,/mnt/c/Users/ansar/Desktop/VGGFace2_ArcFace_Project/data/aligned/train/n007657/0345_01.jpg,0.0372277982532978,0.07502247601631548,-0.4048626624196905,0.479885138436006,0.239942569218003
random_impostor,/mnt/c/Users/ansar/Desktop/VGGFace2_ArcFace_Project/data/aligned/train/n003424/0007_01.jpg,/mnt/c/Users/ansar/Desktop/VGGFace2_ArcFace_Project/data/aligned/train/n001070/0540_01.jpg,0.086163654923439,0.08476375063291952,-0.2848905383504387,0.3696542889833582,0.1848271444916791
random_impostor,/mnt/c/Users/ansar/Desktop/VGGFace2_ArcFace_Project/data/aligned/train/n008646/0075_01.jpg,/mnt/c/Users/ansar/Desktop/VGGFace2_ArcFace_Project/data/aligned/train/n001622/0032_01.jpg,0.2305828481912613,0.13904054373956565,-0.09203878372894124,0.2310793274685069,0.11553966373425345
random_impostor,/mnt/c/Users/ansar/Desktop/VGGFace2_ArcFace_Project/data/aligned/train/n006744/0207_01.jpg,/mnt/c/Users/ansar/Desktop/VGGFace2_ArcFace_Project/data/aligned/train/n004976/0130_01.jpg,0.03435680270195,0.05355607847347339,0.32745493799197883,0.27389885951850546,0.1905055082327261
random_impostor,/mnt/c/Users/ansar/Desktop/VGGFace2_ArcFace_Project/data/aligned/train/n003310/0230_01.jpg,/mnt/c/Users/ansar/Desktop/VGGFace2_ArcFace_Project/data/aligned/train/n003274/0362_02.jpg,-0.0815561562776565,0.0016804491766301561,1.813279494852827,1.8115990456761968,0.9074799720147286
random_impostor,/mnt/c/Users/ansar/Desktop/VGGFace2_ArcFace_Project/data/aligned/train/n005478/0248_01.jpg,/mnt/c/Users/ansar/Desktop/VGGFace2_ArcFace_Project/data/aligned/train/n003459/0147_01.jpg,0.0674946904182434,-1.1939581956951337,0.2959364707374503,1.489894666432584,0.744947333216292
random_impostor,/mnt/c/Users/ansar/Desktop/VGGFace2_ArcFace_Project/data/aligned/train/n007870/0443_03.jpg,/mnt/c/Users/ansar/Desktop/VGGFace2_ArcFace_Project/data/aligned/train/n004190/0054_01.jpg,0.0676530078053474,0.42328225457008234,0.1811574203550771,0.24212483421500525,0.30221983746257974
random_impostor,/mnt/c/Users/ansar/Desktop/VGGFace2_ArcFace_Project/data/aligned/train/n000233/0276_01.jpg,/mnt/c/Users/ansar/Desktop/VGGFace2_ArcFace_Project/data/aligned/train/n005717/0266_01.jpg,0.0408615507185459,-0.03660750550884419,0.4852763467789726,0.5218838522878168,0.2609419261439084
random_impostor,/mnt/c/Users/ansar/Desktop/VGGFace2_ArcFace_Project/data/aligned/train/n005403/0136_01.jpg,/mnt/c/Users/ansar/Desktop/VGGFace2_ArcFace_Project/data/aligned/train/n006876/0247_01.jpg,0.1136099994182586,0.0560948312768452,-0.03835597701400774,0.09445080829085294,0.04722540414542647
random_impostor,/mnt/c/Users/ansar/Desktop/VGGFace2_ArcFace_Project/data/aligned/train/n005817/0069_02.jpg,/mnt/c/Users/ansar/Desktop/VGGFace2_ArcFace_Project/data/aligned/train/n006179/0201_01.jpg,0.0912446156144142,0.003312502591704387,-0.0481874461143581,0.05149994870606249,0.025749974353031245
random_impostor,/mnt/c/Users/ansar/Desktop/VGGFace2_ArcFace_Project/data/aligned/train/n008100/0100_01.jpg,/mnt/c/Users/ansar/Desktop/VGGFace2_ArcFace_Project/data/aligned/train/n000694/0091_01.jpg,0.0501029640436172,-0.0791870165641757,-0.22110570776952457,0.14191869120534886,0.15014636216685012
random_impostor,/mnt/c/Users/ansar/Desktop/VGGFace2_ArcFace_Project/data/aligned/train/n002313/0019_01.jpg,/mnt/c/Users/ansar/Desktop/VGGFace2_ArcFace_Project/data/aligned/train/n007859/0130_01.jpg,-0.0514682121574878,-0.0688489718549512,0.039859349992226525,0.10870832184717773,0.054354160923588864
random_impostor,/mnt/c/Users/ansar/Desktop/VGGFace2_ArcFace_Project/data/aligned/train/n003634/0047_01.jpg,/mnt/c/Users/ansar/Desktop/VGGFace2_ArcFace_Project/data/aligned/train/n003038/0104_01.jpg,-0.1112751811742782,-0.3951987909239434,0.06365648877537126,0.45885527969931467,0.22942763984965733
random_impostor,/mnt/c/Users/ansar/Desktop/VGGFace2_ArcFace_Project/data/aligned/train/n003735/0493_01.jpg,/mnt/c/Users/ansar/Desktop/VGGFace2_ArcFace_Project/data/aligned/train/n004030/0300_03.jpg,0.0021862958092242,-0.3493174126693948,0.11030448089720783,0.45962189356660266,0.22981094678330133
random_impostor,/mnt/c/Users/ansar/Desktop/VGGFace2_ArcFace_Project/data/aligned/train/n003125/0071_01.jpg,/mnt/c/Users/ansar/Desktop/VGGFace2_ArcFace_Project/data/aligned/train/n004280/0253_01.jpg,0.3200497627258301,-0.5586678865967702,0.1496439548779444,0.7083118414747147,0.35415592073735735
random_impostor,/mnt/c/Users/ansar/Desktop/VGGFace2_ArcFace_Project/data/aligned/train/n005647/0127_01.jpg,/mnt/c/Users/ansar/Desktop/VGGFace2_ArcFace_Project/data/aligned/train/n008456/0528_01.jpg,0.1314340084791183,0.062261737066872276,0.005317592622132859,0.056944144444739414,0.03378966484450257
random_impostor,/mnt/c/Users/ansar/Desktop/VGGFace2_ArcFace_Project/data/aligned/train/n007416/0042_01.jpg,/mnt/c/Users/ansar/Desktop/VGGFace2_ArcFace_Project/data/aligned/train/n003471/0026_01.jpg,0.0572405904531478,-0.0065449718443437175,-0.21600755992440263,0.2094625880800589,0.11127626588437317
random_impostor,/mnt/c/Users/ansar/Desktop/VGGFace2_ArcFace_Project/data/aligned/train/n006432/0151_01.jpg,/mnt/c/Users/ansar/Desktop/VGGFace2_ArcFace_Project/data/aligned/train/n001555/0049_02.jpg,0.1860367059707641,-0.2233492100973305,-0.23613867168352576,0.012789461586195261,0.22974394089042813
random_impostor,/mnt/c/Users/ansar/Desktop/VGGFace2_ArcFace_Project/data/aligned/train/n002978/0021_01.jpg,/mnt/c/Users/ansar/Desktop/VGGFace2_ArcFace_Project/data/aligned/train/n002162/0026_01.jpg,0.0832154378294944,0.07046747562501844,-0.03745571109565454,0.10792318672067298,0.05396159336033649
random_impostor,/mnt/c/Users/ansar/Desktop/VGGFace2_ArcFace_Project/data/aligned/train/n001367/0061_01.jpg,/mnt/c/Users/ansar/Desktop/VGGFace2_ArcFace_Project/data/aligned/train/n005606/0224_01.jpg,0.0176222939044237,0.04155405754778776,0.12607809119647587,0.0845240336486881,0.08381607437213182
random_impostor,/mnt/c/Users/ansar/Desktop/VGGFace2_ArcFace_Project/data/aligned/train/n001666/0227_02.jpg,/mnt/c/Users/ansar/Desktop/VGGFace2_ArcFace_Project/data/aligned/train/n005618/0317_01.jpg,-0.0262560416013002,0.14989035001912082,-0.13072131184150662,0.28061166186062747,0.14030583093031374
random_impostor,/mnt/c/Users/ansar/Desktop/VGGFace2_ArcFace_Project/data/aligned/train/n004966/0161_01.jpg,/mnt/c/Users/ansar/Desktop/VGGFace2_ArcFace_Project/data/aligned/train/n008294/0195_01.jpg,0.1112862303853035,0.05925919889309594,0.043969761964863664,0.01528943692823228,0.0516144804289798
random_impostor,/mnt/c/Users/ansar/Desktop/VGGFace2_ArcFace_Project/data/aligned/train/n004502/0212_01.jpg,/mnt/c/Users/ansar/Desktop/VGGFace2_ArcFace_Project/data/aligned/train/n009177/0399_01.jpg,-0.0237871892750263,0.3585781505782134,-0.30664039502464135,0.6652185456028548,0.3326092728014274
random_impostor,/mnt/c/Users/ansar/Desktop/VGGFace2_ArcFace_Project/data/aligned/train/n008759/0109_01.jpg,/mnt/c/Users/ansar/Desktop/VGGFace2_ArcFace_Project/data/aligned/train/n006587/0103_02.jpg,0.1008243486285209,0.08178654050213874,-0.1374547754384463,0.21924131594058505,0.10962065797029252
random_impostor,/mnt/c/Users/ansar/Desktop/VGGFace2_ArcFace_Project/data/aligned/train/n007481/0321_01.jpg,/mnt/c/Users/ansar/Desktop/VGGFace2_ArcFace_Project/data/aligned/train/n006588/0131_01.jpg,0.1048296988010406,-0.0966177753460595,0.05198185628982884,0.14859963163588835,0.07429981581794418
random_impostor,/mnt/c/Users/ansar/Desktop/VGGFace2_ArcFace_Project/data/aligned/train/n001515/0101_01.jpg,/mnt/c/Users/ansar/Desktop/VGGFace2_ArcFace_Project/data/aligned/train/n001986/0380_01.jpg,0.0046759503893554,0.07829353032870671,-0.058781156747801745,0.13707468707650847,0.06853734353825423
random_impostor,/mnt/c/Users/ansar/Desktop/VGGFace2_ArcFace_Project/data/aligned/train/n007885/0129_01.jpg,/mnt/c/Users/ansar/Desktop/VGGFace2_ArcFace_Project/data/aligned/train/n004872/0156_02.jpg,0.1888902932405471,-0.7287429804589748,0.03790088118686033,0.7666438616458351,0.38332193082291754
random_impostor,/mnt/c/Users/ansar/Desktop/VGGFace2_ArcFace_Project/data/aligned/train/n007982/0264_01.jpg,/mnt/c/Users/ansar/Desktop/VGGFace2_ArcFace_Project/data/aligned/train/n003503/0131_01.jpg,0.128678560256958,-0.4993394966291762,-0.04712848449270445,0.45221101213647175,0.27323399056094033
random_impostor,/mnt/c/Users/ansar/Desktop/VGGFace2_ArcFace_Project/data/aligned/train/n000513/0080_01.jpg,/mnt/c/Users/ansar/Desktop/VGGFace2_ArcFace_Project/data/aligned/train/n007526/0003_01.jpg,0.1682291030883789,-0.058462923067066186,-0.2818411255985335,0.22337820253146734,0.17015202433279986
random_impostor,/mnt/c/Users/ansar/Desktop/VGGFace2_ArcFace_Project/data/aligned/train/n005472/0144_01.jpg,/mnt/c/Users/ansar/Desktop/VGGFace2_ArcFace_Project/data/aligned/train/n006401/0151_01.jpg,0.0542417876422405,-0.14925085615435368,0.4196464478624081,0.5688973040167618,0.2844486520083809
random_impostor,/mnt/c/Users/ansar/Desktop/VGGFace2_ArcFace_Project/data/aligned/train/n004690/0368_01.jpg,/mnt/c/Users/ansar/Desktop/VGGFace2_ArcFace_Project/data/aligned/train/n007869/0047_01.jpg,0.0877243056893348,-0.5059653262930991,-0.6316564384848011,0.12569111219170204,0.5688108823889502
random_impostor,/mnt/c/Users/ansar/Desktop/VGGFace2_ArcFace_Project/data/aligned/train/n000386/0145_01.jpg,/mnt/c/Users/ansar/Desktop/VGGFace2_ArcFace_Project/data/aligned/train/n006286/0196_01.jpg,0.0441748276352882,-0.22478058352531077,-0.022840276146590146,0.20194030737872062,0.12381042983595046
random_impostor,/mnt/c/Users/ansar/Desktop/VGGFace2_ArcFace_Project/data/aligned/train/n000907/0379_01.jpg,/mnt/c/Users/ansar/Desktop/VGGFace2_ArcFace_Project/data/aligned/train/n001445/0092_01.jpg,0.106889508664608,0.1704522064697319,-0.2748648724804218,0.4453170789501537,0.22265853947507686
random_impostor,/mnt/c/Users/ansar/Desktop/VGGFace2_ArcFace_Project/data/aligned/train/n003605/0219_01.jpg,/mnt/c/Users/ansar/Desktop/VGGFace2_ArcFace_Project/data/aligned/train/n004944/0157_03.jpg,-0.0370900519192218,-0.005385964146281151,-0.043516430874654816,0.03813046672837366,0.024451197510467985
random_impostor,/mnt/c/Users/ansar/Desktop/VGGFace2_ArcFace_Project/data/aligned/train/n000263/0109_01.jpg,/mnt/c/Users/ansar/Desktop/VGGFace2_ArcFace_Project/data/aligned/train/n007386/0028_01.jpg,-0.1474704891443252,-0.2765861967366217,-0.25355533953451126,0.023030857202110455,0.2650707681355665
random_impostor,/mnt/c/Users/ansar/Desktop/VGGFace2_ArcFace_Project/data/aligned/train/n008836/0037_01.jpg,/mnt/c/Users/ansar/Desktop/VGGFace2_ArcFace_Project/data/aligned/train/n005162/0133_01.jpg,0.0237217023968696,-0.13832525977254279,-0.08959464081077516,0.04873061896176763,0.11395995029165898
random_impostor,/mnt/c/Users/ansar/Desktop/VGGFace2_ArcFace_Project/data/aligned/train/n000022/0253_01.jpg,/mnt/c/Users/ansar/Desktop/VGGFace2_ArcFace_Project/data/aligned/train/n003005/0112_02.jpg,0.2898218333721161,-0.266521698020963,-0.5160225805060479,0.2495008824850849,0.39127213926350546
random_impostor,/mnt/c/Users/ansar/Desktop/VGGFace2_ArcFace_Project/data/aligned/train/n001908/0070_01.jpg,/mnt/c/Users/ansar/Desktop/VGGFace2_ArcFace_Project/data/aligned/train/n003681/0127_01.jpg,0.0522205233573913,-0.016091377436443358,0.26345091195100634,0.2795422893874497,0.13977114469372484
random_impostor,/mnt/c/Users/ansar/Desktop/VGGFace2_ArcFace_Project/data/aligned/train/n007888/0325_01.jpg,/mnt/c/Users/ansar/Desktop/VGGFace2_ArcFace_Project/data/aligned/train/n000963/0447_01.jpg,0.1080117002129554,-0.12364144014411105,-0.029101934363770524,0.09453950578034052,0.07637168725394078
random_impostor,/mnt/c/Users/ansar/Desktop/VGGFace2_ArcFace_Project/data/aligned/train/n008774/0447_01.jpg,/mnt/c/Users/ansar/Desktop/VGGFace2_ArcFace_Project/data/aligned/train/n005022/0054_01.jpg,-0.0194177255034446,-0.46155888457589844,0.06977080718201786,0.5313296917579163,0.26566484587895817
random_impostor,/mnt/c/Users/ansar/Desktop/VGGFace2_ArcFace_Project/data/aligned/train/n004602/0182_01.jpg,/mnt/c/Users/ansar/Desktop/VGGFace2_ArcFace_Project/data/aligned/train/n003164/0166_01.jpg,0.0277276709675788,0.023832897383868068,-0.19213335897450062,0.2159662563583687,0.10798312817918435
random_impostor,/mnt/c/Users/ansar/Desktop/VGGFace2_ArcFace_Project/data/aligned/train/n004895/0031_01.jpg,/mnt/c/Users/ansar/Desktop/VGGFace2_ArcFace_Project/data/aligned/train/n007736/0171_02.jpg,0.0860329121351242,0.02788166101048097,-0.17714228866060144,0.20502394967108242,0.10251197483554121
random_impostor,/mnt/c/Users/ansar/Desktop/VGGFace2_ArcFace_Project/data/aligned/train/n007623/0237_01.jpg,/mnt/c/Users/ansar/Desktop/VGGFace2_ArcFace_Project/data/aligned/train/n004835/0419_02.jpg,0.026715600863099,0.1721019643651797,0.01703082078137841,0.15507114358380128,0.09456639257327905
random_impostor,/mnt/c/Users/ansar/Desktop/VGGFace2_ArcFace_Project/data/aligned/train/n008193/0162_01.jpg,/mnt/c/Users/ansar/Desktop/VGGFace2_ArcFace_Project/data/aligned/train/n000671/0288_02.jpg,0.0407115966081619,0.17220850470763333,0.3486726243142775,0.17646411960664415,0.26044056451095543
random_impostor,/mnt/c/Users/ansar/Desktop/VGGFace2_ArcFace_Project/data/aligned/train/n001765/0470_01.jpg,/mnt/c/Users/ansar/Desktop/VGGFace2_ArcFace_Project/data/aligned/train/n003052/0047_01.jpg,0.0672526657581329,-0.29174782848870967,-0.00787534154108768,0.283872486947622,0.14981158501489866
random_impostor,/mnt/c/Users/ansar/Desktop/VGGFace2_ArcFace_Project/data/aligned/train/n001069/0035_01.jpg,/mnt/c/Users/ansar/Desktop/VGGFace2_ArcFace_Project/data/aligned/train/n007738/0299_01.jpg,0.1752378642559051,0.21890643006705002,-0.1581289985227523,0.3770354285898023,0.18851771429490116
random_impostor,/mnt/c/Users/ansar/Desktop/VGGFace2_ArcFace_Project/data/aligned/train/n003871/0019_01.jpg,/mnt/c/Users/ansar/Desktop/VGGFace2_ArcFace_Project/data/aligned/train/n001009/0134_01.jpg,0.130754679441452,0.46825104151484453,-0.14458101323635428,0.6128320547511988,0.3064160273755994
random_impostor,/mnt/c/Users/ansar/Desktop/VGGFace2_ArcFace_Project/data/aligned/train/n005812/0398_01.jpg,/mnt/c/Users/ansar/Desktop/VGGFace2_ArcFace_Project/data/aligned/train/n009092/0164_01.jpg,-0.0691723152995109,-1.028399992025502,0.05444020695910435,1.0828401989846064,0.5414200994923032
random_impostor,/mnt/c/Users/ansar/Desktop/VGGFace2_ArcFace_Project/data/aligned/train/n002445/0039_02.jpg,/mnt/c/Users/ansar/Desktop/VGGFace2_ArcFace_Project/data/aligned/train/n002553/0406_01.jpg,0.1012166887521743,0.02551832197044019,-0.05691116166600405,0.08242948363644424,0.04121474181822212
random_impostor,/mnt/c/Users/ansar/Desktop/VGGFace2_ArcFace_Project/data/aligned/train/n008395/0247_01.jpg,/mnt/c/Users/ansar/Desktop/VGGFace2_ArcFace_Project/data/aligned/train/n005031/0409_01.jpg,0.0225475393235683,0.020627728220501084,-0.8283005453194351,0.8489282735399362,0.4244641367699681
random_impostor,/mnt/c/Users/ansar/Desktop/VGGFace2_ArcFace_Project/data/aligned/train/n007285/0001_01.jpg,/mnt/c/Users/ansar/Desktop/VGGFace2_ArcFace_Project/data/aligned/train/n008578/0231_01.jpg,0.0935391411185264,0.07181339477116047,-0.10803122001347373,0.1798446147846342,0.0899223073923171
random_impostor,/mnt/c/Users/ansar/Desktop/VGGFace2_ArcFace_Project/data/aligned/train/n000880/0466_01.jpg,/mnt/c/Users/ansar/Desktop/VGGFace2_ArcFace_Project/data/aligned/train/n004560/0054_01.jpg,0.2822842895984649,0.12169263006041761,-0.04736613246895747,0.16905876252937507,0.08452938126468754
random_impostor,/mnt/c/Users/ansar/Desktop/VGGFace2_ArcFace_Project/data/aligned/train/n004973/0210_01.jpg,/mnt/c/Users/ansar/Desktop/VGGFace2_ArcFace_Project/data/aligned/train/n008432/0533_04.jpg,0.107865072786808,0.27482133497307787,-0.30477828520618244,0.5795996201792604,0.2897998100896302
random_impostor,/mnt/c/Users/ansar/Desktop/VGGFace2_ArcFace_Project/data/aligned/train/n001148/0387_01.jpg,/mnt/c/Users/ansar/Desktop/VGGFace2_ArcFace_Project/data/aligned/train/n000778/0005_01.jpg,0.0134090073406696,-0.3113104818719846,-0.03097098246975257,0.2803394994022321,0.1711407321708686
random_impostor,/mnt/c/Users/ansar/Desktop/VGGFace2_ArcFace_Project/data/aligned/train/n006154/0339_01.jpg,/mnt/c/Users/ansar/Desktop/VGGFace2_ArcFace_Project/data/aligned/train/n000373/0184_02.jpg,0.0084030395373702,-0.560002717837092,0.11009042714946178,0.6700931449865538,0.3350465724932769
random_impostor,/mnt/c/Users/ansar/Desktop/VGGFace2_ArcFace_Project/data/aligned/train/n001246/0334_01.jpg,/mnt/c/Users/ansar/Desktop/VGGFace2_ArcFace_Project/data/aligned/train/n005045/0026_02.jpg,0.1276009380817413,-0.4703061928458247,0.035163285005282985,0.5054694778511077,0.25273473892555387
random_impostor,/mnt/c/Users/ansar/Desktop/VGGFace2_ArcFace_Project/data/aligned/train/n007993/0550_01.jpg,/mnt/c/Users/ansar/Desktop/VGGFace2_ArcFace_Project/data/aligned/train/n001720/0293_01.jpg,0.0460075065493583,0.10284035586173754,0.05279898617619352,0.05004136968554402,0.07781967101896553
random_impostor,/mnt/c/Users/ansar/Desktop/VGGFace2_ArcFace_Project/data/aligned/train/n001064/0028_02.jpg,/mnt/c/Users/ansar/Desktop/VGGFace2_ArcFace_Project/data/aligned/train/n005144/0035_01.jpg,-0.0098603684455156,-0.15758894818879784,0.04785655736381185,0.2054455055526097,0.10272275277630485
random_impostor,/mnt/c/Users/ansar/Desktop/VGGFace2_ArcFace_Project/data/aligned/train/n005722/0399_01.jpg,/mnt/c/Users/ansar/Desktop/VGGFace2_ArcFace_Project/data/aligned/train/n003619/0075_01.jpg,-0.0011833972530439,0.17979520196648144,0.035444065529282046,0.14435113643719938,0.10761963374788175
random_impostor,/mnt/c/Users/ansar/Desktop/VGGFace2_ArcFace_Project/data/aligned/train/n002444/0288_01.jpg,/mnt/c/Users/ansar/Desktop/VGGFace2_ArcFace_Project/data/aligned/train/n005470/0159_01.jpg,0.0410901308059692,0.05148747454521609,-0.4911390470573796,0.5426265216025957,0.27131326080129786
random_impostor,/mnt/c/Users/ansar/Desktop/VGGFace2_ArcFace_Project/data/aligned/train/n005115/0485_01.jpg,/mnt/c/Users/ansar/Desktop/VGGFace2_ArcFace_Project/data/aligned/train/n006852/0165_01.jpg,0.0533441118896007,0.041971700060012225,-0.163807722635561,0.20577942269557323,0.10288971134778661
random_impostor,/mnt/c/Users/ansar/Desktop/VGGFace2_ArcFace_Project/data/aligned/train/n009257/0154_01.jpg,/mnt/c/Users/ansar/Desktop/VGGFace2_ArcFace_Project/data/aligned/train/n002634/0276_01.jpg,-0.061710137873888,0.11418031655486253,-0.029031345842576117,0.14321166239743865,0.07160583119871933
random_impostor,/mnt/c/Users/ansar/Desktop/VGGFace2_ArcFace_Project/data/aligned/train/n004176/0043_01.jpg,/mnt/c/Users/ansar/Desktop/VGGFace2_ArcFace_Project/data/aligned/train/n004515/0383_01.jpg,0.1350377202033996,-0.08157809099176112,-0.052906393563877024,0.0286716974278841,0.06724224227781908
random_impostor,/mnt/c/Users/ansar/Desktop/VGGFace2_ArcFace_Project/data/aligned/train/n008911/0275_01.jpg,/mnt/c/Users/ansar/Desktop/VGGFace2_ArcFace_Project/data/aligned/train/n002836/0335_02.jpg,0.0821410417556762,0.09991728061134665,0.2430100323311678,0.14309275171982117,0.17146365647125722
random_impostor,/mnt/c/Users/ansar/Desktop/VGGFace2_ArcFace_Project/data/aligned/train/n001493/0060_01.jpg,/mnt/c/Users/ansar/Desktop/VGGFace2_ArcFace_Project/data/aligned/train/n002276/0025_02.jpg,0.1305621266365051,0.06952264574679688,0.04683241243712251,0.022690233309674374,0.058177529091959695
random_impostor,/mnt/c/Users/ansar/Desktop/VGGFace2_ArcFace_Project/data/aligned/train/n008275/0014_02.jpg,/mnt/c/Users/ansar/Desktop/VGGFace2_ArcFace_Project/data/aligned/train/n001792/0085_01.jpg,-0.0626750886440277,0.011424957637827195,0.22730748803728604,0.21588253039945884,0.11936622283755662
random_impostor,/mnt/c/Users/ansar/Desktop/VGGFace2_ArcFace_Project/data/aligned/train/n001572/0116_01.jpg,/mnt/c/Users/ansar/Desktop/VGGFace2_ArcFace_Project/data/aligned/train/n008262/0259_01.jpg,0.2096507847309112,-0.06612530408307946,0.34194645854835254,0.40807176263143197,0.20403588131571598
random_impostor,/mnt/c/Users/ansar/Desktop/VGGFace2_ArcFace_Project/data/aligned/train/n003120/0008_01.jpg,/mnt/c/Users/ansar/Desktop/VGGFace2_ArcFace_Project/data/aligned/train/n001716/0420_01.jpg,0.0745057836174964,-0.03381261598432886,-0.0045209755028208665,0.029291640481507994,0.019166795743574862
random_impostor,/mnt/c/Users/ansar/Desktop/VGGFace2_ArcFace_Project/data/aligned/train/n006643/0137_02.jpg,/mnt/c/Users/ansar/Desktop/VGGFace2_ArcFace_Project/data/aligned/train/n004234/0156_04.jpg,0.2738894820213318,0.0193891011319932,0.08873160552800693,0.06934250439601373,0.05406035333000007
random_impostor,/mnt/c/Users/ansar/Desktop/VGGFace2_ArcFace_Project/data/aligned/train/n008991/0212_01.jpg,/mnt/c/Users/ansar/Desktop/VGGFace2_ArcFace_Project/data/aligned/train/n006509/0168_01.jpg,0.1131267473101615,0.09246253784892919,0.37588721418875526,0.28342467633982604,0.23417487601884224
random_impostor,/mnt/c/Users/ansar/Desktop/VGGFace2_ArcFace_Project/data/aligned/train/n006704/0072_01.jpg,/mnt/c/Users/ansar/Desktop/VGGFace2_ArcFace_Project/data/aligned/train/n008633/0117_01.jpg,0.124184064567089,-0.03723754513932319,-0.030300645721265312,0.006936899418057876,0.03376909543029425
random_impostor,/mnt/c/Users/ansar/Desktop/VGGFace2_ArcFace_Project/data/aligned/train/n006277/0087_01.jpg,/mnt/c/Users/ansar/Desktop/VGGFace2_ArcFace_Project/data/aligned/train/n000565/0034_01.jpg,0.0549229234457016,0.05235500810108716,0.01045375469647356,0.0419012534046136,0.03140438139878036
random_impostor,/mnt/c/Users/ansar/Desktop/VGGFace2_ArcFace_Project/data/aligned/train/n005341/0246_01.jpg,/mnt/c/Users/ansar/Desktop/VGGFace2_ArcFace_Project/data/aligned/train/n007268/0165_01.jpg,-0.0535385385155677,-0.04446208639517288,0.24518756203900482,0.28964964843417773,0.14482482421708887
random_impostor,/mnt/c/Users/ansar/Desktop/VGGFace2_ArcFace_Project/data/aligned/train/n004028/0080_01.jpg,/mnt/c/Users/ansar/Desktop/VGGFace2_ArcFace_Project/data/aligned/train/n007455/0051_01.jpg,-0.0735758990049362,-0.1477701623139831,-0.11490291656421857,0.03286724574976453,0.13133653943910084
random_impostor,/mnt/c/Users/ansar/Desktop/VGGFace2_ArcFace_Project/data/aligned/train/n000179/0207_01.jpg,/mnt/c/Users/ansar/Desktop/VGGFace2_ArcFace_Project/data/aligned/train/n000084/0132_01.jpg,0.0894060730934143,0.16905366417609585,0.05725237132038145,0.11180129285571441,0.11315301774823865
random_impostor,/mnt/c/Users/ansar/Desktop/VGGFace2_ArcFace_Project/data/aligned/train/n009244/0030_02.jpg,/mnt/c/Users/ansar/Desktop/VGGFace2_ArcFace_Project/data/aligned/train/n004025/0288_01.jpg,0.0395853668451309,0.11464000557284612,0.009246982565868023,0.1053930230069781,0.06194349406935707
random_impostor,/mnt/c/Users/ansar/Desktop/VGGFace2_ArcFace_Project/data/aligned/train/n000590/0351_01.jpg,/mnt/c/Users/ansar/Desktop/VGGFace2_ArcFace_Project/data/aligned/train/n008472/0098_01.jpg,0.0348126478493213,0.36057435039458613,-0.053576210004963785,0.4141505603995499,0.20707528019977495
random_impostor,/mnt/c/Users/ansar/Desktop/VGGFace2_ArcFace_Project/data/aligned/train/n002318/0294_01.jpg,/mnt/c/Users/ansar/Desktop/VGGFace2_ArcFace_Project/data/aligned/train/n009229/0242_01.jpg,0.1352239251136779,-0.01723550877978541,-0.3129188101001093,0.2956833013203239,0.16507715943994736
random_impostor,/mnt/c/Users/ansar/Desktop/VGGFace2_ArcFace_Project/data/aligned/train/n002020/0364_01.jpg,/mnt/c/Users/ansar/Desktop/VGGFace2_ArcFace_Project/data/aligned/train/n007834/0403_02.jpg,0.0816458612680435,0.08622029093509974,1.7238526560301435,1.6376323650950437,0.9050364734826216
random_impostor,/mnt/c/Users/ansar/Desktop/VGGFace2_ArcFace_Project/data/aligned/train/n003924/0195_01.jpg,/mnt/c/Users/ansar/Desktop/VGGFace2_ArcFace_Project/data/aligned/train/n003562/0187_03.jpg,0.1335999965667724,0.1265407529512069,0.23186792893733613,0.10532717598612923,0.1792043409442715
random_impostor,/mnt/c/Users/ansar/Desktop/VGGFace2_ArcFace_Project/data/aligned/train/n005479/0354_01.jpg,/mnt/c/Users/ansar/Desktop/VGGFace2_ArcFace_Project/data/aligned/train/n008664/0087_01.jpg,0.0642110556364059,0.039321941209465465,-0.018721398498137004,0.05804333970760247,0.029021669853801235
random_impostor,/mnt/c/Users/ansar/Desktop/VGGFace2_ArcFace_Project/data/aligned/train/n002823/0082_01.jpg,/mnt/c/Users/ansar/Desktop/VGGFace2_ArcFace_Project/data/aligned/train/n007013/0135_01.jpg,0.0535758882761001,-0.03475560824635155,-0.26460607042250395,0.2298504621761524,0.14968083933442775
random_impostor,/mnt/c/Users/ansar/Desktop/VGGFace2_ArcFace_Project/data/aligned/train/n000815/0954_01.jpg,/mnt/c/Users/ansar/Desktop/VGGFace2_ArcFace_Project/data/aligned/train/n004645/0056_01.jpg,0.1547954082489013,0.4151550590426881,-0.05837414217873769,0.47352920122142583,0.23676460061071292
random_impostor,/mnt/c/Users/ansar/Desktop/VGGFace2_ArcFace_Project/data/aligned/train/n001965/0282_01.jpg,/mnt/c/Users/ansar/Desktop/VGGFace2_ArcFace_Project/data/aligned/train/n005506/0047_01.jpg,0.2155391424894333,-0.7352587141510801,-0.1801326025170369,0.5551261116340432,0.4576956583340585
random_impostor,/mnt/c/Users/ansar/Desktop/VGGFace2_ArcFace_Project/data/aligned/train/n005321/0370_02.jpg,/mnt/c/Users/ansar/Desktop/VGGFace2_ArcFace_Project/data/aligned/train/n008103/0375_01.jpg,0.1320613622665405,0.012190293378316182,0.3440474850078929,0.3318571916295767,0.17811888919310453
random_impostor,/mnt/c/Users/ansar/Desktop/VGGFace2_ArcFace_Project/data/aligned/train/n000888/0136_01.jpg,/mnt/c/Users/ansar/Desktop/VGGFace2_ArcFace_Project/data/aligned/train/n007244/0170_02.jpg,0.1110658943653106,0.19022204521587396,-0.02245310623455829,0.21267515145043225,0.10633757572521613
random_impostor,/mnt/c/Users/ansar/Desktop/VGGFace2_ArcFace_Project/data/aligned/train/n004377/0085_01.jpg,/mnt/c/Users/ansar/Desktop/VGGFace2_ArcFace_Project/data/aligned/train/n001461/0461_01.jpg,-0.0643042400479316,-0.4367951601053437,-0.11421204503684101,0.3225831150685027,0.27550360257109235
random_impostor,/mnt/c/Users/ansar/Desktop/VGGFace2_ArcFace_Project/data/aligned/train/n007447/0113_01.jpg,/mnt/c/Users/ansar/Desktop/VGGFace2_ArcFace_Project/data/aligned/train/n006456/0060_01.jpg,0.0458888374269008,0.24743260560943603,-0.4225900652822839,0.6700226708917199,0.3350113354458599
random_impostor,/mnt/c/Users/ansar/Desktop/VGGFace2_ArcFace_Project/data/aligned/train/n002004/0004_01.jpg,/mnt/c/Users/ansar/Desktop/VGGFace2_ArcFace_Project/data/aligned/train/n007482/0237_01.jpg,-0.0937619060277938,-0.19162786598022408,-0.1830698114649222,0.008558054515301866,0.18734883872257313
random_impostor,/mnt/c/Users/ansar/Desktop/VGGFace2_ArcFace_Project/data/aligned/train/n008520/0460_02.jpg,/mnt/c/Users/ansar/Desktop/VGGFace2_ArcFace_Project/data/aligned/train/n002970/0208_01.jpg,0.0262446366250515,0.1041951237672774,0.14614900951376467,0.04195388574648727,0.12517206664052102
random_impostor,/mnt/c/Users/ansar/Desktop/VGGFace2_ArcFace_Project/data/aligned/train/n001262/0100_07.jpg,/mnt/c/Users/ansar/Desktop/VGGFace2_ArcFace_Project/data/aligned/train/n005523/0282_01.jpg,0.1330151706933975,0.2154298607489739,-0.79508869420341,1.0105185549523839,0.5052592774761919
random_impostor,/mnt/c/Users/ansar/Desktop/VGGFace2_ArcFace_Project/data/aligned/train/n001111/0352_03.jpg,/mnt/c/Users/ansar/Desktop/VGGFace2_ArcFace_Project/data/aligned/train/n009047/0265_02.jpg,0.0093326466158032,-0.02145083232427143,0.18493606732739248,0.2063868996516639,0.10319344982583195
random_impostor,/mnt/c/Users/ansar/Desktop/VGGFace2_ArcFace_Project/data/aligned/train/n005658/0084_01.jpg,/mnt/c/Users/ansar/Desktop/VGGFace2_ArcFace_Project/data/aligned/train/n003376/0139_02.jpg,0.1206178963184356,0.06742796011717186,0.0049991967960553154,0.06242876332111655,0.03621357845661359
random_impostor,/mnt/c/Users/ansar/Desktop/VGGFace2_ArcFace_Project/data/aligned/train/n002297/0484_01.jpg,/mnt/c/Users/ansar/Desktop/VGGFace2_ArcFace_Project/data/aligned/train/n000134/0559_03.jpg,-0.0974592491984367,-0.07300219463718227,0.043867567747768677,0.11686976238495095,0.058434881192475474
random_impostor,/mnt/c/Users/ansar/Desktop/VGGFace2_ArcFace_Project/data/aligned/train/n002993/0059_01.jpg,/mnt/c/Users/ansar/Desktop/VGGFace2_ArcFace_Project/data/aligned/train/n007505/0046_01.jpg,0.0673165246844291,0.11627383294639837,0.48679087962694817,0.3705170466805498,0.3015323562866733
random_impostor,/mnt/c/Users/ansar/Desktop/VGGFace2_ArcFace_Project/data/aligned/train/n005005/0270_01.jpg,/mnt/c/Users/ansar/Desktop/VGGFace2_ArcFace_Project/data/aligned/train/n000376/0212_01.jpg,0.0929936617612838,-0.08472679263893827,-0.03505539548287261,0.04967139715606566,0.05989109406090544
random_impostor,/mnt/c/Users/ansar/Desktop/VGGFace2_ArcFace_Project/data/aligned/train/n006052/0303_01.jpg,/mnt/c/Users/ansar/Desktop/VGGFace2_ArcFace_Project/data/aligned/train/n005158/0246_01.jpg,0.0499095097184181,0.0434004848681791,0.23942549152686912,0.19602500665869002,0.14141298819752413
random_impostor,/mnt/c/Users/ansar/Desktop/VGGFace2_ArcFace_Project/data/aligned/train/n002498/0153_01.jpg,/mnt/c/Users/ansar/Desktop/VGGFace2_ArcFace_Project/data/aligned/train/n004583/0207_01.jpg,0.0687909945845604,-0.025285361299496056,0.5192240930498644,0.5445094543493605,0.27225472717468024
random_impostor,/mnt/c/Users/ansar/Desktop/VGGFace2_ArcFace_Project/data/aligned/train/n008469/0022_01.jpg,/mnt/c/Users/ansar/Desktop/VGGFace2_ArcFace_Project/data/aligned/train/n006864/0105_01.jpg,0.0497285388410091,-0.35603844402619034,-0.36669846492713176,0.010660020900941425,0.36136845447666105
random_impostor,/mnt/c/Users/ansar/Desktop/VGGFace2_ArcFace_Project/data/aligned/train/n005250/0289_01.jpg,/mnt/c/Users/ansar/Desktop/VGGFace2_ArcFace_Project/data/aligned/train/n008131/0084_01.jpg,0.1055381074547767,-0.15060469209750893,-0.23837116196708405,0.08776646986957512,0.1944879270322965
random_impostor,/mnt/c/Users/ansar/Desktop/VGGFace2_ArcFace_Project/data/aligned/train/n001435/0350_01.jpg,/mnt/c/Users/ansar/Desktop/VGGFace2_ArcFace_Project/data/aligned/train/n004139/0120_01.jpg,0.0204469133168458,0.06428080806699112,-0.011523346461137448,0.07580415452812857,0.037902077264064284
random_impostor,/mnt/c/Users/ansar/Desktop/VGGFace2_ArcFace_Project/data/aligned/train/n006156/0035_01.jpg,/mnt/c/Users/ansar/Desktop/VGGFace2_ArcFace_Project/data/aligned/train/n003778/0306_01.jpg,-0.0133258951827883,-0.0970026997453428,0.24789263396570185,0.34489533371104464,0.17244766685552232
random_impostor,/mnt/c/Users/ansar/Desktop/VGGFace2_ArcFace_Project/data/aligned/train/n007281/0351_01.jpg,/mnt/c/Users/ansar/Desktop/VGGFace2_ArcFace_Project/data/aligned/train/n003313/0005_01.jpg,-0.0149423312395811,-0.5550094093134278,0.2004412940210977,0.7554507033345255,0.37772535166726273
random_impostor,/mnt/c/Users/ansar/Desktop/VGGFace2_ArcFace_Project/data/aligned/train/n006146/0101_01.jpg,/mnt/c/Users/ansar/Desktop/VGGFace2_ArcFace_Project/data/aligned/train/n007090/0027_01.jpg,0.3461939990520477,-0.2952952854405859,-0.060050155770158396,0.23524512967042752,0.17767272060537215
random_impostor,/mnt/c/Users/ansar/Desktop/VGGFace2_ArcFace_Project/data/aligned/train/n002173/0213_01.jpg,/mnt/c/Users/ansar/Desktop/VGGFace2_ArcFace_Project/data/aligned/train/n000558/0127_01.jpg,0.1225527077913284,0.2731046267287784,-0.041075603950692735,0.3141802306794711,0.15709011533973555
random_impostor,/mnt/c/Users/ansar/Desktop/VGGFace2_ArcFace_Project/data/aligned/train/n005096/0064_01.jpg,/mnt/c/Users/ansar/Desktop/VGGFace2_ArcFace_Project/data/aligned/train/n001770/0039_01.jpg,0.018370147794485,-0.25743510703801,-0.0494061512229541,0.20802895581505587,0.15342062913048204
random_impostor,/mnt/c/Users/ansar/Desktop/VGGFace2_ArcFace_Project/data/aligned/train/n001253/0329_01.jpg,/mnt/c/Users/ansar/Desktop/VGGFace2_ArcFace_Project/data/aligned/train/n006306/0249_01.jpg,0.4745023548603058,-0.14876657854096959,-0.41662764087705323,0.26786106233608364,0.2826971097090114
random_impostor,/mnt/c/Users/ansar/Desktop/VGGFace2_ArcFace_Project/data/aligned/train/n005483/0339_03.jpg,/mnt/c/Users/ansar/Desktop/VGGFace2_ArcFace_Project/data/aligned/train/n007666/0092_01.jpg,0.1300038546323776,-0.1576560646327927,-0.04689267580247606,0.11076338883031664,0.10227437021763437
random_impostor,/mnt/c/Users/ansar/Desktop/VGGFace2_ArcFace_Project/data/aligned/train/n001400/0142_03.jpg,/mnt/c/Users/ansar/Desktop/VGGFace2_ArcFace_Project/data/aligned/train/n001512/0044_01.jpg,0.0080832988023757,-0.28645556312028725,-0.08803291288226603,0.19842265023802122,0.18724423800127665
random_impostor,/mnt/c/Users/ansar/Desktop/VGGFace2_ArcFace_Project/data/aligned/train/n008901/0281_01.jpg,/mnt/c/Users/ansar/Desktop/VGGFace2_ArcFace_Project/data/aligned/train/n007325/0481_01.jpg,0.1512755006551742,0.15139055823602046,-0.48339913214223634,0.6347896903782568,0.3173948451891284
random_impostor,/mnt/c/Users/ansar/Desktop/VGGFace2_ArcFace_Project/data/aligned/train/n001393/0290_01.jpg,/mnt/c/Users/ansar/Desktop/VGGFace2_ArcFace_Project/data/aligned/train/n009245/0306_03.jpg,0.1224735751748085,0.0008125284657834349,0.18965483891187232,0.18884231044608887,0.09523368368882788
random_impostor,/mnt/c/Users/ansar/Desktop/VGGFace2_ArcFace_Project/data/aligned/train/n006821/0158_01.jpg,/mnt/c/Users/ansar/Desktop/VGGFace2_ArcFace_Project/data/aligned/train/n007353/0518_01.jpg,-0.0030191694386303,-0.05221017011958801,0.09469670401914891,0.14690687413873693,0.07345343706936847
random_impostor,/mnt/c/Users/ansar/Desktop/VGGFace2_ArcFace_Project/data/aligned/train/n001225/0423_01.jpg,/mnt/c/Users/ansar/Desktop/VGGFace2_ArcFace_Project/data/aligned/train/n000467/0074_12.jpg,0.2720503211021423,0.07106237262694563,-0.4038438228988162,0.47490619552576185,0.23745309776288093
random_impostor,/mnt/c/Users/ansar/Desktop/VGGFace2_ArcFace_Project/data/aligned/train/n000282/0394_01.jpg,/mnt/c/Users/ansar/Desktop/VGGFace2_ArcFace_Project/data/aligned/train/n000071/0037_01.jpg,0.1070527732372284,0.035237469489114236,-0.05013056645586678,0.08536803594498102,0.04268401797249051
random_impostor,/mnt/c/Users/ansar/Desktop/VGGFace2_ArcFace_Project/data/aligned/train/n004735/0350_03.jpg,/mnt/c/Users/ansar/Desktop/VGGFace2_ArcFace_Project/data/aligned/train/n004443/0045_02.jpg,0.1188705116510391,0.694702216480031,-0.18916895591679364,0.8838711723968247,0.44193558619841233
random_impostor,/mnt/c/Users/ansar/Desktop/VGGFace2_ArcFace_Project/data/aligned/train/n002932/0271_01.jpg,/mnt/c/Users/ansar/Desktop/VGGFace2_ArcFace_Project/data/aligned/train/n005447/0492_01.jpg,0.1844923049211502,0.664423745839989,0.2433622531669175,0.42106149267307147,0.45389299950345324
random_impostor,/mnt/c/Users/ansar/Desktop/VGGFace2_ArcFace_Project/data/aligned/train/n001712/0448_01.jpg,/mnt/c/Users/ansar/Desktop/VGGFace2_ArcFace_Project/data/aligned/train/n009002/0044_01.jpg,0.1225239336490631,-0.04362725165490825,0.043997764654179296,0.08762501630908755,0.043812508154543774
random_impostor,/mnt/c/Users/ansar/Desktop/VGGFace2_ArcFace_Project/data/aligned/train/n007899/0189_02.jpg,/mnt/c/Users/ansar/Desktop/VGGFace2_ArcFace_Project/data/aligned/train/n007248/0252_01.jpg,0.0751522704958915,0.04612631741329094,0.25338298669443615,0.20725666928114522,0.14975465205386354
random_impostor,/mnt/c/Users/ansar/Desktop/VGGFace2_ArcFace_Project/data/aligned/train/n001193/0094_02.jpg,/mnt/c/Users/ansar/Desktop/VGGFace2_ArcFace_Project/data/aligned/train/n005333/0328_01.jpg,0.1281370222568512,0.04403646998051738,0.7768446398135306,0.7328081698330132,0.41044055489702397
random_impostor,/mnt/c/Users/ansar/Desktop/VGGFace2_ArcFace_Project/data/aligned/train/n000895/0304_01.jpg,/mnt/c/Users/ansar/Desktop/VGGFace2_ArcFace_Project/data/aligned/train/n006174/0260_01.jpg,0.1261216402053833,-0.03861331008138547,-0.10708153259158822,0.06846822251020274,0.07284742133648685
random_impostor,/mnt/c/Users/ansar/Desktop/VGGFace2_ArcFace_Project/data/aligned/train/n007751/0097_01.jpg,/mnt/c/Users/ansar/Desktop/VGGFace2_ArcFace_Project/data/aligned/train/n000831/0072_01.jpg,0.1401822119951248,-0.08363370428212327,-0.30318219412953207,0.2195484898474088,0.19340794920582766
random_impostor,/mnt/c/Users/ansar/Desktop/VGGFace2_ArcFace_Project/data/aligned/train/n006926/0553_01.jpg,/mnt/c/Users/ansar/Desktop/VGGFace2_ArcFace_Project/data/aligned/train/n000297/0171_01.jpg,0.0831286311149597,-0.061251182384858494,-0.40144575093004803,0.34019456854518954,0.23134846665745326
random_impostor,/mnt/c/Users/ansar/Desktop/VGGFace2_ArcFace_Project/data/aligned/train/n003052/0002_01.jpg,/mnt/c/Users/ansar/Desktop/VGGFace2_ArcFace_Project/data/aligned/train/n003380/0152_01.jpg,0.125653401017189,0.39249712047949664,-0.164335942213819,0.5568330626933157,0.27841653134665784
random_impostor,/mnt/c/Users/ansar/Desktop/VGGFace2_ArcFace_Project/data/aligned/train/n002569/0384_01.jpg,/mnt/c/Users/ansar/Desktop/VGGFace2_ArcFace_Project/data/aligned/train/n001667/0091_01.jpg,-0.0209228470921516,0.11646518199857471,0.2673227818941982,0.15085759989562353,0.19189398194638646
random_impostor,/mnt/c/Users/ansar/Desktop/VGGFace2_ArcFace_Project/data/aligned/train/n004367/0136_01.jpg,/mnt/c/Users/ansar/Desktop/VGGFace2_ArcFace_Project/data/aligned/train/n007614/0019_01.jpg,0.1406354755163192,0.11787809820692007,0.17204288395585138,0.05416478574893131,0.14496049108138573
random_impostor,/mnt/c/Users/ansar/Desktop/VGGFace2_ArcFace_Project/data/aligned/train/n002096/0443_02.jpg,/mnt/c/Users/ansar/Desktop/VGGFace2_ArcFace_Project/data/aligned/train/n008760/0382_01.jpg,-0.0025524438824504,0.09747955848118685,-0.40100184890877844,0.49848140738996527,0.24924070369498263
random_impostor,/mnt/c/Users/ansar/Desktop/VGGFace2_ArcFace_Project/data/aligned/train/n003266/0262_01.jpg,/mnt/c/Users/ansar/Desktop/VGGFace2_ArcFace_Project/data/aligned/train/n002334/0175_01.jpg,0.0913875550031662,0.17547378990600132,0.15402808062166862,0.021445709284332704,0.16475093526383497
random_impostor,/mnt/c/Users/ansar/Desktop/VGGFace2_ArcFace_Project/data/aligned/train/n004072/0643_02.jpg,/mnt/c/Users/ansar/Desktop/VGGFace2_ArcFace_Project/data/aligned/train/n003968/0277_01.jpg,0.0734144523739814,-0.019897702714027788,-0.04111940318481949,0.021221700470791704,0.030508552949423638
random_impostor,/mnt/c/Users/ansar/Desktop/VGGFace2_ArcFace_Project/data/aligned/train/n004625/0019_01.jpg,/mnt/c/Users/ansar/Desktop/VGGFace2_ArcFace_Project/data/aligned/train/n005232/0205_02.jpg,0.1315484195947647,-0.006709648816751223,0.0824568310074567,0.08916647982420792,0.04458323991210396
random_impostor,/mnt/c/Users/ansar/Desktop/VGGFace2_ArcFace_Project/data/aligned/train/n002247/0188_03.jpg,/mnt/c/Users/ansar/Desktop/VGGFace2_ArcFace_Project/data/aligned/train/n001487/0013_01.jpg,-0.0181328579783439,0.05773461888445258,-0.20581859475811892,0.2635532136425715,0.13177660682128575
random_impostor,/mnt/c/Users/ansar/Desktop/VGGFace2_ArcFace_Project/data/aligned/train/n004126/0213_02.jpg,/mnt/c/Users/ansar/Desktop/VGGFace2_ArcFace_Project/data/aligned/train/n003923/0482_01.jpg,0.1141526624560356,-0.4785701037518938,-0.36444744492469383,0.11412265882719996,0.4215087743382938
random_impostor,/mnt/c/Users/ansar/Desktop/VGGFace2_ArcFace_Project/data/aligned/train/n001383/0448_01.jpg,/mnt/c/Users/ansar/Desktop/VGGFace2_ArcFace_Project/data/aligned/train/n006326/0144_01.jpg,0.2023393511772155,0.04883711351186056,0.7107565742125446,0.661919460700684,0.3797968438622026
random_impostor,/mnt/c/Users/ansar/Desktop/VGGFace2_ArcFace_Project/data/aligned/train/n003409/0226_01.jpg,/mnt/c/Users/ansar/Desktop/VGGFace2_ArcFace_Project/data/aligned/train/n000367/0013_01.jpg,0.161294400691986,-0.31230634029057386,-0.21624449095409784,0.09606184933647602,0.26427541562233586
random_impostor,/mnt/c/Users/ansar/Desktop/VGGFace2_ArcFace_Project/data/aligned/train/n002549/0149_01.jpg,/mnt/c/Users/ansar/Desktop/VGGFace2_ArcFace_Project/data/aligned/train/n000561/0232_01.jpg,0.1634699404239654,0.041124558222551594,-0.3413674186119788,0.3824919768345304,0.1912459884172652
random_impostor,/mnt/c/Users/ansar/Desktop/VGGFace2_ArcFace_Project/data/aligned/train/n006160/0315_01.jpg,/mnt/c/Users/ansar/Desktop/VGGFace2_ArcFace_Project/data/aligned/train/n003760/0120_02.jpg,0.1597502529621124,-0.062051772609549825,0.31248860162122966,0.37454037423077946,0.18727018711538973
random_impostor,/mnt/c/Users/ansar/Desktop/VGGFace2_ArcFace_Project/data/aligned/train/n006972/0147_06.jpg,/mnt/c/Users/ansar/Desktop/VGGFace2_ArcFace_Project/data/aligned/train/n006372/0337_01.jpg,0.0418431051075458,-0.059910780971092335,-1.020238740351685,0.9603279593805927,0.5400747606613887
random_impostor,/mnt/c/Users/ansar/Desktop/VGGFace2_ArcFace_Project/data/aligned/train/n002711/0423_01.jpg,/mnt/c/Users/ansar/Desktop/VGGFace2_ArcFace_Project/data/aligned/train/n006263/0152_01.jpg,-0.0358516871929168,-0.2350286761578809,0.2941981834115087,0.5292268595693896,0.2646134297846948
random_impostor,/mnt/c/Users/ansar/Desktop/VGGFace2_ArcFace_Project/data/aligned/train/n007821/0072_01.jpg,/mnt/c/Users/ansar/Desktop/VGGFace2_ArcFace_Project/data/aligned/train/n004487/0166_01.jpg,0.0597316585481166,-0.03974150132128973,-0.09930605196341863,0.0595645506421289,0.06952377664235418
random_impostor,/mnt/c/Users/ansar/Desktop/VGGFace2_ArcFace_Project/data/aligned/train/n005401/0466_01.jpg,/mnt/c/Users/ansar/Desktop/VGGFace2_ArcFace_Project/data/aligned/train/n006949/0091_01.jpg,0.0536889173090457,0.4809164053545551,0.06444478441440196,0.4164716209401531,0.27268059488447854
random_impostor,/mnt/c/Users/ansar/Desktop/VGGFace2_ArcFace_Project/data/aligned/train/n005684/0312_02.jpg,/mnt/c/Users/ansar/Desktop/VGGFace2_ArcFace_Project/data/aligned/train/n001903/0453_01.jpg,0.1049871817231178,-0.09953223688883228,-0.013491973758322605,0.08604026313050968,0.05651210532357744
random_impostor,/mnt/c/Users/ansar/Desktop/VGGFace2_ArcFace_Project/data/aligned/train/n001388/0381_01.jpg,/mnt/c/Users/ansar/Desktop/VGGFace2_ArcFace_Project/data/aligned/train/n002977/0197_01.jpg,0.161800667643547,-0.04199287719461664,-0.3975068253810524,0.3555139481864358,0.21974985128783453
random_impostor,/mnt/c/Users/ansar/Desktop/VGGFace2_ArcFace_Project/data/aligned/train/n007138/0214_03.jpg,/mnt/c/Users/ansar/Desktop/VGGFace2_ArcFace_Project/data/aligned/train/n005530/0189_02.jpg,-0.0663378909230232,0.23862273646877147,-0.08425326391606194,0.32287600038483344,0.16143800019241672
random_impostor,/mnt/c/Users/ansar/Desktop/VGGFace2_ArcFace_Project/data/aligned/train/n007222/0152_03.jpg,/mnt/c/Users/ansar/Desktop/VGGFace2_ArcFace_Project/data/aligned/train/n006578/0368_01.jpg,0.1362454444169998,-0.3190589114276795,0.5663010879680879,0.8853599993957674,0.4426799996978837
random_impostor,/mnt/c/Users/ansar/Desktop/VGGFace2_ArcFace_Project/data/aligned/train/n006712/0102_01.jpg,/mnt/c/Users/ansar/Desktop/VGGFace2_ArcFace_Project/data/aligned/train/n002672/0311_01.jpg,0.014488186687231,-0.04950980444404553,-0.07918732141446978,0.029677516970424256,0.06434856292925765
random_impostor,/mnt/c/Users/ansar/Desktop/VGGFace2_ArcFace_Project/data/aligned/train/n001844/0175_01.jpg,/mnt/c/Users/ansar/Desktop/VGGFace2_ArcFace_Project/data/aligned/train/n009233/0162_02.jpg,0.0140404729172587,0.033365935307411394,-0.23753432753327325,0.27090026284068464,0.13545013142034232
random_impostor,/mnt/c/Users/ansar/Desktop/VGGFace2_ArcFace_Project/data/aligned/train/n006774/0196_01.jpg,/mnt/c/Users/ansar/Desktop/VGGFace2_ArcFace_Project/data/aligned/train/n001346/0062_01.jpg,0.0823441743850708,-0.1498417184620796,-0.09259128733947575,0.05725043112260386,0.12121650290077768
random_impostor,/mnt/c/Users/ansar/Desktop/VGGFace2_ArcFace_Project/data/aligned/train/n005069/0156_01.jpg,/mnt/c/Users/ansar/Desktop/VGGFace2_ArcFace_Project/data/aligned/train/n007860/0099_01.jpg,0.0280106347054243,-0.3162215004212094,-0.14196690571745713,0.17425459470375226,0.22909420306933326
random_impostor,/mnt/c/Users/ansar/Desktop/VGGFace2_ArcFace_Project/data/aligned/train/n005958/0163_01.jpg,/mnt/c/Users/ansar/Desktop/VGGFace2_ArcFace_Project/data/aligned/train/n004277/0182_01.jpg,0.1519005745649337,0.19110951104593182,0.3754716222394016,0.1843621111934698,0.2832905666426667
random_impostor,/mnt/c/Users/ansar/Desktop/VGGFace2_ArcFace_Project/data/aligned/train/n004562/0228_02.jpg,/mnt/c/Users/ansar/Desktop/VGGFace2_ArcFace_Project/data/aligned/train/n003427/0151_01.jpg,0.6900041103363037,0.0423496508566426,-0.13553838596654777,0.17788803682319038,0.08894401841159519
random_impostor,/mnt/c/Users/ansar/Desktop/VGGFace2_ArcFace_Project/data/aligned/train/n001232/0229_01.jpg,/mnt/c/Users/ansar/Desktop/VGGFace2_ArcFace_Project/data/aligned/train/n004722/0161_01.jpg,0.1905757635831833,-0.9969710085849123,0.2024834878383007,1.199454496423213,0.5997272482116065
random_impostor,/mnt/c/Users/ansar/Desktop/VGGFace2_ArcFace_Project/data/aligned/train/n000988/0057_01.jpg,/mnt/c/Users/ansar/Desktop/VGGFace2_ArcFace_Project/data/aligned/train/n002543/0172_01.jpg,-0.0105618070811033,-0.1751541242786667,0.2579792837790211,0.43313340805768774,0.21656670402884387
random_impostor,/mnt/c/Users/ansar/Desktop/VGGFace2_ArcFace_Project/data/aligned/train/n005970/0022_01.jpg,/mnt/c/Users/ansar/Desktop/VGGFace2_ArcFace_Project/data/aligned/train/n008746/0627_01.jpg,0.0967188850045204,-0.06026665076373446,0.17127568432243093,0.2315423350861654,0.1157711675430827
random_impostor,/mnt/c/Users/ansar/Desktop/VGGFace2_ArcFace_Project/data/aligned/train/n008297/0310_01.jpg,/mnt/c/Users/ansar/Desktop/VGGFace2_ArcFace_Project/data/aligned/train/n007935/0187_01.jpg,0.0331822782754898,0.19265490560486953,0.286490533321729,0.0938356277168595,0.23957271946329928
random_impostor,/mnt/c/Users/ansar/Desktop/VGGFace2_ArcFace_Project/data/aligned/train/n005335/0328_01.jpg,/mnt/c/Users/ansar/Desktop/VGGFace2_ArcFace_Project/data/aligned/train/n001804/0024_01.jpg,0.117165483534336,-0.5539395087862781,-0.07454989261548225,0.4793896161707958,0.3142447007008802
random_impostor,/mnt/c/Users/ansar/Desktop/VGGFace2_ArcFace_Project/data/aligned/train/n008990/0055_01.jpg,/mnt/c/Users/ansar/Desktop/VGGFace2_ArcFace_Project/data/aligned/train/n002572/0210_01.jpg,0.0183205809444189,-0.27579329150695575,-0.03677306828688911,0.23902022322006664,0.15628317989692242
random_impostor,/mnt/c/Users/ansar/Desktop/VGGFace2_ArcFace_Project/data/aligned/train/n003821/0248_01.jpg,/mnt/c/Users/ansar/Desktop/VGGFace2_ArcFace_Project/data/aligned/train/n006842/0079_01.jpg,0.249475359916687,0.1590239546426719,0.07587920082943635,0.08314475381323556,0.11745157773605414
random_impostor,/mnt/c/Users/ansar/Desktop/VGGFace2_ArcFace_Project/data/aligned/train/n000546/0070_02.jpg,/mnt/c/Users/ansar/Desktop/VGGFace2_ArcFace_Project/data/aligned/train/n005410/0383_01.jpg,-0.0886448249220848,-0.1546281169306966,-0.23445754350566914,0.07982942657497252,0.19454283021818286
random_impostor,/mnt/c/Users/ansar/Desktop/VGGFace2_ArcFace_Project/data/aligned/train/n008453/0083_01.jpg,/mnt/c/Users/ansar/Desktop/VGGFace2_ArcFace_Project/data/aligned/train/n000144/0213_02.jpg,-0.0587134473025798,0.28848409793922886,0.026003940026476966,0.26248015791275187,0.15724401898285292
random_impostor,/mnt/c/Users/ansar/Desktop/VGGFace2_ArcFace_Project/data/aligned/train/n004293/0202_01.jpg,/mnt/c/Users/ansar/Desktop/VGGFace2_ArcFace_Project/data/aligned/train/n004517/0034_01.jpg,-0.0422973446547985,-0.25953331012530145,-0.00631507021166359,0.25321823991363784,0.13292419016848253
random_impostor,/mnt/c/Users/ansar/Desktop/VGGFace2_ArcFace_Project/data/aligned/train/n001124/0099_05.jpg,/mnt/c/Users/ansar/Desktop/VGGFace2_ArcFace_Project/data/aligned/train/n005924/0193_01.jpg,0.102358840405941,0.19788359748482293,-0.6019124978753787,0.7997960953602017,0.39989804768010084
random_impostor,/mnt/c/Users/ansar/Desktop/VGGFace2_ArcFace_Project/data/aligned/train/n008545/0048_01.jpg,/mnt/c/Users/ansar/Desktop/VGGFace2_ArcFace_Project/data/aligned/train/n005132/0363_01.jpg,0.1281830370426178,-0.04915849545471695,0.020185116830734727,0.06934361228545168,0.03467180614272584
random_impostor,/mnt/c/Users/ansar/Desktop/VGGFace2_ArcFace_Project/data/aligned/train/n003034/0098_03.jpg,/mnt/c/Users/ansar/Desktop/VGGFace2_ArcFace_Project/data/aligned/train/n005497/0405_01.jpg,0.1627567857503891,0.047417957881509626,-0.8935175931309857,0.9409355510124953,0.47046777550624763
random_impostor,/mnt/c/Users/ansar/Desktop/VGGFace2_ArcFace_Project/data/aligned/train/n004105/0014_01.jpg,/mnt/c/Users/ansar/Desktop/VGGFace2_ArcFace_Project/data/aligned/train/n005917/0106_01.jpg,-0.0155390491709113,-0.15273811079223332,0.012540724845141092,0.16527883563737442,0.08263941781868721
random_impostor,/mnt/c/Users/ansar/Desktop/VGGFace2_ArcFace_Project/data/aligned/train/n002133/0554_01.jpg,/mnt/c/Users/ansar/Desktop/VGGFace2_ArcFace_Project/data/aligned/train/n001581/0140_01.jpg,0.2542327344417572,-0.02845398607568238,-0.27988574252212167,0.2514317564464393,0.15416986429890203
random_impostor,/mnt/c/Users/ansar/Desktop/VGGFace2_ArcFace_Project/data/aligned/train/n001991/0310_01.jpg,/mnt/c/Users/ansar/Desktop/VGGFace2_ArcFace_Project/data/aligned/train/n005450/0159_02.jpg,-0.0061217616312205,0.011856775080983902,0.9295238037650604,0.9176670286840765,0.47069028942302216
random_impostor,/mnt/c/Users/ansar/Desktop/VGGFace2_ArcFace_Project/data/aligned/train/n002094/0394_01.jpg,/mnt/c/Users/ansar/Desktop/VGGFace2_ArcFace_Project/data/aligned/train/n004226/0335_01.jpg,0.0696034058928489,-0.27902296066765,-0.47689889317034917,0.1978759325026992,0.3779609269189996
random_impostor,/mnt/c/Users/ansar/Desktop/VGGFace2_ArcFace_Project/data/aligned/train/n006780/0430_04.jpg,/mnt/c/Users/ansar/Desktop/VGGFace2_ArcFace_Project/data/aligned/train/n007575/0360_01.jpg,0.1920375525951385,-0.08011089590632227,0.07495636495447551,0.15506726086079778,0.07753363043039889
random_impostor,/mnt/c/Users/ansar/Desktop/VGGFace2_ArcFace_Project/data/aligned/train/n007946/0430_01.jpg,/mnt/c/Users/ansar/Desktop/VGGFace2_ArcFace_Project/data/aligned/train/n005806/0330_01.jpg,0.0170824527740478,0.21870690877111673,0.6259583967085088,0.4072514879373921,0.4223326527398128
random_impostor,/mnt/c/Users/ansar/Desktop/VGGFace2_ArcFace_Project/data/aligned/train/n007848/0323_01.jpg,/mnt/c/Users/ansar/Desktop/VGGFace2_ArcFace_Project/data/aligned/train/n003099/0160_01.jpg,0.1184057071805,-0.21759146984889527,0.0851997499623295,0.30279121981122475,0.15139560990561238
random_impostor,/mnt/c/Users/ansar/Desktop/VGGFace2_ArcFace_Project/data/aligned/train/n008908/0096_01.jpg,/mnt/c/Users/ansar/Desktop/VGGFace2_ArcFace_Project/data/aligned/train/n007283/0257_01.jpg,0.0477936752140522,0.8765465349604401,0.060378167880260264,0.8161683670801798,0.4684623514203502
random_impostor,/mnt/c/Users/ansar/Desktop/VGGFace2_ArcFace_Project/data/aligned/train/n000701/0038_02.jpg,/mnt/c/Users/ansar/Desktop/VGGFace2_ArcFace_Project/data/aligned/train/n000539/0341_01.jpg,0.0002251307741971,-0.13876195443138,0.27036948718707937,0.4091314416184594,0.2045657208092297
random_impostor,/mnt/c/Users/ansar/Desktop/VGGFace2_ArcFace_Project/data/aligned/train/n008016/0057_01.jpg,/mnt/c/Users/ansar/Desktop/VGGFace2_ArcFace_Project/data/aligned/train/n007113/0024_01.jpg,0.2380664497613906,0.010235725877823437,0.17692096660185833,0.1666852407240349,0.09357834623984088
random_impostor,/mnt/c/Users/ansar/Desktop/VGGFace2_ArcFace_Project/data/aligned/train/n005608/0105_01.jpg,/mnt/c/Users/ansar/Desktop/VGGFace2_ArcFace_Project/data/aligned/train/n002460/0016_01.jpg,0.1385738104581833,0.040597456674866514,0.025473564854600336,0.015123891820266178,0.033035510764733426
random_impostor,/mnt/c/Users/ansar/Desktop/VGGFace2_ArcFace_Project/data/aligned/train/n005040/0130_01.jpg,/mnt/c/Users/ansar/Desktop/VGGFace2_ArcFace_Project/data/aligned/train/n005199/0133_01.jpg,-0.0065927268005907,0.09572089761459009,-0.37321496726193115,0.4689358648765212,0.2344679324382606
random_impostor,/mnt/c/Users/ansar/Desktop/VGGFace2_ArcFace_Project/data/aligned/train/n003294/0475_01.jpg,/mnt/c/Users/ansar/Desktop/VGGFace2_ArcFace_Project/data/aligned/train/n004022/0189_03.jpg,0.1010703518986702,0.14161671787728494,-0.1301108956334064,0.2717276135106913,0.13586380675534565
random_impostor,/mnt/c/Users/ansar/Desktop/VGGFace2_ArcFace_Project/data/aligned/train/n003839/0457_01.jpg,/mnt/c/Users/ansar/Desktop/VGGFace2_ArcFace_Project/data/aligned/train/n003351/0315_01.jpg,0.0839318484067916,0.3425996680179153,0.05598748530869433,0.28661218270922095,0.19929357666330483
random_impostor,/mnt/c/Users/ansar/Desktop/VGGFace2_ArcFace_Project/data/aligned/train/n001473/0216_01.jpg,/mnt/c/Users/ansar/Desktop/VGGFace2_ArcFace_Project/data/aligned/train/n004717/0394_01.jpg,0.1083593219518661,-0.2197936000410781,0.22756278356971796,0.44735638361079605,0.22367819180539802
random_impostor,/mnt/c/Users/ansar/Desktop/VGGFace2_ArcFace_Project/data/aligned/train/n007622/0332_01.jpg,/mnt/c/Users/ansar/Desktop/VGGFace2_ArcFace_Project/data/aligned/train/n008397/0042_03.jpg,0.0224635414779186,0.04129998453345366,-0.046402684995162556,0.08770266952861622,0.04385133476430811
random_impostor,/mnt/c/Users/ansar/Desktop/VGGFace2_ArcFace_Project/data/aligned/train/n002418/0021_02.jpg,/mnt/c/Users/ansar/Desktop/VGGFace2_ArcFace_Project/data/aligned/train/n005562/0177_01.jpg,0.0611630231142044,-0.3900286531753302,0.11658865112205119,0.5066173042973814,0.2533086521486907
random_impostor,/mnt/c/Users/ansar/Desktop/VGGFace2_ArcFace_Project/data/aligned/train/n006540/0058_01.jpg,/mnt/c/Users/ansar/Desktop/VGGFace2_ArcFace_Project/data/aligned/train/n000450/0176_01.jpg,0.2505943775177002,0.0806815740115364,-0.16429292370609722,0.24497449771763363,0.12248724885881682
random_impostor,/mnt/c/Users/ansar/Desktop/VGGFace2_ArcFace_Project/data/aligned/train/n000436/0721_01.jpg,/mnt/c/Users/ansar/Desktop/VGGFace2_ArcFace_Project/data/aligned/train/n000924/0534_02.jpg,0.0222884137183427,0.481798474628521,0.013322346885510657,0.46847612774301034,0.24756041075701582
random_impostor,/mnt/c/Users/ansar/Desktop/VGGFace2_ArcFace_Project/data/aligned/train/n008415/0492_01.jpg,/mnt/c/Users/ansar/Desktop/VGGFace2_ArcFace_Project/data/aligned/train/n008482/0159_04.jpg,-0.0340664535760879,-0.48154734511271746,0.017627841576660322,0.49917518668937777,0.24958759334468889
random_impostor,/mnt/c/Users/ansar/Desktop/VGGFace2_ArcFace_Project/data/aligned/train/n000317/0123_01.jpg,/mnt/c/Users/ansar/Desktop/VGGFace2_ArcFace_Project/data/aligned/train/n007736/0441_01.jpg,0.0923926383256912,-0.02042620703819245,-0.4514344556472305,0.4310082486090381,0.23593033134271146
random_impostor,/mnt/c/Users/ansar/Desktop/VGGFace2_ArcFace_Project/data/aligned/train/n008386/0035_01.jpg,/mnt/c/Users/ansar/Desktop/VGGFace2_ArcFace_Project/data/aligned/train/n004451/0197_04.jpg,0.0358782671391963,0.04139167620628052,-0.09445790659898536,0.13584958280526588,0.06792479140263294
random_impostor,/mnt/c/Users/ansar/Desktop/VGGFace2_ArcFace_Project/data/aligned/train/n005520/0489_01.jpg,/mnt/c/Users/ansar/Desktop/VGGFace2_ArcFace_Project/data/aligned/train/n007303/0226_01.jpg,0.2525750994682312,-0.14327291893224986,-0.03917393163502999,0.10409898729721986,0.09122342528363993
random_impostor,/mnt/c/Users/ansar/Desktop/VGGFace2_ArcFace_Project/data/aligned/train/n007550/0174_01.jpg,/mnt/c/Users/ansar/Desktop/VGGFace2_ArcFace_Project/data/aligned/train/n005405/0395_01.jpg,0.0929214805364608,0.5582758134860613,0.04824374726656434,0.5100320662194969,0.3032597803763128
random_impostor,/mnt/c/Users/ansar/Desktop/VGGFace2_ArcFace_Project/data/aligned/train/n000822/0101_01.jpg,/mnt/c/Users/ansar/Desktop/VGGFace2_ArcFace_Project/data/aligned/train/n009053/0335_01.jpg,0.0015419323462992,0.15914210772290022,-0.24165232303571887,0.4007944307586191,0.20039721537930955
random_impostor,/mnt/c/Users/ansar/Desktop/VGGFace2_ArcFace_Project/data/aligned/train/n008254/0237_02.jpg,/mnt/c/Users/ansar/Desktop/VGGFace2_ArcFace_Project/data/aligned/train/n003332/0090_01.jpg,0.969086766242981,0.62430407639646,0.2568257175093707,0.3674783588870893,0.44056489695291534
random_impostor,/mnt/c/Users/ansar/Desktop/VGGFace2_ArcFace_Project/data/aligned/train/n004616/0116_01.jpg,/mnt/c/Users/ansar/Desktop/VGGFace2_ArcFace_Project/data/aligned/train/n004889/0191_02.jpg,0.1847398579120636,-0.11715669665442062,-0.015356998494010522,0.1017996981604101,0.06625684757421557
random_impostor,/mnt/c/Users/ansar/Desktop/VGGFace2_ArcFace_Project/data/aligned/train/n001779/0401_01.jpg,/mnt/c/Users/ansar/Desktop/VGGFace2_ArcFace_Project/data/aligned/train/n002672/0076_01.jpg,0.0491627939045429,0.12910371795589276,-0.02965390485605168,0.15875762281194444,0.07937881140597222
random_impostor,/mnt/c/Users/ansar/Desktop/VGGFace2_ArcFace_Project/data/aligned/train/n000407/0257_01.jpg,/mnt/c/Users/ansar/Desktop/VGGFace2_ArcFace_Project/data/aligned/train/n002990/0045_04.jpg,0.1322371512651443,0.7682782945082636,-0.03677335673385936,0.805051651242123,0.4025258256210615
random_impostor,/mnt/c/Users/ansar/Desktop/VGGFace2_ArcFace_Project/data/aligned/train/n003779/0123_01.jpg,/mnt/c/Users/ansar/Desktop/VGGFace2_ArcFace_Project/data/aligned/train/n003045/0160_04.jpg,0.1211088150739669,0.16006338586705324,0.020417090006185936,0.1396462958608673,0.09024023793661959
random_impostor,/mnt/c/Users/ansar/Desktop/VGGFace2_ArcFace_Project/data/aligned/train/n005905/0172_01.jpg,/mnt/c/Users/ansar/Desktop/VGGFace2_ArcFace_Project/data/aligned/train/n003315/0345_01.jpg,0.096935860812664,-0.007067078794117718,-0.0574296505257306,0.050362571731612876,0.03224836465992416
random_impostor,/mnt/c/Users/ansar/Desktop/VGGFace2_ArcFace_Project/data/aligned/train/n007935/0103_01.jpg,/mnt/c/Users/ansar/Desktop/VGGFace2_ArcFace_Project/data/aligned/train/n002733/0179_02.jpg,0.0617671459913253,0.07510422133379047,0.13099819258463122,0.05589397125084075,0.10305120695921084
random_impostor,/mnt/c/Users/ansar/Desktop/VGGFace2_ArcFace_Project/data/aligned/train/n007161/0336_01.jpg,/mnt/c/Users/ansar/Desktop/VGGFace2_ArcFace_Project/data/aligned/train/n007163/0221_01.jpg,0.0177705138921737,0.05340886918971449,0.40424497143008986,0.35083610224037537,0.22882692030990218
random_impostor,/mnt/c/Users/ansar/Desktop/VGGFace2_ArcFace_Project/data/aligned/train/n006322/0078_01.jpg,/mnt/c/Users/ansar/Desktop/VGGFace2_ArcFace_Project/data/aligned/train/n000423/0200_01.jpg,-0.0459445901215076,0.07658153683306261,0.013970607150908707,0.0626109296821539,0.04527607199198566
random_impostor,/mnt/c/Users/ansar/Desktop/VGGFace2_ArcFace_Project/data/aligned/train/n005850/0214_01.jpg,/mnt/c/Users/ansar/Desktop/VGGFace2_ArcFace_Project/data/aligned/train/n005775/0209_01.jpg,0.1257834583520889,-0.15900240851414466,-0.033547180186846506,0.12545522832729816,0.09627479435049557
random_impostor,/mnt/c/Users/ansar/Desktop/VGGFace2_ArcFace_Project/data/aligned/train/n008903/0309_01.jpg,/mnt/c/Users/ansar/Desktop/VGGFace2_ArcFace_Project/data/aligned/train/n000206/0234_02.jpg,0.0775152817368507,-0.05479137044544126,-0.23440729888611378,0.17961592844067253,0.1445993346657775
random_impostor,/mnt/c/Users/ansar/Desktop/VGGFace2_ArcFace_Project/data/aligned/train/n007485/0008_01.jpg,/mnt/c/Users/ansar/Desktop/VGGFace2_ArcFace_Project/data/aligned/train/n004340/0114_01.jpg,0.049841970205307,-0.034383919867817865,-0.26290785860956334,0.22852393874174548,0.1486458892386906
random_impostor,/mnt/c/Users/ansar/Desktop/VGGFace2_ArcFace_Project/data/aligned/train/n001954/0380_01.jpg,/mnt/c/Users/ansar/Desktop/VGGFace2_ArcFace_Project/data/aligned/train/n001450/0012_01.jpg,-0.0388915948569774,-0.5659629278079783,-0.11016486964968568,0.4557980581582926,0.33806389872883197
random_impostor,/mnt/c/Users/ansar/Desktop/VGGFace2_ArcFace_Project/data/aligned/train/n002465/0223_02.jpg,/mnt/c/Users/ansar/Desktop/VGGFace2_ArcFace_Project/data/aligned/train/n005797/0137_02.jpg,0.1416231095790863,-0.4196138061680949,-0.1095225663868796,0.31009123978121533,0.26456818627748724
random_impostor,/mnt/c/Users/ansar/Desktop/VGGFace2_ArcFace_Project/data/aligned/train/n001006/0216_01.jpg,/mnt/c/Users/ansar/Desktop/VGGFace2_ArcFace_Project/data/aligned/train/n005018/0136_01.jpg,0.0874704718589782,0.02073475898243397,0.03288307102210549,0.012148312039671521,0.02680891500226973
random_impostor,/mnt/c/Users/ansar/Desktop/VGGFace2_ArcFace_Project/data/aligned/train/n001120/0221_01.jpg,/mnt/c/Users/ansar/Desktop/VGGFace2_ArcFace_Project/data/aligned/train/n004697/0008_01.jpg,0.102184846997261,-0.12284789876604325,-0.145533553822751,0.022685655056707735,0.13419072629439713
random_impostor,/mnt/c/Users/ansar/Desktop/VGGFace2_ArcFace_Project/data/aligned/train/n005410/0220_01.jpg,/mnt/c/Users/ansar/Desktop/VGGFace2_ArcFace_Project/data/aligned/train/n006470/0066_01.jpg,0.0708547905087471,-0.01852401633300276,0.1372424256560825,0.15576644198908526,0.07788322099454263
random_impostor,/mnt/c/Users/ansar/Desktop/VGGFace2_ArcFace_Project/data/aligned/train/n008085/0210_01.jpg,/mnt/c/Users/ansar/Desktop/VGGFace2_ArcFace_Project/data/aligned/train/n002367/0536_01.jpg,0.1901725083589553,-0.003026823401035023,0.2223317172426139,0.22535854064364894,0.11267927032182447
random_impostor,/mnt/c/Users/ansar/Desktop/VGGFace2_ArcFace_Project/data/aligned/train/n007743/0145_01.jpg,/mnt/c/Users/ansar/Desktop/VGGFace2_ArcFace_Project/data/aligned/train/n009146/0089_01.jpg,-0.0301274452358484,0.3311882560921451,0.001102014492949019,0.3300862415991961,0.16614513529254704
random_impostor,/mnt/c/Users/ansar/Desktop/VGGFace2_ArcFace_Project/data/aligned/train/n001047/0124_04.jpg,/mnt/c/Users/ansar/Desktop/VGGFace2_ArcFace_Project/data/aligned/train/n002426/0466_01.jpg,0.0688719451427459,0.06525902140871653,-0.09718337329289706,0.1624423947016136,0.0812211973508068
random_impostor,/mnt/c/Users/ansar/Desktop/VGGFace2_ArcFace_Project/data/aligned/train/n006303/0054_01.jpg,/mnt/c/Users/ansar/Desktop/VGGFace2_ArcFace_Project/data/aligned/train/n009243/0197_01.jpg,0.1091228127479553,-0.08793628801031554,0.09010051179801686,0.1780367998083324,0.0890183999041662
random_impostor,/mnt/c/Users/ansar/Desktop/VGGFace2_ArcFace_Project/data/aligned/train/n008302/0480_10.jpg,/mnt/c/Users/ansar/Desktop/VGGFace2_ArcFace_Project/data/aligned/train/n000080/0246_01.jpg,0.0953190773725509,-0.1380879702434372,0.02645042100674318,0.16453839125018038,0.08226919562509019
random_impostor,/mnt/c/Users/ansar/Desktop/VGGFace2_ArcFace_Project/data/aligned/train/n008545/0650_01.jpg,/mnt/c/Users/ansar/Desktop/VGGFace2_ArcFace_Project/data/aligned/train/n003732/0266_02.jpg,0.1237792819738388,-0.01560672766290298,-0.001548707298937646,0.014058020363965334,0.008577717480920313
random_impostor,/mnt/c/Users/ansar/Desktop/VGGFace2_ArcFace_Project/data/aligned/train/n008296/0606_02.jpg,/mnt/c/Users/ansar/Desktop/VGGFace2_ArcFace_Project/data/aligned/train/n002697/0049_01.jpg,0.0006903504254296,-0.08641446179855185,-0.02573612581345088,0.060678335985100966,0.05607529380600136
random_impostor,/mnt/c/Users/ansar/Desktop/VGGFace2_ArcFace_Project/data/aligned/train/n005713/0277_01.jpg,/mnt/c/Users/ansar/Desktop/VGGFace2_ArcFace_Project/data/aligned/train/n004311/0048_01.jpg,0.1645013689994812,-0.17890574363646036,-0.04742464612653584,0.13148109750992454,0.1131651948814981
random_impostor,/mnt/c/Users/ansar/Desktop/VGGFace2_ArcFace_Project/data/aligned/train/n003440/0125_03.jpg,/mnt/c/Users/ansar/Desktop/VGGFace2_ArcFace_Project/data/aligned/train/n005942/0239_02.jpg,0.0933519527316093,0.12093563187415993,-0.12122388130451277,0.24215951317867268,0.12107975658933634
random_impostor,/mnt/c/Users/ansar/Desktop/VGGFace2_ArcFace_Project/data/aligned/train/n006028/0104_02.jpg,/mnt/c/Users/ansar/Desktop/VGGFace2_ArcFace_Project/data/aligned/train/n004825/0212_01.jpg,0.1826674938201904,0.18594660208915423,-0.07716645842809955,0.2631130605172538,0.1315565302586269
random_impostor,/mnt/c/Users/ansar/Desktop/VGGFace2_ArcFace_Project/data/aligned/train/n002845/0058_02.jpg,/mnt/c/Users/ansar/Desktop/VGGFace2_ArcFace_Project/data/aligned/train/n005394/0335_01.jpg,0.2160134017467498,0.1435922803214422,0.6363601324627065,0.4927678521412643,0.38997620639207436
random_impostor,/mnt/c/Users/ansar/Desktop/VGGFace2_ArcFace_Project/data/aligned/train/n001194/0171_01.jpg,/mnt/c/Users/ansar/Desktop/VGGFace2_ArcFace_Project/data/aligned/train/n001551/0096_01.jpg,-0.001408529933542,0.2817772830045146,-0.0022762442122422487,0.28405352721675686,0.14202676360837843
random_impostor,/mnt/c/Users/ansar/Desktop/VGGFace2_ArcFace_Project/data/aligned/train/n004250/0084_04.jpg,/mnt/c/Users/ansar/Desktop/VGGFace2_ArcFace_Project/data/aligned/train/n005966/0170_01.jpg,0.029785381630063,0.2155460986193879,-0.23618542911892126,0.45173152773830916,0.22586576386915458
random_impostor,/mnt/c/Users/ansar/Desktop/VGGFace2_ArcFace_Project/data/aligned/train/n001491/0184_01.jpg,/mnt/c/Users/ansar/Desktop/VGGFace2_ArcFace_Project/data/aligned/train/n006035/0481_01.jpg,0.0246929489076137,0.09659487581114243,0.21136890095162467,0.11477402514048224,0.15398188838138355
random_impostor,/mnt/c/Users/ansar/Desktop/VGGFace2_ArcFace_Project/data/aligned/train/n007962/0134_01.jpg,/mnt/c/Users/ansar/Desktop/VGGFace2_ArcFace_Project/data/aligned/train/n008783/0172_01.jpg,0.0740517973899841,-0.16348808112782937,0.24800041602252268,0.4114884971503521,0.20574424857517604
random_impostor,/mnt/c/Users/ansar/Desktop/VGGFace2_ArcFace_Project/data/aligned/train/n005896/0040_01.jpg,/mnt/c/Users/ansar/Desktop/VGGFace2_ArcFace_Project/data/aligned/train/n009275/0381_01.jpg,0.2094882577657699,-0.1359518593351532,0.06848944573496644,0.20444130507011965,0.10222065253505982
random_impostor,/mnt/c/Users/ansar/Desktop/VGGFace2_ArcFace_Project/data/aligned/train/n007891/0253_01.jpg,/mnt/c/Users/ansar/Desktop/VGGFace2_ArcFace_Project/data/aligned/train/n006795/0105_02.jpg,0.1497826129198074,-0.040288173606933216,0.02490228363016924,0.06519045723710246,0.03259522861855123
random_impostor,/mnt/c/Users/ansar/Desktop/VGGFace2_ArcFace_Project/data/aligned/train/n003197/0203_01.jpg,/mnt/c/Users/ansar/Desktop/VGGFace2_ArcFace_Project/data/aligned/train/n008612/0154_02.jpg,0.2608938813209533,-0.049682952128699324,0.08545311055658494,0.13513606268528428,0.06756803134264214
random_impostor,/mnt/c/Users/ansar/Desktop/VGGFace2_ArcFace_Project/data/aligned/train/n001937/0012_02.jpg,/mnt/c/Users/ansar/Desktop/VGGFace2_ArcFace_Project/data/aligned/train/n000959/0444_01.jpg,0.052159484475851,-0.05786064427683055,2.251166623823226,2.3090272681000563,1.1545136340500282
random_impostor,/mnt/c/Users/ansar/Desktop/VGGFace2_ArcFace_Project/data/aligned/train/n006636/0052_01.jpg,/mnt/c/Users/ansar/Desktop/VGGFace2_ArcFace_Project/data/aligned/train/n006584/0208_09.jpg,0.0467845425009727,0.15954133825040873,-0.013583573545594755,0.17312491179600348,0.08656245589800174
random_impostor,/mnt/c/Users/ansar/Desktop/VGGFace2_ArcFace_Project/data/aligned/train/n001157/0462_01.jpg,/mnt/c/Users/ansar/Desktop/VGGFace2_ArcFace_Project/data/aligned/train/n004460/0118_01.jpg,-0.0267056003212928,0.5433800552970709,0.755249834140603,0.21186977884353209,0.6493149447188369
random_impostor,/mnt/c/Users/ansar/Desktop/VGGFace2_ArcFace_Project/data/aligned/train/n007783/0352_01.jpg,/mnt/c/Users/ansar/Desktop/VGGFace2_ArcFace_Project/data/aligned/train/n008485/0141_01.jpg,0.2045538276433944,0.09322750805150415,0.19156948190459577,0.09834197385309162,0.14239849497804996
random_impostor,/mnt/c/Users/ansar/Desktop/VGGFace2_ArcFace_Project/data/aligned/train/n004705/0043_01.jpg,/mnt/c/Users/ansar/Desktop/VGGFace2_ArcFace_Project/data/aligned/train/n003698/0150_02.jpg,0.124573215842247,0.27467211620767557,1.0517085250181397,0.7770364088104642,0.6631903206129076
random_impostor,/mnt/c/Users/ansar/Desktop/VGGFace2_ArcFace_Project/data/aligned/train/n006407/0209_01.jpg,/mnt/c/Users/ansar/Desktop/VGGFace2_ArcFace_Project/data/aligned/train/n005861/0311_01.jpg,0.0271162781864404,0.00985990148130705,0.06286269192355692,0.05300279044224987,0.03636129670243199
random_impostor,/mnt/c/Users/ansar/Desktop/VGGFace2_ArcFace_Project/data/aligned/train/n007072/0156_02.jpg,/mnt/c/Users/ansar/Desktop/VGGFace2_ArcFace_Project/data/aligned/train/n005406/0029_01.jpg,0.0621105916798114,0.6922716398415201,-0.5002307689321511,1.192502408773671,0.5962512043868355
random_impostor,/mnt/c/Users/ansar/Desktop/VGGFace2_ArcFace_Project/data/aligned/train/n008255/0117_01.jpg,/mnt/c/Users/ansar/Desktop/VGGFace2_ArcFace_Project/data/aligned/train/n003046/0022_01.jpg,0.0463600233197212,-0.245722212706489,0.017579424137392066,0.2633016368438811,0.13165081842194054
random_impostor,/mnt/c/Users/ansar/Desktop/VGGFace2_ArcFace_Project/data/aligned/train/n000304/0054_02.jpg,/mnt/c/Users/ansar/Desktop/VGGFace2_ArcFace_Project/data/aligned/train/n008261/0385_01.jpg,0.2509331703186035,-0.10592008236628649,-1.1701882153167076,1.064268132950421,0.638054148841497
random_impostor,/mnt/c/Users/ansar/Desktop/VGGFace2_ArcFace_Project/data/aligned/train/n007374/0055_01.jpg,/mnt/c/Users/ansar/Desktop/VGGFace2_ArcFace_Project/data/aligned/train/n002548/0158_01.jpg,0.2060890793800354,-0.09729035514824115,-0.07361358187222043,0.02367677327602072,0.08545196851023079
random_impostor,/mnt/c/Users/ansar/Desktop/VGGFace2_ArcFace_Project/data/aligned/train/n003386/0205_04.jpg,/mnt/c/Users/ansar/Desktop/VGGFace2_ArcFace_Project/data/aligned/train/n001903/0312_01.jpg,0.0842344090342521,-0.038811809414311775,0.3162335077481127,0.3550453171624245,0.17752265858121224
random_impostor,/mnt/c/Users/ansar/Desktop/VGGFace2_ArcFace_Project/data/aligned/train/n002941/0108_03.jpg,/mnt/c/Users/ansar/Desktop/VGGFace2_ArcFace_Project/data/aligned/train/n002729/0052_01.jpg,0.0573969408869743,0.9354889942332691,-0.008357697628100636,0.9438466918613698,0.4719233459306849
random_impostor,/mnt/c/Users/ansar/Desktop/VGGFace2_ArcFace_Project/data/aligned/train/n005501/0315_02.jpg,/mnt/c/Users/ansar/Desktop/VGGFace2_ArcFace_Project/data/aligned/train/n006380/0109_01.jpg,-0.058773323893547,0.4346662158885014,0.33035158512343227,0.10431463076506914,0.38250890050596686
random_impostor,/mnt/c/Users/ansar/Desktop/VGGFace2_ArcFace_Project/data/aligned/train/n008370/0296_02.jpg,/mnt/c/Users/ansar/Desktop/VGGFace2_ArcFace_Project/data/aligned/train/n005041/0511_01.jpg,0.0241520330309867,0.2284434156631668,0.012665530385269472,0.21577788527789735,0.12055447302421814
random_impostor,/mnt/c/Users/ansar/Desktop/VGGFace2_ArcFace_Project/data/aligned/train/n000647/0311_01.jpg,/mnt/c/Users/ansar/Desktop/VGGFace2_ArcFace_Project/data/aligned/train/n002280/0382_04.jpg,0.2920074462890625,-0.03153210642587284,0.41804328260506696,0.4495753890309398,0.2247876945154699
random_impostor,/mnt/c/Users/ansar/Desktop/VGGFace2_ArcFace_Project/data/aligned/train/n007273/0617_01.jpg,/mnt/c/Users/ansar/Desktop/VGGFace2_ArcFace_Project/data/aligned/train/n007936/0007_01.jpg,0.2880311012268066,-0.00838081134789343,0.22999689277956553,0.23837770412745896,0.11918885206372948
random_impostor,/mnt/c/Users/ansar/Desktop/VGGFace2_ArcFace_Project/data/aligned/train/n006009/0215_01.jpg,/mnt/c/Users/ansar/Desktop/VGGFace2_ArcFace_Project/data/aligned/train/n002403/0171_01.jpg,0.1291639804840088,-0.0924509232811621,-0.19688393291268005,0.10443300963151796,0.14466742809692107
random_impostor,/mnt/c/Users/ansar/Desktop/VGGFace2_ArcFace_Project/data/aligned/train/n001829/0154_01.jpg,/mnt/c/Users/ansar/Desktop/VGGFace2_ArcFace_Project/data/aligned/train/n009201/0501_01.jpg,0.1816102862358093,-0.2640796806919847,0.17457047814780463,0.4386501588397893,0.21932507941989465
random_impostor,/mnt/c/Users/ansar/Desktop/VGGFace2_ArcFace_Project/data/aligned/train/n007329/0069_01.jpg,/mnt/c/Users/ansar/Desktop/VGGFace2_ArcFace_Project/data/aligned/train/n001350/0162_01.jpg,-0.0188902411609888,0.1249176077755638,-0.06595361599377994,0.19087122376934373,0.09543561188467187
random_impostor,/mnt/c/Users/ansar/Desktop/VGGFace2_ArcFace_Project/data/aligned/train/n002287/0208_01.jpg,/mnt/c/Users/ansar/Desktop/VGGFace2_ArcFace_Project/data/aligned/train/n008197/0120_01.jpg,0.0649948194622993,0.11935852201509808,-0.08454995574812497,0.20390847776322307,0.10195423888161154
random_impostor,/mnt/c/Users/ansar/Desktop/VGGFace2_ArcFace_Project/data/aligned/train/n005782/0067_01.jpg,/mnt/c/Users/ansar/Desktop/VGGFace2_ArcFace_Project/data/aligned/train/n001880/0193_01.jpg,-0.0499746352434158,-0.03932515958189086,-0.3737187868576084,0.33439362727571753,0.20652197321974963
random_impostor,/mnt/c/Users/ansar/Desktop/VGGFace2_ArcFace_Project/data/aligned/train/n003742/0211_01.jpg,/mnt/c/Users/ansar/Desktop/VGGFace2_ArcFace_Project/data/aligned/train/n001423/0365_02.jpg,0.0326670594513416,-0.26711951631750547,-0.11124269914072453,0.15587681717678092,0.189181107729115
random_impostor,/mnt/c/Users/ansar/Desktop/VGGFace2_ArcFace_Project/data/aligned/train/n002319/0379_01.jpg,/mnt/c/Users/ansar/Desktop/VGGFace2_ArcFace_Project/data/aligned/train/n006397/0077_01.jpg,-0.1053308397531509,0.605373325521361,0.1360285768764927,0.4693447486448683,0.3707009511989269
random_impostor,/mnt/c/Users/ansar/Desktop/VGGFace2_ArcFace_Project/data/aligned/train/n009093/0073_01.jpg,/mnt/c/Users/ansar/Desktop/VGGFace2_ArcFace_Project/data/aligned/train/n007283/0273_01.jpg,0.1235744282603263,-0.0506672813101941,-0.5694407461606037,0.5187734648504096,0.31005401373539887
random_impostor,/mnt/c/Users/ansar/Desktop/VGGFace2_ArcFace_Project/data/aligned/train/n002608/0171_01.jpg,/mnt/c/Users/ansar/Desktop/VGGFace2_ArcFace_Project/data/aligned/train/n001028/0623_01.jpg,0.1873327195644378,0.2415871005895593,0.027521502890685157,0.21406559769887412,0.13455430174012223
random_impostor,/mnt/c/Users/ansar/Desktop/VGGFace2_ArcFace_Project/data/aligned/train/n001908/0215_01.jpg,/mnt/c/Users/ansar/Desktop/VGGFace2_ArcFace_Project/data/aligned/train/n007595/0141_01.jpg,0.1564902365207672,-0.264620487451093,-0.01397669504514785,0.25064379240594514,0.13929859124812044
random_impostor,/mnt/c/Users/ansar/Desktop/VGGFace2_ArcFace_Project/data/aligned/train/n000314/0047_01.jpg,/mnt/c/Users/ansar/Desktop/VGGFace2_ArcFace_Project/data/aligned/train/n004294/0361_01.jpg,0.1207635924220085,0.20073858449353182,-0.5537675897338875,0.7545061742274193,0.37725308711370964
random_impostor,/mnt/c/Users/ansar/Desktop/VGGFace2_ArcFace_Project/data/aligned/train/n001224/0020_01.jpg,/mnt/c/Users/ansar/Desktop/VGGFace2_ArcFace_Project/data/aligned/train/n008403/0220_02.jpg,0.0354923121631145,0.009003426799597689,-0.07660596350899081,0.0856093903085885,0.04280469515429425
random_impostor,/mnt/c/Users/ansar/Desktop/VGGFace2_ArcFace_Project/data/aligned/train/n007298/0031_01.jpg,/mnt/c/Users/ansar/Desktop/VGGFace2_ArcFace_Project/data/aligned/train/n000755/0284_01.jpg,0.1169666722416877,0.016750659159099672,-0.09753047238494497,0.11428113154404465,0.057140565772022325
random_impostor,/mnt/c/Users/ansar/Desktop/VGGFace2_ArcFace_Project/data/aligned/train/n006746/0334_01.jpg,/mnt/c/Users/ansar/Desktop/VGGFace2_ArcFace_Project/data/aligned/train/n002352/0266_01.jpg,0.0196780003607273,-0.15656851086641252,-0.37241932388872057,0.21585081302230805,0.26449391737756656
random_impostor,/mnt/c/Users/ansar/Desktop/VGGFace2_ArcFace_Project/data/aligned/train/n004747/0098_01.jpg,/mnt/c/Users/ansar/Desktop/VGGFace2_ArcFace_Project/data/aligned/train/n008428/0053_02.jpg,-0.0005052265478298,-0.06199803222198216,0.1070065969717282,0.16900462919371034,0.08450231459685517
random_impostor,/mnt/c/Users/ansar/Desktop/VGGFace2_ArcFace_Project/data/aligned/train/n001082/0003_01.jpg,/mnt/c/Users/ansar/Desktop/VGGFace2_ArcFace_Project/data/aligned/train/n008798/0160_01.jpg,0.1375893950462341,0.2994432034821125,-0.04379103033751886,0.34323423381963136,0.17161711690981568
random_impostor,/mnt/c/Users/ansar/Desktop/VGGFace2_ArcFace_Project/data/aligned/train/n002750/0024_01.jpg,/mnt/c/Users/ansar/Desktop/VGGFace2_ArcFace_Project/data/aligned/train/n005026/0289_01.jpg,0.1689145267009735,0.25615025804120045,0.11379000904202158,0.14236024899917887,0.18497013354161101
random_impostor,/mnt/c/Users/ansar/Desktop/VGGFace2_ArcFace_Project/data/aligned/train/n008212/0328_01.jpg,/mnt/c/Users/ansar/Desktop/VGGFace2_ArcFace_Project/data/aligned/train/n000041/0329_02.jpg,0.0397352389991283,-0.014641880762788186,-0.03552890757978839,0.020887026817000203,0.025085394171288286
random_impostor,/mnt/c/Users/ansar/Desktop/VGGFace2_ArcFace_Project/data/aligned/train/n003607/0238_02.jpg,/mnt/c/Users/ansar/Desktop/VGGFace2_ArcFace_Project/data/aligned/train/n003210/0405_01.jpg,0.1437898278236389,0.09770018975570502,0.14074429786606024,0.04304410811035522,0.11922224381088263
random_impostor,/mnt/c/Users/ansar/Desktop/VGGFace2_ArcFace_Project/data/aligned/train/n000581/0015_01.jpg,/mnt/c/Users/ansar/Desktop/VGGFace2_ArcFace_Project/data/aligned/train/n002412/0238_01.jpg,0.0518188364803791,0.06276790697112686,0.17276275117549414,0.10999484420436728,0.1177653290733105
random_impostor,/mnt/c/Users/ansar/Desktop/VGGFace2_ArcFace_Project/data/aligned/train/n005548/0240_01.jpg,/mnt/c/Users/ansar/Desktop/VGGFace2_ArcFace_Project/data/aligned/train/n008738/0022_01.jpg,0.1718905717134475,-0.01237227149256591,-0.048708317045527874,0.036336045552961965,0.03054029426904689
random_impostor,/mnt/c/Users/ansar/Desktop/VGGFace2_ArcFace_Project/data/aligned/train/n001517/0023_01.jpg,/mnt/c/Users/ansar/Desktop/VGGFace2_ArcFace_Project/data/aligned/train/n000984/0316_02.jpg,0.1551324874162674,0.4440292003424053,0.08449760467808382,0.35953159566432147,0.26426340251024455
random_impostor,/mnt/c/Users/ansar/Desktop/VGGFace2_ArcFace_Project/data/aligned/train/n006504/0177_01.jpg,/mnt/c/Users/ansar/Desktop/VGGFace2_ArcFace_Project/data/aligned/train/n002981/0150_01.jpg,0.0442117676138877,-0.19168168537603977,-0.050003528176466285,0.1416781571995735,0.12084260677625303
random_impostor,/mnt/c/Users/ansar/Desktop/VGGFace2_ArcFace_Project/data/aligned/train/n001651/0044_01.jpg,/mnt/c/Users/ansar/Desktop/VGGFace2_ArcFace_Project/data/aligned/train/n002041/0150_01.jpg,-0.086044080555439,0.07631715113233636,0.19028991257728542,0.11397276144494906,0.1333035318548109
random_impostor,/mnt/c/Users/ansar/Desktop/VGGFace2_ArcFace_Project/data/aligned/train/n004030/0420_01.jpg,/mnt/c/Users/ansar/Desktop/VGGFace2_ArcFace_Project/data/aligned/train/n000852/0106_01.jpg,-0.0071086948737502,-0.6829969289060757,-0.3593804146226797,0.32361651428339594,0.5211886717643777
random_impostor,/mnt/c/Users/ansar/Desktop/VGGFace2_ArcFace_Project/data/aligned/train/n004260/0123_01.jpg,/mnt/c/Users/ansar/Desktop/VGGFace2_ArcFace_Project/data/aligned/train/n005732/0022_01.jpg,0.0623834393918514,-0.03178537405110024,-0.08783752440516632,0.05605215035406608,0.05981144922813328
random_impostor,/mnt/c/Users/ansar/Desktop/VGGFace2_ArcFace_Project/data/aligned/train/n004578/0207_01.jpg,/mnt/c/Users/ansar/Desktop/VGGFace2_ArcFace_Project/data/aligned/train/n001950/0211_02.jpg,0.0019133994355797,0.01156166808270789,0.08212868688104746,0.07056701879833957,0.04684517748187768
random_impostor,/mnt/c/Users/ansar/Desktop/VGGFace2_ArcFace_Project/data/aligned/train/n003640/0042_01.jpg,/mnt/c/Users/ansar/Desktop/VGGFace2_ArcFace_Project/data/aligned/train/n000876/0013_01.jpg,0.1118190512061119,0.09383962849945741,0.13500573293928458,0.04116610443982717,0.114422680719371
random_impostor,/mnt/c/Users/ansar/Desktop/VGGFace2_ArcFace_Project/data/aligned/train/n007226/0047_01.jpg,/mnt/c/Users/ansar/Desktop/VGGFace2_ArcFace_Project/data/aligned/train/n007999/0325_02.jpg,-0.0762776285409927,-0.06549904486901781,0.009105514658123256,0.07460455952714107,0.037302279763570534
random_impostor,/mnt/c/Users/ansar/Desktop/VGGFace2_ArcFace_Project/data/aligned/train/n001083/0229_01.jpg,/mnt/c/Users/ansar/Desktop/VGGFace2_ArcFace_Project/data/aligned/train/n001614/0229_04.jpg,0.0118690030649304,0.04847234669442352,-0.012660725201662022,0.061133071896085536,0.030566535948042768
random_impostor,/mnt/c/Users/ansar/Desktop/VGGFace2_ArcFace_Project/data/aligned/train/n008497/0225_01.jpg,/mnt/c/Users/ansar/Desktop/VGGFace2_ArcFace_Project/data/aligned/train/n001457/0077_01.jpg,0.1872533857822418,0.44125306913078144,0.23553035933108793,0.2057227097996935,0.33839171423093467
random_impostor,/mnt/c/Users/ansar/Desktop/VGGFace2_ArcFace_Project/data/aligned/train/n005929/0037_01.jpg,/mnt/c/Users/ansar/Desktop/VGGFace2_ArcFace_Project/data/aligned/train/n006080/0117_01.jpg,0.0344727337360382,-0.10577546615205136,0.04971930715926938,0.15549477331132072,0.07774738665566036
random_impostor,/mnt/c/Users/ansar/Desktop/VGGFace2_ArcFace_Project/data/aligned/train/n007084/0221_02.jpg,/mnt/c/Users/ansar/Desktop/VGGFace2_ArcFace_Project/data/aligned/train/n006661/0142_01.jpg,0.0093829352408647,-0.21103652408152854,0.2490470954280753,0.46008361950960386,0.23004180975480193
random_impostor,/mnt/c/Users/ansar/Desktop/VGGFace2_ArcFace_Project/data/aligned/train/n007063/0208_02.jpg,/mnt/c/Users/ansar/Desktop/VGGFace2_ArcFace_Project/data/aligned/train/n004579/0006_01.jpg,0.104030504822731,0.032121013703836854,-0.21871588239367892,0.2508368960975158,0.1254184480487579
random_impostor,/mnt/c/Users/ansar/Desktop/VGGFace2_ArcFace_Project/data/aligned/train/n006422/0154_01.jpg,/mnt/c/Users/ansar/Desktop/VGGFace2_ArcFace_Project/data/aligned/train/n008719/0139_01.jpg,0.2995604276657104,-0.2603557848919327,-0.08996560281999047,0.1703901820719422,0.17516069385596156
random_impostor,/mnt/c/Users/ansar/Desktop/VGGFace2_ArcFace_Project/data/aligned/train/n006578/0384_01.jpg,/mnt/c/Users/ansar/Desktop/VGGFace2_ArcFace_Project/data/aligned/train/n000917/0050_01.jpg,0.1397231370210647,0.6246747421943762,-0.399739591299472,1.0244143334938483,0.5122071667469241
random_impostor,/mnt/c/Users/ansar/Desktop/VGGFace2_ArcFace_Project/data/aligned/train/n009041/0106_01.jpg,/mnt/c/Users/ansar/Desktop/VGGFace2_ArcFace_Project/data/aligned/train/n003366/0181_01.jpg,0.0944320186972618,-0.34693228138368676,-0.12270886144653968,0.22422341993714706,0.23482057141511323
random_impostor,/mnt/c/Users/ansar/Desktop/VGGFace2_ArcFace_Project/data/aligned/train/n004301/0105_01.jpg,/mnt/c/Users/ansar/Desktop/VGGFace2_ArcFace_Project/data/aligned/train/n005785/0177_01.jpg,-0.0044682170264422,-0.002848923087256935,0.16776217015034842,0.17061109323760534,0.08530554661880267
random_impostor,/mnt/c/Users/ansar/Desktop/VGGFace2_ArcFace_Project/data/aligned/train/n006018/0042_01.jpg,/mnt/c/Users/ansar/Desktop/VGGFace2_ArcFace_Project/data/aligned/train/n003037/0080_01.jpg,-0.0051691294647753,0.0032936339833656977,-0.004006026586176524,0.007299660569542222,0.003649830284771111
random_impostor,/mnt/c/Users/ansar/Desktop/VGGFace2_ArcFace_Project/data/aligned/train/n004373/0397_01.jpg,/mnt/c/Users/ansar/Desktop/VGGFace2_ArcFace_Project/data/aligned/train/n000550/0316_02.jpg,0.0215159468352794,-0.3619393728213121,-0.20154310619109675,0.16039626663021536,0.28174123950620444
random_impostor,/mnt/c/Users/ansar/Desktop/VGGFace2_ArcFace_Project/data/aligned/train/n000439/0102_01.jpg,/mnt/c/Users/ansar/Desktop/VGGFace2_ArcFace_Project/data/aligned/train/n006127/0389_02.jpg,0.0818748101592063,0.15096698582514206,0.34951042920017544,0.19854344337503338,0.25023870751265875
random_impostor,/mnt/c/Users/ansar/Desktop/VGGFace2_ArcFace_Project/data/aligned/train/n001718/0103_03.jpg,/mnt/c/Users/ansar/Desktop/VGGFace2_ArcFace_Project/data/aligned/train/n003647/0111_01.jpg,-0.0836628451943397,0.0375610619246389,-0.17879358926011935,0.21635465118475825,0.10817732559237912
random_impostor,/mnt/c/Users/ansar/Desktop/VGGFace2_ArcFace_Project/data/aligned/train/n006115/0170_01.jpg,/mnt/c/Users/ansar/Desktop/VGGFace2_ArcFace_Project/data/aligned/train/n004950/0378_01.jpg,0.1486196517944336,0.4287842839318482,-0.45220053891488277,0.880984822846731,0.4404924114233655
random_impostor,/mnt/c/Users/ansar/Desktop/VGGFace2_ArcFace_Project/data/aligned/train/n008485/0055_01.jpg,/mnt/c/Users/ansar/Desktop/VGGFace2_ArcFace_Project/data/aligned/train/n004072/0093_02.jpg,0.0777586847543716,0.267077591945994,0.15677976208688485,0.11029782985910916,0.21192867701643942
random_impostor,/mnt/c/Users/ansar/Desktop/VGGFace2_ArcFace_Project/data/aligned/train/n004287/0377_01.jpg,/mnt/c/Users/ansar/Desktop/VGGFace2_ArcFace_Project/data/aligned/train/n009113/0117_01.jpg,0.1900283545255661,-0.08317509733734171,0.2224563185236495,0.3056314158609912,0.1528157079304956
random_impostor,/mnt/c/Users/ansar/Desktop/VGGFace2_ArcFace_Project/data/aligned/train/n001237/0243_01.jpg,/mnt/c/Users/ansar/Desktop/VGGFace2_ArcFace_Project/data/aligned/train/n000155/0009_01.jpg,0.0712719410657882,0.5357303252681127,-0.058255363250228696,0.5939856885183414,0.2969928442591707
random_impostor,/mnt/c/Users/ansar/Desktop/VGGFace2_ArcFace_Project/data/aligned/train/n007209/0196_02.jpg,/mnt/c/Users/ansar/Desktop/VGGFace2_ArcFace_Project/data/aligned/train/n006580/0079_01.jpg,0.1225103214383125,0.083180969462725,-0.02507509161559149,0.10825606107831649,0.054128030539158246
random_impostor,/mnt/c/Users/ansar/Desktop/VGGFace2_ArcFace_Project/data/aligned/train/n008676/0102_01.jpg,/mnt/c/Users/ansar/Desktop/VGGFace2_ArcFace_Project/data/aligned/train/n008138/0125_01.jpg,0.0588515847921371,-0.00414579357304617,-0.08488052300669525,0.08073472943364908,0.044513158289870715
random_impostor,/mnt/c/Users/ansar/Desktop/VGGFace2_ArcFace_Project/data/aligned/train/n002227/0127_01.jpg,/mnt/c/Users/ansar/Desktop/VGGFace2_ArcFace_Project/data/aligned/train/n004498/0167_02.jpg,0.1417957991361618,0.24785979653383328,0.2285696288402968,0.019290167693536475,0.23821471268706504
random_impostor,/mnt/c/Users/ansar/Desktop/VGGFace2_ArcFace_Project/data/aligned/train/n005880/0144_02.jpg,/mnt/c/Users/ansar/Desktop/VGGFace2_ArcFace_Project/data/aligned/train/n007998/0308_01.jpg,0.064458429813385,0.051890028366371105,0.15630320571600081,0.10441317734962971,0.10409661704118596
random_impostor,/mnt/c/Users/ansar/Desktop/VGGFace2_ArcFace_Project/data/aligned/train/n005995/0121_03.jpg,/mnt/c/Users/ansar/Desktop/VGGFace2_ArcFace_Project/data/aligned/train/n000370/0341_01.jpg,0.0281431544572114,-0.058174679719841305,0.314541890132241,0.3727165698520823,0.18635828492604115
random_impostor,/mnt/c/Users/ansar/Desktop/VGGFace2_ArcFace_Project/data/aligned/train/n002950/0377_01.jpg,/mnt/c/Users/ansar/Desktop/VGGFace2_ArcFace_Project/data/aligned/train/n006209/0196_01.jpg,0.0623149536550045,-0.38725966104775095,-0.14262968815304153,0.24462997289470942,0.2649446746003962
random_impostor,/mnt/c/Users/ansar/Desktop/VGGFace2_ArcFace_Project/data/aligned/train/n007332/0229_01.jpg,/mnt/c/Users/ansar/Desktop/VGGFace2_ArcFace_Project/data/aligned/train/n001235/0520_01.jpg,0.0859396830201149,0.25302612973620786,-0.4239216882643487,0.6769478180005566,0.3384739090002783
random_impostor,/mnt/c/Users/ansar/Desktop/VGGFace2_ArcFace_Project/data/aligned/train/n002151/0189_01.jpg,/mnt/c/Users/ansar/Desktop/VGGFace2_ArcFace_Project/data/aligned/train/n005113/0272_01.jpg,0.1479457467794418,-0.2651364143176331,-0.011550032642524804,0.2535863816751083,0.13834322348007894
random_impostor,/mnt/c/Users/ansar/Desktop/VGGFace2_ArcFace_Project/data/aligned/train/n002932/0214_01.jpg,/mnt/c/Users/ansar/Desktop/VGGFace2_ArcFace_Project/data/aligned/train/n008823/0072_01.jpg,0.0637639090418815,0.7556099642282761,-0.48378128427971,1.239391248507986,0.619695624253993
random_impostor,/mnt/c/Users/ansar/Desktop/VGGFace2_ArcFace_Project/data/aligned/train/n005760/0023_01.jpg,/mnt/c/Users/ansar/Desktop/VGGFace2_ArcFace_Project/data/aligned/train/n001808/0166_01.jpg,0.0803438499569892,0.24029452685382793,-0.006810736287837762,0.2471052631416657,0.12355263157083285
random_impostor,/mnt/c/Users/ansar/Desktop/VGGFace2_ArcFace_Project/data/aligned/train/n006880/0119_01.jpg,/mnt/c/Users/ansar/Desktop/VGGFace2_ArcFace_Project/data/aligned/train/n002767/0336_02.jpg,-0.0319571569561958,-0.002178477411247629,-0.5475910685492696,0.545412591138022,0.27488477298025865
random_impostor,/mnt/c/Users/ansar/Desktop/VGGFace2_ArcFace_Project/data/aligned/train/n006877/0223_01.jpg,/mnt/c/Users/ansar/Desktop/VGGFace2_ArcFace_Project/data/aligned/train/n008754/0001_01.jpg,-0.1543310135602951,-0.27158628324498824,0.40859372411353,0.6801800073585182,0.3400900036792591
random_impostor,/mnt/c/Users/ansar/Desktop/VGGFace2_ArcFace_Project/data/aligned/train/n008880/0003_01.jpg,/mnt/c/Users/ansar/Desktop/VGGFace2_ArcFace_Project/data/aligned/train/n003398/0056_01.jpg,0.2230289727449417,-0.08483716279815456,-0.08890447045674808,0.004067307658593519,0.08687081662745133
random_impostor,/mnt/c/Users/ansar/Desktop/VGGFace2_ArcFace_Project/data/aligned/train/n009155/0155_03.jpg,/mnt/c/Users/ansar/Desktop/VGGFace2_ArcFace_Project/data/aligned/train/n005132/0360_01.jpg,0.2640312016010284,0.10356087507798946,0.07733484398581297,0.026226031092176486,0.09044785953190121
random_impostor,/mnt/c/Users/ansar/Desktop/VGGFace2_ArcFace_Project/data/aligned/train/n008232/0077_01.jpg,/mnt/c/Users/ansar/Desktop/VGGFace2_ArcFace_Project/data/aligned/train/n006829/0160_01.jpg,-0.0040921275503933,0.2838322580526684,-0.0887361894255828,0.3725684474782512,0.1862842237391256
random_impostor,/mnt/c/Users/ansar/Desktop/VGGFace2_ArcFace_Project/data/aligned/train/n005837/0267_01.jpg,/mnt/c/Users/ansar/Desktop/VGGFace2_ArcFace_Project/data/aligned/train/n005342/0069_01.jpg,0.1837148368358612,-0.4481248400649302,0.03992092311522542,0.48804576318015563,0.24402288159007782
random_impostor,/mnt/c/Users/ansar/Desktop/VGGFace2_ArcFace_Project/data/aligned/train/n009129/0071_06.jpg,/mnt/c/Users/ansar/Desktop/VGGFace2_ArcFace_Project/data/aligned/train/n009253/0274_01.jpg,0.2115145027637481,-0.2002721961628019,-0.20492446886490295,0.004652272702101057,0.20259833251385242
random_impostor,/mnt/c/Users/ansar/Desktop/VGGFace2_ArcFace_Project/data/aligned/train/n002498/0421_01.jpg,/mnt/c/Users/ansar/Desktop/VGGFace2_ArcFace_Project/data/aligned/train/n007278/0225_02.jpg,0.0492620430886745,0.2688542709143689,-0.06046233298212167,0.3293166038964906,0.1646583019482453
random_impostor,/mnt/c/Users/ansar/Desktop/VGGFace2_ArcFace_Project/data/aligned/train/n000301/0365_01.jpg,/mnt/c/Users/ansar/Desktop/VGGFace2_ArcFace_Project/data/aligned/train/n003226/0049_02.jpg,-0.0357996299862861,-0.22824577729710677,-0.370755783422196,0.14251000612508924,0.2995007803596514
random_impostor,/mnt/c/Users/ansar/Desktop/VGGFace2_ArcFace_Project/data/aligned/train/n002766/0388_02.jpg,/mnt/c/Users/ansar/Desktop/VGGFace2_ArcFace_Project/data/aligned/train/n001093/0070_01.jpg,-0.0803673416376113,0.9777718919711339,0.09636955108294905,0.8814023408881848,0.5370707215270415
random_impostor,/mnt/c/Users/ansar/Desktop/VGGFace2_ArcFace_Project/data/aligned/train/n006784/0091_01.jpg,/mnt/c/Users/ansar/Desktop/VGGFace2_ArcFace_Project/data/aligned/train/n009110/0259_01.jpg,0.2329367250204086,0.13421108461828551,0.03161062902653696,0.10260045559174855,0.08291085682241124
random_impostor,/mnt/c/Users/ansar/Desktop/VGGFace2_ArcFace_Project/data/aligned/train/n003811/0184_01.jpg,/mnt/c/Users/ansar/Desktop/VGGFace2_ArcFace_Project/data/aligned/train/n007620/0434_01.jpg,-0.0058498359285295,-0.019678679183611065,-0.07900324221522642,0.05932456303161536,0.04934096069941874
random_impostor,/mnt/c/Users/ansar/Desktop/VGGFace2_ArcFace_Project/data/aligned/train/n004703/0410_02.jpg,/mnt/c/Users/ansar/Desktop/VGGFace2_ArcFace_Project/data/aligned/train/n002006/0163_07.jpg,-0.0498071871697902,0.372578032337764,0.122403826935852,0.250174205401912,0.247490929636808
random_impostor,/mnt/c/Users/ansar/Desktop/VGGFace2_ArcFace_Project/data/aligned/train/n004728/0440_01.jpg,/mnt/c/Users/ansar/Desktop/VGGFace2_ArcFace_Project/data/aligned/train/n003456/0153_01.jpg,0.0211123693734407,0.113143544398089,-0.010922548376171706,0.12406609277426071,0.06203304638713036
random_impostor,/mnt/c/Users/ansar/Desktop/VGGFace2_ArcFace_Project/data/aligned/train/n007174/0378_06.jpg,/mnt/c/Users/ansar/Desktop/VGGFace2_ArcFace_Project/data/aligned/train/n007075/0124_01.jpg,0.0078240223228931,-0.06919279185338707,-0.057227603380076986,0.011965188473310087,0.06321019761673202
random_impostor,/mnt/c/Users/ansar/Desktop/VGGFace2_ArcFace_Project/data/aligned/train/n000935/0118_01.jpg,/mnt/c/Users/ansar/Desktop/VGGFace2_ArcFace_Project/data/aligned/train/n004244/0232_01.jpg,-0.0925608426332473,0.3325042747635436,0.004687999817143617,0.3278162749464,0.16859613729034362
random_impostor,/mnt/c/Users/ansar/Desktop/VGGFace2_ArcFace_Project/data/aligned/train/n002190/0022_01.jpg,/mnt/c/Users/ansar/Desktop/VGGFace2_ArcFace_Project/data/aligned/train/n001124/0217_01.jpg,0.094983272254467,0.02424628327046895,0.4912850996868565,0.46703881641638756,0.25776569147866274
random_impostor,/mnt/c/Users/ansar/Desktop/VGGFace2_ArcFace_Project/data/aligned/train/n003312/0138_01.jpg,/mnt/c/Users/ansar/Desktop/VGGFace2_ArcFace_Project/data/aligned/train/n002301/0030_01.jpg,0.1529652327299118,0.06626728668286261,0.023123310432492147,0.04314397625037046,0.04469529855767738
random_impostor,/mnt/c/Users/ansar/Desktop/VGGFace2_ArcFace_Project/data/aligned/train/n000517/0097_01.jpg,/mnt/c/Users/ansar/Desktop/VGGFace2_ArcFace_Project/data/aligned/train/n001617/0082_01.jpg,-0.0085790930315852,-0.18631094671495363,-0.1641252485410915,0.022185698173862123,0.17521809762802257
random_impostor,/mnt/c/Users/ansar/Desktop/VGGFace2_ArcFace_Project/data/aligned/train/n005079/0133_02.jpg,/mnt/c/Users/ansar/Desktop/VGGFace2_ArcFace_Project/data/aligned/train/n003044/0021_01.jpg,-0.0332292690873146,-0.006151831372591203,-0.06773181345209361,0.06157998207950241,0.03694182241234241
random_impostor,/mnt/c/Users/ansar/Desktop/VGGFace2_ArcFace_Project/data/aligned/train/n000276/0220_01.jpg,/mnt/c/Users/ansar/Desktop/VGGFace2_ArcFace_Project/data/aligned/train/n000650/0285_01.jpg,0.2086701542139053,1.1609445480675662,0.43307257173043934,0.7278719763371269,0.7970085598990028
random_impostor,/mnt/c/Users/ansar/Desktop/VGGFace2_ArcFace_Project/data/aligned/train/n003562/0071_01.jpg,/mnt/c/Users/ansar/Desktop/VGGFace2_ArcFace_Project/data/aligned/train/n005277/0269_01.jpg,0.0794055312871933,0.08293674948080558,-0.06156555594164765,0.14450230542245324,0.07225115271122662
random_impostor,/mnt/c/Users/ansar/Desktop/VGGFace2_ArcFace_Project/data/aligned/train/n008148/0209_01.jpg,/mnt/c/Users/ansar/Desktop/VGGFace2_ArcFace_Project/data/aligned/train/n003866/0371_02.jpg,0.0961069613695144,-0.07293233680980224,-0.33106081320117575,0.2581284763913735,0.201996575005489
random_impostor,/mnt/c/Users/ansar/Desktop/VGGFace2_ArcFace_Project/data/aligned/train/n006262/0286_01.jpg,/mnt/c/Users/ansar/Desktop/VGGFace2_ArcFace_Project/data/aligned/train/n008045/0170_01.jpg,0.0691263526678085,0.022119306791108347,-0.021270252444516156,0.0433895592356245,0.02169477961781225
random_impostor,/mnt/c/Users/ansar/Desktop/VGGFace2_ArcFace_Project/data/aligned/train/n000321/0373_01.jpg,/mnt/c/Users/ansar/Desktop/VGGFace2_ArcFace_Project/data/aligned/train/n001567/0086_02.jpg,0.2502815723419189,-0.021054956227887663,-0.19515482933378625,0.17409987310589858,0.10810489278083696
random_impostor,/mnt/c/Users/ansar/Desktop/VGGFace2_ArcFace_Project/data/aligned/train/n007552/0027_01.jpg,/mnt/c/Users/ansar/Desktop/VGGFace2_ArcFace_Project/data/aligned/train/n002175/0354_02.jpg,0.1155935078859329,0.12848159242074647,0.07004335807652534,0.05843823434422113,0.0992624752486359
random_impostor,/mnt/c/Users/ansar/Desktop/VGGFace2_ArcFace_Project/data/aligned/train/n000269/0208_03.jpg,/mnt/c/Users/ansar/Desktop/VGGFace2_ArcFace_Project/data/aligned/train/n000733/0339_01.jpg,0.0441324263811111,-0.3338364307744149,-0.37312368282409153,0.039287252049676646,0.3534800567992532
random_impostor,/mnt/c/Users/ansar/Desktop/VGGFace2_ArcFace_Project/data/aligned/train/n008759/0223_01.jpg,/mnt/c/Users/ansar/Desktop/VGGFace2_ArcFace_Project/data/aligned/train/n006133/0018_01.jpg,0.0065554045140743,0.13429285450937797,0.0966651844663658,0.03762767004301218,0.11547901948787188
random_impostor,/mnt/c/Users/ansar/Desktop/VGGFace2_ArcFace_Project/data/aligned/train/n003449/0448_02.jpg,/mnt/c/Users/ansar/Desktop/VGGFace2_ArcFace_Project/data/aligned/train/n008905/0226_02.jpg,0.1768063455820083,0.004839190679439304,0.05076916261951914,0.04592997194007983,0.02780417664947922
random_impostor,/mnt/c/Users/ansar/Desktop/VGGFace2_ArcFace_Project/data/aligned/train/n001102/0003_01.jpg,/mnt/c/Users/ansar/Desktop/VGGFace2_ArcFace_Project/data/aligned/train/n003625/0173_01.jpg,0.0480344146490097,-0.18954033515221946,0.1495029407799776,0.3390432759321971,0.16952163796609854
random_impostor,/mnt/c/Users/ansar/Desktop/VGGFace2_ArcFace_Project/data/aligned/train/n009174/0263_01.jpg,/mnt/c/Users/ansar/Desktop/VGGFace2_ArcFace_Project/data/aligned/train/n005251/0059_01.jpg,-0.0406341142952442,0.48197167792628537,-0.015811770615907828,0.4977834485421932,0.2488917242710966
random_impostor,/mnt/c/Users/ansar/Desktop/VGGFace2_ArcFace_Project/data/aligned/train/n008267/0368_01.jpg,/mnt/c/Users/ansar/Desktop/VGGFace2_ArcFace_Project/data/aligned/train/n000881/0006_01.jpg,0.0984712690114975,0.33981062135623374,-0.15085804498836444,0.49066866634459816,0.24533433317229908
random_impostor,/mnt/c/Users/ansar/Desktop/VGGFace2_ArcFace_Project/data/aligned/train/n000637/0433_01.jpg,/mnt/c/Users/ansar/Desktop/VGGFace2_ArcFace_Project/data/aligned/train/n001038/0235_01.jpg,0.1912105977535247,-0.21802754913371447,0.18678407776498354,0.404811626898698,0.202405813449349
random_impostor,/mnt/c/Users/ansar/Desktop/VGGFace2_ArcFace_Project/data/aligned/train/n001958/0317_02.jpg,/mnt/c/Users/ansar/Desktop/VGGFace2_ArcFace_Project/data/aligned/train/n006790/0031_01.jpg,0.1006921529769897,0.12098241045658464,0.2584710668778396,0.13748865642125496,0.18972673866721212
random_impostor,/mnt/c/Users/ansar/Desktop/VGGFace2_ArcFace_Project/data/aligned/train/n006205/0392_01.jpg,/mnt/c/Users/ansar/Desktop/VGGFace2_ArcFace_Project/data/aligned/train/n006941/0439_02.jpg,0.0023780462797731,-1.6493886872969976,0.016352802977146915,1.6657414902741445,0.8328707451370723
random_impostor,/mnt/c/Users/ansar/Desktop/VGGFace2_ArcFace_Project/data/aligned/train/n004872/0188_01.jpg,/mnt/c/Users/ansar/Desktop/VGGFace2_ArcFace_Project/data/aligned/train/n002120/0335_01.jpg,-0.1463080644607544,-0.2675935814130577,-0.04998261231339817,0.21761096909965955,0.15878809686322795
random_impostor,/mnt/c/Users/ansar/Desktop/VGGFace2_ArcFace_Project/data/aligned/train/n007024/0173_01.jpg,/mnt/c/Users/ansar/Desktop/VGGFace2_ArcFace_Project/data/aligned/train/n007613/0115_01.jpg,0.1298176050186157,-0.15626093386250026,-0.33939934236427166,0.1831384085017714,0.24783013811338594
random_impostor,/mnt/c/Users/ansar/Desktop/VGGFace2_ArcFace_Project/data/aligned/train/n004547/0146_01.jpg,/mnt/c/Users/ansar/Desktop/VGGFace2_ArcFace_Project/data/aligned/train/n004377/0163_01.jpg,0.0105286482721567,0.16612810002011236,-0.24635618488663136,0.4124842849067437,0.20624214245337186
random_impostor,/mnt/c/Users/ansar/Desktop/VGGFace2_ArcFace_Project/data/aligned/train/n007262/0217_01.jpg,/mnt/c/Users/ansar/Desktop/VGGFace2_ArcFace_Project/data/aligned/train/n002518/0024_01.jpg,0.0356518477201461,0.3054898098194702,0.00854968448805257,0.29694012533141767,0.15701974715376138
random_impostor,/mnt/c/Users/ansar/Desktop/VGGFace2_ArcFace_Project/data/aligned/train/n000139/0312_01.jpg,/mnt/c/Users/ansar/Desktop/VGGFace2_ArcFace_Project/data/aligned/train/n008113/0015_01.jpg,0.0637158751487732,0.07999855468571829,-0.08363552103511336,0.16363407572083166,0.08181703786041583
random_impostor,/mnt/c/Users/ansar/Desktop/VGGFace2_ArcFace_Project/data/aligned/train/n003878/0080_01.jpg,/mnt/c/Users/ansar/Desktop/VGGFace2_ArcFace_Project/data/aligned/train/n005936/0299_01.jpg,0.0780762657523155,0.07281069859515614,-0.11390323413902227,0.1867139327341784,0.0933569663670892
random_impostor,/mnt/c/Users/ansar/Desktop/VGGFace2_ArcFace_Project/data/aligned/train/n008202/0017_01.jpg,/mnt/c/Users/ansar/Desktop/VGGFace2_ArcFace_Project/data/aligned/train/n007712/0003_01.jpg,0.1719275116920471,-0.07235127325294728,0.1351041556174912,0.2074554288704385,0.10372771443521925
random_impostor,/mnt/c/Users/ansar/Desktop/VGGFace2_ArcFace_Project/data/aligned/train/n001895/0253_02.jpg,/mnt/c/Users/ansar/Desktop/VGGFace2_ArcFace_Project/data/aligned/train/n002337/0052_01.jpg,0.0548203587532043,-0.039711623778683404,-0.03316541710916635,0.006546206669517052,0.03643852044392488
random_impostor,/mnt/c/Users/ansar/Desktop/VGGFace2_ArcFace_Project/data/aligned/train/n009153/0087_01.jpg,/mnt/c/Users/ansar/Desktop/VGGFace2_ArcFace_Project/data/aligned/train/n004042/0154_01.jpg,0.2819189131259918,-0.09065620373976938,0.043460288876420464,0.13411649261618985,0.06705824630809493
random_impostor,/mnt/c/Users/ansar/Desktop/VGGFace2_ArcFace_Project/data/aligned/train/n000204/0042_03.jpg,/mnt/c/Users/ansar/Desktop/VGGFace2_ArcFace_Project/data/aligned/train/n008697/0274_04.jpg,0.0986247286200523,0.005542394894973707,-0.07633223887596602,0.08187463377093973,0.040937316885469865
random_impostor,/mnt/c/Users/ansar/Desktop/VGGFace2_ArcFace_Project/data/aligned/train/n000824/0068_01.jpg,/mnt/c/Users/ansar/Desktop/VGGFace2_ArcFace_Project/data/aligned/train/n006391/0131_01.jpg,0.0391552075743675,0.05702819382034905,0.06820461971996586,0.011176425899616808,0.06261640677015745
random_impostor,/mnt/c/Users/ansar/Desktop/VGGFace2_ArcFace_Project/data/aligned/train/n006690/0297_01.jpg,/mnt/c/Users/ansar/Desktop/VGGFace2_ArcFace_Project/data/aligned/train/n000196/0089_01.jpg,0.0855346843600273,0.5594797202842635,-0.05890422028828979,0.6183839405725533,0.30919197028627665
random_impostor,/mnt/c/Users/ansar/Desktop/VGGFace2_ArcFace_Project/data/aligned/train/n001843/0345_03.jpg,/mnt/c/Users/ansar/Desktop/VGGFace2_ArcFace_Project/data/aligned/train/n002039/0097_01.jpg,0.0662178695201873,-0.030738100680521026,-0.33700553001772177,0.30626742933720075,0.1838718153491214
random_impostor,/mnt/c/Users/ansar/Desktop/VGGFace2_ArcFace_Project/data/aligned/train/n008745/0074_01.jpg,/mnt/c/Users/ansar/Desktop/VGGFace2_ArcFace_Project/data/aligned/train/n008855/0138_02.jpg,0.1019767820835113,-0.05372384532067739,0.08855224230702552,0.1422760876277029,0.07113804381385146
random_impostor,/mnt/c/Users/ansar/Desktop/VGGFace2_ArcFace_Project/data/aligned/train/n006195/0260_01.jpg,/mnt/c/Users/ansar/Desktop/VGGFace2_ArcFace_Project/data/aligned/train/n000407/0208_02.jpg,0.0005914453649893,-0.23259030158026633,0.04694053059866358,0.27953083217892993,0.13976541608946497
random_impostor,/mnt/c/Users/ansar/Desktop/VGGFace2_ArcFace_Project/data/aligned/train/n002974/0086_02.jpg,/mnt/c/Users/ansar/Desktop/VGGFace2_ArcFace_Project/data/aligned/train/n005095/0004_02.jpg,-0.0125761358067393,0.0708783984214618,-0.16126633151078332,0.2321447299322451,0.11607236496612255
random_impostor,/mnt/c/Users/ansar/Desktop/VGGFace2_ArcFace_Project/data/aligned/train/n001045/0052_01.jpg,/mnt/c/Users/ansar/Desktop/VGGFace2_ArcFace_Project/data/aligned/train/n000034/0067_01.jpg,0.009413325227797,-0.4424541490449327,0.39310151741741944,0.8355556664623521,0.41777783323117607
random_impostor,/mnt/c/Users/ansar/Desktop/VGGFace2_ArcFace_Project/data/aligned/train/n001560/0500_01.jpg,/mnt/c/Users/ansar/Desktop/VGGFace2_ArcFace_Project/data/aligned/train/n006069/0119_01.jpg,0.1129052191972732,0.07291826402515718,-0.039811037469945056,0.11272930149510224,0.05636465074755112
random_impostor,/mnt/c/Users/ansar/Desktop/VGGFace2_ArcFace_Project/data/aligned/train/n007442/0619_01.jpg,/mnt/c/Users/ansar/Desktop/VGGFace2_ArcFace_Project/data/aligned/train/n003067/0102_01.jpg,0.1452814638614654,0.12411392718388767,-0.33045994141719864,0.4545738686010863,0.22728693430054314
random_impostor,/mnt/c/Users/ansar/Desktop/VGGFace2_ArcFace_Project/data/aligned/train/n006333/0206_01.jpg,/mnt/c/Users/ansar/Desktop/VGGFace2_ArcFace_Project/data/aligned/train/n003684/0185_01.jpg,0.177412524819374,0.24402091949254148,-0.35811305916508623,0.6021339786576277,0.30106698932881387
random_impostor,/mnt/c/Users/ansar/Desktop/VGGFace2_ArcFace_Project/data/aligned/train/n006474/0261_03.jpg,/mnt/c/Users/ansar/Desktop/VGGFace2_ArcFace_Project/data/aligned/train/n001886/0178_01.jpg,0.2438012361526489,-0.1567435398263035,0.0690906823174956,0.2258342221437991,0.11291711107189956
random_impostor,/mnt/c/Users/ansar/Desktop/VGGFace2_ArcFace_Project/data/aligned/train/n001738/0065_01.jpg,/mnt/c/Users/ansar/Desktop/VGGFace2_ArcFace_Project/data/aligned/train/n005479/0209_01.jpg,0.2961837947368622,0.1265469645456677,-0.1760675660817983,0.302614530627466,0.151307265313733
random_impostor,/mnt/c/Users/ansar/Desktop/VGGFace2_ArcFace_Project/data/aligned/train/n002868/0138_01.jpg,/mnt/c/Users/ansar/Desktop/VGGFace2_ArcFace_Project/data/aligned/train/n002433/0083_01.jpg,-0.0144997192546725,0.004571879840173592,-0.07335096290402583,0.07792284274419943,0.038961421372099715
random_impostor,/mnt/c/Users/ansar/Desktop/VGGFace2_ArcFace_Project/data/aligned/train/n002072/0262_01.jpg,/mnt/c/Users/ansar/Desktop/VGGFace2_ArcFace_Project/data/aligned/train/n007540/0406_01.jpg,0.0268346220254898,0.3764155111352483,0.06870258457150631,0.307712926563742,0.2225590478533773
random_impostor,/mnt/c/Users/ansar/Desktop/VGGFace2_ArcFace_Project/data/aligned/train/n008019/0309_01.jpg,/mnt/c/Users/ansar/Desktop/VGGFace2_ArcFace_Project/data/aligned/train/n005278/0098_04.jpg,0.1217348799109458,-0.009084621303527054,0.1149505100291744,0.12403513133270146,0.06201756566635073
random_impostor,/mnt/c/Users/ansar/Desktop/VGGFace2_ArcFace_Project/data/aligned/train/n004326/0123_01.jpg,/mnt/c/Users/ansar/Desktop/VGGFace2_ArcFace_Project/data/aligned/train/n007907/0232_01.jpg,0.1639933288097381,-0.0297633222396879,-0.341498934277889,0.3117356120382011,0.18563112825878847
random_impostor,/mnt/c/Users/ansar/Desktop/VGGFace2_ArcFace_Project/data/aligned/train/n001693/0022_01.jpg,/mnt/c/Users/ansar/Desktop/VGGFace2_ArcFace_Project/data/aligned/train/n008542/0167_01.jpg,0.0611144490540027,-0.011050019514085721,0.19681873095867577,0.2078687504727615,0.10393437523638074
random_impostor,/mnt/c/Users/ansar/Desktop/VGGFace2_ArcFace_Project/data/aligned/train/n003492/0004_01.jpg,/mnt/c/Users/ansar/Desktop/VGGFace2_ArcFace_Project/data/aligned/train/n000076/0171_01.jpg,0.0619465485215187,-0.004073165971756807,0.0015942328760096163,0.005667398847766424,0.002833699423883212
random_impostor,/mnt/c/Users/ansar/Desktop/VGGFace2_ArcFace_Project/data/aligned/train/n004734/0006_01.jpg,/mnt/c/Users/ansar/Desktop/VGGFace2_ArcFace_Project/data/aligned/train/n007486/0178_01.jpg,0.0382031723856925,0.1828546490861946,-0.07772878676573144,0.260583435851926,0.130291717925963
random_impostor,/mnt/c/Users/ansar/Desktop/VGGFace2_ArcFace_Project/data/aligned/train/n008127/0237_01.jpg,/mnt/c/Users/ansar/Desktop/VGGFace2_ArcFace_Project/data/aligned/train/n003814/0220_01.jpg,0.1557413637638092,0.09676761122331594,-0.20462917701731217,0.3013967882406281,0.15069839412031405
random_impostor,/mnt/c/Users/ansar/Desktop/VGGFace2_ArcFace_Project/data/aligned/train/n008737/0331_08.jpg,/mnt/c/Users/ansar/Desktop/VGGFace2_ArcFace_Project/data/aligned/train/n005800/0060_01.jpg,0.092670053243637,0.038827351250824836,-0.45386300679737446,0.4926903580481993,0.24634517902409964
random_impostor,/mnt/c/Users/ansar/Desktop/VGGFace2_ArcFace_Project/data/aligned/train/n000294/0086_01.jpg,/mnt/c/Users/ansar/Desktop/VGGFace2_ArcFace_Project/data/aligned/train/n005451/0258_01.jpg,-0.0331415757536888,0.08256233962917192,0.012126692688693836,0.07043564694047809,0.04734451615893288
random_impostor,/mnt/c/Users/ansar/Desktop/VGGFace2_ArcFace_Project/data/aligned/train/n007201/0182_01.jpg,/mnt/c/Users/ansar/Desktop/VGGFace2_ArcFace_Project/data/aligned/train/n003829/0361_01.jpg,0.0045612431131303,0.031042912753183657,0.3090429371518748,0.27800002439869115,0.17004292495252923
random_impostor,/mnt/c/Users/ansar/Desktop/VGGFace2_ArcFace_Project/data/aligned/train/n006755/0141_01.jpg,/mnt/c/Users/ansar/Desktop/VGGFace2_ArcFace_Project/data/aligned/train/n002809/0027_01.jpg,0.059940043836832,-0.18265012012424395,0.14525978912624504,0.327909909250489,0.1639549546252445
random_impostor,/mnt/c/Users/ansar/Desktop/VGGFace2_ArcFace_Project/data/aligned/train/n001602/0079_01.jpg,/mnt/c/Users/ansar/Desktop/VGGFace2_ArcFace_Project/data/aligned/train/n001394/0032_02.jpg,0.0841129794716835,-0.16415626454258922,-0.002573560211250249,0.16158270433133898,0.08336491237691973
random_impostor,/mnt/c/Users/ansar/Desktop/VGGFace2_ArcFace_Project/data/aligned/train/n003591/0072_01.jpg,/mnt/c/Users/ansar/Desktop/VGGFace2_ArcFace_Project/data/aligned/train/n003745/0209_01.jpg,0.0655413120985031,0.1954360537977556,-0.4613882642397444,0.6568243180375,0.32841215901875
random_impostor,/mnt/c/Users/ansar/Desktop/VGGFace2_ArcFace_Project/data/aligned/train/n004666/0211_04.jpg,/mnt/c/Users/ansar/Desktop/VGGFace2_ArcFace_Project/data/aligned/train/n008967/0136_01.jpg,0.1984892934560775,0.26235647237235743,0.1710821783322229,0.09127429404013454,0.21671932535229016
random_impostor,/mnt/c/Users/ansar/Desktop/VGGFace2_ArcFace_Project/data/aligned/train/n000310/0105_03.jpg,/mnt/c/Users/ansar/Desktop/VGGFace2_ArcFace_Project/data/aligned/train/n001700/0123_01.jpg,0.217610165476799,-0.13252676735694588,-0.07073751777068137,0.061789249586264514,0.10163214256381362
random_impostor,/mnt/c/Users/ansar/Desktop/VGGFace2_ArcFace_Project/data/aligned/train/n007191/0732_01.jpg,/mnt/c/Users/ansar/Desktop/VGGFace2_ArcFace_Project/data/aligned/train/n006511/0127_01.jpg,0.0718921869993209,0.012662190054772406,0.5025969178779794,0.489934727823207,0.25762955396637593
random_impostor,/mnt/c/Users/ansar/Desktop/VGGFace2_ArcFace_Project/data/aligned/train/n006101/0249_01.jpg,/mnt/c/Users/ansar/Desktop/VGGFace2_ArcFace_Project/data/aligned/train/n006004/0302_01.jpg,0.1370877623558044,-0.5116420942060025,0.07393861924183873,0.5855807134478412,0.2927903567239206
random_impostor,/mnt/c/Users/ansar/Desktop/VGGFace2_ArcFace_Project/data/aligned/train/n003311/0222_01.jpg,/mnt/c/Users/ansar/Desktop/VGGFace2_ArcFace_Project/data/aligned/train/n006165/0252_01.jpg,0.1629607379436493,-0.17626887366322078,-0.13158753449053107,0.04468133917268971,0.1539282040768759
random_impostor,/mnt/c/Users/ansar/Desktop/VGGFace2_ArcFace_Project/data/aligned/train/n000359/0369_02.jpg,/mnt/c/Users/ansar/Desktop/VGGFace2_ArcFace_Project/data/aligned/train/n004827/0027_01.jpg,0.0415256731212139,0.048727026306725804,0.11765650964042135,0.06892948333369554,0.08319176797357358
random_impostor,/mnt/c/Users/ansar/Desktop/VGGFace2_ArcFace_Project/data/aligned/train/n000688/0242_01.jpg,/mnt/c/Users/ansar/Desktop/VGGFace2_ArcFace_Project/data/aligned/train/n007403/0091_01.jpg,0.0562100708484649,-0.2388110146343264,-0.10477421781722064,0.13403679681710579,0.17179261622577352
random_impostor,/mnt/c/Users/ansar/Desktop/VGGFace2_ArcFace_Project/data/aligned/train/n000863/0172_01.jpg,/mnt/c/Users/ansar/Desktop/VGGFace2_ArcFace_Project/data/aligned/train/n007479/0126_01.jpg,0.0634269565343856,0.04468354169288758,0.1415016300338574,0.09681808834096983,0.09309258586337249
random_impostor,/mnt/c/Users/ansar/Desktop/VGGFace2_ArcFace_Project/data/aligned/train/n008268/0046_01.jpg,/mnt/c/Users/ansar/Desktop/VGGFace2_ArcFace_Project/data/aligned/train/n005222/0313_01.jpg,0.0415847152471542,-0.13056379653643008,-0.06159043449876357,0.0689733620376665,0.09607711551759682
random_impostor,/mnt/c/Users/ansar/Desktop/VGGFace2_ArcFace_Project/data/aligned/train/n001483/0071_01.jpg,/mnt/c/Users/ansar/Desktop/VGGFace2_ArcFace_Project/data/aligned/train/n002804/0381_01.jpg,-0.0148043856024742,-0.15048177980140534,-0.013395939976592029,0.13708583982481332,0.08193885988899868
random_impostor,/mnt/c/Users/ansar/Desktop/VGGFace2_ArcFace_Project/data/aligned/train/n007047/0249_01.jpg,/mnt/c/Users/ansar/Desktop/VGGFace2_ArcFace_Project/data/aligned/train/n005265/0255_01.jpg,0.1497762948274612,0.2666351430892248,-0.12063901756263073,0.38727416065185555,0.19363708032592777
random_impostor,/mnt/c/Users/ansar/Desktop/VGGFace2_ArcFace_Project/data/aligned/train/n006895/0033_01.jpg,/mnt/c/Users/ansar/Desktop/VGGFace2_ArcFace_Project/data/aligned/train/n000506/0117_01.jpg,-0.0380594804883003,-0.13823199633417846,0.6870416992646516,0.8252736955988301,0.41263684779941506
random_impostor,/mnt/c/Users/ansar/Desktop/VGGFace2_ArcFace_Project/data/aligned/train/n006789/0128_06.jpg,/mnt/c/Users/ansar/Desktop/VGGFace2_ArcFace_Project/data/aligned/train/n001224/0478_02.jpg,0.1087151318788528,0.05206323447517192,0.03440700102993519,0.01765623344523673,0.04323511775255356
random_impostor,/mnt/c/Users/ansar/Desktop/VGGFace2_ArcFace_Project/data/aligned/train/n008170/0537_01.jpg,/mnt/c/Users/ansar/Desktop/VGGFace2_ArcFace_Project/data/aligned/train/n006175/0269_01.jpg,0.2757881879806518,-0.18229207391877789,-0.12485660499412485,0.05743546892465304,0.15357433945645138
random_impostor,/mnt/c/Users/ansar/Desktop/VGGFace2_ArcFace_Project/data/aligned/train/n008636/0072_02.jpg,/mnt/c/Users/ansar/Desktop/VGGFace2_ArcFace_Project/data/aligned/train/n008880/0129_01.jpg,0.0601666383445262,0.014698167566456564,-0.013460980133055415,0.02815914769951198,0.01407957384975599
random_impostor,/mnt/c/Users/ansar/Desktop/VGGFace2_ArcFace_Project/data/aligned/train/n008344/0070_01.jpg,/mnt/c/Users/ansar/Desktop/VGGFace2_ArcFace_Project/data/aligned/train/n007844/0066_01.jpg,0.1091395318508148,0.0553672138056052,0.03648217340865762,0.018885040396947578,0.04592469360713141
random_impostor,/mnt/c/Users/ansar/Desktop/VGGFace2_ArcFace_Project/data/aligned/train/n001119/0213_01.jpg,/mnt/c/Users/ansar/Desktop/VGGFace2_ArcFace_Project/data/aligned/train/n007695/0329_01.jpg,0.0723114982247352,-0.011311661081254932,-0.10971457474770478,0.09840291366644985,0.06051311791447986
random_impostor,/mnt/c/Users/ansar/Desktop/VGGFace2_ArcFace_Project/data/aligned/train/n007111/0370_01.jpg,/mnt/c/Users/ansar/Desktop/VGGFace2_ArcFace_Project/data/aligned/train/n005443/0131_01.jpg,0.0384889133274555,0.0581939460153705,-0.3491771816532514,0.4073711276686219,0.20368556383431094
random_impostor,/mnt/c/Users/ansar/Desktop/VGGFace2_ArcFace_Project/data/aligned/train/n004230/0293_01.jpg,/mnt/c/Users/ansar/Desktop/VGGFace2_ArcFace_Project/data/aligned/train/n002290/0272_01.jpg,0.0304614230990409,0.1253741760374814,-0.045951370426566,0.1713255464640474,0.0856627732320237
random_impostor,/mnt/c/Users/ansar/Desktop/VGGFace2_ArcFace_Project/data/aligned/train/n004649/0030_01.jpg,/mnt/c/Users/ansar/Desktop/VGGFace2_ArcFace_Project/data/aligned/train/n009202/0145_01.jpg,0.2799800932407379,0.030321494915643225,0.14975414899107373,0.1194326540754305,0.09003782195335848
random_impostor,/mnt/c/Users/ansar/Desktop/VGGFace2_ArcFace_Project/data/aligned/train/n000424/0007_03.jpg,/mnt/c/Users/ansar/Desktop/VGGFace2_ArcFace_Project/data/aligned/train/n006413/0109_04.jpg,0.2046262770891189,-0.10220795731974437,-0.03461747643281517,0.0675904808869292,0.06841271687627977
random_impostor,/mnt/c/Users/ansar/Desktop/VGGFace2_ArcFace_Project/data/aligned/train/n005647/0083_01.jpg,/mnt/c/Users/ansar/Desktop/VGGFace2_ArcFace_Project/data/aligned/train/n008114/0246_01.jpg,0.2690258324146271,0.006508674961492069,0.0037867937708309612,0.0027218811906611078,0.005147734366161515
random_impostor,/mnt/c/Users/ansar/Desktop/VGGFace2_ArcFace_Project/data/aligned/train/n007335/0090_01.jpg,/mnt/c/Users/ansar/Desktop/VGGFace2_ArcFace_Project/data/aligned/train/n001445/0054_04.jpg,0.1276531964540481,3.804375779706605e-05,0.19302039888046565,0.1929823551226686,0.09652922131913136
random_impostor,/mnt/c/Users/ansar/Desktop/VGGFace2_ArcFace_Project/data/aligned/train/n008582/0134_01.jpg,/mnt/c/Users/ansar/Desktop/VGGFace2_ArcFace_Project/data/aligned/train/n003650/0113_02.jpg,0.0320817492902278,0.007831319827333096,0.15817278868783313,0.15034146886050004,0.08300205425758311
random_impostor,/mnt/c/Users/ansar/Desktop/VGGFace2_ArcFace_Project/data/aligned/train/n006940/0465_01.jpg,/mnt/c/Users/ansar/Desktop/VGGFace2_ArcFace_Project/data/aligned/train/n002816/0226_01.jpg,0.0452993884682655,-0.18778974699245068,0.17173389014940693,0.35952363714185764,0.17976181857092882
random_impostor,/mnt/c/Users/ansar/Desktop/VGGFace2_ArcFace_Project/data/aligned/train/n009163/0277_01.jpg,/mnt/c/Users/ansar/Desktop/VGGFace2_ArcFace_Project/data/aligned/train/n004903/0083_01.jpg,0.0215123668313026,0.873174421052339,-0.13357869361144412,1.0067531146637831,0.5033765573318916
random_impostor,/mnt/c/Users/ansar/Desktop/VGGFace2_ArcFace_Project/data/aligned/train/n008641/0208_01.jpg,/mnt/c/Users/ansar/Desktop/VGGFace2_ArcFace_Project/data/aligned/train/n000723/0087_01.jpg,0.1091241985559463,-0.7480747985830121,0.16406911034588337,0.9121439089288954,0.4560719544644477
random_impostor,/mnt/c/Users/ansar/Desktop/VGGFace2_ArcFace_Project/data/aligned/train/n004691/0033_01.jpg,/mnt/c/Users/ansar/Desktop/VGGFace2_ArcFace_Project/data/aligned/train/n005092/0079_01.jpg,0.2981118261814117,-0.05010562244259699,0.07420432846669345,0.12430995090929044,0.06215497545464522
random_impostor,/mnt/c/Users/ansar/Desktop/VGGFace2_ArcFace_Project/data/aligned/train/n001103/0130_01.jpg,/mnt/c/Users/ansar/Desktop/VGGFace2_ArcFace_Project/data/aligned/train/n001206/0303_01.jpg,0.1505611091852188,-0.16303393288834814,0.09133136127881213,0.25436529416716025,0.12718264708358012
random_impostor,/mnt/c/Users/ansar/Desktop/VGGFace2_ArcFace_Project/data/aligned/train/n004644/0098_01.jpg,/mnt/c/Users/ansar/Desktop/VGGFace2_ArcFace_Project/data/aligned/train/n004944/0095_01.jpg,0.0776806995272636,0.006739670059290783,-0.09998606210331158,0.10672573216260237,0.05336286608130118
random_impostor,/mnt/c/Users/ansar/Desktop/VGGFace2_ArcFace_Project/data/aligned/train/n007536/0071_02.jpg,/mnt/c/Users/ansar/Desktop/VGGFace2_ArcFace_Project/data/aligned/train/n000223/0034_01.jpg,0.0150957433506846,0.012718790305992038,0.04115817115905472,0.028439380853062683,0.02693848073252338
random_impostor,/mnt/c/Users/ansar/Desktop/VGGFace2_ArcFace_Project/data/aligned/train/n003687/0097_01.jpg,/mnt/c/Users/ansar/Desktop/VGGFace2_ArcFace_Project/data/aligned/train/n008911/0268_01.jpg,0.1185714453458786,0.2116363166467776,0.30388934992589317,0.09225303327911558,0.25776283328633537
random_impostor,/mnt/c/Users/ansar/Desktop/VGGFace2_ArcFace_Project/data/aligned/train/n002787/0137_02.jpg,/mnt/c/Users/ansar/Desktop/VGGFace2_ArcFace_Project/data/aligned/train/n008865/0275_01.jpg,0.0107210241258144,0.23111870592999106,-0.02268323970079456,0.2538019456307856,0.1269009728153928
random_impostor,/mnt/c/Users/ansar/Desktop/VGGFace2_ArcFace_Project/data/aligned/train/n001007/0355_01.jpg,/mnt/c/Users/ansar/Desktop/VGGFace2_ArcFace_Project/data/aligned/train/n006534/0010_01.jpg,0.0260543618351221,-0.058336352435431726,0.021888001776588218,0.08022435421201994,0.04011217710600997
random_impostor,/mnt/c/Users/ansar/Desktop/VGGFace2_ArcFace_Project/data/aligned/train/n004625/0204_01.jpg,/mnt/c/Users/ansar/Desktop/VGGFace2_ArcFace_Project/data/aligned/train/n007946/0167_01.jpg,0.1126564815640449,-0.06688527323433101,0.20535571276452935,0.2722409859988604,0.1361204929994302
random_impostor,/mnt/c/Users/ansar/Desktop/VGGFace2_ArcFace_Project/data/aligned/train/n007597/0139_01.jpg,/mnt/c/Users/ansar/Desktop/VGGFace2_ArcFace_Project/data/aligned/train/n006122/0213_01.jpg,0.0467063710093498,0.054865137109021696,0.008335681714014893,0.0465294553950068,0.031600409411518295
random_impostor,/mnt/c/Users/ansar/Desktop/VGGFace2_ArcFace_Project/data/aligned/train/n002350/0571_01.jpg,/mnt/c/Users/ansar/Desktop/VGGFace2_ArcFace_Project/data/aligned/train/n005529/0035_02.jpg,0.1552600562572479,0.06255484835913848,-0.1309793170521817,0.19353416541132018,0.09676708270566009
random_impostor,/mnt/c/Users/ansar/Desktop/VGGFace2_ArcFace_Project/data/aligned/train/n005085/0174_02.jpg,/mnt/c/Users/ansar/Desktop/VGGFace2_ArcFace_Project/data/aligned/train/n001550/0418_01.jpg,0.0274442378431558,-0.39365933786257096,-0.31269129681872543,0.08096804104384553,0.3531753173406482
random_impostor,/mnt/c/Users/ansar/Desktop/VGGFace2_ArcFace_Project/data/aligned/train/n001546/0071_01.jpg,/mnt/c/Users/ansar/Desktop/VGGFace2_ArcFace_Project/data/aligned/train/n004659/0472_01.jpg,-0.0818877890706062,-0.1153627036349155,-0.19276548250224693,0.07740277886733142,0.1540640930685812
random_impostor,/mnt/c/Users/ansar/Desktop/VGGFace2_ArcFace_Project/data/aligned/train/n005516/0265_01.jpg,/mnt/c/Users/ansar/Desktop/VGGFace2_ArcFace_Project/data/aligned/train/n002495/0142_01.jpg,-0.0338881276547908,0.11890081257972433,-0.3026424042604343,0.42154321684015866,0.21077160842007933
random_impostor,/mnt/c/Users/ansar/Desktop/VGGFace2_ArcFace_Project/data/aligned/train/n004532/0123_01.jpg,/mnt/c/Users/ansar/Desktop/VGGFace2_ArcFace_Project/data/aligned/train/n003080/0144_01.jpg,0.0428577065467834,-1.0933519805585683,0.11321642014310472,1.206568400701673,0.6032842003508365
random_impostor,/mnt/c/Users/ansar/Desktop/VGGFace2_ArcFace_Project/data/aligned/train/n001699/0346_01.jpg,/mnt/c/Users/ansar/Desktop/VGGFace2_ArcFace_Project/data/aligned/train/n006709/0229_01.jpg,0.096513532102108,-0.03517634107530966,0.29313837748406707,0.3283147185593767,0.16415735927968836
random_impostor,/mnt/c/Users/ansar/Desktop/VGGFace2_ArcFace_Project/data/aligned/train/n007590/0296_01.jpg,/mnt/c/Users/ansar/Desktop/VGGFace2_ArcFace_Project/data/aligned/train/n006914/0197_01.jpg,0.0167252644896507,0.20954630394976714,-0.09169165504993522,0.30123795899970235,0.15061897949985117
random_impostor,/mnt/c/Users/ansar/Desktop/VGGFace2_ArcFace_Project/data/aligned/train/n002560/0472_01.jpg,/mnt/c/Users/ansar/Desktop/VGGFace2_ArcFace_Project/data/aligned/train/n003235/0122_01.jpg,0.0354631468653678,0.0432484004085036,0.2524165569903465,0.2091681565818429,0.14783247869942504
random_impostor,/mnt/c/Users/ansar/Desktop/VGGFace2_ArcFace_Project/data/aligned/train/n002432/0016_01.jpg,/mnt/c/Users/ansar/Desktop/VGGFace2_ArcFace_Project/data/aligned/train/n002293/0150_01.jpg,0.0237989239394664,-0.32033860378118817,0.08414920212652166,0.40448780590770983,0.20224390295385491
random_impostor,/mnt/c/Users/ansar/Desktop/VGGFace2_ArcFace_Project/data/aligned/train/n001048/0033_01.jpg,/mnt/c/Users/ansar/Desktop/VGGFace2_ArcFace_Project/data/aligned/train/n001450/0092_01.jpg,-0.0025014702696353,-0.48085053660137667,-0.22967567963899024,0.2511748569623864,0.35526310812018347
random_impostor,/mnt/c/Users/ansar/Desktop/VGGFace2_ArcFace_Project/data/aligned/train/n006919/0115_01.jpg,/mnt/c/Users/ansar/Desktop/VGGFace2_ArcFace_Project/data/aligned/train/n006462/0097_01.jpg,0.0786096230149269,0.5382009806838576,-0.00368213685389275,0.5418831175377503,0.27094155876887516
random_impostor,/mnt/c/Users/ansar/Desktop/VGGFace2_ArcFace_Project/data/aligned/train/n004507/0423_01.jpg,/mnt/c/Users/ansar/Desktop/VGGFace2_ArcFace_Project/data/aligned/train/n008855/0677_01.jpg,0.0391754955053329,0.08278193315937969,-0.17458678641793113,0.25736871957731083,0.12868435978865542
random_impostor,/mnt/c/Users/ansar/Desktop/VGGFace2_ArcFace_Project/data/aligned/train/n005749/0189_01.jpg,/mnt/c/Users/ansar/Desktop/VGGFace2_ArcFace_Project/data/aligned/train/n001606/0298_01.jpg,0.5185967087745667,0.19004935811188753,-0.039935355409488865,0.2299847135213764,0.1149923567606882
random_impostor,/mnt/c/Users/ansar/Desktop/VGGFace2_ArcFace_Project/data/aligned/train/n007336/0033_01.jpg,/mnt/c/Users/ansar/Desktop/VGGFace2_ArcFace_Project/data/aligned/train/n003564/0265_02.jpg,-0.0180195178836584,0.1363147855660694,-0.38961308655477056,0.52592787212084,0.26296393606042
random_impostor,/mnt/c/Users/ansar/Desktop/VGGFace2_ArcFace_Project/data/aligned/train/n003598/0122_01.jpg,/mnt/c/Users/ansar/Desktop/VGGFace2_ArcFace_Project/data/aligned/train/n003532/0191_01.jpg,-0.2091853320598602,-0.023489809420519533,-0.00330651193029404,0.02018329749022549,0.013398160675406787
random_impostor,/mnt/c/Users/ansar/Desktop/VGGFace2_ArcFace_Project/data/aligned/train/n005842/0079_02.jpg,/mnt/c/Users/ansar/Desktop/VGGFace2_ArcFace_Project/data/aligned/train/n005557/0149_04.jpg,0.1078383773565292,-0.07551121359512425,0.3673221952896206,0.4428334088847449,0.22141670444237244
random_impostor,/mnt/c/Users/ansar/Desktop/VGGFace2_ArcFace_Project/data/aligned/train/n002871/0384_02.jpg,/mnt/c/Users/ansar/Desktop/VGGFace2_ArcFace_Project/data/aligned/train/n002407/0104_01.jpg,-0.0274766348302364,0.03827942802993219,0.12767754522462335,0.08939811719469115,0.08297848662727778
random_impostor,/mnt/c/Users/ansar/Desktop/VGGFace2_ArcFace_Project/data/aligned/train/n001148/0255_01.jpg,/mnt/c/Users/ansar/Desktop/VGGFace2_ArcFace_Project/data/aligned/train/n004225/0150_02.jpg,-0.0217195954173803,-0.05231018011665069,-0.19670842076555786,0.14439824064890716,0.12450930044110428
random_impostor,/mnt/c/Users/ansar/Desktop/VGGFace2_ArcFace_Project/data/aligned/train/n002967/0208_01.jpg,/mnt/c/Users/ansar/Desktop/VGGFace2_ArcFace_Project/data/aligned/train/n005498/0190_01.jpg,0.2301742285490036,-0.05238493899976254,0.003031346976932021,0.05541628597669456,0.02770814298834728
random_impostor,/mnt/c/Users/ansar/Desktop/VGGFace2_ArcFace_Project/data/aligned/train/n006049/0249_01.jpg,/mnt/c/Users/ansar/Desktop/VGGFace2_ArcFace_Project/data/aligned/train/n003321/0136_01.jpg,0.0299418363720178,-0.1563962750614683,0.4064373765148576,0.5628336515763259,0.28141682578816296
random_impostor,/mnt/c/Users/ansar/Desktop/VGGFace2_ArcFace_Project/data/aligned/train/n003391/0237_01.jpg,/mnt/c/Users/ansar/Desktop/VGGFace2_ArcFace_Project/data/aligned/train/n008201/0082_01.jpg,0.03162432461977,0.23285127523729848,0.005520462290335619,0.22733081294696286,0.11918586876381705
random_impostor,/mnt/c/Users/ansar/Desktop/VGGFace2_ArcFace_Project/data/aligned/train/n009246/0065_01.jpg,/mnt/c/Users/ansar/Desktop/VGGFace2_ArcFace_Project/data/aligned/train/n006883/0030_01.jpg,0.0182683635503053,0.10010248707979282,-0.04530335415561643,0.14540584123540923,0.07270292061770461
random_impostor,/mnt/c/Users/ansar/Desktop/VGGFace2_ArcFace_Project/data/aligned/train/n003282/0065_01.jpg,/mnt/c/Users/ansar/Desktop/VGGFace2_ArcFace_Project/data/aligned/train/n003113/0395_01.jpg,0.1451856791973114,-0.15012025528781026,0.11644768962921719,0.26656794491702746,0.13328397245851373
random_impostor,/mnt/c/Users/ansar/Desktop/VGGFace2_ArcFace_Project/data/aligned/train/n001855/0170_01.jpg,/mnt/c/Users/ansar/Desktop/VGGFace2_ArcFace_Project/data/aligned/train/n003400/0016_01.jpg,0.1523184180259704,-0.41287229322567565,0.185050682146693,0.5979229753723687,0.29896148768618436
random_impostor,/mnt/c/Users/ansar/Desktop/VGGFace2_ArcFace_Project/data/aligned/train/n000085/0236_01.jpg,/mnt/c/Users/ansar/Desktop/VGGFace2_ArcFace_Project/data/aligned/train/n005665/0236_01.jpg,0.0647618174552917,0.05374811901934939,0.0038363045887152966,0.04991181443063409,0.028792211804032342
random_impostor,/mnt/c/Users/ansar/Desktop/VGGFace2_ArcFace_Project/data/aligned/train/n008624/0245_01.jpg,/mnt/c/Users/ansar/Desktop/VGGFace2_ArcFace_Project/data/aligned/train/n000192/0493_01.jpg,0.0025076144374907,0.19963500625403252,0.5772650697209035,0.377630063466871,0.388450037987468
random_impostor,/mnt/c/Users/ansar/Desktop/VGGFace2_ArcFace_Project/data/aligned/train/n008641/0010_01.jpg,/mnt/c/Users/ansar/Desktop/VGGFace2_ArcFace_Project/data/aligned/train/n005277/0115_01.jpg,0.0439342260360717,0.019757631981187376,0.014145375107029876,0.005612256874157499,0.016951503544108626
random_impostor,/mnt/c/Users/ansar/Desktop/VGGFace2_ArcFace_Project/data/aligned/train/n003796/0361_01.jpg,/mnt/c/Users/ansar/Desktop/VGGFace2_ArcFace_Project/data/aligned/train/n005362/0124_01.jpg,0.0385668724775314,-0.3303066691295856,0.2163192435093666,0.5466259126389522,0.2733129563194761
random_impostor,/mnt/c/Users/ansar/Desktop/VGGFace2_ArcFace_Project/data/aligned/train/n003275/0138_01.jpg,/mnt/c/Users/ansar/Desktop/VGGFace2_ArcFace_Project/data/aligned/train/n000708/0365_01.jpg,0.1384108364582061,-0.48059034576109977,-0.05492585414421008,0.4256644916168897,0.2677580999526549
random_impostor,/mnt/c/Users/ansar/Desktop/VGGFace2_ArcFace_Project/data/aligned/train/n004936/0324_01.jpg,/mnt/c/Users/ansar/Desktop/VGGFace2_ArcFace_Project/data/aligned/train/n002448/0493_01.jpg,0.0151578597724437,0.25636883727969084,0.06196308447444445,0.19440575280524638,0.15916596087706764
random_impostor,/mnt/c/Users/ansar/Desktop/VGGFace2_ArcFace_Project/data/aligned/train/n001919/0241_01.jpg,/mnt/c/Users/ansar/Desktop/VGGFace2_ArcFace_Project/data/aligned/train/n006602/0283_01.jpg,0.1429188102483749,-0.2391194885728833,-0.23388679019531172,0.005232698377571565,0.2365031393840975
random_impostor,/mnt/c/Users/ansar/Desktop/VGGFace2_ArcFace_Project/data/aligned/train/n000173/0163_02.jpg,/mnt/c/Users/ansar/Desktop/VGGFace2_ArcFace_Project/data/aligned/train/n002144/0123_01.jpg,0.0778044015169143,-0.11383625215698132,-0.0611650615071162,0.05267119064986511,0.08750065683204876
random_impostor,/mnt/c/Users/ansar/Desktop/VGGFace2_ArcFace_Project/data/aligned/train/n006819/0004_01.jpg,/mnt/c/Users/ansar/Desktop/VGGFace2_ArcFace_Project/data/aligned/train/n006316/0156_01.jpg,-0.0426766201853752,-0.2149978876806782,0.109229264240688,0.3242271519213662,0.1621135759606831
random_impostor,/mnt/c/Users/ansar/Desktop/VGGFace2_ArcFace_Project/data/aligned/train/n004217/0261_01.jpg,/mnt/c/Users/ansar/Desktop/VGGFace2_ArcFace_Project/data/aligned/train/n004401/0355_02.jpg,0.1795166581869125,0.4451791812587164,0.07768902739771577,0.36749015386100065,0.2614341043282161
random_impostor,/mnt/c/Users/ansar/Desktop/VGGFace2_ArcFace_Project/data/aligned/train/n000790/0166_01.jpg,/mnt/c/Users/ansar/Desktop/VGGFace2_ArcFace_Project/data/aligned/train/n003615/0420_01.jpg,0.0774181634187698,-0.041599287213784725,0.16422517920101265,0.20582446641479737,0.10291223320739869
random_impostor,/mnt/c/Users/ansar/Desktop/VGGFace2_ArcFace_Project/data/aligned/train/n006115/0208_01.jpg,/mnt/c/Users/ansar/Desktop/VGGFace2_ArcFace_Project/data/aligned/train/n006309/0051_01.jpg,0.0514904037117958,-0.3502180113988312,0.1969728447813096,0.5471908561801408,0.2735954280900704
random_impostor,/mnt/c/Users/ansar/Desktop/VGGFace2_ArcFace_Project/data/aligned/train/n000742/0148_01.jpg,/mnt/c/Users/ansar/Desktop/VGGFace2_ArcFace_Project/data/aligned/train/n001123/0198_01.jpg,0.1721536815166473,-0.011582672996717404,-0.02708982592329642,0.015507152926579016,0.01933624946000691
random_impostor,/mnt/c/Users/ansar/Desktop/VGGFace2_ArcFace_Project/data/aligned/train/n003002/0074_01.jpg,/mnt/c/Users/ansar/Desktop/VGGFace2_ArcFace_Project/data/aligned/train/n000878/0614_05.jpg,0.1201227158308029,-0.06390845463470637,-0.1905806708978425,0.12667221626313613,0.12724456276627444
random_impostor,/mnt/c/Users/ansar/Desktop/VGGFace2_ArcFace_Project/data/aligned/train/n001679/0051_01.jpg,/mnt/c/Users/ansar/Desktop/VGGFace2_ArcFace_Project/data/aligned/train/n003346/0281_01.jpg,-0.0981124117970466,-0.039573609673027664,-0.43308844424382087,0.3935148345707932,0.23633102695842426
random_impostor,/mnt/c/Users/ansar/Desktop/VGGFace2_ArcFace_Project/data/aligned/train/n002991/0214_02.jpg,/mnt/c/Users/ansar/Desktop/VGGFace2_ArcFace_Project/data/aligned/train/n005102/0052_01.jpg,0.0598093383014202,-0.06448313030636944,-0.24656954574832016,0.1820864154419507,0.1555263380273448
random_impostor,/mnt/c/Users/ansar/Desktop/VGGFace2_ArcFace_Project/data/aligned/train/n000839/0305_01.jpg,/mnt/c/Users/ansar/Desktop/VGGFace2_ArcFace_Project/data/aligned/train/n000565/0156_01.jpg,0.1615257561206817,0.06337566725695586,-0.03979532669595334,0.1031709939529092,0.0515854969764546
random_impostor,/mnt/c/Users/ansar/Desktop/VGGFace2_ArcFace_Project/data/aligned/train/n004691/0237_01.jpg,/mnt/c/Users/ansar/Desktop/VGGFace2_ArcFace_Project/data/aligned/train/n007814/0400_01.jpg,0.0923803746700286,0.2080394104742002,-0.39461207431810513,0.6026514847923053,0.3013257423961527
random_impostor,/mnt/c/Users/ansar/Desktop/VGGFace2_ArcFace_Project/data/aligned/train/n000728/0155_02.jpg,/mnt/c/Users/ansar/Desktop/VGGFace2_ArcFace_Project/data/aligned/train/n007754/0037_01.jpg,0.1283353567123413,0.033688625637190925,0.06543180675104793,0.031743181113857,0.049560216194119426
random_impostor,/mnt/c/Users/ansar/Desktop/VGGFace2_ArcFace_Project/data/aligned/train/n001179/0246_01.jpg,/mnt/c/Users/ansar/Desktop/VGGFace2_ArcFace_Project/data/aligned/train/n002179/0038_03.jpg,0.1474734246730804,-1.026426058908689,0.0985826450226555,1.1250087039313446,0.5625043519656723
random_impostor,/mnt/c/Users/ansar/Desktop/VGGFace2_ArcFace_Project/data/aligned/train/n003477/0034_01.jpg,/mnt/c/Users/ansar/Desktop/VGGFace2_ArcFace_Project/data/aligned/train/n002772/0126_01.jpg,0.0029645315371453,-0.17903048861580137,0.4448892412431098,0.6239197298589112,0.3119598649294556
random_impostor,/mnt/c/Users/ansar/Desktop/VGGFace2_ArcFace_Project/data/aligned/train/n000092/0059_02.jpg,/mnt/c/Users/ansar/Desktop/VGGFace2_ArcFace_Project/data/aligned/train/n008692/0043_01.jpg,0.0423515848815441,-0.2864772174354581,-0.23152732776909082,0.054949889666367296,0.2590022726022745
random_impostor,/mnt/c/Users/ansar/Desktop/VGGFace2_ArcFace_Project/data/aligned/train/n000929/0163_01.jpg,/mnt/c/Users/ansar/Desktop/VGGFace2_ArcFace_Project/data/aligned/train/n005555/0014_02.jpg,0.1291640847921371,-0.7330898058088324,0.3624515090645473,1.0955413148733797,0.5477706574366898
random_impostor,/mnt/c/Users/ansar/Desktop/VGGFace2_ArcFace_Project/data/aligned/train/n002213/0063_01.jpg,/mnt/c/Users/ansar/Desktop/VGGFace2_ArcFace_Project/data/aligned/train/n007859/0250_01.jpg,0.0921395793557167,-0.5451294060968805,-0.508014257252328,0.03711514884455258,0.5265718316746042
random_impostor,/mnt/c/Users/ansar/Desktop/VGGFace2_ArcFace_Project/data/aligned/train/n005346/0209_01.jpg,/mnt/c/Users/ansar/Desktop/VGGFace2_ArcFace_Project/data/aligned/train/n004692/0067_01.jpg,-0.0196736436337232,-0.15608246870057002,0.3368924748168585,0.49297494351742854,0.24648747175871427
random_impostor,/mnt/c/Users/ansar/Desktop/VGGFace2_ArcFace_Project/data/aligned/train/n003556/0261_01.jpg,/mnt/c/Users/ansar/Desktop/VGGFace2_ArcFace_Project/data/aligned/train/n002918/0074_01.jpg,-0.0323857180774211,0.8796911275264653,-0.7316949217772482,1.6113860493037135,0.8056930246518568
random_impostor,/mnt/c/Users/ansar/Desktop/VGGFace2_ArcFace_Project/data/aligned/train/n006433/0130_02.jpg,/mnt/c/Users/ansar/Desktop/VGGFace2_ArcFace_Project/data/aligned/train/n009141/0146_01.jpg,0.115161545574665,0.06960027005167478,0.08982331399813033,0.02022304394645555,0.07971179202490256
random_impostor,/mnt/c/Users/ansar/Desktop/VGGFace2_ArcFace_Project/data/aligned/train/n002220/0088_01.jpg,/mnt/c/Users/ansar/Desktop/VGGFace2_ArcFace_Project/data/aligned/train/n001667/0168_01.jpg,0.0207755845040082,-0.2866857737223683,0.6928192009433778,0.979504974665746,0.489752487332873
random_impostor,/mnt/c/Users/ansar/Desktop/VGGFace2_ArcFace_Project/data/aligned/train/n004041/0035_01.jpg,/mnt/c/Users/ansar/Desktop/VGGFace2_ArcFace_Project/data/aligned/train/n007536/0145_01.jpg,-0.010053813457489,-0.1326737900505815,0.04841093156171048,0.18108472161229197,0.09054236080614599
random_impostor,/mnt/c/Users/ansar/Desktop/VGGFace2_ArcFace_Project/data/aligned/train/n008326/0010_01.jpg,/mnt/c/Users/ansar/Desktop/VGGFace2_ArcFace_Project/data/aligned/train/n006193/0411_01.jpg,0.1632093489170074,-0.0065565792146074515,0.06314609514388654,0.06970267435849399,0.034851337179246995
random_impostor,/mnt/c/Users/ansar/Desktop/VGGFace2_ArcFace_Project/data/aligned/train/n002811/0170_01.jpg,/mnt/c/Users/ansar/Desktop/VGGFace2_ArcFace_Project/data/aligned/train/n008908/0068_01.jpg,0.1114185526967048,0.06570411904321284,0.06399181283540203,0.001712306207810807,0.06484796593930744
random_impostor,/mnt/c/Users/ansar/Desktop/VGGFace2_ArcFace_Project/data/aligned/train/n007538/0026_01.jpg,/mnt/c/Users/ansar/Desktop/VGGFace2_ArcFace_Project/data/aligned/train/n006024/0142_01.jpg,0.1218550577759742,0.1655544805389675,0.5517472303914446,0.3861927498524771,0.35865085546520603
random_impostor,/mnt/c/Users/ansar/Desktop/VGGFace2_ArcFace_Project/data/aligned/train/n007140/0095_01.jpg,/mnt/c/Users/ansar/Desktop/VGGFace2_ArcFace_Project/data/aligned/train/n004653/0429_01.jpg,0.0518635287880897,-0.27375314146315666,-0.06232868314191373,0.21142445832124293,0.1680409123025352
random_impostor,/mnt/c/Users/ansar/Desktop/VGGFace2_ArcFace_Project/data/aligned/train/n002471/0054_01.jpg,/mnt/c/Users/ansar/Desktop/VGGFace2_ArcFace_Project/data/aligned/train/n005317/0060_02.jpg,0.1878457516431808,0.018342728781848724,-0.2393277189288763,0.257670447710725,0.1288352238553625
random_impostor,/mnt/c/Users/ansar/Desktop/VGGFace2_ArcFace_Project/data/aligned/train/n003067/0153_01.jpg,/mnt/c/Users/ansar/Desktop/VGGFace2_ArcFace_Project/data/aligned/train/n000163/0342_01.jpg,0.065785028040409,-0.08422079885249538,0.05929284991774796,0.14351364877024333,0.07175682438512167
random_impostor,/mnt/c/Users/ansar/Desktop/VGGFace2_ArcFace_Project/data/aligned/train/n005138/0208_01.jpg,/mnt/c/Users/ansar/Desktop/VGGFace2_ArcFace_Project/data/aligned/train/n008748/0176_01.jpg,0.0863032564520835,0.2758891712211976,-0.0860453262741889,0.36193449749538653,0.18096724874769327
random_impostor,/mnt/c/Users/ansar/Desktop/VGGFace2_ArcFace_Project/data/aligned/train/n004595/0254_01.jpg,/mnt/c/Users/ansar/Desktop/VGGFace2_ArcFace_Project/data/aligned/train/n005526/0373_05.jpg,0.1728802025318145,0.09781325063833668,0.23707104187297126,0.13925779123463458,0.16744214625565396
random_impostor,/mnt/c/Users/ansar/Desktop/VGGFace2_ArcFace_Project/data/aligned/train/n007912/0011_02.jpg,/mnt/c/Users/ansar/Desktop/VGGFace2_ArcFace_Project/data/aligned/train/n003918/0308_01.jpg,0.1752901524305343,-0.018364658790906496,-0.1800200598853773,0.16165540109447082,0.0991923593381419
random_impostor,/mnt/c/Users/ansar/Desktop/VGGFace2_ArcFace_Project/data/aligned/train/n000372/0080_03.jpg,/mnt/c/Users/ansar/Desktop/VGGFace2_ArcFace_Project/data/aligned/train/n006030/0205_01.jpg,0.065188318490982,0.07967834269759719,1.1292086914488986,1.0495303487513015,0.6044435170732478
random_impostor,/mnt/c/Users/ansar/Desktop/VGGFace2_ArcFace_Project/data/aligned/train/n007447/0179_01.jpg,/mnt/c/Users/ansar/Desktop/VGGFace2_ArcFace_Project/data/aligned/train/n006975/0639_01.jpg,0.1183270812034607,-0.4503612971946378,-0.07505863572140573,0.3753026614732321,0.26270996645802175
random_impostor,/mnt/c/Users/ansar/Desktop/VGGFace2_ArcFace_Project/data/aligned/train/n005663/0395_01.jpg,/mnt/c/Users/ansar/Desktop/VGGFace2_ArcFace_Project/data/aligned/train/n003880/0255_01.jpg,0.0140446908771991,0.3143643840333547,-0.24349374255530984,0.5578581265886645,0.27892906329433226
random_impostor,/mnt/c/Users/ansar/Desktop/VGGFace2_ArcFace_Project/data/aligned/train/n005408/0305_01.jpg,/mnt/c/Users/ansar/Desktop/VGGFace2_ArcFace_Project/data/aligned/train/n008760/0068_01.jpg,0.0574197508394718,0.10225201836652019,0.053456669596243185,0.048795348770277004,0.07785434398138169
random_impostor,/mnt/c/Users/ansar/Desktop/VGGFace2_ArcFace_Project/data/aligned/train/n005466/0445_01.jpg,/mnt/c/Users/ansar/Desktop/VGGFace2_ArcFace_Project/data/aligned/train/n000510/0153_02.jpg,-0.0579081550240516,0.1673563065574329,-0.08166182291839254,0.2490181294758254,0.1245090647379127
random_impostor,/mnt/c/Users/ansar/Desktop/VGGFace2_ArcFace_Project/data/aligned/train/n002107/0392_01.jpg,/mnt/c/Users/ansar/Desktop/VGGFace2_ArcFace_Project/data/aligned/train/n000193/0087_03.jpg,0.1122788488864898,-0.461962659416033,0.13294892178787066,0.5949115812039036,0.2974557906019518
random_impostor,/mnt/c/Users/ansar/Desktop/VGGFace2_ArcFace_Project/data/aligned/train/n000020/0024_02.jpg,/mnt/c/Users/ansar/Desktop/VGGFace2_ArcFace_Project/data/aligned/train/n004062/0105_01.jpg,0.2096333354711532,-0.10249017252956469,0.04952134534986687,0.15201151787943157,0.07600575893971578
random_impostor,/mnt/c/Users/ansar/Desktop/VGGFace2_ArcFace_Project/data/aligned/train/n006068/0058_01.jpg,/mnt/c/Users/ansar/Desktop/VGGFace2_ArcFace_Project/data/aligned/train/n007355/0103_03.jpg,-0.0350936613976955,0.7054700572655268,-0.028475576032767402,0.7339456332982942,0.3669728166491471
random_impostor,/mnt/c/Users/ansar/Desktop/VGGFace2_ArcFace_Project/data/aligned/train/n007777/0534_02.jpg,/mnt/c/Users/ansar/Desktop/VGGFace2_ArcFace_Project/data/aligned/train/n004761/0383_01.jpg,0.1285879909992218,-0.030789632516876792,-0.1672982492552335,0.1365086167383567,0.09904394088605516
random_impostor,/mnt/c/Users/ansar/Desktop/VGGFace2_ArcFace_Project/data/aligned/train/n004150/0238_01.jpg,/mnt/c/Users/ansar/Desktop/VGGFace2_ArcFace_Project/data/aligned/train/n009166/0233_01.jpg,-0.0083458311855793,-0.1852325634507885,-0.14519964081808387,0.04003292263270464,0.1652161021344362
random_impostor,/mnt/c/Users/ansar/Desktop/VGGFace2_ArcFace_Project/data/aligned/train/n006006/0060_01.jpg,/mnt/c/Users/ansar/Desktop/VGGFace2_ArcFace_Project/data/aligned/train/n007993/0305_01.jpg,0.0252001285552978,-0.06621300239548882,0.14649209875958,0.2127051011550688,0.1063525505775344
random_impostor,/mnt/c/Users/ansar/Desktop/VGGFace2_ArcFace_Project/data/aligned/train/n001792/0171_01.jpg,/mnt/c/Users/ansar/Desktop/VGGFace2_ArcFace_Project/data/aligned/train/n006086/0351_02.jpg,0.1395183950662613,0.3398517403278,0.899885150003699,0.560033409675899,0.6198684451657495
random_impostor,/mnt/c/Users/ansar/Desktop/VGGFace2_ArcFace_Project/data/aligned/train/n007460/0304_01.jpg,/mnt/c/Users/ansar/Desktop/VGGFace2_ArcFace_Project/data/aligned/train/n006145/0151_01.jpg,0.0591362081468105,0.7099727493289563,0.08021849898908696,0.6297542503398693,0.3950956241590216
random_impostor,/mnt/c/Users/ansar/Desktop/VGGFace2_ArcFace_Project/data/aligned/train/n007924/0118_01.jpg,/mnt/c/Users/ansar/Desktop/VGGFace2_ArcFace_Project/data/aligned/train/n004834/0145_01.jpg,-0.0403266847133636,-0.19638073444068951,0.24658708097970683,0.4429678154203963,0.22148390771019816
random_impostor,/mnt/c/Users/ansar/Desktop/VGGFace2_ArcFace_Project/data/aligned/train/n007302/0592_04.jpg,/mnt/c/Users/ansar/Desktop/VGGFace2_ArcFace_Project/data/aligned/train/n001367/0194_01.jpg,0.2343082875013351,0.3743211046488736,0.1542601023338245,0.22006100231504908,0.26429060349134903
random_impostor,/mnt/c/Users/ansar/Desktop/VGGFace2_ArcFace_Project/data/aligned/train/n007906/0347_01.jpg,/mnt/c/Users/ansar/Desktop/VGGFace2_ArcFace_Project/data/aligned/train/n009221/0152_01.jpg,0.1311209499835968,0.09841608474959163,-0.032139113264038004,0.13055519801362964,0.06527759900681482
random_impostor,/mnt/c/Users/ansar/Desktop/VGGFace2_ArcFace_Project/data/aligned/train/n004104/0250_01.jpg,/mnt/c/Users/ansar/Desktop/VGGFace2_ArcFace_Project/data/aligned/train/n005530/0056_01.jpg,0.0067405235022306,-1.0083761820595387,-0.3105167291825659,0.6978594528769728,0.6594464556210523
random_impostor,/mnt/c/Users/ansar/Desktop/VGGFace2_ArcFace_Project/data/aligned/train/n001799/0419_01.jpg,/mnt/c/Users/ansar/Desktop/VGGFace2_ArcFace_Project/data/aligned/train/n001509/0246_01.jpg,0.0401879474520683,0.22161590380581145,0.26489875388409334,0.04328285007828189,0.24325732884495238
random_impostor,/mnt/c/Users/ansar/Desktop/VGGFace2_ArcFace_Project/data/aligned/train/n000748/0128_01.jpg,/mnt/c/Users/ansar/Desktop/VGGFace2_ArcFace_Project/data/aligned/train/n007462/0003_01.jpg,0.1635932922363281,0.24732818103455012,0.09552350548128459,0.15180467555326554,0.17142584325791735
random_impostor,/mnt/c/Users/ansar/Desktop/VGGFace2_ArcFace_Project/data/aligned/train/n004399/0260_01.jpg,/mnt/c/Users/ansar/Desktop/VGGFace2_ArcFace_Project/data/aligned/train/n006867/0179_01.jpg,0.0427169948816299,-0.06533280254122432,0.10506600216501595,0.17039880470624028,0.08519940235312014
random_impostor,/mnt/c/Users/ansar/Desktop/VGGFace2_ArcFace_Project/data/aligned/train/n003376/0220_01.jpg,/mnt/c/Users/ansar/Desktop/VGGFace2_ArcFace_Project/data/aligned/train/n003526/0168_01.jpg,0.2616885006427765,-0.07326088459258485,0.4644662243941943,0.5377271089867792,0.2688635544933896
random_impostor,/mnt/c/Users/ansar/Desktop/VGGFace2_ArcFace_Project/data/aligned/train/n000978/0366_01.jpg,/mnt/c/Users/ansar/Desktop/VGGFace2_ArcFace_Project/data/aligned/train/n006016/0037_01.jpg,-0.0057625994086265,-0.08665694095024,-0.11430983647925337,0.02765289552901337,0.10048338871474669
random_impostor,/mnt/c/Users/ansar/Desktop/VGGFace2_ArcFace_Project/data/aligned/train/n004903/0083_01.jpg,/mnt/c/Users/ansar/Desktop/VGGFace2_ArcFace_Project/data/aligned/train/n000282/0494_01.jpg,-0.0048493398353457,-0.13357869361144412,-0.12427228070475044,0.009306412906693678,0.12892548715809726
random_impostor,/mnt/c/Users/ansar/Desktop/VGGFace2_ArcFace_Project/data/aligned/train/n005563/0009_01.jpg,/mnt/c/Users/ansar/Desktop/VGGFace2_ArcFace_Project/data/aligned/train/n005539/0317_01.jpg,0.0400728471577167,0.43387714895062224,-0.1443666237970653,0.5782437727476876,0.2891218863738438
random_impostor,/mnt/c/Users/ansar/Desktop/VGGFace2_ArcFace_Project/data/aligned/train/n004188/0400_02.jpg,/mnt/c/Users/ansar/Desktop/VGGFace2_ArcFace_Project/data/aligned/train/n000488/0235_01.jpg,0.0455210581421852,0.06973765688686474,-0.39251450458852577,0.4622521614753905,0.23112608073769525
random_impostor,/mnt/c/Users/ansar/Desktop/VGGFace2_ArcFace_Project/data/aligned/train/n001349/0383_01.jpg,/mnt/c/Users/ansar/Desktop/VGGFace2_ArcFace_Project/data/aligned/train/n007563/0031_02.jpg,0.1875667870044708,-0.13721259117063597,-0.044667484160807076,0.0925451070098289,0.09094003766572152
random_impostor,/mnt/c/Users/ansar/Desktop/VGGFace2_ArcFace_Project/data/aligned/train/n002042/0391_01.jpg,/mnt/c/Users/ansar/Desktop/VGGFace2_ArcFace_Project/data/aligned/train/n001876/0106_08.jpg,-0.0470751374959945,-0.04898213133756517,-0.04635178802757105,0.002630343309994121,0.04766695968256811
random_impostor,/mnt/c/Users/ansar/Desktop/VGGFace2_ArcFace_Project/data/aligned/train/n001067/0221_03.jpg,/mnt/c/Users/ansar/Desktop/VGGFace2_ArcFace_Project/data/aligned/train/n009113/0423_01.jpg,0.1863835006952285,-0.10760626306535938,-0.054955871359751184,0.052650391705608195,0.08128106721255528
random_impostor,/mnt/c/Users/ansar/Desktop/VGGFace2_ArcFace_Project/data/aligned/train/n008850/0284_01.jpg,/mnt/c/Users/ansar/Desktop/VGGFace2_ArcFace_Project/data/aligned/train/n004646/0142_01.jpg,0.3173455893993377,0.0005144822012886058,0.14577491807195184,0.14526043587066323,0.07314470013662022
random_impostor,/mnt/c/Users/ansar/Desktop/VGGFace2_ArcFace_Project/data/aligned/train/n000626/0036_04.jpg,/mnt/c/Users/ansar/Desktop/VGGFace2_ArcFace_Project/data/aligned/train/n009194/0092_01.jpg,0.0861085206270217,0.026980695734217224,-0.14918153229894582,0.17616222803316303,0.08808111401658152
random_impostor,/mnt/c/Users/ansar/Desktop/VGGFace2_ArcFace_Project/data/aligned/train/n000143/0049_02.jpg,/mnt/c/Users/ansar/Desktop/VGGFace2_ArcFace_Project/data/aligned/train/n001724/0217_01.jpg,0.0670573189854621,0.0395819745522876,0.08608200477928502,0.04650003022699742,0.0628319896657863
random_impostor,/mnt/c/Users/ansar/Desktop/VGGFace2_ArcFace_Project/data/aligned/train/n006902/0200_01.jpg,/mnt/c/Users/ansar/Desktop/VGGFace2_ArcFace_Project/data/aligned/train/n000619/0135_01.jpg,0.0759856551885604,0.4848043774586737,-0.6522958130798927,1.1371001905385665,0.5685500952692832
random_impostor,/mnt/c/Users/ansar/Desktop/VGGFace2_ArcFace_Project/data/aligned/train/n004312/0215_01.jpg,/mnt/c/Users/ansar/Desktop/VGGFace2_ArcFace_Project/data/aligned/train/n006151/0069_01.jpg,0.1447803676128387,-0.20961423415137295,0.05187951539627302,0.261493749547646,0.130746874773823
random_impostor,/mnt/c/Users/ansar/Desktop/VGGFace2_ArcFace_Project/data/aligned/train/n006069/0119_01.jpg,/mnt/c/Users/ansar/Desktop/VGGFace2_ArcFace_Project/data/aligned/train/n003509/0322_01.jpg,0.2203109115362167,-0.039811037469945056,-0.04790216649652056,0.008091129026575501,0.04385660198323281
random_impostor,/mnt/c/Users/ansar/Desktop/VGGFace2_ArcFace_Project/data/aligned/train/n006166/0173_01.jpg,/mnt/c/Users/ansar/Desktop/VGGFace2_ArcFace_Project/data/aligned/train/n004385/0148_01.jpg,0.1125976219773292,-0.11497786120666947,0.24003081100893633,0.35500867221560584,0.17750433610780292
random_impostor,/mnt/c/Users/ansar/Desktop/VGGFace2_ArcFace_Project/data/aligned/train/n003231/0142_01.jpg,/mnt/c/Users/ansar/Desktop/VGGFace2_ArcFace_Project/data/aligned/train/n007592/0391_02.jpg,0.002513677580282,-0.39906048247152626,0.053241406925874306,0.45230188939740057,0.22615094469870028
random_impostor,/mnt/c/Users/ansar/Desktop/VGGFace2_ArcFace_Project/data/aligned/train/n004027/0260_01.jpg,/mnt/c/Users/ansar/Desktop/VGGFace2_ArcFace_Project/data/aligned/train/n005072/0115_01.jpg,0.056805569678545,0.11176802428727074,0.1384622081319479,0.026694183844677158,0.12511511620960933
random_impostor,/mnt/c/Users/ansar/Desktop/VGGFace2_ArcFace_Project/data/aligned/train/n001399/0227_02.jpg,/mnt/c/Users/ansar/Desktop/VGGFace2_ArcFace_Project/data/aligned/train/n005914/0137_01.jpg,0.0186816528439521,-0.5276912598305058,-0.24377884995170024,0.28391240987880556,0.38573505489110305
random_impostor,/mnt/c/Users/ansar/Desktop/VGGFace2_ArcFace_Project/data/aligned/train/n008168/0244_01.jpg,/mnt/c/Users/ansar/Desktop/VGGFace2_ArcFace_Project/data/aligned/train/n005471/0231_01.jpg,-0.1452201753854751,0.02132943191159919,0.15691120852171106,0.13558177661011186,0.08912032021665513
random_impostor,/mnt/c/Users/ansar/Desktop/VGGFace2_ArcFace_Project/data/aligned/train/n004838/0071_01.jpg,/mnt/c/Users/ansar/Desktop/VGGFace2_ArcFace_Project/data/aligned/train/n005729/0236_01.jpg,-0.0215452089905738,0.09146994465162353,-0.33156566414643907,0.42303560879806257,0.21151780439903128
random_impostor,/mnt/c/Users/ansar/Desktop/VGGFace2_ArcFace_Project/data/aligned/train/n000577/0454_01.jpg,/mnt/c/Users/ansar/Desktop/VGGFace2_ArcFace_Project/data/aligned/train/n008129/0402_01.jpg,0.0612264797091484,0.07618291551789459,0.0034002173044522938,0.0727826982134423,0.03979156641117344
random_impostor,/mnt/c/Users/ansar/Desktop/VGGFace2_ArcFace_Project/data/aligned/train/n003764/0013_01.jpg,/mnt/c/Users/ansar/Desktop/VGGFace2_ArcFace_Project/data/aligned/train/n001743/0038_01.jpg,-0.0628539621829986,0.10000852420290601,-0.045422942693450694,0.14543146689635672,0.07271573344817836
random_impostor,/mnt/c/Users/ansar/Desktop/VGGFace2_ArcFace_Project/data/aligned/train/n002699/0130_02.jpg,/mnt/c/Users/ansar/Desktop/VGGFace2_ArcFace_Project/data/aligned/train/n000407/0037_02.jpg,0.1345826983451843,0.12919931828713524,0.1458717642984315,0.01667244601129625,0.13753554129278336
random_impostor,/mnt/c/Users/ansar/Desktop/VGGFace2_ArcFace_Project/data/aligned/train/n004308/0028_01.jpg,/mnt/c/Users/ansar/Desktop/VGGFace2_ArcFace_Project/data/aligned/train/n006642/0086_02.jpg,-0.0133603913709521,-0.18905006251141923,0.021645422947408045,0.21069548545882727,0.10534774272941363
random_impostor,/mnt/c/Users/ansar/Desktop/VGGFace2_ArcFace_Project/data/aligned/train/n003795/0232_01.jpg,/mnt/c/Users/ansar/Desktop/VGGFace2_ArcFace_Project/data/aligned/train/n004063/0021_02.jpg,0.0956736207008361,0.2871127723607425,-0.07515861751760175,0.3622713898783443,0.18113569493917214
random_impostor,/mnt/c/Users/ansar/Desktop/VGGFace2_ArcFace_Project/data/aligned/train/n000732/0014_01.jpg,/mnt/c/Users/ansar/Desktop/VGGFace2_ArcFace_Project/data/aligned/train/n002999/0488_01.jpg,-0.0297064762562513,-0.029731244393938996,0.05007942168659354,0.07981066608053253,0.039905333040266264
random_impostor,/mnt/c/Users/ansar/Desktop/VGGFace2_ArcFace_Project/data/aligned/train/n005270/0341_01.jpg,/mnt/c/Users/ansar/Desktop/VGGFace2_ArcFace_Project/data/aligned/train/n002152/0215_01.jpg,0.1441452354192733,-0.02342718471663586,-0.019625386586719928,0.0038017981299159308,0.02152628565167789
random_impostor,/mnt/c/Users/ansar/Desktop/VGGFace2_ArcFace_Project/data/aligned/train/n001340/0328_01.jpg,/mnt/c/Users/ansar/Desktop/VGGFace2_ArcFace_Project/data/aligned/train/n008134/0034_01.jpg,0.1129838824272155,-0.7926703520864983,-0.11112661245857693,0.6815437396279214,0.4518984822725376
random_impostor,/mnt/c/Users/ansar/Desktop/VGGFace2_ArcFace_Project/data/aligned/train/n006414/0066_01.jpg,/mnt/c/Users/ansar/Desktop/VGGFace2_ArcFace_Project/data/aligned/train/n002983/0105_01.jpg,0.2261650115251541,0.06760091028992364,-0.04719545326761881,0.11479636355754244,0.05739818177877122
random_impostor,/mnt/c/Users/ansar/Desktop/VGGFace2_ArcFace_Project/data/aligned/train/n003617/0121_02.jpg,/mnt/c/Users/ansar/Desktop/VGGFace2_ArcFace_Project/data/aligned/train/n001438/0024_01.jpg,0.0141412885859608,-0.03167526980725745,-0.4834885596772128,0.4518132898699554,0.25758191474223513
random_impostor,/mnt/c/Users/ansar/Desktop/VGGFace2_ArcFace_Project/data/aligned/train/n006118/0211_01.jpg,/mnt/c/Users/ansar/Desktop/VGGFace2_ArcFace_Project/data/aligned/train/n000235/0167_01.jpg,-0.0153913823887705,0.005422813332284703,-0.08332640228670295,0.08874921561898765,0.04437460780949382
random_impostor,/mnt/c/Users/ansar/Desktop/VGGFace2_ArcFace_Project/data/aligned/train/n006080/0078_01.jpg,/mnt/c/Users/ansar/Desktop/VGGFace2_ArcFace_Project/data/aligned/train/n006711/0001_01.jpg,0.1233766600489616,-0.3237704714920207,-0.1939129219591231,0.1298575495328976,0.2588416967255719
random_impostor,/mnt/c/Users/ansar/Desktop/VGGFace2_ArcFace_Project/data/aligned/train/n004873/0061_01.jpg,/mnt/c/Users/ansar/Desktop/VGGFace2_ArcFace_Project/data/aligned/train/n008657/0156_01.jpg,0.1336547881364822,-0.18020840825506235,-0.28838586442364444,0.1081774561685821,0.2342971363393534
random_impostor,/mnt/c/Users/ansar/Desktop/VGGFace2_ArcFace_Project/data/aligned/train/n002055/0256_01.jpg,/mnt/c/Users/ansar/Desktop/VGGFace2_ArcFace_Project/data/aligned/train/n002132/0273_01.jpg,0.0323530137538909,0.230496344385896,0.09239392071800133,0.13810242366789466,0.16144513255194867
random_impostor,/mnt/c/Users/ansar/Desktop/VGGFace2_ArcFace_Project/data/aligned/train/n004213/0633_01.jpg,/mnt/c/Users/ansar/Desktop/VGGFace2_ArcFace_Project/data/aligned/train/n001245/0392_01.jpg,0.13724285364151,0.12876331763456247,-0.21559640753213866,0.3443597251667011,0.17217986258335055
random_impostor,/mnt/c/Users/ansar/Desktop/VGGFace2_ArcFace_Project/data/aligned/train/n000968/0346_01.jpg,/mnt/c/Users/ansar/Desktop/VGGFace2_ArcFace_Project/data/aligned/train/n000879/0039_02.jpg,0.1207760125398635,-0.43306662037272814,0.015073193516910813,0.44813981388963897,0.22406990694481949
random_impostor,/mnt/c/Users/ansar/Desktop/VGGFace2_ArcFace_Project/data/aligned/train/n000519/0226_01.jpg,/mnt/c/Users/ansar/Desktop/VGGFace2_ArcFace_Project/data/aligned/train/n006841/0108_02.jpg,0.0164861101657152,1.0406699039063738,0.03283122572346482,1.007838678182909,0.5367505648149193
random_impostor,/mnt/c/Users/ansar/Desktop/VGGFace2_ArcFace_Project/data/aligned/train/n005825/0208_01.jpg,/mnt/c/Users/ansar/Desktop/VGGFace2_ArcFace_Project/data/aligned/train/n008515/0216_01.jpg,0.116423062980175,0.09151837054465019,0.15523753744079258,0.06371916689614239,0.12337795399272139
random_impostor,/mnt/c/Users/ansar/Desktop/VGGFace2_ArcFace_Project/data/aligned/train/n007770/0081_03.jpg,/mnt/c/Users/ansar/Desktop/VGGFace2_ArcFace_Project/data/aligned/train/n002088/0019_02.jpg,0.1444627046585083,0.006136177880119326,0.10330460127932294,0.0971684233992036,0.05472038957972113
random_impostor,/mnt/c/Users/ansar/Desktop/VGGFace2_ArcFace_Project/data/aligned/train/n005096/0070_01.jpg,/mnt/c/Users/ansar/Desktop/VGGFace2_ArcFace_Project/data/aligned/train/n008371/0167_01.jpg,0.0731800720095634,-0.17398521450920426,-0.03342143482285341,0.14056377968635086,0.10370332466602883
random_impostor,/mnt/c/Users/ansar/Desktop/VGGFace2_ArcFace_Project/data/aligned/train/n008918/0218_01.jpg,/mnt/c/Users/ansar/Desktop/VGGFace2_ArcFace_Project/data/aligned/train/n006172/0227_01.jpg,0.0986308678984642,-0.012064449652663001,-0.3833962234228973,0.3713317737702343,0.19773033653778016
random_impostor,/mnt/c/Users/ansar/Desktop/VGGFace2_ArcFace_Project/data/aligned/train/n001347/0309_01.jpg,/mnt/c/Users/ansar/Desktop/VGGFace2_ArcFace_Project/data/aligned/train/n007450/0277_01.jpg,0.0907977893948555,-0.23457047601262832,0.2446860080131993,0.47925648402582766,0.23962824201291383
random_impostor,/mnt/c/Users/ansar/Desktop/VGGFace2_ArcFace_Project/data/aligned/train/n003966/0074_01.jpg,/mnt/c/Users/ansar/Desktop/VGGFace2_ArcFace_Project/data/aligned/train/n004948/0670_01.jpg,0.0898167043924331,-0.534025316101431,0.08049402209886566,0.6145193382002967,0.30725966910014835
random_impostor,/mnt/c/Users/ansar/Desktop/VGGFace2_ArcFace_Project/data/aligned/train/n004434/0396_02.jpg,/mnt/c/Users/ansar/Desktop/VGGFace2_ArcFace_Project/data/aligned/train/n002485/0281_03.jpg,0.056163839995861,0.10469523101973871,-0.007342499820147616,0.11203773083988633,0.056018865419943165
random_impostor,/mnt/c/Users/ansar/Desktop/VGGFace2_ArcFace_Project/data/aligned/train/n006782/0256_01.jpg,/mnt/c/Users/ansar/Desktop/VGGFace2_ArcFace_Project/data/aligned/train/n003086/0066_02.jpg,0.11774343252182,0.16486067878645128,0.026722108738013554,0.13813857004843771,0.09579139376223242
random_impostor,/mnt/c/Users/ansar/Desktop/VGGFace2_ArcFace_Project/data/aligned/train/n006604/0012_01.jpg,/mnt/c/Users/ansar/Desktop/VGGFace2_ArcFace_Project/data/aligned/train/n008849/0093_01.jpg,0.0908119231462478,-0.19339509896762955,-0.03454783428725597,0.15884726468037358,0.11397146662744276
random_impostor,/mnt/c/Users/ansar/Desktop/VGGFace2_ArcFace_Project/data/aligned/train/n001767/0131_02.jpg,/mnt/c/Users/ansar/Desktop/VGGFace2_ArcFace_Project/data/aligned/train/n002627/0286_01.jpg,0.0749032646417617,0.506460664196765,-0.04022403877888963,0.5466847029756546,0.2733423514878273
random_impostor,/mnt/c/Users/ansar/Desktop/VGGFace2_ArcFace_Project/data/aligned/train/n008154/0226_01.jpg,/mnt/c/Users/ansar/Desktop/VGGFace2_ArcFace_Project/data/aligned/train/n004405/0085_03.jpg,-0.0803093686699867,-0.18882638164839363,0.04748732147819638,0.23631370312659,0.118156851563295
hard_genuine,/mnt/c/Users/ansar/Desktop/VGGFace2_ArcFace_Project/data/aligned/train/n000671/0015_01.jpg,/mnt/c/Users/ansar/Desktop/VGGFace2_ArcFace_Project/data/aligned/train/n000671/0205_01.jpg,-0.1236684545874595,-0.03805840713456626,-0.05745585536100268,0.019397448226436416,0.04775713124778447
hard_genuine,/mnt/c/Users/ansar/Desktop/VGGFace2_ArcFace_Project/data/aligned/train/n006986/0096_02.jpg,/mnt/c/Users/ansar/Desktop/VGGFace2_ArcFace_Project/data/aligned/train/n006986/0233_01.jpg,-0.1194331422448158,0.3247619730326829,0.23049287966964602,0.09426909336303688,0.27762742635116444
hard_genuine,/mnt/c/Users/ansar/Desktop/VGGFace2_ArcFace_Project/data/aligned/train/n006315/0055_02.jpg,/mnt/c/Users/ansar/Desktop/VGGFace2_ArcFace_Project/data/aligned/train/n006315/0287_09.jpg,-0.1058736070990562,0.03003641744529838,0.06257843741041623,0.03254201996511785,0.0463074274278573
hard_genuine,/mnt/c/Users/ansar/Desktop/VGGFace2_ArcFace_Project/data/aligned/train/n006859/0096_01.jpg,/mnt/c/Users/ansar/Desktop/VGGFace2_ArcFace_Project/data/aligned/train/n006859/0155_01.jpg,-0.0931354239583015,0.14581400090910168,-0.03345626053691267,0.17927026144601435,0.08963513072300718
hard_genuine,/mnt/c/Users/ansar/Desktop/VGGFace2_ArcFace_Project/data/aligned/train/n006387/0061_01.jpg,/mnt/c/Users/ansar/Desktop/VGGFace2_ArcFace_Project/data/aligned/train/n006387/0244_01.jpg,-0.0924214646220207,0.05600474729611765,0.1352826714987353,0.07927792420261764,0.09564370939742647
hard_genuine,/mnt/c/Users/ansar/Desktop/VGGFace2_ArcFace_Project/data/aligned/train/n002613/0007_01.jpg,/mnt/c/Users/ansar/Desktop/VGGFace2_ArcFace_Project/data/aligned/train/n002613/0144_05.jpg,-0.0893449783325195,-0.18242321660834976,0.04680427442032382,0.22922749102867357,0.11461374551433678
hard_genuine,/mnt/c/Users/ansar/Desktop/VGGFace2_ArcFace_Project/data/aligned/train/n006652/0100_01.jpg,/mnt/c/Users/ansar/Desktop/VGGFace2_ArcFace_Project/data/aligned/train/n006652/0469_04.jpg,-0.0807012021541595,-0.27040858305583115,-0.6181210372230213,0.3477124541671901,0.4442648101394262
hard_genuine,/mnt/c/Users/ansar/Desktop/VGGFace2_ArcFace_Project/data/aligned/train/n004715/0189_01.jpg,/mnt/c/Users/ansar/Desktop/VGGFace2_ArcFace_Project/data/aligned/train/n004715/0236_01.jpg,-0.0771741718053817,-0.19060422172985877,-0.2059065871588944,0.015302365429035625,0.1982554044443766
hard_genuine,/mnt/c/Users/ansar/Desktop/VGGFace2_ArcFace_Project/data/aligned/train/n006305/0144_01.jpg,/mnt/c/Users/ansar/Desktop/VGGFace2_ArcFace_Project/data/aligned/train/n006305/0349_01.jpg,-0.0764254927635192,-0.004006649106243926,0.001503356417355399,0.0055100055235993255,0.0027550027617996627
hard_genuine,/mnt/c/Users/ansar/Desktop/VGGFace2_ArcFace_Project/data/aligned/train/n005939/0084_01.jpg,/mnt/c/Users/ansar/Desktop/VGGFace2_ArcFace_Project/data/aligned/train/n005939/0126_01.jpg,-0.0714274495840072,0.12879914185461905,-0.6190590768961991,0.7478582187508181,0.3739291093754091
hard_genuine,/mnt/c/Users/ansar/Desktop/VGGFace2_ArcFace_Project/data/aligned/train/n006101/0204_06.jpg,/mnt/c/Users/ansar/Desktop/VGGFace2_ArcFace_Project/data/aligned/train/n006101/0249_01.jpg,-0.0659487023949623,0.035335949038433456,-0.5116420942060025,0.546978043244436,0.273489021622218
hard_genuine,/mnt/c/Users/ansar/Desktop/VGGFace2_ArcFace_Project/data/aligned/train/n001313/0101_02.jpg,/mnt/c/Users/ansar/Desktop/VGGFace2_ArcFace_Project/data/aligned/train/n001313/0257_10.jpg,-0.0650929063558578,0.011403551668374793,0.006864257325139617,0.004539294343235176,0.009133904496757205
hard_genuine,/mnt/c/Users/ansar/Desktop/VGGFace2_ArcFace_Project/data/aligned/train/n002535/0054_01.jpg,/mnt/c/Users/ansar/Desktop/VGGFace2_ArcFace_Project/data/aligned/train/n002535/0061_01.jpg,-0.0645223036408424,0.017591197771189504,-0.09106139079009257,0.10865258856128207,0.054326294280641035
hard_genuine,/mnt/c/Users/ansar/Desktop/VGGFace2_ArcFace_Project/data/aligned/train/n007088/0017_08.jpg,/mnt/c/Users/ansar/Desktop/VGGFace2_ArcFace_Project/data/aligned/train/n007088/0191_02.jpg,-0.0554107688367366,0.11634349488097126,0.050876888402387056,0.06546660647858421,0.08361019164167915
hard_genuine,/mnt/c/Users/ansar/Desktop/VGGFace2_ArcFace_Project/data/aligned/train/n008821/0012_01.jpg,/mnt/c/Users/ansar/Desktop/VGGFace2_ArcFace_Project/data/aligned/train/n008821/0278_03.jpg,-0.0552130304276943,-0.22814865225905065,0.5984337368863648,0.8265823891454155,0.41329119457270774
hard_genuine,/mnt/c/Users/ansar/Desktop/VGGFace2_ArcFace_Project/data/aligned/train/n005247/0182_01.jpg,/mnt/c/Users/ansar/Desktop/VGGFace2_ArcFace_Project/data/aligned/train/n005247/0241_02.jpg,-0.0513730123639106,0.16433438373059744,-0.021390152867273058,0.1857245365978705,0.09286226829893525
hard_genuine,/mnt/c/Users/ansar/Desktop/VGGFace2_ArcFace_Project/data/aligned/train/n003414/0063_01.jpg,/mnt/c/Users/ansar/Desktop/VGGFace2_ArcFace_Project/data/aligned/train/n003414/0309_02.jpg,-0.0497582741081714,-0.027109768425577666,1.7850068446379566,1.8121166130635342,0.9060583065317671
hard_genuine,/mnt/c/Users/ansar/Desktop/VGGFace2_ArcFace_Project/data/aligned/train/n000949/0099_01.jpg,/mnt/c/Users/ansar/Desktop/VGGFace2_ArcFace_Project/data/aligned/train/n000949/0212_01.jpg,-0.0493413545191288,0.3260539595846798,0.1214608393682522,0.20459312021642762,0.223757399476466
hard_genuine,/mnt/c/Users/ansar/Desktop/VGGFace2_ArcFace_Project/data/aligned/train/n008328/0277_02.jpg,/mnt/c/Users/ansar/Desktop/VGGFace2_ArcFace_Project/data/aligned/train/n008328/0420_02.jpg,-0.0459673963487148,0.06255967408413478,-0.05656152304328621,0.11912119712742099,0.059560598563710494
hard_genuine,/mnt/c/Users/ansar/Desktop/VGGFace2_ArcFace_Project/data/aligned/train/n006633/0222_02.jpg,/mnt/c/Users/ansar/Desktop/VGGFace2_ArcFace_Project/data/aligned/train/n006633/0610_01.jpg,-0.0447289980947971,-0.0313628287194372,0.07779239037374835,0.10915521909318555,0.05457760954659278
hard_genuine,/mnt/c/Users/ansar/Desktop/VGGFace2_ArcFace_Project/data/aligned/train/n001737/0031_01.jpg,/mnt/c/Users/ansar/Desktop/VGGFace2_ArcFace_Project/data/aligned/train/n001737/0402_01.jpg,-0.0418309085071086,0.0401085922040737,0.06565164276950339,0.025543050565429687,0.052880117486788544
hard_genuine,/mnt/c/Users/ansar/Desktop/VGGFace2_ArcFace_Project/data/aligned/train/n004139/0002_01.jpg,/mnt/c/Users/ansar/Desktop/VGGFace2_ArcFace_Project/data/aligned/train/n004139/0246_01.jpg,-0.0356775186955928,-0.016077510042563775,0.023157139690316866,0.03923464973288064,0.01961732486644032
hard_genuine,/mnt/c/Users/ansar/Desktop/VGGFace2_ArcFace_Project/data/aligned/train/n007784/0196_01.jpg,/mnt/c/Users/ansar/Desktop/VGGFace2_ArcFace_Project/data/aligned/train/n007784/0362_03.jpg,-0.0337491258978843,0.20467521532793995,0.06446251392608648,0.14021270140185346,0.13456886462701323
hard_genuine,/mnt/c/Users/ansar/Desktop/VGGFace2_ArcFace_Project/data/aligned/train/n001724/0217_01.jpg,/mnt/c/Users/ansar/Desktop/VGGFace2_ArcFace_Project/data/aligned/train/n001724/0334_01.jpg,-0.025833923369646,0.08608200477928502,0.16376556013792135,0.07768355535863633,0.12492378245860318
hard_genuine,/mnt/c/Users/ansar/Desktop/VGGFace2_ArcFace_Project/data/aligned/train/n007492/0023_01.jpg,/mnt/c/Users/ansar/Desktop/VGGFace2_ArcFace_Project/data/aligned/train/n007492/0351_01.jpg,-0.0250787828117609,0.0891716656576546,-0.6811808225246639,0.7703524881823185,0.38517624409115925
hard_genuine,/mnt/c/Users/ansar/Desktop/VGGFace2_ArcFace_Project/data/aligned/train/n004451/0137_02.jpg,/mnt/c/Users/ansar/Desktop/VGGFace2_ArcFace_Project/data/aligned/train/n004451/0296_01.jpg,-0.0220198296010494,-0.11117513466070265,0.01971420409895379,0.13088933875965644,0.06544466937982822
hard_genuine,/mnt/c/Users/ansar/Desktop/VGGFace2_ArcFace_Project/data/aligned/train/n002333/0058_03.jpg,/mnt/c/Users/ansar/Desktop/VGGFace2_ArcFace_Project/data/aligned/train/n002333/0160_02.jpg,-0.0197605993598699,-0.06339684532620567,-0.03754804844451272,0.025848796881692948,0.05047244688535919
hard_genuine,/mnt/c/Users/ansar/Desktop/VGGFace2_ArcFace_Project/data/aligned/train/n001166/0044_01.jpg,/mnt/c/Users/ansar/Desktop/VGGFace2_ArcFace_Project/data/aligned/train/n001166/0089_01.jpg,-0.0181712694466114,-0.008271081895708082,-0.04022374034038856,0.031952658444680475,0.02424741111804832
hard_genuine,/mnt/c/Users/ansar/Desktop/VGGFace2_ArcFace_Project/data/aligned/train/n004848/0008_01.jpg,/mnt/c/Users/ansar/Desktop/VGGFace2_ArcFace_Project/data/aligned/train/n004848/0208_02.jpg,-0.0159866288304328,0.04824530332589804,0.4871342815852406,0.43888897825934253,0.2676897924555693
hard_genuine,/mnt/c/Users/ansar/Desktop/VGGFace2_ArcFace_Project/data/aligned/train/n007404/0087_01.jpg,/mnt/c/Users/ansar/Desktop/VGGFace2_ArcFace_Project/data/aligned/train/n007404/0314_01.jpg,-0.0154342884197831,-0.6292035174943053,-0.3380186677918828,0.2911848497024225,0.483611092643094
hard_genuine,/mnt/c/Users/ansar/Desktop/VGGFace2_ArcFace_Project/data/aligned/train/n006850/0247_01.jpg,/mnt/c/Users/ansar/Desktop/VGGFace2_ArcFace_Project/data/aligned/train/n006850/0414_01.jpg,-0.0148596409708261,-0.00427861196966759,-0.011446625447223408,0.007168013477555818,0.007862618708445498
hard_genuine,/mnt/c/Users/ansar/Desktop/VGGFace2_ArcFace_Project/data/aligned/train/n005659/0102_02.jpg,/mnt/c/Users/ansar/Desktop/VGGFace2_ArcFace_Project/data/aligned/train/n005659/0229_04.jpg,-0.0141025157645344,-0.1922488098666702,-0.6985329073071394,0.5062840974404692,0.44539085858690475
hard_genuine,/mnt/c/Users/ansar/Desktop/VGGFace2_ArcFace_Project/data/aligned/train/n006637/0253_01.jpg,/mnt/c/Users/ansar/Desktop/VGGFace2_ArcFace_Project/data/aligned/train/n006637/0286_01.jpg,-0.0136537766084074,0.13338440464891074,0.5824932489560638,0.44910884430715303,0.3579388268024873
hard_genuine,/mnt/c/Users/ansar/Desktop/VGGFace2_ArcFace_Project/data/aligned/train/n000093/0010_01.jpg,/mnt/c/Users/ansar/Desktop/VGGFace2_ArcFace_Project/data/aligned/train/n000093/0189_02.jpg,-0.0124561302363872,0.008117721455249607,0.07324028872900792,0.06512256727375831,0.04067900509212877
hard_genuine,/mnt/c/Users/ansar/Desktop/VGGFace2_ArcFace_Project/data/aligned/train/n003182/0234_02.jpg,/mnt/c/Users/ansar/Desktop/VGGFace2_ArcFace_Project/data/aligned/train/n003182/0825_02.jpg,-0.0122702773660421,0.0494835697652027,0.06855272386953376,0.019069154104331063,0.05901814681736823
hard_genuine,/mnt/c/Users/ansar/Desktop/VGGFace2_ArcFace_Project/data/aligned/train/n008349/0035_01.jpg,/mnt/c/Users/ansar/Desktop/VGGFace2_ArcFace_Project/data/aligned/train/n008349/0267_02.jpg,-0.0063892086036503,0.020936139021914,0.29021696264734975,0.26928082362543576,0.15557655083463187
hard_genuine,/mnt/c/Users/ansar/Desktop/VGGFace2_ArcFace_Project/data/aligned/train/n008156/0199_01.jpg,/mnt/c/Users/ansar/Desktop/VGGFace2_ArcFace_Project/data/aligned/train/n008156/0314_02.jpg,-0.0055064996704459,0.05876030936312428,0.02281643947195333,0.035943869891170946,0.040788374417538804
hard_genuine,/mnt/c/Users/ansar/Desktop/VGGFace2_ArcFace_Project/data/aligned/train/n007309/0115_01.jpg,/mnt/c/Users/ansar/Desktop/VGGFace2_ArcFace_Project/data/aligned/train/n007309/0317_01.jpg,-0.0055004903115332,-0.18019677593446234,-1.084726557314356,0.9045297813798937,0.6324616666244092
hard_genuine,/mnt/c/Users/ansar/Desktop/VGGFace2_ArcFace_Project/data/aligned/train/n003182/0234_02.jpg,/mnt/c/Users/ansar/Desktop/VGGFace2_ArcFace_Project/data/aligned/train/n003182/0359_02.jpg,-0.0054942802526056,0.0494835697652027,0.0856646830431365,0.0361811132779338,0.0675741264041696
hard_genuine,/mnt/c/Users/ansar/Desktop/VGGFace2_ArcFace_Project/data/aligned/train/n000423/0060_02.jpg,/mnt/c/Users/ansar/Desktop/VGGFace2_ArcFace_Project/data/aligned/train/n000423/0099_02.jpg,-0.0051999166607856,-0.17086920058905797,-0.03907299236449412,0.13179620822456384,0.10497109647677605
hard_genuine,/mnt/c/Users/ansar/Desktop/VGGFace2_ArcFace_Project/data/aligned/train/n001593/0545_04.jpg,/mnt/c/Users/ansar/Desktop/VGGFace2_ArcFace_Project/data/aligned/train/n001593/0846_03.jpg,-0.0039798612706363,0.2895085955099425,0.19976539199174947,0.08974320351819304,0.244636993750846
hard_genuine,/mnt/c/Users/ansar/Desktop/VGGFace2_ArcFace_Project/data/aligned/train/n006926/0090_01.jpg,/mnt/c/Users/ansar/Desktop/VGGFace2_ArcFace_Project/data/aligned/train/n006926/0417_01.jpg,-0.0025017017032951,0.37739089724400693,0.3547546650034212,0.022636232240585752,0.36607278112371405
hard_genuine,/mnt/c/Users/ansar/Desktop/VGGFace2_ArcFace_Project/data/aligned/train/n001685/0001_01.jpg,/mnt/c/Users/ansar/Desktop/VGGFace2_ArcFace_Project/data/aligned/train/n001685/0052_01.jpg,-0.0022751162759959,0.013701355856762824,0.4774222398414239,0.4637208839846611,0.24556179784909335
hard_genuine,/mnt/c/Users/ansar/Desktop/VGGFace2_ArcFace_Project/data/aligned/train/n000484/0160_01.jpg,/mnt/c/Users/ansar/Desktop/VGGFace2_ArcFace_Project/data/aligned/train/n000484/0242_01.jpg,-0.0008724731160327,0.056314795051906855,0.07375936560712197,0.017444570555215116,0.06503708032951441
hard_genuine,/mnt/c/Users/ansar/Desktop/VGGFace2_ArcFace_Project/data/aligned/train/n008418/0086_02.jpg,/mnt/c/Users/ansar/Desktop/VGGFace2_ArcFace_Project/data/aligned/train/n008418/0093_01.jpg,-0.0005792069132439,-0.04238899559970027,0.12286888248256427,0.16525787808226453,0.08262893904113226
hard_genuine,/mnt/c/Users/ansar/Desktop/VGGFace2_ArcFace_Project/data/aligned/train/n009085/0086_02.jpg,/mnt/c/Users/ansar/Desktop/VGGFace2_ArcFace_Project/data/aligned/train/n009085/0190_01.jpg,0.0008782155346125,0.44973934799161935,-0.5252773761961909,0.9750167241878103,0.48750836209390513
hard_genuine,/mnt/c/Users/ansar/Desktop/VGGFace2_ArcFace_Project/data/aligned/train/n003582/0209_04.jpg,/mnt/c/Users/ansar/Desktop/VGGFace2_ArcFace_Project/data/aligned/train/n003582/0247_06.jpg,0.0021190380211919,0.023992092050061642,0.08985744167239916,0.06586534962233752,0.0569247668612304
hard_genuine,/mnt/c/Users/ansar/Desktop/VGGFace2_ArcFace_Project/data/aligned/train/n003682/0340_01.jpg,/mnt/c/Users/ansar/Desktop/VGGFace2_ArcFace_Project/data/aligned/train/n003682/0365_01.jpg,0.0027495624963194,0.48658157523690326,0.2838355729299454,0.20274600230695788,0.38520857408342435
hard_genuine,/mnt/c/Users/ansar/Desktop/VGGFace2_ArcFace_Project/data/aligned/train/n000256/0022_03.jpg,/mnt/c/Users/ansar/Desktop/VGGFace2_ArcFace_Project/data/aligned/train/n000256/0406_01.jpg,0.0045749605633318,0.02235834612766179,-0.00320607275183708,0.025564418879498868,0.012782209439749434
hard_genuine,/mnt/c/Users/ansar/Desktop/VGGFace2_ArcFace_Project/data/aligned/train/n004809/0033_01.jpg,/mnt/c/Users/ansar/Desktop/VGGFace2_ArcFace_Project/data/aligned/train/n004809/0235_01.jpg,0.005641100462526,0.18362307808520173,-0.05735473911128548,0.2409778171964872,0.1204889085982436
hard_genuine,/mnt/c/Users/ansar/Desktop/VGGFace2_ArcFace_Project/data/aligned/train/n009101/0229_01.jpg,/mnt/c/Users/ansar/Desktop/VGGFace2_ArcFace_Project/data/aligned/train/n009101/0302_02.jpg,0.0058653983287513,0.2704763422149265,0.9468883659348032,0.6764120237198767,0.6086823540748648
hard_genuine,/mnt/c/Users/ansar/Desktop/VGGFace2_ArcFace_Project/data/aligned/train/n000697/0322_01.jpg,/mnt/c/Users/ansar/Desktop/VGGFace2_ArcFace_Project/data/aligned/train/n000697/0336_05.jpg,0.0062646730802953,-0.39131589793357063,-0.10302783137175245,0.28828806656181816,0.24717186465266155
hard_genuine,/mnt/c/Users/ansar/Desktop/VGGFace2_ArcFace_Project/data/aligned/train/n007875/0079_01.jpg,/mnt/c/Users/ansar/Desktop/VGGFace2_ArcFace_Project/data/aligned/train/n007875/0162_05.jpg,0.0070287995040416,0.09226902769977406,-0.1081687927281756,0.20043782042794966,0.10021891021397483
hard_genuine,/mnt/c/Users/ansar/Desktop/VGGFace2_ArcFace_Project/data/aligned/train/n001215/0002_01.jpg,/mnt/c/Users/ansar/Desktop/VGGFace2_ArcFace_Project/data/aligned/train/n001215/0227_01.jpg,0.0079140029847621,0.051212143458657655,-0.02721918498401966,0.07843132844267732,0.03921566422133866
hard_genuine,/mnt/c/Users/ansar/Desktop/VGGFace2_ArcFace_Project/data/aligned/train/n000700/0059_01.jpg,/mnt/c/Users/ansar/Desktop/VGGFace2_ArcFace_Project/data/aligned/train/n000700/0069_02.jpg,0.0079238368198275,0.09327424293314233,0.044972569161147266,0.04830167377199507,0.0691234060471448
hard_genuine,/mnt/c/Users/ansar/Desktop/VGGFace2_ArcFace_Project/data/aligned/train/n004191/0072_01.jpg,/mnt/c/Users/ansar/Desktop/VGGFace2_ArcFace_Project/data/aligned/train/n004191/0241_03.jpg,0.0080991415306925,0.9032350484518119,0.008575574368200408,0.8946594740836115,0.4559053114100062
hard_genuine,/mnt/c/Users/ansar/Desktop/VGGFace2_ArcFace_Project/data/aligned/train/n006885/0301_01.jpg,/mnt/c/Users/ansar/Desktop/VGGFace2_ArcFace_Project/data/aligned/train/n006885/0653_01.jpg,0.0081443870440125,0.749831801952526,-0.03756710539322991,0.7873989073457559,0.39369945367287795
hard_genuine,/mnt/c/Users/ansar/Desktop/VGGFace2_ArcFace_Project/data/aligned/train/n001078/0132_02.jpg,/mnt/c/Users/ansar/Desktop/VGGFace2_ArcFace_Project/data/aligned/train/n001078/0214_01.jpg,0.0084872618317604,0.28261590538904524,-0.7822060100335186,1.0648219154225638,0.5324109577112819
hard_genuine,/mnt/c/Users/ansar/Desktop/VGGFace2_ArcFace_Project/data/aligned/train/n004512/0411_01.jpg,/mnt/c/Users/ansar/Desktop/VGGFace2_ArcFace_Project/data/aligned/train/n004512/0430_02.jpg,0.0092112310230731,-0.032665035457824204,0.011819656846779108,0.044484692304603314,0.022242346152301657
hard_genuine,/mnt/c/Users/ansar/Desktop/VGGFace2_ArcFace_Project/data/aligned/train/n002099/0139_04.jpg,/mnt/c/Users/ansar/Desktop/VGGFace2_ArcFace_Project/data/aligned/train/n002099/0149_02.jpg,0.0093338079750537,0.08459020530585878,0.04173634410069747,0.04285386120516131,0.06316327470327812
hard_genuine,/mnt/c/Users/ansar/Desktop/VGGFace2_ArcFace_Project/data/aligned/train/n004227/0002_01.jpg,/mnt/c/Users/ansar/Desktop/VGGFace2_ArcFace_Project/data/aligned/train/n004227/0273_02.jpg,0.0095894150435924,0.06651567082104229,-0.19538022143465045,0.26189589225569276,0.13094794612784638
hard_genuine,/mnt/c/Users/ansar/Desktop/VGGFace2_ArcFace_Project/data/aligned/train/n001820/0066_01.jpg,/mnt/c/Users/ansar/Desktop/VGGFace2_ArcFace_Project/data/aligned/train/n001820/0171_01.jpg,0.0101760867983102,0.17931595478548526,-0.10517281678905989,0.28448877157454516,0.14224438578727258
hard_genuine,/mnt/c/Users/ansar/Desktop/VGGFace2_ArcFace_Project/data/aligned/train/n001023/0022_03.jpg,/mnt/c/Users/ansar/Desktop/VGGFace2_ArcFace_Project/data/aligned/train/n001023/0163_01.jpg,0.0123047763481736,-0.034704232015218106,-0.20171731670929263,0.16701308469407453,0.11821077436225537
hard_genuine,/mnt/c/Users/ansar/Desktop/VGGFace2_ArcFace_Project/data/aligned/train/n002979/0100_01.jpg,/mnt/c/Users/ansar/Desktop/VGGFace2_ArcFace_Project/data/aligned/train/n002979/0830_04.jpg,0.0126047143712639,0.026497863986085154,0.08402126643180305,0.057523402445717894,0.0552595652089441
hard_genuine,/mnt/c/Users/ansar/Desktop/VGGFace2_ArcFace_Project/data/aligned/train/n001561/0168_02.jpg,/mnt/c/Users/ansar/Desktop/VGGFace2_ArcFace_Project/data/aligned/train/n001561/0345_01.jpg,0.0141333928331732,0.24438168491161574,-0.0030052018439817225,0.24738688675559747,0.12369344337779874
hard_genuine,/mnt/c/Users/ansar/Desktop/VGGFace2_ArcFace_Project/data/aligned/train/n004072/0174_07.jpg,/mnt/c/Users/ansar/Desktop/VGGFace2_ArcFace_Project/data/aligned/train/n004072/0178_01.jpg,0.0146866748109459,-0.08304787940344166,0.39612380606288833,0.47917168546633,0.239585842733165
hard_genuine,/mnt/c/Users/ansar/Desktop/VGGFace2_ArcFace_Project/data/aligned/train/n003175/0007_01.jpg,/mnt/c/Users/ansar/Desktop/VGGFace2_ArcFace_Project/data/aligned/train/n003175/0182_02.jpg,0.0146929528564214,0.05203774532633492,-0.5878228035165786,0.6398605488429134,0.3199302744214567
hard_genuine,/mnt/c/Users/ansar/Desktop/VGGFace2_ArcFace_Project/data/aligned/train/n008781/0166_01.jpg,/mnt/c/Users/ansar/Desktop/VGGFace2_ArcFace_Project/data/aligned/train/n008781/0251_01.jpg,0.0150434132665395,-0.4246157689900484,0.2924440607769071,0.7170598297669555,0.35852991488347774
hard_genuine,/mnt/c/Users/ansar/Desktop/VGGFace2_ArcFace_Project/data/aligned/train/n000914/0209_01.jpg,/mnt/c/Users/ansar/Desktop/VGGFace2_ArcFace_Project/data/aligned/train/n000914/0317_01.jpg,0.0151711646467447,0.40979770715984654,0.13076913397971818,0.27902857318012836,0.2702834205697824
hard_genuine,/mnt/c/Users/ansar/Desktop/VGGFace2_ArcFace_Project/data/aligned/train/n008959/0299_01.jpg,/mnt/c/Users/ansar/Desktop/VGGFace2_ArcFace_Project/data/aligned/train/n008959/0369_03.jpg,0.0153029225766658,-0.25768253799853436,-0.0378162827417211,0.21986625525681325,0.14774941037012773
hard_genuine,/mnt/c/Users/ansar/Desktop/VGGFace2_ArcFace_Project/data/aligned/train/n001741/0039_01.jpg,/mnt/c/Users/ansar/Desktop/VGGFace2_ArcFace_Project/data/aligned/train/n001741/0259_01.jpg,0.0158781241625547,0.041711831201756526,-0.034896006909676335,0.07660783811143286,0.03830391905571643
hard_genuine,/mnt/c/Users/ansar/Desktop/VGGFace2_ArcFace_Project/data/aligned/train/n009136/0115_02.jpg,/mnt/c/Users/ansar/Desktop/VGGFace2_ArcFace_Project/data/aligned/train/n009136/0345_03.jpg,0.0177969299256801,-0.015550822948624907,0.10004507600844773,0.11559589895707263,0.057797949478536316
hard_genuine,/mnt/c/Users/ansar/Desktop/VGGFace2_ArcFace_Project/data/aligned/train/n001986/0117_01.jpg,/mnt/c/Users/ansar/Desktop/VGGFace2_ArcFace_Project/data/aligned/train/n001986/0275_01.jpg,0.0191979687660932,0.16705806760958578,0.06698786403143915,0.10007020357814662,0.11702296582051247
hard_genuine,/mnt/c/Users/ansar/Desktop/VGGFace2_ArcFace_Project/data/aligned/train/n008360/0063_01.jpg,/mnt/c/Users/ansar/Desktop/VGGFace2_ArcFace_Project/data/aligned/train/n008360/0205_02.jpg,0.0196471456438303,0.24658068895446283,-0.18447302633184745,0.4310537152863103,0.21552685764315516
hard_genuine,/mnt/c/Users/ansar/Desktop/VGGFace2_ArcFace_Project/data/aligned/train/n004307/0016_01.jpg,/mnt/c/Users/ansar/Desktop/VGGFace2_ArcFace_Project/data/aligned/train/n004307/0287_07.jpg,0.0198290981352329,-0.027541131430556663,-0.09338808370692596,0.0658469522763693,0.06046460756874131
hard_genuine,/mnt/c/Users/ansar/Desktop/VGGFace2_ArcFace_Project/data/aligned/train/n009119/0157_01.jpg,/mnt/c/Users/ansar/Desktop/VGGFace2_ArcFace_Project/data/aligned/train/n009119/0290_01.jpg,0.0206563901156187,0.23065268904218883,-0.8513663963193492,1.0820190853615381,0.5410095426807691
hard_genuine,/mnt/c/Users/ansar/Desktop/VGGFace2_ArcFace_Project/data/aligned/train/n002472/0166_01.jpg,/mnt/c/Users/ansar/Desktop/VGGFace2_ArcFace_Project/data/aligned/train/n002472/0432_01.jpg,0.0217037703841924,-0.30198733825403706,-0.192976809705071,0.10901052854896606,0.24748207397955402
hard_genuine,/mnt/c/Users/ansar/Desktop/VGGFace2_ArcFace_Project/data/aligned/train/n006242/0036_01.jpg,/mnt/c/Users/ansar/Desktop/VGGFace2_ArcFace_Project/data/aligned/train/n006242/0393_01.jpg,0.021737715229392,-0.02171829558318711,0.2534042964270854,0.2751225920102725,0.13756129600513625
hard_genuine,/mnt/c/Users/ansar/Desktop/VGGFace2_ArcFace_Project/data/aligned/train/n004784/0241_02.jpg,/mnt/c/Users/ansar/Desktop/VGGFace2_ArcFace_Project/data/aligned/train/n004784/0331_01.jpg,0.0223345849663019,-0.11064557979754226,-0.5202804595377806,0.4096348797402383,0.31546301966766144
hard_genuine,/mnt/c/Users/ansar/Desktop/VGGFace2_ArcFace_Project/data/aligned/train/n004805/0159_02.jpg,/mnt/c/Users/ansar/Desktop/VGGFace2_ArcFace_Project/data/aligned/train/n004805/0390_01.jpg,0.0253619421273469,-0.2537064650084194,-0.4547503954023675,0.20104393039394808,0.35422843020539346
hard_genuine,/mnt/c/Users/ansar/Desktop/VGGFace2_ArcFace_Project/data/aligned/train/n004371/0367_02.jpg,/mnt/c/Users/ansar/Desktop/VGGFace2_ArcFace_Project/data/aligned/train/n004371/0504_01.jpg,0.0259373001754283,-0.5816655780849056,-0.0010832401602393915,0.5805823379246662,0.2913744091225725
hard_genuine,/mnt/c/Users/ansar/Desktop/VGGFace2_ArcFace_Project/data/aligned/train/n000506/0153_01.jpg,/mnt/c/Users/ansar/Desktop/VGGFace2_ArcFace_Project/data/aligned/train/n000506/0223_01.jpg,0.0265866443514823,-0.021124474446115413,-0.15731205772617324,0.1361875832800578,0.08921826608614433
hard_genuine,/mnt/c/Users/ansar/Desktop/VGGFace2_ArcFace_Project/data/aligned/train/n009058/0137_05.jpg,/mnt/c/Users/ansar/Desktop/VGGFace2_ArcFace_Project/data/aligned/train/n009058/0255_04.jpg,0.0271692834794521,0.256980498634004,0.04806622956335525,0.20891426907064875,0.15252336409867964
hard_genuine,/mnt/c/Users/ansar/Desktop/VGGFace2_ArcFace_Project/data/aligned/train/n002795/0021_01.jpg,/mnt/c/Users/ansar/Desktop/VGGFace2_ArcFace_Project/data/aligned/train/n002795/0083_01.jpg,0.0272787995636463,-0.07161974074150776,0.06921540193222624,0.14083514267373398,0.07041757133686699
hard_genuine,/mnt/c/Users/ansar/Desktop/VGGFace2_ArcFace_Project/data/aligned/train/n004688/0267_01.jpg,/mnt/c/Users/ansar/Desktop/VGGFace2_ArcFace_Project/data/aligned/train/n004688/0468_01.jpg,0.0282450262457132,-0.6127969248054941,0.28190255227695743,0.8946994770824515,0.4473497385412257
hard_genuine,/mnt/c/Users/ansar/Desktop/VGGFace2_ArcFace_Project/data/aligned/train/n001854/0039_01.jpg,/mnt/c/Users/ansar/Desktop/VGGFace2_ArcFace_Project/data/aligned/train/n001854/0302_01.jpg,0.0286367163062095,-0.3671108092370508,0.2426757719532631,0.6097865811903139,0.30489329059515696
hard_genuine,/mnt/c/Users/ansar/Desktop/VGGFace2_ArcFace_Project/data/aligned/train/n009254/0208_01.jpg,/mnt/c/Users/ansar/Desktop/VGGFace2_ArcFace_Project/data/aligned/train/n009254/0259_01.jpg,0.0289091281592845,-0.362373818428118,0.21258087406866322,0.5749546924967812,0.2874773462483906
hard_genuine,/mnt/c/Users/ansar/Desktop/VGGFace2_ArcFace_Project/data/aligned/train/n006464/0279_02.jpg,/mnt/c/Users/ansar/Desktop/VGGFace2_ArcFace_Project/data/aligned/train/n006464/0654_04.jpg,0.0292172227054834,0.4378794786979659,-0.0866069227839072,0.5244864014818731,0.26224320074093654
hard_genuine,/mnt/c/Users/ansar/Desktop/VGGFace2_ArcFace_Project/data/aligned/train/n003155/0515_02.jpg,/mnt/c/Users/ansar/Desktop/VGGFace2_ArcFace_Project/data/aligned/train/n003155/1055_01.jpg,0.0295794401317834,0.05043763100626522,0.1116615881320663,0.06122395712580107,0.08104960956916576
hard_genuine,/mnt/c/Users/ansar/Desktop/VGGFace2_ArcFace_Project/data/aligned/train/n002177/0018_01.jpg,/mnt/c/Users/ansar/Desktop/VGGFace2_ArcFace_Project/data/aligned/train/n002177/0113_03.jpg,0.0296562574803829,0.11878986934210006,0.14727992601509943,0.028490056672999364,0.13303489767859975
hard_genuine,/mnt/c/Users/ansar/Desktop/VGGFace2_ArcFace_Project/data/aligned/train/n006656/0164_01.jpg,/mnt/c/Users/ansar/Desktop/VGGFace2_ArcFace_Project/data/aligned/train/n006656/0253_08.jpg,0.0300602950155735,-0.01584550907709886,0.1328076776454934,0.14865318672259226,0.07432659336129613
hard_genuine,/mnt/c/Users/ansar/Desktop/VGGFace2_ArcFace_Project/data/aligned/train/n006280/0028_01.jpg,/mnt/c/Users/ansar/Desktop/VGGFace2_ArcFace_Project/data/aligned/train/n006280/0232_02.jpg,0.031297817826271,0.11824259200874113,-1.0225903867408066,1.1408329787495477,0.5704164893747738
hard_genuine,/mnt/c/Users/ansar/Desktop/VGGFace2_ArcFace_Project/data/aligned/train/n005193/0064_01.jpg,/mnt/c/Users/ansar/Desktop/VGGFace2_ArcFace_Project/data/aligned/train/n005193/0083_03.jpg,0.0347026772797107,-0.8649690130910764,-0.020202778373029674,0.8447662347180468,0.44258589573205304
hard_genuine,/mnt/c/Users/ansar/Desktop/VGGFace2_ArcFace_Project/data/aligned/train/n008649/0176_01.jpg,/mnt/c/Users/ansar/Desktop/VGGFace2_ArcFace_Project/data/aligned/train/n008649/0369_01.jpg,0.03550411388278,0.23215532478698916,0.6904669586967848,0.45831163390979557,0.461311141741887
hard_genuine,/mnt/c/Users/ansar/Desktop/VGGFace2_ArcFace_Project/data/aligned/train/n001902/0052_01.jpg,/mnt/c/Users/ansar/Desktop/VGGFace2_ArcFace_Project/data/aligned/train/n001902/0124_01.jpg,0.0357146933674812,0.008804504329018322,0.10110090657334289,0.09229640224432457,0.054952705451180604
hard_genuine,/mnt/c/Users/ansar/Desktop/VGGFace2_ArcFace_Project/data/aligned/train/n002435/0029_03.jpg,/mnt/c/Users/ansar/Desktop/VGGFace2_ArcFace_Project/data/aligned/train/n002435/0718_03.jpg,0.0370384566485881,-0.11100358444241525,-0.19966413890819873,0.08866055446578348,0.155333861675307
hard_genuine,/mnt/c/Users/ansar/Desktop/VGGFace2_ArcFace_Project/data/aligned/train/n000181/0290_02.jpg,/mnt/c/Users/ansar/Desktop/VGGFace2_ArcFace_Project/data/aligned/train/n000181/0306_01.jpg,0.0380719192326068,-0.40835675339180894,0.0022035482393321375,0.4105603016311411,0.20528015081557055
hard_genuine,/mnt/c/Users/ansar/Desktop/VGGFace2_ArcFace_Project/data/aligned/train/n007374/0074_01.jpg,/mnt/c/Users/ansar/Desktop/VGGFace2_ArcFace_Project/data/aligned/train/n007374/0181_01.jpg,0.038219716399908,-0.05717018727832738,0.054441289712460955,0.11161147699078833,0.055805738495394164
hard_genuine,/mnt/c/Users/ansar/Desktop/VGGFace2_ArcFace_Project/data/aligned/train/n007549/0018_01.jpg,/mnt/c/Users/ansar/Desktop/VGGFace2_ArcFace_Project/data/aligned/train/n007549/0257_01.jpg,0.0382666774094104,-0.20042760574455368,-0.3977598663544062,0.1973322606098525,0.2990937360494799
hard_genuine,/mnt/c/Users/ansar/Desktop/VGGFace2_ArcFace_Project/data/aligned/train/n003656/0046_01.jpg,/mnt/c/Users/ansar/Desktop/VGGFace2_ArcFace_Project/data/aligned/train/n003656/0337_01.jpg,0.0383619740605354,-0.21936473681154603,-0.7984458604118914,0.5790811236003454,0.5089052986117187
hard_impostor,/mnt/c/Users/ansar/Desktop/VGGFace2_ArcFace_Project/data/aligned/train/n002705/0308_01.jpg,/mnt/c/Users/ansar/Desktop/VGGFace2_ArcFace_Project/data/aligned/train/n000005/0176_02.jpg,0.9717360734939576,1.6322467051440126,0.30998805187187095,1.3222586532721416,0.9711173785079418
hard_impostor,/mnt/c/Users/ansar/Desktop/VGGFace2_ArcFace_Project/data/aligned/train/n008254/0237_02.jpg,/mnt/c/Users/ansar/Desktop/VGGFace2_ArcFace_Project/data/aligned/train/n003332/0090_01.jpg,0.969086766242981,0.62430407639646,0.2568257175093707,0.3674783588870893,0.44056489695291534
hard_impostor,/mnt/c/Users/ansar/Desktop/VGGFace2_ArcFace_Project/data/aligned/train/n006487/0116_01.jpg,/mnt/c/Users/ansar/Desktop/VGGFace2_ArcFace_Project/data/aligned/train/n000130/0327_04.jpg,0.948597490787506,0.4001648588218632,1.1258000334868723,0.7256351746650092,0.7629824461543677
hard_impostor,/mnt/c/Users/ansar/Desktop/VGGFace2_ArcFace_Project/data/aligned/train/n000366/0202_01.jpg,/mnt/c/Users/ansar/Desktop/VGGFace2_ArcFace_Project/data/aligned/train/n005807/0306_01.jpg,0.9223922491073608,0.4400410328017598,0.6162820554417084,0.17624102263994862,0.5281615441217341
hard_impostor,/mnt/c/Users/ansar/Desktop/VGGFace2_ArcFace_Project/data/aligned/train/n002885/0603_04.jpg,/mnt/c/Users/ansar/Desktop/VGGFace2_ArcFace_Project/data/aligned/train/n009108/0317_01.jpg,0.9222070574760436,2.576049713480989,-0.06088831538021394,2.636938028861203,1.3184690144306015
hard_impostor,/mnt/c/Users/ansar/Desktop/VGGFace2_ArcFace_Project/data/aligned/train/n007718/0208_03.jpg,/mnt/c/Users/ansar/Desktop/VGGFace2_ArcFace_Project/data/aligned/train/n004980/0372_01.jpg,0.914865791797638,0.6777476068703343,0.06980157631373245,0.6079460305566019,0.37377459159203336
hard_impostor,/mnt/c/Users/ansar/Desktop/VGGFace2_ArcFace_Project/data/aligned/train/n001443/0241_01.jpg,/mnt/c/Users/ansar/Desktop/VGGFace2_ArcFace_Project/data/aligned/train/n001612/0224_01.jpg,0.8649474382400513,0.5943487319867672,1.6045089034867683,1.0101601715000013,1.0994288177367677
hard_impostor,/mnt/c/Users/ansar/Desktop/VGGFace2_ArcFace_Project/data/aligned/train/n008130/0224_02.jpg,/mnt/c/Users/ansar/Desktop/VGGFace2_ArcFace_Project/data/aligned/train/n003594/0359_01.jpg,0.8602469563484192,-0.0063326378127619804,-0.3021139419018264,0.2957813040890644,0.1542232898572942
hard_impostor,/mnt/c/Users/ansar/Desktop/VGGFace2_ArcFace_Project/data/aligned/train/n009009/0415_02.jpg,/mnt/c/Users/ansar/Desktop/VGGFace2_ArcFace_Project/data/aligned/train/n008578/0144_01.jpg,0.8499653339385986,-0.21869237591003277,-0.054451181707613754,0.164241194202419,0.13657177880882326
hard_impostor,/mnt/c/Users/ansar/Desktop/VGGFace2_ArcFace_Project/data/aligned/train/n006504/0197_01.jpg,/mnt/c/Users/ansar/Desktop/VGGFace2_ArcFace_Project/data/aligned/train/n007218/0278_02.jpg,0.8014299273490906,0.22304955632488707,0.29451284493598456,0.07146328861109749,0.2587812006304358
hard_impostor,/mnt/c/Users/ansar/Desktop/VGGFace2_ArcFace_Project/data/aligned/train/n005118/0228_01.jpg,/mnt/c/Users/ansar/Desktop/VGGFace2_ArcFace_Project/data/aligned/train/n007491/0422_01.jpg,0.7938125729560852,-0.5050643323362949,1.677529367581702,2.182593699917997,1.0912968499589986
hard_impostor,/mnt/c/Users/ansar/Desktop/VGGFace2_ArcFace_Project/data/aligned/train/n008099/0289_01.jpg,/mnt/c/Users/ansar/Desktop/VGGFace2_ArcFace_Project/data/aligned/train/n004973/0150_07.jpg,0.7823165655136108,-0.3129206527567112,-0.22584300079386269,0.08707765196284853,0.26938182677528694
hard_impostor,/mnt/c/Users/ansar/Desktop/VGGFace2_ArcFace_Project/data/aligned/train/n000622/0248_02.jpg,/mnt/c/Users/ansar/Desktop/VGGFace2_ArcFace_Project/data/aligned/train/n000475/0173_01.jpg,0.7530239820480347,0.9808801294653464,-2.8127067312493694,3.793586860714716,1.896793430357358
hard_impostor,/mnt/c/Users/ansar/Desktop/VGGFace2_ArcFace_Project/data/aligned/train/n007856/0304_01.jpg,/mnt/c/Users/ansar/Desktop/VGGFace2_ArcFace_Project/data/aligned/train/n002645/0300_01.jpg,0.7156751155853271,1.2816820847897261,-0.613851280227834,1.89553336501756,0.94776668250878
hard_impostor,/mnt/c/Users/ansar/Desktop/VGGFace2_ArcFace_Project/data/aligned/train/n005655/0630_01.jpg,/mnt/c/Users/ansar/Desktop/VGGFace2_ArcFace_Project/data/aligned/train/n001427/0357_03.jpg,0.7148692607879639,0.009018697413811708,-0.1539059461253515,0.1629246435391632,0.0814623217695816
hard_impostor,/mnt/c/Users/ansar/Desktop/VGGFace2_ArcFace_Project/data/aligned/train/n002901/0163_01.jpg,/mnt/c/Users/ansar/Desktop/VGGFace2_ArcFace_Project/data/aligned/train/n006255/0152_03.jpg,0.714608371257782,0.3096238945099167,-0.4832208102651456,0.7928447047750622,0.3964223523875311
hard_impostor,/mnt/c/Users/ansar/Desktop/VGGFace2_ArcFace_Project/data/aligned/train/n000923/0226_01.jpg,/mnt/c/Users/ansar/Desktop/VGGFace2_ArcFace_Project/data/aligned/train/n006226/0262_01.jpg,0.7037510275840759,-0.5457301825745764,0.6790188221487424,1.2247490047233187,0.6123745023616594
hard_impostor,/mnt/c/Users/ansar/Desktop/VGGFace2_ArcFace_Project/data/aligned/train/n008417/0392_01.jpg,/mnt/c/Users/ansar/Desktop/VGGFace2_ArcFace_Project/data/aligned/train/n001490/0096_02.jpg,0.7006801962852478,-0.011642834001188266,-0.57478949079123,0.5631466567900417,0.2932161623962091
hard_impostor,/mnt/c/Users/ansar/Desktop/VGGFace2_ArcFace_Project/data/aligned/train/n004562/0228_02.jpg,/mnt/c/Users/ansar/Desktop/VGGFace2_ArcFace_Project/data/aligned/train/n003427/0151_01.jpg,0.6900041103363037,0.0423496508566426,-0.13553838596654777,0.17788803682319038,0.08894401841159519
hard_impostor,/mnt/c/Users/ansar/Desktop/VGGFace2_ArcFace_Project/data/aligned/train/n007224/0290_02.jpg,/mnt/c/Users/ansar/Desktop/VGGFace2_ArcFace_Project/data/aligned/train/n000916/0325_04.jpg,0.6746336221694946,0.18348312488100707,1.0435159247792796,0.8600327998982725,0.6134995248301434
hard_impostor,/mnt/c/Users/ansar/Desktop/VGGFace2_ArcFace_Project/data/aligned/train/n004077/0188_01.jpg,/mnt/c/Users/ansar/Desktop/VGGFace2_ArcFace_Project/data/aligned/train/n000635/0209_01.jpg,0.6615809202194214,0.026405436639481444,-0.649225556007589,0.6756309926470705,0.33781549632353525
hard_impostor,/mnt/c/Users/ansar/Desktop/VGGFace2_ArcFace_Project/data/aligned/train/n003355/0537_01.jpg,/mnt/c/Users/ansar/Desktop/VGGFace2_ArcFace_Project/data/aligned/train/n000948/0225_01.jpg,0.6542245149612427,-0.36369752717663795,-1.113219572224573,0.7495220450479351,0.7384585497006055
hard_impostor,/mnt/c/Users/ansar/Desktop/VGGFace2_ArcFace_Project/data/aligned/train/n009009/0441_01.jpg,/mnt/c/Users/ansar/Desktop/VGGFace2_ArcFace_Project/data/aligned/train/n001476/0463_02.jpg,0.6484581828117371,0.04614459867870928,0.3536167578182091,0.3074721591394998,0.1998806782484592
hard_impostor,/mnt/c/Users/ansar/Desktop/VGGFace2_ArcFace_Project/data/aligned/train/n001667/0098_01.jpg,/mnt/c/Users/ansar/Desktop/VGGFace2_ArcFace_Project/data/aligned/train/n005183/0177_02.jpg,0.636897623538971,-0.4804982080770239,-1.6482034639732308,1.1677052558962069,1.0643508360251275
hard_impostor,/mnt/c/Users/ansar/Desktop/VGGFace2_ArcFace_Project/data/aligned/train/n005236/0285_01.jpg,/mnt/c/Users/ansar/Desktop/VGGFace2_ArcFace_Project/data/aligned/train/n004004/0416_02.jpg,0.6261729598045349,-0.14099805721976094,1.066365884545956,1.207363941765717,0.6036819708828585
hard_impostor,/mnt/c/Users/ansar/Desktop/VGGFace2_ArcFace_Project/data/aligned/train/n001998/0824_05.jpg,/mnt/c/Users/ansar/Desktop/VGGFace2_ArcFace_Project/data/aligned/train/n003843/0344_01.jpg,0.6250548362731934,-0.06673507145525508,0.4316644334819924,0.4983995049372475,0.24919975246862375
hard_impostor,/mnt/c/Users/ansar/Desktop/VGGFace2_ArcFace_Project/data/aligned/train/n008232/0095_01.jpg,/mnt/c/Users/ansar/Desktop/VGGFace2_ArcFace_Project/data/aligned/train/n008469/0040_01.jpg,0.6094355583190918,0.0014212297989069018,-0.3393230341080792,0.3407442639069861,0.17037213195349304
hard_impostor,/mnt/c/Users/ansar/Desktop/VGGFace2_ArcFace_Project/data/aligned/train/n009096/0096_07.jpg,/mnt/c/Users/ansar/Desktop/VGGFace2_ArcFace_Project/data/aligned/train/n005615/0104_01.jpg,0.5954307317733765,-0.3415939541676946,-0.02786417849559829,0.3137297756720963,0.18472906633164646
hard_impostor,/mnt/c/Users/ansar/Desktop/VGGFace2_ArcFace_Project/data/aligned/train/n000089/0300_01.jpg,/mnt/c/Users/ansar/Desktop/VGGFace2_ArcFace_Project/data/aligned/train/n001249/0379_03.jpg,0.5534651279449463,-0.3709216098870609,-0.2325302222578599,0.138391387629201,0.3017259160724604
hard_impostor,/mnt/c/Users/ansar/Desktop/VGGFace2_ArcFace_Project/data/aligned/train/n001017/0277_01.jpg,/mnt/c/Users/ansar/Desktop/VGGFace2_ArcFace_Project/data/aligned/train/n004385/0234_03.jpg,0.5430449843406677,0.7295113497601823,-0.0649014780893226,0.7944128278495048,0.3972064139247524
hard_impostor,/mnt/c/Users/ansar/Desktop/VGGFace2_ArcFace_Project/data/aligned/train/n003803/0320_01.jpg,/mnt/c/Users/ansar/Desktop/VGGFace2_ArcFace_Project/data/aligned/train/n003439/0465_01.jpg,0.5412401556968689,-0.6923998483131194,0.45270994266444825,1.1451097909775676,0.5725548954887838
hard_impostor,/mnt/c/Users/ansar/Desktop/VGGFace2_ArcFace_Project/data/aligned/train/n008371/0111_01.jpg,/mnt/c/Users/ansar/Desktop/VGGFace2_ArcFace_Project/data/aligned/train/n001426/0317_02.jpg,0.5336377620697021,-0.16908081196205363,-1.3363907829587218,1.1673099709966681,0.7527357974603878
hard_impostor,/mnt/c/Users/ansar/Desktop/VGGFace2_ArcFace_Project/data/aligned/train/n008419/0305_01.jpg,/mnt/c/Users/ansar/Desktop/VGGFace2_ArcFace_Project/data/aligned/train/n004127/0063_01.jpg,0.5332978367805481,0.5683468227776085,-0.40509178613495067,0.9734386089125592,0.4867193044562796
hard_impostor,/mnt/c/Users/ansar/Desktop/VGGFace2_ArcFace_Project/data/aligned/train/n003300/0233_01.jpg,/mnt/c/Users/ansar/Desktop/VGGFace2_ArcFace_Project/data/aligned/train/n006552/0070_01.jpg,0.5276561379432678,-1.6406192618122495,-0.09256734486086822,1.5480519169513813,0.8665933033365588
hard_impostor,/mnt/c/Users/ansar/Desktop/VGGFace2_ArcFace_Project/data/aligned/train/n005749/0189_01.jpg,/mnt/c/Users/ansar/Desktop/VGGFace2_ArcFace_Project/data/aligned/train/n001606/0298_01.jpg,0.5185967087745667,0.19004935811188753,-0.039935355409488865,0.2299847135213764,0.1149923567606882
hard_impostor,/mnt/c/Users/ansar/Desktop/VGGFace2_ArcFace_Project/data/aligned/train/n007107/0163_04.jpg,/mnt/c/Users/ansar/Desktop/VGGFace2_ArcFace_Project/data/aligned/train/n001556/0011_01.jpg,0.5115311145782471,0.02185872647541718,0.3069204419020217,0.2850617154266045,0.16438958418871946
hard_impostor,/mnt/c/Users/ansar/Desktop/VGGFace2_ArcFace_Project/data/aligned/train/n004892/0074_01.jpg,/mnt/c/Users/ansar/Desktop/VGGFace2_ArcFace_Project/data/aligned/train/n001383/0414_01.jpg,0.5084683299064636,0.20369624873552686,-0.02542285723791102,0.22911910597343788,0.11455955298671894
hard_impostor,/mnt/c/Users/ansar/Desktop/VGGFace2_ArcFace_Project/data/aligned/train/n003567/0291_01.jpg,/mnt/c/Users/ansar/Desktop/VGGFace2_ArcFace_Project/data/aligned/train/n008583/0079_16.jpg,0.5016638040542603,0.6925351719414101,-0.1620412780361708,0.854576449977581,0.4272882249887905
hard_impostor,/mnt/c/Users/ansar/Desktop/VGGFace2_ArcFace_Project/data/aligned/train/n005883/0221_01.jpg,/mnt/c/Users/ansar/Desktop/VGGFace2_ArcFace_Project/data/aligned/train/n006709/0229_01.jpg,0.4843614101409912,0.5539130300824369,0.29313837748406707,0.2607746525983698,0.42352570378325194
hard_impostor,/mnt/c/Users/ansar/Desktop/VGGFace2_ArcFace_Project/data/aligned/train/n009050/0310_01.jpg,/mnt/c/Users/ansar/Desktop/VGGFace2_ArcFace_Project/data/aligned/train/n004391/0325_01.jpg,0.4832761585712433,-0.4591481141160895,-0.008376064866354489,0.450772049249735,0.233762089491222
hard_impostor,/mnt/c/Users/ansar/Desktop/VGGFace2_ArcFace_Project/data/aligned/train/n003927/0198_03.jpg,/mnt/c/Users/ansar/Desktop/VGGFace2_ArcFace_Project/data/aligned/train/n004714/0241_01.jpg,0.4822405278682709,0.10855042647159616,0.15810856164682413,0.049558135175227974,0.13332949405921013
hard_impostor,/mnt/c/Users/ansar/Desktop/VGGFace2_ArcFace_Project/data/aligned/train/n008830/0235_01.jpg,/mnt/c/Users/ansar/Desktop/VGGFace2_ArcFace_Project/data/aligned/train/n009195/0234_02.jpg,0.4773782789707184,0.1409279261332401,0.3575919715101439,0.21666404537690379,0.249259948821692
hard_impostor,/mnt/c/Users/ansar/Desktop/VGGFace2_ArcFace_Project/data/aligned/train/n001253/0329_01.jpg,/mnt/c/Users/ansar/Desktop/VGGFace2_ArcFace_Project/data/aligned/train/n006306/0249_01.jpg,0.4745023548603058,-0.14876657854096959,-0.41662764087705323,0.26786106233608364,0.2826971097090114
hard_impostor,/mnt/c/Users/ansar/Desktop/VGGFace2_ArcFace_Project/data/aligned/train/n001735/0279_02.jpg,/mnt/c/Users/ansar/Desktop/VGGFace2_ArcFace_Project/data/aligned/train/n003603/0224_02.jpg,0.4719771146774292,-2.044273441920866,0.07440690828063214,2.1186803502014984,1.0593401751007492
hard_impostor,/mnt/c/Users/ansar/Desktop/VGGFace2_ArcFace_Project/data/aligned/train/n004487/0275_01.jpg,/mnt/c/Users/ansar/Desktop/VGGFace2_ArcFace_Project/data/aligned/train/n004483/0437_01.jpg,0.4708356857299804,-0.6400116098944291,0.2596472029306731,0.8996588128251022,0.4498294064125511
hard_impostor,/mnt/c/Users/ansar/Desktop/VGGFace2_ArcFace_Project/data/aligned/train/n005392/0175_01.jpg,/mnt/c/Users/ansar/Desktop/VGGFace2_ArcFace_Project/data/aligned/train/n007234/0107_01.jpg,0.4580374658107757,-0.16777971813191156,0.2842274931817178,0.45200721131362936,0.22600360565681468
hard_impostor,/mnt/c/Users/ansar/Desktop/VGGFace2_ArcFace_Project/data/aligned/train/n001347/0240_01.jpg,/mnt/c/Users/ansar/Desktop/VGGFace2_ArcFace_Project/data/aligned/train/n005902/0490_01.jpg,0.4568362832069397,0.6097518021853218,0.7800082906901451,0.17025648850482333,0.6948800464377334
hard_impostor,/mnt/c/Users/ansar/Desktop/VGGFace2_ArcFace_Project/data/aligned/train/n004610/0587_01.jpg,/mnt/c/Users/ansar/Desktop/VGGFace2_ArcFace_Project/data/aligned/train/n006256/0401_02.jpg,0.4534610509872436,-0.25453225118514206,0.18006779327767639,0.4346000444628184,0.2173000222314092
hard_impostor,/mnt/c/Users/ansar/Desktop/VGGFace2_ArcFace_Project/data/aligned/train/n003069/0259_01.jpg,/mnt/c/Users/ansar/Desktop/VGGFace2_ArcFace_Project/data/aligned/train/n008118/0033_01.jpg,0.4502555429935455,0.5472041937198472,0.06213876599961164,0.48506542772023553,0.3046714798597294
hard_impostor,/mnt/c/Users/ansar/Desktop/VGGFace2_ArcFace_Project/data/aligned/train/n005241/0198_01.jpg,/mnt/c/Users/ansar/Desktop/VGGFace2_ArcFace_Project/data/aligned/train/n007508/0353_01.jpg,0.4471228420734405,-5.262062249286716,0.019601180922853238,5.281663430209569,2.6408317151047846
hard_impostor,/mnt/c/Users/ansar/Desktop/VGGFace2_ArcFace_Project/data/aligned/train/n007911/0059_01.jpg,/mnt/c/Users/ansar/Desktop/VGGFace2_ArcFace_Project/data/aligned/train/n005327/0332_01.jpg,0.4441215693950653,0.033484388813347754,-1.6314699109818926,1.6649542997952405,0.8324771498976202
hard_impostor,/mnt/c/Users/ansar/Desktop/VGGFace2_ArcFace_Project/data/aligned/train/n000959/0292_01.jpg,/mnt/c/Users/ansar/Desktop/VGGFace2_ArcFace_Project/data/aligned/train/n005498/0217_01.jpg,0.4430927038192749,0.33552974607422903,0.2727295184048318,0.06280022766939725,0.3041296322395304
hard_impostor,/mnt/c/Users/ansar/Desktop/VGGFace2_ArcFace_Project/data/aligned/train/n003656/0337_01.jpg,/mnt/c/Users/ansar/Desktop/VGGFace2_ArcFace_Project/data/aligned/train/n000028/0106_01.jpg,0.4355843961238861,-0.7984458604118914,-0.09450768753656238,0.703938172875329,0.44647677397422686
hard_impostor,/mnt/c/Users/ansar/Desktop/VGGFace2_ArcFace_Project/data/aligned/train/n005298/0053_01.jpg,/mnt/c/Users/ansar/Desktop/VGGFace2_ArcFace_Project/data/aligned/train/n006685/0188_01.jpg,0.4351582825183868,0.22417197935200292,0.453107935239789,0.22893595588778606,0.33863995729589597
hard_impostor,/mnt/c/Users/ansar/Desktop/VGGFace2_ArcFace_Project/data/aligned/train/n006817/0246_01.jpg,/mnt/c/Users/ansar/Desktop/VGGFace2_ArcFace_Project/data/aligned/train/n006310/0340_05.jpg,0.4292669594287872,-1.536818477539931,0.020027292178691754,1.5568457697186227,0.7784228848593113
hard_impostor,/mnt/c/Users/ansar/Desktop/VGGFace2_ArcFace_Project/data/aligned/train/n007943/0269_01.jpg,/mnt/c/Users/ansar/Desktop/VGGFace2_ArcFace_Project/data/aligned/train/n000369/0248_01.jpg,0.4275694191455841,-0.44999648079775456,-0.05083178456504317,0.3991646962327114,0.2504141326813989
hard_impostor,/mnt/c/Users/ansar/Desktop/VGGFace2_ArcFace_Project/data/aligned/train/n007147/0488_01.jpg,/mnt/c/Users/ansar/Desktop/VGGFace2_ArcFace_Project/data/aligned/train/n003423/0266_02.jpg,0.4231689572334289,0.6066324658541685,-0.2982113525175333,0.9048438183717018,0.4524219091858509
hard_impostor,/mnt/c/Users/ansar/Desktop/VGGFace2_ArcFace_Project/data/aligned/train/n002829/0195_01.jpg,/mnt/c/Users/ansar/Desktop/VGGFace2_ArcFace_Project/data/aligned/train/n004371/0233_01.jpg,0.4197537899017334,-0.2949551004919137,-0.1392312201378104,0.1557238803541033,0.21709316031486203
hard_impostor,/mnt/c/Users/ansar/Desktop/VGGFace2_ArcFace_Project/data/aligned/train/n004186/0034_01.jpg,/mnt/c/Users/ansar/Desktop/VGGFace2_ArcFace_Project/data/aligned/train/n005644/0207_01.jpg,0.4166100621223449,-0.4130847353786613,-0.22053158796097425,0.19255314741768706,0.3168081616698178
hard_impostor,/mnt/c/Users/ansar/Desktop/VGGFace2_ArcFace_Project/data/aligned/train/n003918/0308_01.jpg,/mnt/c/Users/ansar/Desktop/VGGFace2_ArcFace_Project/data/aligned/train/n006105/0092_01.jpg,0.4146508574485779,-0.1800200598853773,0.9858882910891247,1.165908350974502,0.582954175487251
hard_impostor,/mnt/c/Users/ansar/Desktop/VGGFace2_ArcFace_Project/data/aligned/train/n004986/0310_01.jpg,/mnt/c/Users/ansar/Desktop/VGGFace2_ArcFace_Project/data/aligned/train/n001634/0150_02.jpg,0.4072890877723694,-0.22857722297606609,0.5770172775812047,0.8055945005572708,0.4027972502786354
hard_impostor,/mnt/c/Users/ansar/Desktop/VGGFace2_ArcFace_Project/data/aligned/train/n001128/0136_02.jpg,/mnt/c/Users/ansar/Desktop/VGGFace2_ArcFace_Project/data/aligned/train/n002146/0066_02.jpg,0.3930800557136535,-0.180234981137136,0.3657222651783156,0.5459572463154516,0.2729786231577258
hard_impostor,/mnt/c/Users/ansar/Desktop/VGGFace2_ArcFace_Project/data/aligned/train/n000037/0154_01.jpg,/mnt/c/Users/ansar/Desktop/VGGFace2_ArcFace_Project/data/aligned/train/n001862/0023_01.jpg,0.3913048505783081,-0.7295969470610661,-0.17211371947954388,0.5574832275815222,0.450855333270305
hard_impostor,/mnt/c/Users/ansar/Desktop/VGGFace2_ArcFace_Project/data/aligned/train/n005346/0318_01.jpg,/mnt/c/Users/ansar/Desktop/VGGFace2_ArcFace_Project/data/aligned/train/n000008/0223_01.jpg,0.389599084854126,0.0049496795326296385,-0.06660438060956644,0.07155406014219608,0.03577703007109804
hard_impostor,/mnt/c/Users/ansar/Desktop/VGGFace2_ArcFace_Project/data/aligned/train/n003278/0242_01.jpg,/mnt/c/Users/ansar/Desktop/VGGFace2_ArcFace_Project/data/aligned/train/n003880/0255_01.jpg,0.3881380558013916,-0.3732965070118948,-0.24349374255530984,0.12980276445658498,0.3083951247836023
hard_impostor,/mnt/c/Users/ansar/Desktop/VGGFace2_ArcFace_Project/data/aligned/train/n000550/0360_01.jpg,/mnt/c/Users/ansar/Desktop/VGGFace2_ArcFace_Project/data/aligned/train/n002352/0389_01.jpg,0.386797696352005,-0.12766411733431454,-0.11840928187493596,0.00925483545937858,0.12303669960462525
hard_impostor,/mnt/c/Users/ansar/Desktop/VGGFace2_ArcFace_Project/data/aligned/train/n006993/0115_01.jpg,/mnt/c/Users/ansar/Desktop/VGGFace2_ArcFace_Project/data/aligned/train/n003549/0019_01.jpg,0.3865906298160553,-0.03892341635538348,0.049691862143553873,0.08861527849893736,0.04430763924946868
hard_impostor,/mnt/c/Users/ansar/Desktop/VGGFace2_ArcFace_Project/data/aligned/train/n007603/0082_01.jpg,/mnt/c/Users/ansar/Desktop/VGGFace2_ArcFace_Project/data/aligned/train/n004105/0136_01.jpg,0.3864075243473053,0.08988459007188455,0.04731732298798817,0.04256726708389638,0.06860095652993636
hard_impostor,/mnt/c/Users/ansar/Desktop/VGGFace2_ArcFace_Project/data/aligned/train/n005132/0038_01.jpg,/mnt/c/Users/ansar/Desktop/VGGFace2_ArcFace_Project/data/aligned/train/n006935/0141_01.jpg,0.3850832283496856,-0.132786614577939,-0.15841319977498414,0.025626585197045137,0.14559990717646157
hard_impostor,/mnt/c/Users/ansar/Desktop/VGGFace2_ArcFace_Project/data/aligned/train/n005865/0350_01.jpg,/mnt/c/Users/ansar/Desktop/VGGFace2_ArcFace_Project/data/aligned/train/n005943/0314_01.jpg,0.3826580047607422,-0.2134425083481369,0.08488340468320349,0.2983259130313404,0.1491629565156702
hard_impostor,/mnt/c/Users/ansar/Desktop/VGGFace2_ArcFace_Project/data/aligned/train/n005531/0042_02.jpg,/mnt/c/Users/ansar/Desktop/VGGFace2_ArcFace_Project/data/aligned/train/n001482/0057_01.jpg,0.3815967738628387,0.24418331152008454,-0.02837252265118381,0.27255583417126833,0.13627791708563416
hard_impostor,/mnt/c/Users/ansar/Desktop/VGGFace2_ArcFace_Project/data/aligned/train/n003668/0343_01.jpg,/mnt/c/Users/ansar/Desktop/VGGFace2_ArcFace_Project/data/aligned/train/n000959/0448_01.jpg,0.3809445798397064,-0.4925161165005813,3.3657588266465637,3.858274943147145,1.9291374715735725
hard_impostor,/mnt/c/Users/ansar/Desktop/VGGFace2_ArcFace_Project/data/aligned/train/n004638/0254_01.jpg,/mnt/c/Users/ansar/Desktop/VGGFace2_ArcFace_Project/data/aligned/train/n001795/0004_01.jpg,0.3795219957828522,0.4319239480204253,0.005618050817493402,0.4263058972029319,0.21877099941895933
hard_impostor,/mnt/c/Users/ansar/Desktop/VGGFace2_ArcFace_Project/data/aligned/train/n007678/0078_01.jpg,/mnt/c/Users/ansar/Desktop/VGGFace2_ArcFace_Project/data/aligned/train/n000369/0300_01.jpg,0.3786965608596802,0.2019971273719805,-0.15183482376453808,0.35383195113651855,0.17691597556825928
hard_impostor,/mnt/c/Users/ansar/Desktop/VGGFace2_ArcFace_Project/data/aligned/train/n007480/0260_02.jpg,/mnt/c/Users/ansar/Desktop/VGGFace2_ArcFace_Project/data/aligned/train/n005555/0309_01.jpg,0.3747195303440094,-0.017853138729898976,0.7915665491538926,0.8094196878837916,0.4047098439418958
hard_impostor,/mnt/c/Users/ansar/Desktop/VGGFace2_ArcFace_Project/data/aligned/train/n008621/0078_04.jpg,/mnt/c/Users/ansar/Desktop/VGGFace2_ArcFace_Project/data/aligned/train/n005812/0455_01.jpg,0.3740224242210388,-0.0626603058872528,-0.22117709178337125,0.15851678589611845,0.14191869883531202
hard_impostor,/mnt/c/Users/ansar/Desktop/VGGFace2_ArcFace_Project/data/aligned/train/n007509/0309_01.jpg,/mnt/c/Users/ansar/Desktop/VGGFace2_ArcFace_Project/data/aligned/train/n006801/0180_01.jpg,0.3704378604888916,-0.1675621682506236,-0.2291409533226923,0.06157878507206871,0.19835156078665794
hard_impostor,/mnt/c/Users/ansar/Desktop/VGGFace2_ArcFace_Project/data/aligned/train/n004656/0068_02.jpg,/mnt/c/Users/ansar/Desktop/VGGFace2_ArcFace_Project/data/aligned/train/n004847/0299_01.jpg,0.3672917783260345,0.031146939384393706,0.05774537947214997,0.026598440087756265,0.04444615942827184
hard_impostor,/mnt/c/Users/ansar/Desktop/VGGFace2_ArcFace_Project/data/aligned/train/n004218/0362_01.jpg,/mnt/c/Users/ansar/Desktop/VGGFace2_ArcFace_Project/data/aligned/train/n005733/0275_01.jpg,0.3662426173686981,0.173266588256921,-0.23132375433323427,0.40459034259015525,0.20229517129507762
hard_impostor,/mnt/c/Users/ansar/Desktop/VGGFace2_ArcFace_Project/data/aligned/train/n001382/0332_02.jpg,/mnt/c/Users/ansar/Desktop/VGGFace2_ArcFace_Project/data/aligned/train/n003860/0335_04.jpg,0.3661004900932312,0.5581742331068358,-1.2497723721805003,1.807946605287336,0.903973302643668
hard_impostor,/mnt/c/Users/ansar/Desktop/VGGFace2_ArcFace_Project/data/aligned/train/n005896/0340_12.jpg,/mnt/c/Users/ansar/Desktop/VGGFace2_ArcFace_Project/data/aligned/train/n005378/0025_01.jpg,0.3656685054302215,-0.04549299572380309,-0.173481527512259,0.12798853178845593,0.10948726161803105
hard_impostor,/mnt/c/Users/ansar/Desktop/VGGFace2_ArcFace_Project/data/aligned/train/n000466/0159_01.jpg,/mnt/c/Users/ansar/Desktop/VGGFace2_ArcFace_Project/data/aligned/train/n004542/0290_01.jpg,0.3646732568740845,-0.006676557816104449,0.07406519936591797,0.08074175718202242,0.04037087859101121
hard_impostor,/mnt/c/Users/ansar/Desktop/VGGFace2_ArcFace_Project/data/aligned/train/n003153/0055_01.jpg,/mnt/c/Users/ansar/Desktop/VGGFace2_ArcFace_Project/data/aligned/train/n004877/0093_01.jpg,0.3646731078624725,-0.10544762895642999,0.07285957197040303,0.17830720092683303,0.08915360046341651
hard_impostor,/mnt/c/Users/ansar/Desktop/VGGFace2_ArcFace_Project/data/aligned/train/n001149/0594_01.jpg,/mnt/c/Users/ansar/Desktop/VGGFace2_ArcFace_Project/data/aligned/train/n000781/0070_01.jpg,0.3640744984149933,-0.6074759256894361,-0.42446828303882894,0.18300764265060715,0.5159721043641325
hard_impostor,/mnt/c/Users/ansar/Desktop/VGGFace2_ArcFace_Project/data/aligned/train/n004112/0275_01.jpg,/mnt/c/Users/ansar/Desktop/VGGFace2_ArcFace_Project/data/aligned/train/n004408/0060_02.jpg,0.3630575537681579,0.025389787043236467,0.22398106719512131,0.19859128015188485,0.12468542711917889
hard_impostor,/mnt/c/Users/ansar/Desktop/VGGFace2_ArcFace_Project/data/aligned/train/n001052/0449_01.jpg,/mnt/c/Users/ansar/Desktop/VGGFace2_ArcFace_Project/data/aligned/train/n009025/0402_01.jpg,0.3622350990772247,0.27847974091458305,-0.6207639668280516,0.8992437077426346,0.4496218538713173
hard_impostor,/mnt/c/Users/ansar/Desktop/VGGFace2_ArcFace_Project/data/aligned/train/n001891/0478_01.jpg,/mnt/c/Users/ansar/Desktop/VGGFace2_ArcFace_Project/data/aligned/train/n001088/0340_01.jpg,0.3621291518211365,-0.2503322045384324,-0.4652929490931829,0.2149607445547505,0.3578125768158077
hard_impostor,/mnt/c/Users/ansar/Desktop/VGGFace2_ArcFace_Project/data/aligned/train/n008868/0190_01.jpg,/mnt/c/Users/ansar/Desktop/VGGFace2_ArcFace_Project/data/aligned/train/n008823/0041_01.jpg,0.3606187999248504,0.19315129152208077,-0.2091759408545082,0.40232723237658896,0.20116361618829448
hard_impostor,/mnt/c/Users/ansar/Desktop/VGGFace2_ArcFace_Project/data/aligned/train/n005064/0148_02.jpg,/mnt/c/Users/ansar/Desktop/VGGFace2_ArcFace_Project/data/aligned/train/n006022/0582_01.jpg,0.3602492213249206,-0.1829526042154043,-0.44333914142263925,0.2603865372072349,0.3131458728190218
hard_impostor,/mnt/c/Users/ansar/Desktop/VGGFace2_ArcFace_Project/data/aligned/train/n004976/0038_02.jpg,/mnt/c/Users/ansar/Desktop/VGGFace2_ArcFace_Project/data/aligned/train/n002116/0485_02.jpg,0.3584299087524414,-0.006510207092470363,-0.15666080171687985,0.1501505946244095,0.0815855044046751
hard_impostor,/mnt/c/Users/ansar/Desktop/VGGFace2_ArcFace_Project/data/aligned/train/n002297/0432_01.jpg,/mnt/c/Users/ansar/Desktop/VGGFace2_ArcFace_Project/data/aligned/train/n001606/0255_01.jpg,0.3583832085132599,0.12470204880161746,0.0470586108991411,0.07764343790247635,0.08588032985037929
hard_impostor,/mnt/c/Users/ansar/Desktop/VGGFace2_ArcFace_Project/data/aligned/train/n007975/0212_01.jpg,/mnt/c/Users/ansar/Desktop/VGGFace2_ArcFace_Project/data/aligned/train/n000342/0190_01.jpg,0.3580401837825775,-0.010856255396025812,0.5718682877407076,0.5827245431367335,0.29136227156836675
hard_impostor,/mnt/c/Users/ansar/Desktop/VGGFace2_ArcFace_Project/data/aligned/train/n000314/0348_02.jpg,/mnt/c/Users/ansar/Desktop/VGGFace2_ArcFace_Project/data/aligned/train/n007191/0190_01.jpg,0.3564662635326385,-0.6566616060058292,-0.36522397630632647,0.29143762969950276,0.5109427911560779
hard_impostor,/mnt/c/Users/ansar/Desktop/VGGFace2_ArcFace_Project/data/aligned/train/n006666/0338_01.jpg,/mnt/c/Users/ansar/Desktop/VGGFace2_ArcFace_Project/data/aligned/train/n000582/0395_01.jpg,0.355744868516922,0.14500901952877546,-0.07608309022512179,0.22109210975389726,0.11054605487694863
hard_impostor,/mnt/c/Users/ansar/Desktop/VGGFace2_ArcFace_Project/data/aligned/train/n000556/0028_01.jpg,/mnt/c/Users/ansar/Desktop/VGGFace2_ArcFace_Project/data/aligned/train/n008733/0117_01.jpg,0.3543495833873749,-0.03921794728551647,0.03967877330543962,0.0788967205909561,0.03944836029547805
hard_impostor,/mnt/c/Users/ansar/Desktop/VGGFace2_ArcFace_Project/data/aligned/train/n005679/0926_01.jpg,/mnt/c/Users/ansar/Desktop/VGGFace2_ArcFace_Project/data/aligned/train/n002912/0032_01.jpg,0.3526166975498199,-0.18394018501291548,-0.09361362315177985,0.09032656186113563,0.13877690408234766
hard_impostor,/mnt/c/Users/ansar/Desktop/VGGFace2_ArcFace_Project/data/aligned/train/n004098/0296_01.jpg,/mnt/c/Users/ansar/Desktop/VGGFace2_ArcFace_Project/data/aligned/train/n008375/0047_05.jpg,0.3520317673683166,1.0747699786927862,-0.12744851246367617,1.2022184911564624,0.6011092455782312
hard_impostor,/mnt/c/Users/ansar/Desktop/VGGFace2_ArcFace_Project/data/aligned/train/n003290/0159_01.jpg,/mnt/c/Users/ansar/Desktop/VGGFace2_ArcFace_Project/data/aligned/train/n000374/0054_01.jpg,0.351665049791336,-0.0005293044966324611,-0.06637713096527507,0.06584782646864261,0.03345321773095377
hard_impostor,/mnt/c/Users/ansar/Desktop/VGGFace2_ArcFace_Project/data/aligned/train/n009226/0077_01.jpg,/mnt/c/Users/ansar/Desktop/VGGFace2_ArcFace_Project/data/aligned/train/n006983/0030_01.jpg,0.351542979478836,0.14958604364591416,0.09140430060988282,0.05818174303603134,0.12049517212789848
hard_impostor,/mnt/c/Users/ansar/Desktop/VGGFace2_ArcFace_Project/data/aligned/train/n000471/0397_01.jpg,/mnt/c/Users/ansar/Desktop/VGGFace2_ArcFace_Project/data/aligned/train/n005132/0395_01.jpg,0.3509609997272491,0.7002918375653738,-0.24357831118730655,0.9438701487526804,0.4719350743763402
