pair_type,image1,image2,cosine_similarity,mean_blur,mean_brightness,mean_contrast,blur_difference,brightness_difference,contrast_difference
random_genuine,/mnt/c/Users/ansar/Desktop/VGGFace2_ArcFace_Project/data/aligned/train/n004936/0136_04.jpg,/mnt/c/Users/ansar/Desktop/VGGFace2_ArcFace_Project/data/aligned/train/n004936/0242_01.jpg,0.4728568792343139,826.0785526496477,103.29619738520408,88.46612884957389,1526.3187153223203,31.066565688775512,9.422074004149664
random_genuine,/mnt/c/Users/ansar/Desktop/VGGFace2_ArcFace_Project/data/aligned/train/n006370/0072_01.jpg,/mnt/c/Users/ansar/Desktop/VGGFace2_ArcFace_Project/data/aligned/train/n006370/0294_03.jpg,0.331011563539505,588.3044424887153,84.251953125,80.70972198703686,876.6634086790009,1.9173309948979522,3.645039353268075
random_genuine,/mnt/c/Users/ansar/Desktop/VGGFace2_ArcFace_Project/data/aligned/train/n004556/0112_01.jpg,/mnt/c/Users/ansar/Desktop/VGGFace2_ArcFace_Project/data/aligned/train/n004556/0141_01.jpg,0.283119797706604,222.5829174926707,60.36670918367347,59.740629827483446,161.22099637846208,12.173150510204081,10.57144334016369
random_genuine,/mnt/c/Users/ansar/Desktop/VGGFace2_ArcFace_Project/data/aligned/train/n004924/0330_01.jpg,/mnt/c/Users/ansar/Desktop/VGGFace2_ArcFace_Project/data/aligned/train/n004924/0337_03.jpg,0.3303123116493225,1245.1059433644339,85.03591358418367,69.59422229179667,1395.3204165915063,0.2510363520408134,4.788872671828841
random_genuine,/mnt/c/Users/ansar/Desktop/VGGFace2_ArcFace_Project/data/aligned/train/n004851/0057_01.jpg,/mnt/c/Users/ansar/Desktop/VGGFace2_ArcFace_Project/data/aligned/train/n004851/0212_01.jpg,0.3848370015621185,957.0470109881584,72.83338647959184,73.50450207988911,1637.128702401221,34.69945790816326,16.82983914815783
random_genuine,/mnt/c/Users/ansar/Desktop/VGGFace2_ArcFace_Project/data/aligned/train/n000115/0088_01.jpg,/mnt/c/Users/ansar/Desktop/VGGFace2_ArcFace_Project/data/aligned/train/n000115/0168_04.jpg,0.3811774849891662,709.6865812791779,78.97524713010205,76.92803489780685,771.228688301617,70.93773915816327,62.24348034148331
random_genuine,/mnt/c/Users/ansar/Desktop/VGGFace2_ArcFace_Project/data/aligned/train/n006895/0362_01.jpg,/mnt/c/Users/ansar/Desktop/VGGFace2_ArcFace_Project/data/aligned/train/n006895/0422_01.jpg,0.2179280668497085,789.7310625717373,80.71871014030611,79.53202946942146,1326.8163044654248,21.908402423469383,21.746115504321523
random_genuine,/mnt/c/Users/ansar/Desktop/VGGFace2_ArcFace_Project/data/aligned/train/n008589/0146_01.jpg,/mnt/c/Users/ansar/Desktop/VGGFace2_ArcFace_Project/data/aligned/train/n008589/0403_01.jpg,0.3700581192970276,578.8963932417075,79.55321269132654,66.41842856413892,123.94730548469397,4.203204719387756,14.992487382843017
random_genuine,/mnt/c/Users/ansar/Desktop/VGGFace2_ArcFace_Project/data/aligned/train/n001937/0012_02.jpg,/mnt/c/Users/ansar/Desktop/VGGFace2_ArcFace_Project/data/aligned/train/n001937/0197_01.jpg,0.6285876631736755,491.04628856616034,77.42171556122449,76.15403838467643,129.34064617419125,28.84502551020409,12.551742724626322
random_genuine,/mnt/c/Users/ansar/Desktop/VGGFace2_ArcFace_Project/data/aligned/train/n002070/0167_11.jpg,/mnt/c/Users/ansar/Desktop/VGGFace2_ArcFace_Project/data/aligned/train/n002070/0198_01.jpg,0.5396599769592285,502.8210623096496,57.16458067602041,58.277073719213135,678.6510531907279,16.74848533163265,1.3299391638532612
random_genuine,/mnt/c/Users/ansar/Desktop/VGGFace2_ArcFace_Project/data/aligned/train/n003525/0148_01.jpg,/mnt/c/Users/ansar/Desktop/VGGFace2_ArcFace_Project/data/aligned/train/n003525/0244_01.jpg,0.3626980483531952,967.6582180183661,83.9408880739796,72.14208804012324,309.81835438618316,54.9522480867347,3.8748364291503776
random_genuine,/mnt/c/Users/ansar/Desktop/VGGFace2_ArcFace_Project/data/aligned/train/n007492/0064_01.jpg,/mnt/c/Users/ansar/Desktop/VGGFace2_ArcFace_Project/data/aligned/train/n007492/0258_01.jpg,0.1673801839351654,628.6267358667897,62.6061862244898,46.36845440151939,761.3377288220971,32.129623724489804,17.017302927987593
random_genuine,/mnt/c/Users/ansar/Desktop/VGGFace2_ArcFace_Project/data/aligned/train/n001562/0173_01.jpg,/mnt/c/Users/ansar/Desktop/VGGFace2_ArcFace_Project/data/aligned/train/n001562/0351_03.jpg,0.5265918374061584,917.3933438321343,70.2393574617347,67.22659129094106,1371.1679251089733,4.18789859693878,3.989009978645697
random_genuine,/mnt/c/Users/ansar/Desktop/VGGFace2_ArcFace_Project/data/aligned/train/n000980/0070_01.jpg,/mnt/c/Users/ansar/Desktop/VGGFace2_ArcFace_Project/data/aligned/train/n000980/0078_01.jpg,0.3333255350589752,1446.7501341133802,54.995735012755105,59.062555953358746,1398.5030444874856,4.540736607142854,5.848927389279737
random_genuine,/mnt/c/Users/ansar/Desktop/VGGFace2_ArcFace_Project/data/aligned/train/n004540/0032_01.jpg,/mnt/c/Users/ansar/Desktop/VGGFace2_ArcFace_Project/data/aligned/train/n004540/0400_01.jpg,0.3019078969955444,626.9749256087957,84.52690529336735,73.88499123625036,740.4985556961942,8.733816964285722,11.012334421248497
random_genuine,/mnt/c/Users/ansar/Desktop/VGGFace2_ArcFace_Project/data/aligned/train/n009257/0094_01.jpg,/mnt/c/Users/ansar/Desktop/VGGFace2_ArcFace_Project/data/aligned/train/n009257/0154_01.jpg,0.2780360877513885,325.59745455562745,56.774075255102034,54.07613382989826,485.60266555601834,19.271205357142854,18.010191464093154
random_genuine,/mnt/c/Users/ansar/Desktop/VGGFace2_ArcFace_Project/data/aligned/train/n001867/0038_01.jpg,/mnt/c/Users/ansar/Desktop/VGGFace2_ArcFace_Project/data/aligned/train/n001867/0177_01.jpg,0.3890970349311828,626.4569553913846,105.32808514030611,83.1456007809256,679.1542490903958,57.005500637755105,41.57189898547249
random_genuine,/mnt/c/Users/ansar/Desktop/VGGFace2_ArcFace_Project/data/aligned/train/n006921/0073_01.jpg,/mnt/c/Users/ansar/Desktop/VGGFace2_ArcFace_Project/data/aligned/train/n006921/0211_01.jpg,0.4837928414344787,783.1517547105364,84.20535714285714,74.8851254399082,154.20558423253203,14.017857142857139,6.927407845513656
random_genuine,/mnt/c/Users/ansar/Desktop/VGGFace2_ArcFace_Project/data/aligned/train/n002930/0049_01.jpg,/mnt/c/Users/ansar/Desktop/VGGFace2_ArcFace_Project/data/aligned/train/n002930/0200_01.jpg,0.3838170766830444,516.1060943984827,59.89536830357143,52.52428154120446,99.23273943067335,29.97743941326531,12.577191193034409
random_genuine,/mnt/c/Users/ansar/Desktop/VGGFace2_ArcFace_Project/data/aligned/train/n000395/0211_01.jpg,/mnt/c/Users/ansar/Desktop/VGGFace2_ArcFace_Project/data/aligned/train/n000395/0268_01.jpg,0.7889514565467834,1728.8101648523727,103.00601881377551,73.05026725346765,869.7967033592772,9.577885841836732,7.697421244594153
random_genuine,/mnt/c/Users/ansar/Desktop/VGGFace2_ArcFace_Project/data/aligned/train/n001006/0381_02.jpg,/mnt/c/Users/ansar/Desktop/VGGFace2_ArcFace_Project/data/aligned/train/n001006/0530_02.jpg,0.3067391514778137,422.3264015702991,61.99940210459184,66.85336544647136,687.5410124728304,10.012197066326536,25.349318122684906
random_genuine,/mnt/c/Users/ansar/Desktop/VGGFace2_ArcFace_Project/data/aligned/train/n005291/0159_01.jpg,/mnt/c/Users/ansar/Desktop/VGGFace2_ArcFace_Project/data/aligned/train/n005291/0165_02.jpg,0.5209501385688782,1252.1830014979923,55.911750637755105,68.18854521501623,2099.3147906105205,0.34805484693877276,20.034101631694078
random_genuine,/mnt/c/Users/ansar/Desktop/VGGFace2_ArcFace_Project/data/aligned/train/n000864/0097_01.jpg,/mnt/c/Users/ansar/Desktop/VGGFace2_ArcFace_Project/data/aligned/train/n000864/0102_01.jpg,0.338835209608078,449.3824880267123,91.63392857142857,70.43030985284253,364.20513851828304,16.8233418367347,3.842002807747889
random_genuine,/mnt/c/Users/ansar/Desktop/VGGFace2_ArcFace_Project/data/aligned/train/n000906/0039_01.jpg,/mnt/c/Users/ansar/Desktop/VGGFace2_ArcFace_Project/data/aligned/train/n000906/0225_01.jpg,0.5116341710090637,784.3131748661801,57.904296875,59.50488392118511,215.06283393297429,14.632413903061227,17.871134423457512
random_genuine,/mnt/c/Users/ansar/Desktop/VGGFace2_ArcFace_Project/data/aligned/train/n005760/0056_03.jpg,/mnt/c/Users/ansar/Desktop/VGGFace2_ArcFace_Project/data/aligned/train/n005760/0563_01.jpg,0.6447491645812988,881.7530293081363,91.73836096938776,76.36535462059322,1220.8404715973752,21.215880102040813,1.3597784279348701
random_genuine,/mnt/c/Users/ansar/Desktop/VGGFace2_ArcFace_Project/data/aligned/train/n001260/0009_01.jpg,/mnt/c/Users/ansar/Desktop/VGGFace2_ArcFace_Project/data/aligned/train/n001260/0241_02.jpg,0.379557341337204,664.7143575754924,54.11116868622449,58.04846052246329,60.574752642382464,1.0597098214285694,18.90286525964374
random_genuine,/mnt/c/Users/ansar/Desktop/VGGFace2_ArcFace_Project/data/aligned/train/n001711/0198_02.jpg,/mnt/c/Users/ansar/Desktop/VGGFace2_ArcFace_Project/data/aligned/train/n001711/0368_01.jpg,0.3992002010345459,781.6145447806883,40.36419802295919,47.78800989136772,87.52741172501374,16.154257015306122,20.60222065463963
random_genuine,/mnt/c/Users/ansar/Desktop/VGGFace2_ArcFace_Project/data/aligned/train/n000128/0166_01.jpg,/mnt/c/Users/ansar/Desktop/VGGFace2_ArcFace_Project/data/aligned/train/n000128/0254_01.jpg,0.3807370960712433,423.92707941006836,53.92012117346939,55.649515766777284,602.8117965577494,22.72002551020408,14.062501266785347
random_genuine,/mnt/c/Users/ansar/Desktop/VGGFace2_ArcFace_Project/data/aligned/train/n001205/0050_01.jpg,/mnt/c/Users/ansar/Desktop/VGGFace2_ArcFace_Project/data/aligned/train/n001205/0232_01.jpg,0.250060111284256,848.7946940894328,71.19192442602042,64.08702874936229,1412.9242694096883,7.994818239795919,5.863242809766625
random_genuine,/mnt/c/Users/ansar/Desktop/VGGFace2_ArcFace_Project/data/aligned/train/n005422/0089_01.jpg,/mnt/c/Users/ansar/Desktop/VGGFace2_ArcFace_Project/data/aligned/train/n005422/0197_01.jpg,0.0915827080607414,1295.6398677039474,73.73911830357143,68.68764439484735,1526.1286771330224,47.420200892857146,30.86136771899207
random_genuine,/mnt/c/Users/ansar/Desktop/VGGFace2_ArcFace_Project/data/aligned/train/n002280/0167_01.jpg,/mnt/c/Users/ansar/Desktop/VGGFace2_ArcFace_Project/data/aligned/train/n002280/0403_01.jpg,0.2698742151260376,1026.9492421847292,85.69806281887756,75.61689198008636,1432.324101299904,1.6607940051020336,10.517409066504143
random_genuine,/mnt/c/Users/ansar/Desktop/VGGFace2_ArcFace_Project/data/aligned/train/n001168/0058_01.jpg,/mnt/c/Users/ansar/Desktop/VGGFace2_ArcFace_Project/data/aligned/train/n001168/0127_06.jpg,0.3987130224704742,463.98683389570755,98.0170599489796,75.27540692488196,711.017812809116,1.4690688775510239,0.7534422411401636
random_genuine,/mnt/c/Users/ansar/Desktop/VGGFace2_ArcFace_Project/data/aligned/train/n006963/0142_01.jpg,/mnt/c/Users/ansar/Desktop/VGGFace2_ArcFace_Project/data/aligned/train/n006963/0245_01.jpg,0.4201605021953583,1153.6336033482296,72.38962850765306,66.54455962445938,117.31251508084415,8.548549107142861,15.247161240625047
random_genuine,/mnt/c/Users/ansar/Desktop/VGGFace2_ArcFace_Project/data/aligned/train/n007597/0050_01.jpg,/mnt/c/Users/ansar/Desktop/VGGFace2_ArcFace_Project/data/aligned/train/n007597/0235_02.jpg,0.3519126772880554,744.9607384525602,108.41003667091837,76.8222431914939,289.0040131250752,30.17705676020408,1.0623339154907256
random_genuine,/mnt/c/Users/ansar/Desktop/VGGFace2_ArcFace_Project/data/aligned/train/n008687/0047_03.jpg,/mnt/c/Users/ansar/Desktop/VGGFace2_ArcFace_Project/data/aligned/train/n008687/0200_01.jpg,0.1678262501955032,326.65903801780996,84.7052774234694,62.286617422331155,474.0911377664905,32.77471301020408,22.666799336320636
random_genuine,/mnt/c/Users/ansar/Desktop/VGGFace2_ArcFace_Project/data/aligned/train/n004974/0060_01.jpg,/mnt/c/Users/ansar/Desktop/VGGFace2_ArcFace_Project/data/aligned/train/n004974/0087_03.jpg,0.5867775678634644,310.9552687136941,83.77064732142858,65.4587727928249,194.81215805949796,8.860969387755105,3.920787725312806
random_genuine,/mnt/c/Users/ansar/Desktop/VGGFace2_ArcFace_Project/data/aligned/train/n000435/0418_01.jpg,/mnt/c/Users/ansar/Desktop/VGGFace2_ArcFace_Project/data/aligned/train/n000435/0444_01.jpg,0.3178121447563171,202.54618375334127,104.31078603316327,98.48729025007275,17.63538904281421,31.332669005102048,2.4532779956145703
random_genuine,/mnt/c/Users/ansar/Desktop/VGGFace2_ArcFace_Project/data/aligned/train/n000545/0072_11.jpg,/mnt/c/Users/ansar/Desktop/VGGFace2_ArcFace_Project/data/aligned/train/n000545/0072_16.jpg,0.2095365524291992,351.0558704724167,81.36870216836735,79.19786844823066,8.21063845061309,30.69212372448979,1.1903643623020344
random_genuine,/mnt/c/Users/ansar/Desktop/VGGFace2_ArcFace_Project/data/aligned/train/n000238/0444_01.jpg,/mnt/c/Users/ansar/Desktop/VGGFace2_ArcFace_Project/data/aligned/train/n000238/0477_01.jpg,0.0714971721172332,368.59459514689416,77.15736607142857,72.80959718791746,97.6709773116487,41.4701849489796,17.00866929738079
random_genuine,/mnt/c/Users/ansar/Desktop/VGGFace2_ArcFace_Project/data/aligned/train/n001222/0200_02.jpg,/mnt/c/Users/ansar/Desktop/VGGFace2_ArcFace_Project/data/aligned/train/n001222/0394_01.jpg,0.4665514528751373,683.4276615700489,73.79516103316327,67.65084913113563,28.823136844023225,54.40632971938775,26.207959553820643
random_genuine,/mnt/c/Users/ansar/Desktop/VGGFace2_ArcFace_Project/data/aligned/train/n009191/0147_02.jpg,/mnt/c/Users/ansar/Desktop/VGGFace2_ArcFace_Project/data/aligned/train/n009191/0235_01.jpg,0.2904320657253265,379.2080812625019,86.52204241071428,80.01848590128105,158.68714520932235,14.75581951530613,15.315060636765779
random_genuine,/mnt/c/Users/ansar/Desktop/VGGFace2_ArcFace_Project/data/aligned/train/n007465/0295_01.jpg,/mnt/c/Users/ansar/Desktop/VGGFace2_ArcFace_Project/data/aligned/train/n007465/0547_01.jpg,0.6838229894638062,1084.709179285217,70.2876275510204,63.34114907338892,1811.1696544680583,41.5750956632653,40.92197197031704
random_genuine,/mnt/c/Users/ansar/Desktop/VGGFace2_ArcFace_Project/data/aligned/train/n000255/0031_01.jpg,/mnt/c/Users/ansar/Desktop/VGGFace2_ArcFace_Project/data/aligned/train/n000255/0335_02.jpg,0.6080670356750488,1436.5444698405236,92.56580835459184,77.37508289532849,350.7829803441375,25.40776466836735,2.3336102746440304
random_genuine,/mnt/c/Users/ansar/Desktop/VGGFace2_ArcFace_Project/data/aligned/train/n002537/0129_01.jpg,/mnt/c/Users/ansar/Desktop/VGGFace2_ArcFace_Project/data/aligned/train/n002537/0282_03.jpg,0.2951918244361877,711.1214942471379,80.16605548469389,69.6649552125599,934.5129250649957,23.296715561224502,12.585196140042427
random_genuine,/mnt/c/Users/ansar/Desktop/VGGFace2_ArcFace_Project/data/aligned/train/n007702/0435_02.jpg,/mnt/c/Users/ansar/Desktop/VGGFace2_ArcFace_Project/data/aligned/train/n007702/0461_01.jpg,0.3156590461730957,622.8780260797046,71.28726881377551,69.53950103687515,576.1680476622797,6.208306760204081,6.400833953029846
random_genuine,/mnt/c/Users/ansar/Desktop/VGGFace2_ArcFace_Project/data/aligned/train/n001071/0037_01.jpg,/mnt/c/Users/ansar/Desktop/VGGFace2_ArcFace_Project/data/aligned/train/n001071/0258_02.jpg,0.1837795078754425,627.8986898197427,89.37579719387755,85.30251597521857,808.1117751229955,11.3046875,0.2563732572334487
random_genuine,/mnt/c/Users/ansar/Desktop/VGGFace2_ArcFace_Project/data/aligned/train/n007719/0123_01.jpg,/mnt/c/Users/ansar/Desktop/VGGFace2_ArcFace_Project/data/aligned/train/n007719/0429_01.jpg,0.1673821657896042,190.93825992074224,56.52562978316327,56.2988130599923,237.1654827049602,25.718191964285722,1.9262414113724518
random_genuine,/mnt/c/Users/ansar/Desktop/VGGFace2_ArcFace_Project/data/aligned/train/n003563/0007_03.jpg,/mnt/c/Users/ansar/Desktop/VGGFace2_ArcFace_Project/data/aligned/train/n003563/0096_02.jpg,0.5115770101547241,598.0422833818836,112.47835618622449,86.53924943068414,432.67434345389944,24.408402423469397,14.050020852130757
random_genuine,/mnt/c/Users/ansar/Desktop/VGGFace2_ArcFace_Project/data/aligned/train/n001620/0088_01.jpg,/mnt/c/Users/ansar/Desktop/VGGFace2_ArcFace_Project/data/aligned/train/n001620/0093_02.jpg,0.6243757009506226,227.33006559258348,70.95786830357143,67.49007975479688,193.81704583539408,24.36264349489796,18.165567923623904
random_genuine,/mnt/c/Users/ansar/Desktop/VGGFace2_ArcFace_Project/data/aligned/train/n005469/0292_01.jpg,/mnt/c/Users/ansar/Desktop/VGGFace2_ArcFace_Project/data/aligned/train/n005469/0325_01.jpg,0.2562664449214935,1063.9210222364218,59.66585618622449,55.882181853385475,1000.6038828019251,30.860570790816325,25.91924984419026
random_genuine,/mnt/c/Users/ansar/Desktop/VGGFace2_ArcFace_Project/data/aligned/train/n006616/0036_01.jpg,/mnt/c/Users/ansar/Desktop/VGGFace2_ArcFace_Project/data/aligned/train/n006616/0351_01.jpg,0.6418321132659912,416.5643864146673,70.55564413265306,55.962748215446126,49.11990619549795,18.45695153061225,14.86389159018318
random_genuine,/mnt/c/Users/ansar/Desktop/VGGFace2_ArcFace_Project/data/aligned/train/n002068/0068_02.jpg,/mnt/c/Users/ansar/Desktop/VGGFace2_ArcFace_Project/data/aligned/train/n002068/0102_01.jpg,0.3135629594326019,400.11165233454767,82.5394212372449,71.33814630947413,309.52400184005364,8.305564413265301,10.541084345264352
random_genuine,/mnt/c/Users/ansar/Desktop/VGGFace2_ArcFace_Project/data/aligned/train/n008962/0140_01.jpg,/mnt/c/Users/ansar/Desktop/VGGFace2_ArcFace_Project/data/aligned/train/n008962/0305_02.jpg,0.1066482067108154,317.45754053830007,83.57963966836735,77.68668992521161,199.79901091906484,42.89859693877551,17.412170642117104
random_genuine,/mnt/c/Users/ansar/Desktop/VGGFace2_ArcFace_Project/data/aligned/train/n005625/0309_02.jpg,/mnt/c/Users/ansar/Desktop/VGGFace2_ArcFace_Project/data/aligned/train/n005625/0436_01.jpg,0.177150622010231,1905.9898524635885,100.56911670918367,84.45725554771488,832.7674222769015,18.1484375,1.9428671843557055
random_genuine,/mnt/c/Users/ansar/Desktop/VGGFace2_ArcFace_Project/data/aligned/train/n004218/0083_01.jpg,/mnt/c/Users/ansar/Desktop/VGGFace2_ArcFace_Project/data/aligned/train/n004218/0434_01.jpg,0.563493549823761,738.8844607638002,74.07374043367346,64.95673846984327,352.6691356819405,28.526945153061227,18.379806212701787
random_genuine,/mnt/c/Users/ansar/Desktop/VGGFace2_ArcFace_Project/data/aligned/train/n003304/0230_01.jpg,/mnt/c/Users/ansar/Desktop/VGGFace2_ArcFace_Project/data/aligned/train/n003304/0337_01.jpg,0.2092576175928115,450.2484452367971,56.97472895408163,48.23092798386645,567.803038661056,13.84311224489796,6.28946308582649
random_genuine,/mnt/c/Users/ansar/Desktop/VGGFace2_ArcFace_Project/data/aligned/train/n001172/0145_01.jpg,/mnt/c/Users/ansar/Desktop/VGGFace2_ArcFace_Project/data/aligned/train/n001172/0413_01.jpg,0.3870927691459656,1491.2253058360845,60.886639030612244,65.57632909859257,1827.8849580916499,22.159757653061227,9.70893069406695
random_genuine,/mnt/c/Users/ansar/Desktop/VGGFace2_ArcFace_Project/data/aligned/train/n008799/0171_01.jpg,/mnt/c/Users/ansar/Desktop/VGGFace2_ArcFace_Project/data/aligned/train/n008799/0408_01.jpg,0.4131444096565246,184.93559223510283,64.45017538265306,61.93117250521575,180.80778198369293,28.192442602040813,23.33636469651863
random_genuine,/mnt/c/Users/ansar/Desktop/VGGFace2_ArcFace_Project/data/aligned/train/n007165/0006_02.jpg,/mnt/c/Users/ansar/Desktop/VGGFace2_ArcFace_Project/data/aligned/train/n007165/0442_04.jpg,0.5133185386657715,253.70417057340813,64.31931600765306,49.46875051380823,85.0748052060828,63.551737882653065,32.321223596364995
random_genuine,/mnt/c/Users/ansar/Desktop/VGGFace2_ArcFace_Project/data/aligned/train/n009003/0236_01.jpg,/mnt/c/Users/ansar/Desktop/VGGFace2_ArcFace_Project/data/aligned/train/n009003/0325_01.jpg,0.1714949309825897,147.17424634038184,58.48612882653061,61.47553075511637,27.008475167410694,27.847417091836732,22.845525482470002
random_genuine,/mnt/c/Users/ansar/Desktop/VGGFace2_ArcFace_Project/data/aligned/train/n007707/0108_01.jpg,/mnt/c/Users/ansar/Desktop/VGGFace2_ArcFace_Project/data/aligned/train/n007707/0308_02.jpg,0.3496115505695343,884.4637717962365,89.44467474489795,83.48125488275122,646.0941872110172,7.763711734693871,3.3530217079156444
random_genuine,/mnt/c/Users/ansar/Desktop/VGGFace2_ArcFace_Project/data/aligned/train/n000133/0072_01.jpg,/mnt/c/Users/ansar/Desktop/VGGFace2_ArcFace_Project/data/aligned/train/n000133/0213_02.jpg,0.4192017018795013,1115.4313978284958,74.20264668367346,63.500986289523524,481.0187367443639,15.520727040816325,9.69232132601568
random_genuine,/mnt/c/Users/ansar/Desktop/VGGFace2_ArcFace_Project/data/aligned/train/n000866/0070_01.jpg,/mnt/c/Users/ansar/Desktop/VGGFace2_ArcFace_Project/data/aligned/train/n000866/0422_01.jpg,0.1684034466743469,555.4997591863122,84.35303730867346,69.97553781465743,146.2331660476043,20.726482780612244,1.8237004374853854
random_genuine,/mnt/c/Users/ansar/Desktop/VGGFace2_ArcFace_Project/data/aligned/train/n001014/0094_02.jpg,/mnt/c/Users/ansar/Desktop/VGGFace2_ArcFace_Project/data/aligned/train/n001014/0640_02.jpg,1.0,136.56689308226876,115.20894451530613,90.49732797651268,0.0,0.0,0.0
random_genuine,/mnt/c/Users/ansar/Desktop/VGGFace2_ArcFace_Project/data/aligned/train/n007946/0152_03.jpg,/mnt/c/Users/ansar/Desktop/VGGFace2_ArcFace_Project/data/aligned/train/n007946/0573_01.jpg,0.4626361131668091,150.97268357727737,99.92091836734693,88.33382414785932,97.19865888399363,46.30325255102041,21.561810570425877
random_genuine,/mnt/c/Users/ansar/Desktop/VGGFace2_ArcFace_Project/data/aligned/train/n002239/0017_01.jpg,/mnt/c/Users/ansar/Desktop/VGGFace2_ArcFace_Project/data/aligned/train/n002239/0120_01.jpg,0.3190982937812805,1043.399310304641,67.01785714285714,60.463858299770436,1531.783920224534,5.152423469387756,3.9070227331968184
random_genuine,/mnt/c/Users/ansar/Desktop/VGGFace2_ArcFace_Project/data/aligned/train/n005571/0199_01.jpg,/mnt/c/Users/ansar/Desktop/VGGFace2_ArcFace_Project/data/aligned/train/n005571/0261_01.jpg,0.5730434656143188,763.3402481269757,78.48214285714286,60.369812173460026,668.8067225623458,9.952487244897966,10.840058245037156
random_genuine,/mnt/c/Users/ansar/Desktop/VGGFace2_ArcFace_Project/data/aligned/train/n003347/0055_01.jpg,/mnt/c/Users/ansar/Desktop/VGGFace2_ArcFace_Project/data/aligned/train/n003347/0077_01.jpg,0.4667724967002868,1496.438588356485,86.27602838010205,69.62050183190128,1553.9070970184948,29.75342793367348,22.98703341930002
random_genuine,/mnt/c/Users/ansar/Desktop/VGGFace2_ArcFace_Project/data/aligned/train/n004626/0130_01.jpg,/mnt/c/Users/ansar/Desktop/VGGFace2_ArcFace_Project/data/aligned/train/n004626/0136_01.jpg,0.3651871681213379,971.742629537777,62.29225127551021,67.04915544040917,1566.4620364442162,21.56505102040817,27.66756603625489
random_genuine,/mnt/c/Users/ansar/Desktop/VGGFace2_ArcFace_Project/data/aligned/train/n008848/0352_01.jpg,/mnt/c/Users/ansar/Desktop/VGGFace2_ArcFace_Project/data/aligned/train/n008848/0460_01.jpg,0.2610752582550049,380.2499163594657,69.10897640306122,73.80487062818675,123.45802001444713,17.70041454081632,2.6524903058828215
random_genuine,/mnt/c/Users/ansar/Desktop/VGGFace2_ArcFace_Project/data/aligned/train/n006272/0022_01.jpg,/mnt/c/Users/ansar/Desktop/VGGFace2_ArcFace_Project/data/aligned/train/n006272/0082_02.jpg,0.4496630430221557,857.1099322921581,71.4222337372449,65.64121416846233,1274.0893042714135,39.212133290816325,21.350999568663944
random_genuine,/mnt/c/Users/ansar/Desktop/VGGFace2_ArcFace_Project/data/aligned/train/n004750/0263_01.jpg,/mnt/c/Users/ansar/Desktop/VGGFace2_ArcFace_Project/data/aligned/train/n004750/0369_01.jpg,0.3350929617881775,349.86735794277104,32.75486288265306,40.37563875561501,408.100264778439,10.357142857142854,21.110460103105922
random_genuine,/mnt/c/Users/ansar/Desktop/VGGFace2_ArcFace_Project/data/aligned/train/n002221/0024_03.jpg,/mnt/c/Users/ansar/Desktop/VGGFace2_ArcFace_Project/data/aligned/train/n002221/0460_02.jpg,0.5241170525550842,794.4574159608687,92.97791772959184,73.01186257701013,62.837967598949604,10.522959183673464,5.042044422786361
random_genuine,/mnt/c/Users/ansar/Desktop/VGGFace2_ArcFace_Project/data/aligned/train/n008898/0066_02.jpg,/mnt/c/Users/ansar/Desktop/VGGFace2_ArcFace_Project/data/aligned/train/n008898/0151_01.jpg,0.4793107807636261,893.5999542579507,95.87456154336735,79.70851867742472,348.94773336630567,6.835698341836732,15.010826073041954
random_genuine,/mnt/c/Users/ansar/Desktop/VGGFace2_ArcFace_Project/data/aligned/train/n008677/0065_01.jpg,/mnt/c/Users/ansar/Desktop/VGGFace2_ArcFace_Project/data/aligned/train/n008677/0111_01.jpg,0.5696800351142883,434.5485182813385,88.37332589285714,74.51935291934161,64.99796249726472,10.068718112244895,9.160845131069976
random_genuine,/mnt/c/Users/ansar/Desktop/VGGFace2_ArcFace_Project/data/aligned/train/n002757/0118_01.jpg,/mnt/c/Users/ansar/Desktop/VGGFace2_ArcFace_Project/data/aligned/train/n002757/0181_03.jpg,0.4743865728378296,688.0939983286892,65.0516581632653,64.80233563818796,762.2876533276336,28.820312499999993,23.59601254907807
random_genuine,/mnt/c/Users/ansar/Desktop/VGGFace2_ArcFace_Project/data/aligned/train/n008846/0003_01.jpg,/mnt/c/Users/ansar/Desktop/VGGFace2_ArcFace_Project/data/aligned/train/n008846/0349_01.jpg,0.420865535736084,299.1265359963541,86.97421077806122,68.34341413338147,266.22140921100583,9.905054209183675,3.1191023559445625
random_genuine,/mnt/c/Users/ansar/Desktop/VGGFace2_ArcFace_Project/data/aligned/train/n004354/0119_01.jpg,/mnt/c/Users/ansar/Desktop/VGGFace2_ArcFace_Project/data/aligned/train/n004354/0166_01.jpg,0.4994275569915771,567.257153264387,78.96504304846938,66.81014581622509,220.62465285460485,38.70416135204081,18.709720353376312
random_genuine,/mnt/c/Users/ansar/Desktop/VGGFace2_ArcFace_Project/data/aligned/train/n000971/0113_01.jpg,/mnt/c/Users/ansar/Desktop/VGGFace2_ArcFace_Project/data/aligned/train/n000971/0252_02.jpg,0.115834042429924,146.20445396362967,47.45894451530612,53.38437978534149,70.03627562612259,36.69563137755101,33.33259949516095
random_genuine,/mnt/c/Users/ansar/Desktop/VGGFace2_ArcFace_Project/data/aligned/train/n004881/0260_02.jpg,/mnt/c/Users/ansar/Desktop/VGGFace2_ArcFace_Project/data/aligned/train/n004881/0329_03.jpg,0.2825203835964203,360.06922578632907,103.09956951530611,86.85056974137399,112.55434224209358,10.054846938775498,8.097184620168235
random_genuine,/mnt/c/Users/ansar/Desktop/VGGFace2_ArcFace_Project/data/aligned/train/n006708/0400_04.jpg,/mnt/c/Users/ansar/Desktop/VGGFace2_ArcFace_Project/data/aligned/train/n006708/0407_01.jpg,0.094079814851284,779.6469336831038,76.32258450255102,70.6118570820167,1016.6101548505892,30.016980229591837,16.170431555749893
random_genuine,/mnt/c/Users/ansar/Desktop/VGGFace2_ArcFace_Project/data/aligned/train/n008323/0027_02.jpg,/mnt/c/Users/ansar/Desktop/VGGFace2_ArcFace_Project/data/aligned/train/n008323/0088_01.jpg,0.2044195830821991,1177.6758189934185,75.60407366071428,64.50984693914288,575.2956147930711,13.290098852040828,8.493552805463665
random_genuine,/mnt/c/Users/ansar/Desktop/VGGFace2_ArcFace_Project/data/aligned/train/n005524/0034_01.jpg,/mnt/c/Users/ansar/Desktop/VGGFace2_ArcFace_Project/data/aligned/train/n005524/0198_01.jpg,0.2702444195747375,243.50203198961594,78.55476721938776,64.52822950550737,158.54453341457454,16.58370535714286,6.4890409376757745
random_genuine,/mnt/c/Users/ansar/Desktop/VGGFace2_ArcFace_Project/data/aligned/train/n003163/0054_01.jpg,/mnt/c/Users/ansar/Desktop/VGGFace2_ArcFace_Project/data/aligned/train/n003163/0375_02.jpg,0.3566817939281463,41.16783754729271,47.63719706632653,46.03911571546506,51.283221275396315,46.70982142857143,32.66097894593307
random_genuine,/mnt/c/Users/ansar/Desktop/VGGFace2_ArcFace_Project/data/aligned/train/n000720/0235_01.jpg,/mnt/c/Users/ansar/Desktop/VGGFace2_ArcFace_Project/data/aligned/train/n000720/0274_01.jpg,0.2859145402908325,1060.7997897242267,65.92789381377551,66.90649458490117,1109.5506346042034,11.517777423469397,9.315409961635496
random_genuine,/mnt/c/Users/ansar/Desktop/VGGFace2_ArcFace_Project/data/aligned/train/n008855/0082_01.jpg,/mnt/c/Users/ansar/Desktop/VGGFace2_ArcFace_Project/data/aligned/train/n008855/0084_01.jpg,0.5222242474555969,862.7280827323282,72.2782206632653,76.22830804135674,1191.5596257741627,20.388552295918366,8.712684748495903
random_genuine,/mnt/c/Users/ansar/Desktop/VGGFace2_ArcFace_Project/data/aligned/train/n003341/0027_01.jpg,/mnt/c/Users/ansar/Desktop/VGGFace2_ArcFace_Project/data/aligned/train/n003341/0452_03.jpg,0.509138286113739,835.0578011540958,113.36212531887756,80.00877132999315,423.7312061098505,21.966278698979593,7.577903323054386
random_genuine,/mnt/c/Users/ansar/Desktop/VGGFace2_ArcFace_Project/data/aligned/train/n004989/0086_02.jpg,/mnt/c/Users/ansar/Desktop/VGGFace2_ArcFace_Project/data/aligned/train/n004989/0132_01.jpg,0.4847456216812134,750.4906440426637,83.20448022959184,80.00979248806615,362.1509309424704,28.473214285714278,2.4982225877544266
random_genuine,/mnt/c/Users/ansar/Desktop/VGGFace2_ArcFace_Project/data/aligned/train/n004629/0157_01.jpg,/mnt/c/Users/ansar/Desktop/VGGFace2_ArcFace_Project/data/aligned/train/n004629/0178_01.jpg,0.4783152937889099,1499.3406515888053,109.05604272959184,82.053319406828,757.5539158793699,1.861128826530603,4.014598863312429
random_genuine,/mnt/c/Users/ansar/Desktop/VGGFace2_ArcFace_Project/data/aligned/train/n000071/0094_01.jpg,/mnt/c/Users/ansar/Desktop/VGGFace2_ArcFace_Project/data/aligned/train/n000071/0208_01.jpg,0.3795742690563202,1175.4811806001549,95.98577008928572,83.82830565199247,371.86430789132464,14.987005739795919,0.8393696658521321
random_genuine,/mnt/c/Users/ansar/Desktop/VGGFace2_ArcFace_Project/data/aligned/train/n003607/0030_01.jpg,/mnt/c/Users/ansar/Desktop/VGGFace2_ArcFace_Project/data/aligned/train/n003607/0294_02.jpg,0.7446927428245544,1071.4065333648007,99.5884088010204,75.17757707703458,694.3400517931981,3.3628826530612344,9.25590008199849
random_genuine,/mnt/c/Users/ansar/Desktop/VGGFace2_ArcFace_Project/data/aligned/train/n000880/0316_01.jpg,/mnt/c/Users/ansar/Desktop/VGGFace2_ArcFace_Project/data/aligned/train/n000880/0486_01.jpg,0.2594026327133178,1162.4277975963385,70.87460140306122,69.95245471945887,675.3156448485007,18.999840561224488,9.258140919396865
random_genuine,/mnt/c/Users/ansar/Desktop/VGGFace2_ArcFace_Project/data/aligned/train/n000757/0113_01.jpg,/mnt/c/Users/ansar/Desktop/VGGFace2_ArcFace_Project/data/aligned/train/n000757/0159_01.jpg,0.435177594423294,204.28564427068756,57.00279017857143,53.25905224672071,43.793028742906614,12.521205357142854,7.7538614067249085
random_genuine,/mnt/c/Users/ansar/Desktop/VGGFace2_ArcFace_Project/data/aligned/train/n008145/0196_01.jpg,/mnt/c/Users/ansar/Desktop/VGGFace2_ArcFace_Project/data/aligned/train/n008145/0259_01.jpg,0.1386260092258453,535.9785325424913,80.88671875,75.06024388333837,450.23041844238895,13.610491071428584,11.812669729900279
random_genuine,/mnt/c/Users/ansar/Desktop/VGGFace2_ArcFace_Project/data/aligned/train/n003546/0103_01.jpg,/mnt/c/Users/ansar/Desktop/VGGFace2_ArcFace_Project/data/aligned/train/n003546/0322_03.jpg,0.317667543888092,1223.449394111681,55.491430165816325,62.37365222585629,364.59547152314644,7.993223852040813,9.219042847323578
random_genuine,/mnt/c/Users/ansar/Desktop/VGGFace2_ArcFace_Project/data/aligned/train/n007050/0079_01.jpg,/mnt/c/Users/ansar/Desktop/VGGFace2_ArcFace_Project/data/aligned/train/n007050/0391_01.jpg,0.5479463934898376,953.8610618778787,97.61531409438776,81.58352938990232,769.9498280021162,2.6804049744897895,4.183248978996573
random_genuine,/mnt/c/Users/ansar/Desktop/VGGFace2_ArcFace_Project/data/aligned/train/n002998/0060_01.jpg,/mnt/c/Users/ansar/Desktop/VGGFace2_ArcFace_Project/data/aligned/train/n002998/0101_02.jpg,0.4535992443561554,231.76576572276807,66.10040656887755,61.466055856596604,20.359561181376193,9.251833545918366,6.384547305493427
random_genuine,/mnt/c/Users/ansar/Desktop/VGGFace2_ArcFace_Project/data/aligned/train/n000020/0048_01.jpg,/mnt/c/Users/ansar/Desktop/VGGFace2_ArcFace_Project/data/aligned/train/n000020/0151_01.jpg,0.4802384376525879,1604.694288855143,109.85307716836735,85.77561825586963,502.01947797452,3.7665816326530575,1.5433443171168761
random_genuine,/mnt/c/Users/ansar/Desktop/VGGFace2_ArcFace_Project/data/aligned/train/n006593/0099_01.jpg,/mnt/c/Users/ansar/Desktop/VGGFace2_ArcFace_Project/data/aligned/train/n006593/0156_05.jpg,0.5944411754608154,1610.4043978334023,79.91521843112244,60.49285287681223,2795.5001620571106,1.5750159438775455,3.0720188200164813
random_genuine,/mnt/c/Users/ansar/Desktop/VGGFace2_ArcFace_Project/data/aligned/train/n004026/0096_01.jpg,/mnt/c/Users/ansar/Desktop/VGGFace2_ArcFace_Project/data/aligned/train/n004026/0215_01.jpg,0.2781116962432861,648.8985696051429,99.64963329081633,89.17793574717544,416.991286131999,21.156090561224488,17.819021313673346
random_genuine,/mnt/c/Users/ansar/Desktop/VGGFace2_ArcFace_Project/data/aligned/train/n007433/0199_01.jpg,/mnt/c/Users/ansar/Desktop/VGGFace2_ArcFace_Project/data/aligned/train/n007433/0441_01.jpg,0.570304811000824,1387.8994189369237,81.35036670918367,73.58758814594248,1282.83860108337,29.479113520408163,4.783724878217342
random_genuine,/mnt/c/Users/ansar/Desktop/VGGFace2_ArcFace_Project/data/aligned/train/n006636/0061_02.jpg,/mnt/c/Users/ansar/Desktop/VGGFace2_ArcFace_Project/data/aligned/train/n006636/0149_01.jpg,0.4654361605644226,274.94835107716756,45.53204719387755,55.52414329673641,313.6134620676037,0.699139030612244,7.545487119671996
random_genuine,/mnt/c/Users/ansar/Desktop/VGGFace2_ArcFace_Project/data/aligned/train/n001429/0081_01.jpg,/mnt/c/Users/ansar/Desktop/VGGFace2_ArcFace_Project/data/aligned/train/n001429/0356_01.jpg,0.3449494540691376,1563.0560916231752,61.94351881377551,67.56099158776905,392.3309190615871,5.597815688775512,4.352089076357373
random_genuine,/mnt/c/Users/ansar/Desktop/VGGFace2_ArcFace_Project/data/aligned/train/n008713/0097_02.jpg,/mnt/c/Users/ansar/Desktop/VGGFace2_ArcFace_Project/data/aligned/train/n008713/0241_02.jpg,0.1262685358524322,125.62999206759045,67.9398118622449,62.5974830143282,35.86747047713476,23.7421875,14.434156729562162
random_genuine,/mnt/c/Users/ansar/Desktop/VGGFace2_ArcFace_Project/data/aligned/train/n006331/0051_01.jpg,/mnt/c/Users/ansar/Desktop/VGGFace2_ArcFace_Project/data/aligned/train/n006331/0257_02.jpg,0.0952529683709144,196.16055768770462,88.47923309948979,74.21705370913283,158.71438393995996,6.202407525510196,4.774818338051546
random_genuine,/mnt/c/Users/ansar/Desktop/VGGFace2_ArcFace_Project/data/aligned/train/n000300/0147_01.jpg,/mnt/c/Users/ansar/Desktop/VGGFace2_ArcFace_Project/data/aligned/train/n000300/0529_01.jpg,0.2698094546794891,637.0989020402011,62.85738201530612,61.69212510636561,957.6085899508728,35.25095663265306,20.028488929914197
random_genuine,/mnt/c/Users/ansar/Desktop/VGGFace2_ArcFace_Project/data/aligned/train/n006490/0088_01.jpg,/mnt/c/Users/ansar/Desktop/VGGFace2_ArcFace_Project/data/aligned/train/n006490/0244_01.jpg,0.289160817861557,1285.8959314933372,79.67829241071428,84.19044637641508,37.14725569058123,10.860889668367335,5.592477506167853
random_genuine,/mnt/c/Users/ansar/Desktop/VGGFace2_ArcFace_Project/data/aligned/train/n002911/0019_01.jpg,/mnt/c/Users/ansar/Desktop/VGGFace2_ArcFace_Project/data/aligned/train/n002911/0272_01.jpg,0.3813806772232055,1285.3991532458806,62.76857461734694,58.26317015645982,935.1290640618494,13.82748724489796,0.9905671742151156
random_genuine,/mnt/c/Users/ansar/Desktop/VGGFace2_ArcFace_Project/data/aligned/train/n001440/0139_01.jpg,/mnt/c/Users/ansar/Desktop/VGGFace2_ArcFace_Project/data/aligned/train/n001440/0245_01.jpg,0.0972668230533599,949.7513040004794,65.52845982142857,67.99212302015815,1417.0522165548696,19.128348214285715,4.614349393870057
random_genuine,/mnt/c/Users/ansar/Desktop/VGGFace2_ArcFace_Project/data/aligned/train/n002724/0077_01.jpg,/mnt/c/Users/ansar/Desktop/VGGFace2_ArcFace_Project/data/aligned/train/n002724/0326_01.jpg,0.6439247131347656,653.4390476581108,111.28814572704081,97.00230939122443,465.97585010965486,2.5377072704081627,1.2563911613973602
random_genuine,/mnt/c/Users/ansar/Desktop/VGGFace2_ArcFace_Project/data/aligned/train/n007398/0409_01.jpg,/mnt/c/Users/ansar/Desktop/VGGFace2_ArcFace_Project/data/aligned/train/n007398/0424_01.jpg,0.3831060528755188,254.0769943847402,52.987523915816325,56.37516512394521,89.37242721309767,5.140066964285715,3.9906212592299966
random_genuine,/mnt/c/Users/ansar/Desktop/VGGFace2_ArcFace_Project/data/aligned/train/n002219/0181_01.jpg,/mnt/c/Users/ansar/Desktop/VGGFace2_ArcFace_Project/data/aligned/train/n002219/0253_01.jpg,0.2499536871910095,2738.0779986780717,88.01662149234693,88.56544212399973,2165.769461851427,6.052694515306129,3.4534182547747605
random_genuine,/mnt/c/Users/ansar/Desktop/VGGFace2_ArcFace_Project/data/aligned/train/n009107/0079_01.jpg,/mnt/c/Users/ansar/Desktop/VGGFace2_ArcFace_Project/data/aligned/train/n009107/0670_01.jpg,0.3995415270328522,211.05044297325963,78.68092315051021,65.11814321973358,226.74080343695292,33.84095982142857,13.339865107877543
random_genuine,/mnt/c/Users/ansar/Desktop/VGGFace2_ArcFace_Project/data/aligned/train/n000289/0234_01.jpg,/mnt/c/Users/ansar/Desktop/VGGFace2_ArcFace_Project/data/aligned/train/n000289/0295_04.jpg,0.1864557564258575,579.054399731059,71.61379942602042,73.93325561128972,590.979243471145,11.387994260204081,8.688630206487815
random_genuine,/mnt/c/Users/ansar/Desktop/VGGFace2_ArcFace_Project/data/aligned/train/n005361/0159_01.jpg,/mnt/c/Users/ansar/Desktop/VGGFace2_ArcFace_Project/data/aligned/train/n005361/0178_03.jpg,0.4694555103778839,379.3485005707207,100.18116230867346,88.21611052669132,221.9088952740944,22.04089604591836,4.313155937020198
random_genuine,/mnt/c/Users/ansar/Desktop/VGGFace2_ArcFace_Project/data/aligned/train/n005683/0013_01.jpg,/mnt/c/Users/ansar/Desktop/VGGFace2_ArcFace_Project/data/aligned/train/n005683/0211_01.jpg,0.6016860604286194,580.1205833876744,96.06656568877551,75.22234322454594,341.95911064608714,30.188137755102048,11.578264535755622
random_genuine,/mnt/c/Users/ansar/Desktop/VGGFace2_ArcFace_Project/data/aligned/train/n009035/0181_01.jpg,/mnt/c/Users/ansar/Desktop/VGGFace2_ArcFace_Project/data/aligned/train/n009035/0448_01.jpg,0.4714354276657104,1562.4571854743494,93.68044483418367,74.23197882456,133.5567541603043,7.670200892857139,6.681792382148231
random_genuine,/mnt/c/Users/ansar/Desktop/VGGFace2_ArcFace_Project/data/aligned/train/n007926/0366_01.jpg,/mnt/c/Users/ansar/Desktop/VGGFace2_ArcFace_Project/data/aligned/train/n007926/0400_02.jpg,0.2888109982013702,2059.529368634524,91.75251116071428,79.4764834395916,1844.1877207980456,27.099250637755105,8.87815278174196
random_genuine,/mnt/c/Users/ansar/Desktop/VGGFace2_ArcFace_Project/data/aligned/train/n005330/0322_01.jpg,/mnt/c/Users/ansar/Desktop/VGGFace2_ArcFace_Project/data/aligned/train/n005330/0427_01.jpg,0.4660359919071197,1745.2662529109268,78.09913105867346,75.66536526598034,950.9748552950755,27.92227359693878,17.91520590892948
random_genuine,/mnt/c/Users/ansar/Desktop/VGGFace2_ArcFace_Project/data/aligned/train/n000911/0008_01.jpg,/mnt/c/Users/ansar/Desktop/VGGFace2_ArcFace_Project/data/aligned/train/n000911/0399_01.jpg,0.3695994615554809,616.9227730982604,86.04954559948979,66.11405627258836,799.0153877547461,36.47377232142857,25.80350549161291
random_genuine,/mnt/c/Users/ansar/Desktop/VGGFace2_ArcFace_Project/data/aligned/train/n006290/0020_01.jpg,/mnt/c/Users/ansar/Desktop/VGGFace2_ArcFace_Project/data/aligned/train/n006290/0026_02.jpg,0.5098250508308411,220.11489058196275,81.43152104591837,81.22674811039873,126.39151249464138,8.99808673469387,3.2522576020594727
random_genuine,/mnt/c/Users/ansar/Desktop/VGGFace2_ArcFace_Project/data/aligned/train/n008402/0248_01.jpg,/mnt/c/Users/ansar/Desktop/VGGFace2_ArcFace_Project/data/aligned/train/n008402/0405_02.jpg,0.3676249086856842,1045.5277918601523,90.91505899234694,80.37964066167868,1131.2955895248724,11.775111607142861,11.640740792977041
random_genuine,/mnt/c/Users/ansar/Desktop/VGGFace2_ArcFace_Project/data/aligned/train/n004063/0009_01.jpg,/mnt/c/Users/ansar/Desktop/VGGFace2_ArcFace_Project/data/aligned/train/n004063/0047_01.jpg,0.7556177377700806,1575.5826641688095,98.93140146683673,80.95263813700718,228.6333687054223,1.2908960459183731,4.526665289322665
random_genuine,/mnt/c/Users/ansar/Desktop/VGGFace2_ArcFace_Project/data/aligned/train/n005189/0089_01.jpg,/mnt/c/Users/ansar/Desktop/VGGFace2_ArcFace_Project/data/aligned/train/n005189/0228_01.jpg,0.2950237691402435,833.7611483185055,75.89528858418367,61.11077303015007,1173.002623755452,45.58394451530612,33.622309890424134
random_genuine,/mnt/c/Users/ansar/Desktop/VGGFace2_ArcFace_Project/data/aligned/train/n000140/0157_02.jpg,/mnt/c/Users/ansar/Desktop/VGGFace2_ArcFace_Project/data/aligned/train/n000140/0160_01.jpg,0.3990789949893951,848.6936841882898,88.16386320153062,84.58905643556372,451.9186269687842,3.6080197704081627,11.690734800541023
random_genuine,/mnt/c/Users/ansar/Desktop/VGGFace2_ArcFace_Project/data/aligned/train/n000757/0111_02.jpg,/mnt/c/Users/ansar/Desktop/VGGFace2_ArcFace_Project/data/aligned/train/n000757/0139_01.jpg,0.2461996376514434,701.5218233952966,58.82338169642857,58.57589367457846,582.221379856426,7.69746492346939,1.9042548299563151
random_genuine,/mnt/c/Users/ansar/Desktop/VGGFace2_ArcFace_Project/data/aligned/train/n002285/0003_01.jpg,/mnt/c/Users/ansar/Desktop/VGGFace2_ArcFace_Project/data/aligned/train/n002285/0037_03.jpg,0.1039003953337669,923.5248702564422,111.07150829081633,84.35322836603103,212.03007058012918,0.7023278061224403,5.741903931777628
random_genuine,/mnt/c/Users/ansar/Desktop/VGGFace2_ArcFace_Project/data/aligned/train/n003341/0056_01.jpg,/mnt/c/Users/ansar/Desktop/VGGFace2_ArcFace_Project/data/aligned/train/n003341/0162_01.jpg,0.4398945569992065,1029.6919794809517,72.13743622448979,64.12134776714528,1192.6936304615915,30.478156887755105,29.037677251555642
random_genuine,/mnt/c/Users/ansar/Desktop/VGGFace2_ArcFace_Project/data/aligned/train/n001422/0190_01.jpg,/mnt/c/Users/ansar/Desktop/VGGFace2_ArcFace_Project/data/aligned/train/n001422/0292_01.jpg,0.2714921534061432,526.4322222352574,59.341079400510196,67.71862946180761,898.718045559986,13.165736607142854,23.652323887740145
random_genuine,/mnt/c/Users/ansar/Desktop/VGGFace2_ArcFace_Project/data/aligned/train/n003031/0174_01.jpg,/mnt/c/Users/ansar/Desktop/VGGFace2_ArcFace_Project/data/aligned/train/n003031/0192_01.jpg,0.3428671956062317,179.59007113201326,77.18925382653062,69.4972580048049,56.58821514595155,22.877551020408163,15.054308397792553
random_genuine,/mnt/c/Users/ansar/Desktop/VGGFace2_ArcFace_Project/data/aligned/train/n007604/0118_01.jpg,/mnt/c/Users/ansar/Desktop/VGGFace2_ArcFace_Project/data/aligned/train/n007604/0419_01.jpg,0.4474528729915619,1414.1806145905953,79.55305325255102,77.00154374920716,822.5229588722696,40.935825892857146,33.19665464486628
random_genuine,/mnt/c/Users/ansar/Desktop/VGGFace2_ArcFace_Project/data/aligned/train/n003124/0166_01.jpg,/mnt/c/Users/ansar/Desktop/VGGFace2_ArcFace_Project/data/aligned/train/n003124/0514_01.jpg,0.3216389715671539,668.7040396090201,64.03045280612245,65.32186961148493,415.0453516441006,8.247448979591844,13.873386268450126
random_genuine,/mnt/c/Users/ansar/Desktop/VGGFace2_ArcFace_Project/data/aligned/train/n006713/0298_01.jpg,/mnt/c/Users/ansar/Desktop/VGGFace2_ArcFace_Project/data/aligned/train/n006713/0368_01.jpg,0.4471807777881622,1034.253044786179,77.44304049744898,73.04243411513397,661.3863006299459,13.748166454081627,1.6157480548647243
random_genuine,/mnt/c/Users/ansar/Desktop/VGGFace2_ArcFace_Project/data/aligned/train/n006716/0075_01.jpg,/mnt/c/Users/ansar/Desktop/VGGFace2_ArcFace_Project/data/aligned/train/n006716/0221_01.jpg,0.7094216346740723,567.1139178230384,91.38783482142857,75.56271486540417,768.6412030926647,39.15178571428572,35.24240768074307
random_genuine,/mnt/c/Users/ansar/Desktop/VGGFace2_ArcFace_Project/data/aligned/train/n001752/0029_01.jpg,/mnt/c/Users/ansar/Desktop/VGGFace2_ArcFace_Project/data/aligned/train/n001752/0377_01.jpg,0.2906248867511749,1030.3090255146271,81.83179209183673,72.94948755099855,403.04545616775863,39.12085459183674,16.12845025887438
random_genuine,/mnt/c/Users/ansar/Desktop/VGGFace2_ArcFace_Project/data/aligned/train/n006075/0181_01.jpg,/mnt/c/Users/ansar/Desktop/VGGFace2_ArcFace_Project/data/aligned/train/n006075/0258_01.jpg,0.5974631905555725,675.7006890020089,74.13073979591837,83.78933053804315,640.4621508311153,20.176339285714292,13.427354224053758
random_genuine,/mnt/c/Users/ansar/Desktop/VGGFace2_ArcFace_Project/data/aligned/train/n001297/0003_01.jpg,/mnt/c/Users/ansar/Desktop/VGGFace2_ArcFace_Project/data/aligned/train/n001297/0104_01.jpg,0.6289999485015869,453.04115593150374,102.37503985969389,80.35956910459328,221.06477974951633,54.88735650510205,33.95349857316766
random_genuine,/mnt/c/Users/ansar/Desktop/VGGFace2_ArcFace_Project/data/aligned/train/n007611/0202_01.jpg,/mnt/c/Users/ansar/Desktop/VGGFace2_ArcFace_Project/data/aligned/train/n007611/0205_02.jpg,0.3249349594116211,806.4248928306799,82.66701211734694,77.63766026498024,795.3723088796314,3.064732142857139,16.17299897538932
random_genuine,/mnt/c/Users/ansar/Desktop/VGGFace2_ArcFace_Project/data/aligned/train/n005591/0089_01.jpg,/mnt/c/Users/ansar/Desktop/VGGFace2_ArcFace_Project/data/aligned/train/n005591/0322_01.jpg,0.4549615979194641,523.3282797295866,61.536352040816325,60.786515505587026,549.7691947304672,38.47592474489795,32.41682470852574
random_genuine,/mnt/c/Users/ansar/Desktop/VGGFace2_ArcFace_Project/data/aligned/train/n001326/0057_01.jpg,/mnt/c/Users/ansar/Desktop/VGGFace2_ArcFace_Project/data/aligned/train/n001326/0165_01.jpg,0.5708895325660706,693.931008456102,79.58003826530611,72.6749224216216,212.49431155394245,4.4853316326530575,2.75626912519796
random_genuine,/mnt/c/Users/ansar/Desktop/VGGFace2_ArcFace_Project/data/aligned/train/n007039/0126_01.jpg,/mnt/c/Users/ansar/Desktop/VGGFace2_ArcFace_Project/data/aligned/train/n007039/0308_01.jpg,0.1573308259248733,920.039204061652,54.780891262755105,57.135481205190196,1317.6806468272496,6.377311862244902,9.843437793308027
random_genuine,/mnt/c/Users/ansar/Desktop/VGGFace2_ArcFace_Project/data/aligned/train/n008926/0096_01.jpg,/mnt/c/Users/ansar/Desktop/VGGFace2_ArcFace_Project/data/aligned/train/n008926/0368_01.jpg,0.3579084873199463,978.9078330596453,75.10315688775509,76.52224297095637,477.29706517878503,5.326371173469383,20.87341010623129
random_genuine,/mnt/c/Users/ansar/Desktop/VGGFace2_ArcFace_Project/data/aligned/train/n004413/0225_01.jpg,/mnt/c/Users/ansar/Desktop/VGGFace2_ArcFace_Project/data/aligned/train/n004413/0364_02.jpg,0.4089703261852264,1301.4743503600744,72.30241549744898,76.13028405499963,731.3887777713774,3.361049107142861,7.340502672376729
random_genuine,/mnt/c/Users/ansar/Desktop/VGGFace2_ArcFace_Project/data/aligned/train/n004299/0022_01.jpg,/mnt/c/Users/ansar/Desktop/VGGFace2_ArcFace_Project/data/aligned/train/n004299/0047_01.jpg,0.6920623779296875,1448.669543433517,95.39692283163265,91.46776247268048,918.2839781964933,25.892697704081627,5.634812808628709
random_genuine,/mnt/c/Users/ansar/Desktop/VGGFace2_ArcFace_Project/data/aligned/train/n006124/0083_01.jpg,/mnt/c/Users/ansar/Desktop/VGGFace2_ArcFace_Project/data/aligned/train/n006124/0380_02.jpg,0.1423379033803939,454.2603946735044,78.08274872448979,75.1298168695644,282.8593189981469,34.52853954081632,36.155260761655185
random_genuine,/mnt/c/Users/ansar/Desktop/VGGFace2_ArcFace_Project/data/aligned/train/n002241/0028_02.jpg,/mnt/c/Users/ansar/Desktop/VGGFace2_ArcFace_Project/data/aligned/train/n002241/0104_04.jpg,0.9351463913917542,182.1888105336054,34.00526147959184,32.570412010775904,199.47944490495496,15.394132653061224,14.397577394077913
random_genuine,/mnt/c/Users/ansar/Desktop/VGGFace2_ArcFace_Project/data/aligned/train/n003443/0031_01.jpg,/mnt/c/Users/ansar/Desktop/VGGFace2_ArcFace_Project/data/aligned/train/n003443/0204_01.jpg,0.6259586215019226,1347.3179295582356,97.57465720663265,89.08777526119522,1040.1171822061342,26.261080994897952,17.079059732038544
random_genuine,/mnt/c/Users/ansar/Desktop/VGGFace2_ArcFace_Project/data/aligned/train/n003177/0162_01.jpg,/mnt/c/Users/ansar/Desktop/VGGFace2_ArcFace_Project/data/aligned/train/n003177/0352_01.jpg,0.2801657915115356,879.9989525073273,80.49772799744898,75.50560614287232,1351.8262495607298,33.73461415816327,18.36526043206439
random_genuine,/mnt/c/Users/ansar/Desktop/VGGFace2_ArcFace_Project/data/aligned/train/n003791/0135_01.jpg,/mnt/c/Users/ansar/Desktop/VGGFace2_ArcFace_Project/data/aligned/train/n003791/0195_01.jpg,0.4470824003219604,508.70422382029034,73.66334502551021,65.75738503270672,596.1942223386435,3.763392857142847,3.219845494091601
random_genuine,/mnt/c/Users/ansar/Desktop/VGGFace2_ArcFace_Project/data/aligned/train/n007574/0186_03.jpg,/mnt/c/Users/ansar/Desktop/VGGFace2_ArcFace_Project/data/aligned/train/n007574/0358_01.jpg,0.3372642993927002,314.42338210252456,59.31792091836735,57.554932001363,436.444761753678,49.70742984693877,46.748956861606274
random_genuine,/mnt/c/Users/ansar/Desktop/VGGFace2_ArcFace_Project/data/aligned/train/n000810/0355_02.jpg,/mnt/c/Users/ansar/Desktop/VGGFace2_ArcFace_Project/data/aligned/train/n000810/0595_02.jpg,0.1531774997711181,422.10630845685944,81.95575573979592,77.2675227349705,540.9663555013394,14.62739158163265,17.21637230283899
random_genuine,/mnt/c/Users/ansar/Desktop/VGGFace2_ArcFace_Project/data/aligned/train/n006845/0193_01.jpg,/mnt/c/Users/ansar/Desktop/VGGFace2_ArcFace_Project/data/aligned/train/n006845/0456_02.jpg,0.5287860035896301,611.5411607995723,62.90557238520408,66.0508448803185,605.7592986399609,20.136878188775512,4.067397250956432
random_genuine,/mnt/c/Users/ansar/Desktop/VGGFace2_ArcFace_Project/data/aligned/train/n006434/0164_01.jpg,/mnt/c/Users/ansar/Desktop/VGGFace2_ArcFace_Project/data/aligned/train/n006434/0258_01.jpg,0.392321914434433,1135.6297359919358,60.99705038265306,68.73050439074103,621.6962716429496,7.009885204081627,0.9343644101342505
random_genuine,/mnt/c/Users/ansar/Desktop/VGGFace2_ArcFace_Project/data/aligned/train/n001968/0124_01.jpg,/mnt/c/Users/ansar/Desktop/VGGFace2_ArcFace_Project/data/aligned/train/n001968/0328_01.jpg,0.5837408304214478,712.6205692632851,82.59673947704081,74.75465999053104,3.5460121189739766,56.760283801020414,22.917203574284514
random_genuine,/mnt/c/Users/ansar/Desktop/VGGFace2_ArcFace_Project/data/aligned/train/n003622/0022_04.jpg,/mnt/c/Users/ansar/Desktop/VGGFace2_ArcFace_Project/data/aligned/train/n003622/0356_01.jpg,0.681226909160614,232.06214080518208,39.94710618622449,51.10326254010339,41.686475748223415,13.54408482142857,22.15769678960644
random_genuine,/mnt/c/Users/ansar/Desktop/VGGFace2_ArcFace_Project/data/aligned/train/n003709/0113_01.jpg,/mnt/c/Users/ansar/Desktop/VGGFace2_ArcFace_Project/data/aligned/train/n003709/0261_01.jpg,0.4852730631828308,736.8279272871482,90.77861926020408,62.79339669521444,342.9936302086554,37.07286352040816,21.17381112503599
random_genuine,/mnt/c/Users/ansar/Desktop/VGGFace2_ArcFace_Project/data/aligned/train/n002048/0267_02.jpg,/mnt/c/Users/ansar/Desktop/VGGFace2_ArcFace_Project/data/aligned/train/n002048/0377_01.jpg,0.0707775652408599,397.78546421888325,74.92478475765306,63.883796356059364,115.93432377597179,4.443638392857139,0.8467047662028406
random_genuine,/mnt/c/Users/ansar/Desktop/VGGFace2_ArcFace_Project/data/aligned/train/n001735/0048_01.jpg,/mnt/c/Users/ansar/Desktop/VGGFace2_ArcFace_Project/data/aligned/train/n001735/0279_02.jpg,0.1287563592195511,490.1602878149525,68.95970184948979,68.02356248720052,422.46925477929915,12.387675382653057,21.98821738092451
random_genuine,/mnt/c/Users/ansar/Desktop/VGGFace2_ArcFace_Project/data/aligned/train/n005036/0152_01.jpg,/mnt/c/Users/ansar/Desktop/VGGFace2_ArcFace_Project/data/aligned/train/n005036/0475_01.jpg,0.5670739412307739,480.7853996502464,87.07932079081633,73.56778890140498,73.02026220382817,9.425860969387756,3.1095090363576077
random_genuine,/mnt/c/Users/ansar/Desktop/VGGFace2_ArcFace_Project/data/aligned/train/n007804/0096_02.jpg,/mnt/c/Users/ansar/Desktop/VGGFace2_ArcFace_Project/data/aligned/train/n007804/0207_05.jpg,0.3625736832618713,194.92897097560973,71.39764030612244,67.16103187699355,48.51039898867214,5.831313775510196,0.5285881501030332
random_genuine,/mnt/c/Users/ansar/Desktop/VGGFace2_ArcFace_Project/data/aligned/train/n006264/0066_01.jpg,/mnt/c/Users/ansar/Desktop/VGGFace2_ArcFace_Project/data/aligned/train/n006264/0158_02.jpg,0.5051077008247375,800.412156937173,91.79213169642857,74.12021925846469,572.2115707810545,22.02734375,2.1655309659690403
random_genuine,/mnt/c/Users/ansar/Desktop/VGGFace2_ArcFace_Project/data/aligned/train/n000354/0001_01.jpg,/mnt/c/Users/ansar/Desktop/VGGFace2_ArcFace_Project/data/aligned/train/n000354/0127_02.jpg,0.5649084448814392,1366.2516274092743,110.54412468112244,87.5747149627003,155.1559557297087,13.12539859693878,13.930934474206765
random_genuine,/mnt/c/Users/ansar/Desktop/VGGFace2_ArcFace_Project/data/aligned/train/n008798/0137_01.jpg,/mnt/c/Users/ansar/Desktop/VGGFace2_ArcFace_Project/data/aligned/train/n008798/0160_01.jpg,0.4644922018051147,426.4967958576626,76.49888392857143,69.27945066841073,317.4951934242487,0.4706632653061149,1.1012897412869478
random_genuine,/mnt/c/Users/ansar/Desktop/VGGFace2_ArcFace_Project/data/aligned/train/n004608/0386_02.jpg,/mnt/c/Users/ansar/Desktop/VGGFace2_ArcFace_Project/data/aligned/train/n004608/0400_01.jpg,0.411134272813797,169.2080654603449,61.38420758928572,56.4610986430438,118.17202315197444,24.02431441326531,16.485291824695686
random_genuine,/mnt/c/Users/ansar/Desktop/VGGFace2_ArcFace_Project/data/aligned/train/n001464/0055_01.jpg,/mnt/c/Users/ansar/Desktop/VGGFace2_ArcFace_Project/data/aligned/train/n001464/0206_02.jpg,0.2318145334720611,743.0168573934801,93.69439572704081,76.67465217035357,491.40500784814,5.944754464285722,1.1931893934413296
random_genuine,/mnt/c/Users/ansar/Desktop/VGGFace2_ArcFace_Project/data/aligned/train/n002927/0342_01.jpg,/mnt/c/Users/ansar/Desktop/VGGFace2_ArcFace_Project/data/aligned/train/n002927/0503_01.jpg,0.4744468033313751,1000.8417445464414,67.43949298469389,72.95565123827753,1270.5092250024811,32.19977678571429,18.0540008949013
random_genuine,/mnt/c/Users/ansar/Desktop/VGGFace2_ArcFace_Project/data/aligned/train/n002754/0072_01.jpg,/mnt/c/Users/ansar/Desktop/VGGFace2_ArcFace_Project/data/aligned/train/n002754/0190_01.jpg,0.3093486428260803,984.1528956180114,61.29559948979592,72.24951666549093,646.2817798886185,17.181600765306122,19.48146840297928
random_genuine,/mnt/c/Users/ansar/Desktop/VGGFace2_ArcFace_Project/data/aligned/train/n001215/0002_01.jpg,/mnt/c/Users/ansar/Desktop/VGGFace2_ArcFace_Project/data/aligned/train/n001215/0227_01.jpg,0.0079140029847621,141.15072950230496,50.63352997448979,43.5973620703028,153.98304920760552,40.818080357142854,31.63269593292942
random_genuine,/mnt/c/Users/ansar/Desktop/VGGFace2_ArcFace_Project/data/aligned/train/n005790/0067_01.jpg,/mnt/c/Users/ansar/Desktop/VGGFace2_ArcFace_Project/data/aligned/train/n005790/0606_01.jpg,0.5187764167785645,192.63588621496214,54.783282844387756,52.053099072995636,237.92877652296573,17.32645089285714,3.919571920348666
random_genuine,/mnt/c/Users/ansar/Desktop/VGGFace2_ArcFace_Project/data/aligned/train/n004907/0103_01.jpg,/mnt/c/Users/ansar/Desktop/VGGFace2_ArcFace_Project/data/aligned/train/n004907/0279_01.jpg,0.2637872993946075,500.25868999794193,73.84382971938776,74.16680283042811,231.6977854279467,15.521364795918373,7.992446223162219
random_genuine,/mnt/c/Users/ansar/Desktop/VGGFace2_ArcFace_Project/data/aligned/train/n009223/0172_01.jpg,/mnt/c/Users/ansar/Desktop/VGGFace2_ArcFace_Project/data/aligned/train/n009223/0190_01.jpg,0.4442947208881378,825.1520283519105,67.35132334183673,67.29925652304543,1072.892989286131,29.838010204081627,15.986820578684238
random_genuine,/mnt/c/Users/ansar/Desktop/VGGFace2_ArcFace_Project/data/aligned/train/n002785/0021_01.jpg,/mnt/c/Users/ansar/Desktop/VGGFace2_ArcFace_Project/data/aligned/train/n002785/0255_01.jpg,0.5101943016052246,833.7604908972967,78.8071588010204,73.93163282830045,613.9156597857174,4.966677295918373,15.962286927916338
random_genuine,/mnt/c/Users/ansar/Desktop/VGGFace2_ArcFace_Project/data/aligned/train/n007575/0081_02.jpg,/mnt/c/Users/ansar/Desktop/VGGFace2_ArcFace_Project/data/aligned/train/n007575/0237_01.jpg,0.1836993098258972,2106.1927165579964,102.09921077806123,76.82854247747883,685.5412575857981,37.206234056122454,19.373320473727247
random_genuine,/mnt/c/Users/ansar/Desktop/VGGFace2_ArcFace_Project/data/aligned/train/n006977/0037_06.jpg,/mnt/c/Users/ansar/Desktop/VGGFace2_ArcFace_Project/data/aligned/train/n006977/0089_02.jpg,0.3034778237342834,855.9615116492754,104.64708227040816,75.46518397512531,1309.436612009655,20.778539540816325,2.5493964536063913
random_genuine,/mnt/c/Users/ansar/Desktop/VGGFace2_ArcFace_Project/data/aligned/train/n005521/0046_02.jpg,/mnt/c/Users/ansar/Desktop/VGGFace2_ArcFace_Project/data/aligned/train/n005521/0323_04.jpg,0.2094251960515976,287.49961821886956,73.67725605867346,70.88713738873196,120.71624257613198,7.610411352040813,2.4647001938861735
random_genuine,/mnt/c/Users/ansar/Desktop/VGGFace2_ArcFace_Project/data/aligned/train/n001696/0009_01.jpg,/mnt/c/Users/ansar/Desktop/VGGFace2_ArcFace_Project/data/aligned/train/n001696/0089_01.jpg,0.6287264227867126,797.4693546827411,96.94021045918367,85.02551836548473,25.281153807983742,7.721301020408163,6.807226296564977
random_genuine,/mnt/c/Users/ansar/Desktop/VGGFace2_ArcFace_Project/data/aligned/train/n004040/0284_01.jpg,/mnt/c/Users/ansar/Desktop/VGGFace2_ArcFace_Project/data/aligned/train/n004040/0409_01.jpg,0.3670880496501922,851.355615618228,84.91003667091837,77.72186144314493,1408.0674577782127,3.1783322704081627,0.8114015113411881
random_genuine,/mnt/c/Users/ansar/Desktop/VGGFace2_ArcFace_Project/data/aligned/train/n005131/0097_02.jpg,/mnt/c/Users/ansar/Desktop/VGGFace2_ArcFace_Project/data/aligned/train/n005131/0265_02.jpg,0.2244625240564346,878.031430496667,44.48696588010204,49.52452349595072,1522.0947492060088,28.34064094387755,21.84061280178917
random_genuine,/mnt/c/Users/ansar/Desktop/VGGFace2_ArcFace_Project/data/aligned/train/n008584/0366_01.jpg,/mnt/c/Users/ansar/Desktop/VGGFace2_ArcFace_Project/data/aligned/train/n008584/0440_01.jpg,0.2831470072269439,543.6040427840685,56.060467155612244,63.96158000274218,59.66334880684292,6.646125637755105,13.661826337503335
random_genuine,/mnt/c/Users/ansar/Desktop/VGGFace2_ArcFace_Project/data/aligned/train/n004864/0135_01.jpg,/mnt/c/Users/ansar/Desktop/VGGFace2_ArcFace_Project/data/aligned/train/n004864/0138_02.jpg,0.4236666858196258,408.1697098852346,77.62420280612245,71.6530459954091,296.7090765505421,2.0494260204081627,1.1275947576241094
random_genuine,/mnt/c/Users/ansar/Desktop/VGGFace2_ArcFace_Project/data/aligned/train/n008916/0120_01.jpg,/mnt/c/Users/ansar/Desktop/VGGFace2_ArcFace_Project/data/aligned/train/n008916/0145_01.jpg,0.5473776459693909,800.7936239818492,67.4809869260204,75.23422419608079,476.354908299317,11.904097576530603,15.26115349201838
random_genuine,/mnt/c/Users/ansar/Desktop/VGGFace2_ArcFace_Project/data/aligned/train/n007053/0147_01.jpg,/mnt/c/Users/ansar/Desktop/VGGFace2_ArcFace_Project/data/aligned/train/n007053/0221_01.jpg,0.5234876871109009,724.9054278906361,82.7153619260204,83.96598704691735,447.1262915697458,22.6649394132653,22.748028817896525
random_genuine,/mnt/c/Users/ansar/Desktop/VGGFace2_ArcFace_Project/data/aligned/train/n006742/0071_02.jpg,/mnt/c/Users/ansar/Desktop/VGGFace2_ArcFace_Project/data/aligned/train/n006742/0121_01.jpg,0.5036800503730774,335.05818370738064,44.49091198979592,49.091465295157846,512.1038916483367,17.392219387755105,18.28466974683402
random_genuine,/mnt/c/Users/ansar/Desktop/VGGFace2_ArcFace_Project/data/aligned/train/n002904/0479_01.jpg,/mnt/c/Users/ansar/Desktop/VGGFace2_ArcFace_Project/data/aligned/train/n002904/0580_01.jpg,0.4464584589004516,398.587540375099,86.47532684948979,67.66940080648385,211.76143331976544,12.862643494897966,10.671082913070762
random_genuine,/mnt/c/Users/ansar/Desktop/VGGFace2_ArcFace_Project/data/aligned/train/n000679/0013_04.jpg,/mnt/c/Users/ansar/Desktop/VGGFace2_ArcFace_Project/data/aligned/train/n000679/0260_01.jpg,0.3062906265258789,872.915037028842,108.03890306122449,89.3406480467292,1329.5093418107037,30.816326530612244,20.712844319143414
random_genuine,/mnt/c/Users/ansar/Desktop/VGGFace2_ArcFace_Project/data/aligned/train/n007265/0054_03.jpg,/mnt/c/Users/ansar/Desktop/VGGFace2_ArcFace_Project/data/aligned/train/n007265/0464_01.jpg,0.3787479996681213,167.71921096350542,61.502032844387756,58.92326946990167,30.207848863073394,13.91876594387756,6.528594796735227
random_genuine,/mnt/c/Users/ansar/Desktop/VGGFace2_ArcFace_Project/data/aligned/train/n003118/0028_02.jpg,/mnt/c/Users/ansar/Desktop/VGGFace2_ArcFace_Project/data/aligned/train/n003118/0066_02.jpg,0.3811860084533691,678.4429179632083,71.82445790816327,70.4988199783404,420.015098892714,1.3172831632653015,1.3833064418259085
random_genuine,/mnt/c/Users/ansar/Desktop/VGGFace2_ArcFace_Project/data/aligned/train/n004345/0043_01.jpg,/mnt/c/Users/ansar/Desktop/VGGFace2_ArcFace_Project/data/aligned/train/n004345/0192_01.jpg,0.4024441838264465,1542.7853442330697,101.52156409438776,86.60757423182737,475.4993902521794,17.196667729591837,2.140629708507305
random_genuine,/mnt/c/Users/ansar/Desktop/VGGFace2_ArcFace_Project/data/aligned/train/n003584/0026_01.jpg,/mnt/c/Users/ansar/Desktop/VGGFace2_ArcFace_Project/data/aligned/train/n003584/0210_01.jpg,0.4152121543884277,121.24125212860426,75.86176658163265,70.47518639630324,74.62380976996685,3.8463010204081627,7.590029730950249
random_genuine,/mnt/c/Users/ansar/Desktop/VGGFace2_ArcFace_Project/data/aligned/train/n007085/0121_01.jpg,/mnt/c/Users/ansar/Desktop/VGGFace2_ArcFace_Project/data/aligned/train/n007085/0347_01.jpg,0.2734536826610565,1067.2333320258608,60.6676100127551,67.07660154916206,615.2101758697141,20.898357780612244,14.249886526811515
random_genuine,/mnt/c/Users/ansar/Desktop/VGGFace2_ArcFace_Project/data/aligned/train/n003014/0048_01.jpg,/mnt/c/Users/ansar/Desktop/VGGFace2_ArcFace_Project/data/aligned/train/n003014/0136_01.jpg,0.5150188207626343,822.8657896620986,101.35132334183673,72.92540378994953,74.06246401061117,31.227040816326536,15.402616976456784
random_genuine,/mnt/c/Users/ansar/Desktop/VGGFace2_ArcFace_Project/data/aligned/train/n002719/0127_01.jpg,/mnt/c/Users/ansar/Desktop/VGGFace2_ArcFace_Project/data/aligned/train/n002719/0186_01.jpg,0.4966748356819153,546.6213381035236,76.66637436224491,75.27114748177468,799.7292874680614,19.16055484693878,8.969097114279421
random_genuine,/mnt/c/Users/ansar/Desktop/VGGFace2_ArcFace_Project/data/aligned/train/n000905/0273_01.jpg,/mnt/c/Users/ansar/Desktop/VGGFace2_ArcFace_Project/data/aligned/train/n000905/0372_01.jpg,0.8573146462440491,461.3711603491171,75.35913584183675,70.60120628372562,311.8739752461642,2.323979591836732,0.11221099351169528
random_genuine,/mnt/c/Users/ansar/Desktop/VGGFace2_ArcFace_Project/data/aligned/train/n008467/0120_01.jpg,/mnt/c/Users/ansar/Desktop/VGGFace2_ArcFace_Project/data/aligned/train/n008467/0417_01.jpg,0.5234237313270569,846.0687471427107,86.67546237244898,73.49087921169073,228.70956793312018,4.3156887755102105,5.637731444849024
random_genuine,/mnt/c/Users/ansar/Desktop/VGGFace2_ArcFace_Project/data/aligned/train/n001726/0166_01.jpg,/mnt/c/Users/ansar/Desktop/VGGFace2_ArcFace_Project/data/aligned/train/n001726/0240_01.jpg,0.4843493103981018,479.21841729039795,89.85977359693877,82.82067789154564,428.5814665095698,2.520089285714292,6.454235719137628
random_genuine,/mnt/c/Users/ansar/Desktop/VGGFace2_ArcFace_Project/data/aligned/train/n005492/0049_01.jpg,/mnt/c/Users/ansar/Desktop/VGGFace2_ArcFace_Project/data/aligned/train/n005492/0066_01.jpg,0.5305690765380859,738.4601174465372,88.02961575255102,69.60899267169412,498.9729877870712,17.738121811224488,13.474537221001569
random_genuine,/mnt/c/Users/ansar/Desktop/VGGFace2_ArcFace_Project/data/aligned/train/n000439/0007_01.jpg,/mnt/c/Users/ansar/Desktop/VGGFace2_ArcFace_Project/data/aligned/train/n000439/0098_01.jpg,0.5425891876220703,1367.7534177526738,69.13221460459184,70.8750120884381,537.706778237543,17.702566964285722,6.41407832585999
random_genuine,/mnt/c/Users/ansar/Desktop/VGGFace2_ArcFace_Project/data/aligned/train/n000910/0102_01.jpg,/mnt/c/Users/ansar/Desktop/VGGFace2_ArcFace_Project/data/aligned/train/n000910/0594_01.jpg,0.5242122411727905,860.5537896273484,109.5247130102041,84.7952938410024,47.905306001446206,56.72560586734694,25.782130002345568
random_genuine,/mnt/c/Users/ansar/Desktop/VGGFace2_ArcFace_Project/data/aligned/train/n000949/0099_01.jpg,/mnt/c/Users/ansar/Desktop/VGGFace2_ArcFace_Project/data/aligned/train/n000949/0212_01.jpg,-0.0493413545191288,231.89758696073494,64.01849489795919,70.37587773539398,204.69027317210762,7.8702168367346985,7.128650520423946
random_genuine,/mnt/c/Users/ansar/Desktop/VGGFace2_ArcFace_Project/data/aligned/train/n008404/0219_01.jpg,/mnt/c/Users/ansar/Desktop/VGGFace2_ArcFace_Project/data/aligned/train/n008404/0429_01.jpg,0.3261321783065796,354.18866739586855,64.28687021683673,68.25682222125097,434.0661815308075,3.1011639030612272,16.904081424485902
random_genuine,/mnt/c/Users/ansar/Desktop/VGGFace2_ArcFace_Project/data/aligned/train/n001820/0087_01.jpg,/mnt/c/Users/ansar/Desktop/VGGFace2_ArcFace_Project/data/aligned/train/n001820/0192_02.jpg,0.4767762720584869,571.7070549103381,70.18753985969389,71.15260892783213,562.461241786056,14.062739158163268,7.448601039928974
random_genuine,/mnt/c/Users/ansar/Desktop/VGGFace2_ArcFace_Project/data/aligned/train/n006972/0147_06.jpg,/mnt/c/Users/ansar/Desktop/VGGFace2_ArcFace_Project/data/aligned/train/n006972/0518_02.jpg,0.3927898406982422,185.36595906897517,78.09119897959184,72.76247764173047,227.89657304248232,7.2734375,9.590476947103923
random_genuine,/mnt/c/Users/ansar/Desktop/VGGFace2_ArcFace_Project/data/aligned/train/n004032/0188_02.jpg,/mnt/c/Users/ansar/Desktop/VGGFace2_ArcFace_Project/data/aligned/train/n004032/0298_01.jpg,0.2977530658245086,469.2106842428682,79.33474170918367,63.74829031282593,96.32990884204946,44.05691964285714,43.749091200543184
random_genuine,/mnt/c/Users/ansar/Desktop/VGGFace2_ArcFace_Project/data/aligned/train/n006931/0090_01.jpg,/mnt/c/Users/ansar/Desktop/VGGFace2_ArcFace_Project/data/aligned/train/n006931/0130_01.jpg,0.4287126362323761,853.5167324029619,70.47724011479592,70.17930928642411,1152.8514085521006,32.97839604591837,17.070834843845944
random_genuine,/mnt/c/Users/ansar/Desktop/VGGFace2_ArcFace_Project/data/aligned/train/n004729/0123_01.jpg,/mnt/c/Users/ansar/Desktop/VGGFace2_ArcFace_Project/data/aligned/train/n004729/0226_02.jpg,0.5506511926651001,290.567289690036,76.36694834183673,69.40689935078707,388.1565222559449,3.3179209183673493,26.82771720545
random_genuine,/mnt/c/Users/ansar/Desktop/VGGFace2_ArcFace_Project/data/aligned/train/n003353/0071_03.jpg,/mnt/c/Users/ansar/Desktop/VGGFace2_ArcFace_Project/data/aligned/train/n003353/0080_01.jpg,0.3356463015079498,574.6821848032425,93.73804209183673,74.52697136082499,228.224268387775,20.745535714285722,21.140210340849933
random_genuine,/mnt/c/Users/ansar/Desktop/VGGFace2_ArcFace_Project/data/aligned/train/n002410/0096_01.jpg,/mnt/c/Users/ansar/Desktop/VGGFace2_ArcFace_Project/data/aligned/train/n002410/0170_01.jpg,0.0936277210712432,1001.5008832620908,65.55871332908163,65.19286012479374,1173.7623349483288,22.74816645408164,8.615713999963674
random_genuine,/mnt/c/Users/ansar/Desktop/VGGFace2_ArcFace_Project/data/aligned/train/n006714/0006_01.jpg,/mnt/c/Users/ansar/Desktop/VGGFace2_ArcFace_Project/data/aligned/train/n006714/0113_01.jpg,0.6205229163169861,583.9903016350559,73.9673150510204,73.2659074368515,535.9142549920707,24.12085459183674,14.261358568238776
random_genuine,/mnt/c/Users/ansar/Desktop/VGGFace2_ArcFace_Project/data/aligned/train/n002941/0133_01.jpg,/mnt/c/Users/ansar/Desktop/VGGFace2_ArcFace_Project/data/aligned/train/n002941/0267_05.jpg,0.2674880921840668,711.2526315024177,106.0891661352041,93.03226380331951,906.6989260049523,21.39325573979592,12.849375600722055
random_genuine,/mnt/c/Users/ansar/Desktop/VGGFace2_ArcFace_Project/data/aligned/train/n001201/0271_01.jpg,/mnt/c/Users/ansar/Desktop/VGGFace2_ArcFace_Project/data/aligned/train/n001201/0333_03.jpg,0.1195631846785545,437.6618173290222,59.15314094387755,65.67898411907169,488.0659417879675,29.842952806122454,0.9899784951412727
random_genuine,/mnt/c/Users/ansar/Desktop/VGGFace2_ArcFace_Project/data/aligned/train/n005198/0221_02.jpg,/mnt/c/Users/ansar/Desktop/VGGFace2_ArcFace_Project/data/aligned/train/n005198/0393_02.jpg,0.1360766291618347,506.9815284986389,94.0596699617347,81.58279758344304,436.91177755194576,24.370774872448976,14.31968976997699
random_genuine,/mnt/c/Users/ansar/Desktop/VGGFace2_ArcFace_Project/data/aligned/train/n004015/0136_01.jpg,/mnt/c/Users/ansar/Desktop/VGGFace2_ArcFace_Project/data/aligned/train/n004015/0237_01.jpg,0.3363313972949981,399.3289335791839,73.38149713010205,57.85098709240838,374.1459743399661,9.181999362244895,14.135981030923418
random_genuine,/mnt/c/Users/ansar/Desktop/VGGFace2_ArcFace_Project/data/aligned/train/n007349/0037_01.jpg,/mnt/c/Users/ansar/Desktop/VGGFace2_ArcFace_Project/data/aligned/train/n007349/0368_01.jpg,0.2649740278720855,1004.5497727082303,54.42378826530612,57.03308458750374,1614.0964941162213,5.028380102040813,6.606331893588042
random_genuine,/mnt/c/Users/ansar/Desktop/VGGFace2_ArcFace_Project/data/aligned/train/n002533/0020_03.jpg,/mnt/c/Users/ansar/Desktop/VGGFace2_ArcFace_Project/data/aligned/train/n002533/0123_02.jpg,0.3710780739784241,613.3467709415409,68.44220344387755,64.0869217740159,860.0678365215664,4.1953125,12.239965067507356
random_genuine,/mnt/c/Users/ansar/Desktop/VGGFace2_ArcFace_Project/data/aligned/train/n004572/0073_01.jpg,/mnt/c/Users/ansar/Desktop/VGGFace2_ArcFace_Project/data/aligned/train/n004572/0213_01.jpg,0.3507289588451385,299.7084875396767,70.54799107142857,74.7446588292375,408.9597030951053,23.602678571428577,45.54207636263784
random_genuine,/mnt/c/Users/ansar/Desktop/VGGFace2_ArcFace_Project/data/aligned/train/n004215/0217_01.jpg,/mnt/c/Users/ansar/Desktop/VGGFace2_ArcFace_Project/data/aligned/train/n004215/0249_01.jpg,0.5088134407997131,966.6438881819668,65.83215082908163,64.41524973022024,99.60251140475305,12.239078443877553,7.714298082431434
random_genuine,/mnt/c/Users/ansar/Desktop/VGGFace2_ArcFace_Project/data/aligned/train/n008088/0044_01.jpg,/mnt/c/Users/ansar/Desktop/VGGFace2_ArcFace_Project/data/aligned/train/n008088/0067_01.jpg,0.6601367592811584,907.1682102055612,109.6557318239796,76.28029380669179,886.3938359106048,27.49513711734693,22.64116080185461
random_genuine,/mnt/c/Users/ansar/Desktop/VGGFace2_ArcFace_Project/data/aligned/train/n005305/0274_01.jpg,/mnt/c/Users/ansar/Desktop/VGGFace2_ArcFace_Project/data/aligned/train/n005305/0447_01.jpg,0.3928344845771789,842.6479380336319,106.93176020408163,88.2283527230509,1204.3124707153272,24.739636479591837,23.56828671746274
random_genuine,/mnt/c/Users/ansar/Desktop/VGGFace2_ArcFace_Project/data/aligned/train/n008637/0105_02.jpg,/mnt/c/Users/ansar/Desktop/VGGFace2_ArcFace_Project/data/aligned/train/n008637/0854_01.jpg,0.6430642008781433,371.8689386827754,73.71815210459184,65.95693710700036,364.352526860553,6.684231505102048,0.6038402803832383
random_genuine,/mnt/c/Users/ansar/Desktop/VGGFace2_ArcFace_Project/data/aligned/train/n000793/0009_01.jpg,/mnt/c/Users/ansar/Desktop/VGGFace2_ArcFace_Project/data/aligned/train/n000793/0388_01.jpg,0.3458684980869293,756.4184499865322,91.50681600765306,74.84559588990527,944.4042874629774,7.339684311224488,1.5198290993187982
random_genuine,/mnt/c/Users/ansar/Desktop/VGGFace2_ArcFace_Project/data/aligned/train/n001853/0128_01.jpg,/mnt/c/Users/ansar/Desktop/VGGFace2_ArcFace_Project/data/aligned/train/n001853/0207_01.jpg,0.6539103388786316,650.5826413918415,72.05269451530611,63.636524901457236,225.602109553962,0.18590561224489477,0.6185368664141535
random_genuine,/mnt/c/Users/ansar/Desktop/VGGFace2_ArcFace_Project/data/aligned/train/n000876/0014_01.jpg,/mnt/c/Users/ansar/Desktop/VGGFace2_ArcFace_Project/data/aligned/train/n000876/0206_01.jpg,0.6891782879829407,329.6505365907923,96.75733418367346,77.82198165569105,122.13218704852807,22.870854591836732,9.495537765511969
random_genuine,/mnt/c/Users/ansar/Desktop/VGGFace2_ArcFace_Project/data/aligned/train/n007860/0042_01.jpg,/mnt/c/Users/ansar/Desktop/VGGFace2_ArcFace_Project/data/aligned/train/n007860/0238_03.jpg,0.2514585256576538,428.44342598682744,82.15792410714286,68.83950144882274,649.5587305452665,3.3140943877551052,1.5686040578869864
random_genuine,/mnt/c/Users/ansar/Desktop/VGGFace2_ArcFace_Project/data/aligned/train/n005558/0078_01.jpg,/mnt/c/Users/ansar/Desktop/VGGFace2_ArcFace_Project/data/aligned/train/n005558/0223_01.jpg,0.3493764400482178,172.15227089102987,51.99920280612245,50.00716148450189,131.0557099278397,6.647002551020407,17.09730009072706
random_genuine,/mnt/c/Users/ansar/Desktop/VGGFace2_ArcFace_Project/data/aligned/train/n001735/0129_01.jpg,/mnt/c/Users/ansar/Desktop/VGGFace2_ArcFace_Project/data/aligned/train/n001735/0166_01.jpg,0.4072947800159454,757.6844747242258,111.73397640306123,71.41487737825354,1078.2343141936303,5.5165816326530575,12.846396834164409
random_genuine,/mnt/c/Users/ansar/Desktop/VGGFace2_ArcFace_Project/data/aligned/train/n004550/0396_01.jpg,/mnt/c/Users/ansar/Desktop/VGGFace2_ArcFace_Project/data/aligned/train/n004550/0491_01.jpg,0.2520973682403564,2019.7719964468693,71.95930325255102,78.90092129026898,3603.1180524083284,14.868861607142861,6.30654020643405
random_genuine,/mnt/c/Users/ansar/Desktop/VGGFace2_ArcFace_Project/data/aligned/train/n009080/0089_01.jpg,/mnt/c/Users/ansar/Desktop/VGGFace2_ArcFace_Project/data/aligned/train/n009080/0143_02.jpg,0.4834467470645904,346.3054024292399,75.16378348214286,63.01946042830604,422.91074845752144,16.828842474489804,8.951325013098867
random_genuine,/mnt/c/Users/ansar/Desktop/VGGFace2_ArcFace_Project/data/aligned/train/n008526/0352_01.jpg,/mnt/c/Users/ansar/Desktop/VGGFace2_ArcFace_Project/data/aligned/train/n008526/0367_01.jpg,0.5329222083091736,782.7600691929206,65.11001275510205,63.410788678140534,140.28994866640846,1.2362882653061291,1.721779165675997
random_genuine,/mnt/c/Users/ansar/Desktop/VGGFace2_ArcFace_Project/data/aligned/train/n007382/0067_01.jpg,/mnt/c/Users/ansar/Desktop/VGGFace2_ArcFace_Project/data/aligned/train/n007382/0453_01.jpg,0.6053717732429504,1544.4584154560387,93.830078125,79.6343695221997,1389.8116348883054,4.171316964285722,3.4291904622313183
random_genuine,/mnt/c/Users/ansar/Desktop/VGGFace2_ArcFace_Project/data/aligned/train/n002591/0257_01.jpg,/mnt/c/Users/ansar/Desktop/VGGFace2_ArcFace_Project/data/aligned/train/n002591/0410_01.jpg,0.3026955425739288,649.0752849841008,104.62213010204081,83.61356688056173,137.73794653533844,11.290975765306115,6.253551114767234
random_genuine,/mnt/c/Users/ansar/Desktop/VGGFace2_ArcFace_Project/data/aligned/train/n008788/0138_01.jpg,/mnt/c/Users/ansar/Desktop/VGGFace2_ArcFace_Project/data/aligned/train/n008788/0183_01.jpg,0.546987771987915,329.9451727050883,63.129902742346935,67.10826692737064,331.1486270877532,21.025749362244895,11.023655017111352
random_genuine,/mnt/c/Users/ansar/Desktop/VGGFace2_ArcFace_Project/data/aligned/train/n003667/0436_01.jpg,/mnt/c/Users/ansar/Desktop/VGGFace2_ArcFace_Project/data/aligned/train/n003667/0437_01.jpg,0.0938904508948326,422.65729806781655,75.45671237244898,69.00467776266316,590.8313471719853,58.12627551020409,26.880603777815573
random_genuine,/mnt/c/Users/ansar/Desktop/VGGFace2_ArcFace_Project/data/aligned/train/n000011/0164_01.jpg,/mnt/c/Users/ansar/Desktop/VGGFace2_ArcFace_Project/data/aligned/train/n000011/0383_01.jpg,0.5487499237060547,468.65023417315945,58.99928252551021,60.26526859313023,74.19317179548386,3.9017857142857153,1.8803110730365376
random_genuine,/mnt/c/Users/ansar/Desktop/VGGFace2_ArcFace_Project/data/aligned/train/n008376/0340_01.jpg,/mnt/c/Users/ansar/Desktop/VGGFace2_ArcFace_Project/data/aligned/train/n008376/0504_01.jpg,0.3251845240592956,780.4339070953662,78.93901466836735,66.77328472689808,32.50270798701854,1.2426658163265358,2.082384354936906
random_genuine,/mnt/c/Users/ansar/Desktop/VGGFace2_ArcFace_Project/data/aligned/train/n007223/0051_01.jpg,/mnt/c/Users/ansar/Desktop/VGGFace2_ArcFace_Project/data/aligned/train/n007223/0231_03.jpg,0.2686717808246612,811.3616888291733,70.29149394132654,64.86085337478858,1121.6557870568558,17.421795280612244,11.303000622451279
random_genuine,/mnt/c/Users/ansar/Desktop/VGGFace2_ArcFace_Project/data/aligned/train/n003243/0012_04.jpg,/mnt/c/Users/ansar/Desktop/VGGFace2_ArcFace_Project/data/aligned/train/n003243/0344_03.jpg,0.4732663035392761,319.4733200105018,71.73505261479592,64.58581504465533,403.6604913968139,9.565449617346928,17.365679313712533
random_genuine,/mnt/c/Users/ansar/Desktop/VGGFace2_ArcFace_Project/data/aligned/train/n003033/0152_01.jpg,/mnt/c/Users/ansar/Desktop/VGGFace2_ArcFace_Project/data/aligned/train/n003033/0341_01.jpg,0.3080340921878814,741.5280900229916,79.64054528061224,68.5125532429916,711.1993317768902,44.60618622448979,38.62338507270996
random_genuine,/mnt/c/Users/ansar/Desktop/VGGFace2_ArcFace_Project/data/aligned/train/n002525/0503_01.jpg,/mnt/c/Users/ansar/Desktop/VGGFace2_ArcFace_Project/data/aligned/train/n002525/0522_01.jpg,0.6805775165557861,381.5625095168832,88.64114317602042,70.42721928436401,395.8903643168394,9.539142219387756,0.006874213652011463
random_genuine,/mnt/c/Users/ansar/Desktop/VGGFace2_ArcFace_Project/data/aligned/train/n001637/0247_01.jpg,/mnt/c/Users/ansar/Desktop/VGGFace2_ArcFace_Project/data/aligned/train/n001637/0269_01.jpg,0.3872923552989959,427.9038936356016,51.616709183673464,56.70576603685021,570.8053790644177,15.471938775510203,8.317211605134737
random_genuine,/mnt/c/Users/ansar/Desktop/VGGFace2_ArcFace_Project/data/aligned/train/n008347/0063_01.jpg,/mnt/c/Users/ansar/Desktop/VGGFace2_ArcFace_Project/data/aligned/train/n008347/0081_01.jpg,0.4961690604686737,1097.5769559358964,73.15812340561224,68.51210532241963,545.1084897296719,11.943478954081627,9.456274745697073
random_genuine,/mnt/c/Users/ansar/Desktop/VGGFace2_ArcFace_Project/data/aligned/train/n001350/0180_01.jpg,/mnt/c/Users/ansar/Desktop/VGGFace2_ArcFace_Project/data/aligned/train/n001350/0231_01.jpg,0.3757396042346954,2227.0829438380724,83.76554528061224,72.94738139004238,714.8392603126276,30.398756377551024,24.158418208282193
random_genuine,/mnt/c/Users/ansar/Desktop/VGGFace2_ArcFace_Project/data/aligned/train/n002019/0130_01.jpg,/mnt/c/Users/ansar/Desktop/VGGFace2_ArcFace_Project/data/aligned/train/n002019/0523_01.jpg,0.3362360894680023,2264.4749433905913,89.80986926020408,77.00221146310054,1109.3231565450833,46.333227040816325,8.810382095302245
random_genuine,/mnt/c/Users/ansar/Desktop/VGGFace2_ArcFace_Project/data/aligned/train/n007559/0357_01.jpg,/mnt/c/Users/ansar/Desktop/VGGFace2_ArcFace_Project/data/aligned/train/n007559/0428_01.jpg,0.273736298084259,1148.6506053665587,107.61615114795919,91.70747219848343,179.64569610379613,1.3265306122448948,15.504106057682904
random_genuine,/mnt/c/Users/ansar/Desktop/VGGFace2_ArcFace_Project/data/aligned/train/n008999/0058_01.jpg,/mnt/c/Users/ansar/Desktop/VGGFace2_ArcFace_Project/data/aligned/train/n008999/0278_01.jpg,0.331041157245636,405.2555912308572,40.812978316326536,48.2963501187142,198.92576884468713,2.1181441326530646,9.825451979957897
random_genuine,/mnt/c/Users/ansar/Desktop/VGGFace2_ArcFace_Project/data/aligned/train/n007130/0120_02.jpg,/mnt/c/Users/ansar/Desktop/VGGFace2_ArcFace_Project/data/aligned/train/n007130/0297_01.jpg,0.273985207080841,1530.0759011665418,103.52905771683675,81.80112982835826,68.31781237823475,26.609454719387756,1.1526339855473253
random_genuine,/mnt/c/Users/ansar/Desktop/VGGFace2_ArcFace_Project/data/aligned/train/n006803/0057_01.jpg,/mnt/c/Users/ansar/Desktop/VGGFace2_ArcFace_Project/data/aligned/train/n006803/0222_03.jpg,0.2456074506044387,1016.3582865577198,69.85375478316325,72.61652468239849,1890.1264106912545,23.68710140306122,10.722339898755251
random_genuine,/mnt/c/Users/ansar/Desktop/VGGFace2_ArcFace_Project/data/aligned/train/n004355/0171_01.jpg,/mnt/c/Users/ansar/Desktop/VGGFace2_ArcFace_Project/data/aligned/train/n004355/0245_02.jpg,0.4458369612693786,498.66110346427513,78.98883928571428,59.87664249873579,669.608778655256,6.467155612244895,9.912753185797051
random_genuine,/mnt/c/Users/ansar/Desktop/VGGFace2_ArcFace_Project/data/aligned/train/n006459/0062_01.jpg,/mnt/c/Users/ansar/Desktop/VGGFace2_ArcFace_Project/data/aligned/train/n006459/0101_01.jpg,0.5264171957969666,714.5662701982899,101.08956473214285,77.50982712016197,980.5184180256925,84.08936543367346,44.49976192210345
random_genuine,/mnt/c/Users/ansar/Desktop/VGGFace2_ArcFace_Project/data/aligned/train/n001692/0179_01.jpg,/mnt/c/Users/ansar/Desktop/VGGFace2_ArcFace_Project/data/aligned/train/n001692/0258_01.jpg,0.4739989042282104,642.5329667599387,81.70822704081633,69.0644311105153,311.4754912643719,13.338488520408163,3.8411058518925216
random_genuine,/mnt/c/Users/ansar/Desktop/VGGFace2_ArcFace_Project/data/aligned/train/n000655/0207_01.jpg,/mnt/c/Users/ansar/Desktop/VGGFace2_ArcFace_Project/data/aligned/train/n000655/0220_01.jpg,0.4486892223358154,566.3412093480692,79.48222257653062,71.9804772478547,574.3502184491712,19.09614158163265,16.029885971266104
random_genuine,/mnt/c/Users/ansar/Desktop/VGGFace2_ArcFace_Project/data/aligned/train/n006581/0051_01.jpg,/mnt/c/Users/ansar/Desktop/VGGFace2_ArcFace_Project/data/aligned/train/n006581/0276_01.jpg,0.0881105065345764,331.4355500239921,67.7670599489796,69.06050335959046,26.71066640705328,11.102997448979586,3.034374180391538
random_genuine,/mnt/c/Users/ansar/Desktop/VGGFace2_ArcFace_Project/data/aligned/train/n005862/0003_01.jpg,/mnt/c/Users/ansar/Desktop/VGGFace2_ArcFace_Project/data/aligned/train/n005862/0085_01.jpg,0.3765848875045776,696.9016827190483,75.39544802295919,67.98789407505976,397.0230471711513,7.864556760204081,1.7133578639666212
random_genuine,/mnt/c/Users/ansar/Desktop/VGGFace2_ArcFace_Project/data/aligned/train/n003481/0059_05.jpg,/mnt/c/Users/ansar/Desktop/VGGFace2_ArcFace_Project/data/aligned/train/n003481/0171_01.jpg,0.3992991149425506,330.0616309512709,58.866390306122454,63.74940990079716,250.4573813632646,16.605867346938773,17.137542878737463
random_genuine,/mnt/c/Users/ansar/Desktop/VGGFace2_ArcFace_Project/data/aligned/train/n008789/0254_01.jpg,/mnt/c/Users/ansar/Desktop/VGGFace2_ArcFace_Project/data/aligned/train/n008789/0286_01.jpg,0.2067766338586807,374.7743585627062,81.20599489795919,71.63498925800411,92.64648117198885,13.109215561224488,7.03365347222163
random_genuine,/mnt/c/Users/ansar/Desktop/VGGFace2_ArcFace_Project/data/aligned/train/n008641/0346_02.jpg,/mnt/c/Users/ansar/Desktop/VGGFace2_ArcFace_Project/data/aligned/train/n008641/0463_01.jpg,0.2823517620563507,486.2071082747911,100.89855707908163,82.47285851977534,500.6702201109239,26.030213647959172,21.32882036103784
random_genuine,/mnt/c/Users/ansar/Desktop/VGGFace2_ArcFace_Project/data/aligned/train/n000857/0180_01.jpg,/mnt/c/Users/ansar/Desktop/VGGFace2_ArcFace_Project/data/aligned/train/n000857/0186_01.jpg,0.5527291893959045,809.7851073595942,74.5985331632653,69.03055156353062,112.38399583466207,22.05293367346939,19.685009652109258
random_genuine,/mnt/c/Users/ansar/Desktop/VGGFace2_ArcFace_Project/data/aligned/train/n007927/0153_02.jpg,/mnt/c/Users/ansar/Desktop/VGGFace2_ArcFace_Project/data/aligned/train/n007927/0261_01.jpg,0.2910828590393066,358.4664948196125,60.21619897959184,66.36793158254889,237.83036019334386,11.695950255102048,3.527659116079988
random_genuine,/mnt/c/Users/ansar/Desktop/VGGFace2_ArcFace_Project/data/aligned/train/n004799/0008_01.jpg,/mnt/c/Users/ansar/Desktop/VGGFace2_ArcFace_Project/data/aligned/train/n004799/0037_01.jpg,0.5664461851119995,1462.5270271031175,92.44599011479592,73.51085858046237,598.3253357365747,9.698740433673464,0.9720978822531094
random_genuine,/mnt/c/Users/ansar/Desktop/VGGFace2_ArcFace_Project/data/aligned/train/n003212/0057_01.jpg,/mnt/c/Users/ansar/Desktop/VGGFace2_ArcFace_Project/data/aligned/train/n003212/0280_01.jpg,0.4863688945770263,589.4706510379383,120.78559470663265,91.13573166374289,414.87989867503126,28.574378188775526,7.6429965962768875
random_genuine,/mnt/c/Users/ansar/Desktop/VGGFace2_ArcFace_Project/data/aligned/train/n007607/0012_01.jpg,/mnt/c/Users/ansar/Desktop/VGGFace2_ArcFace_Project/data/aligned/train/n007607/0339_01.jpg,0.6407731175422668,1575.3035256680919,103.392578125,86.49401121709829,1853.5113703780544,0.3387276785714164,1.1117868171166947
random_genuine,/mnt/c/Users/ansar/Desktop/VGGFace2_ArcFace_Project/data/aligned/train/n002871/0022_01.jpg,/mnt/c/Users/ansar/Desktop/VGGFace2_ArcFace_Project/data/aligned/train/n002871/0147_01.jpg,0.6103796362876892,2176.917008237509,95.65023118622449,79.83426487119542,521.4875596891291,18.938855229591837,1.8965712782975999
random_genuine,/mnt/c/Users/ansar/Desktop/VGGFace2_ArcFace_Project/data/aligned/train/n007755/0044_02.jpg,/mnt/c/Users/ansar/Desktop/VGGFace2_ArcFace_Project/data/aligned/train/n007755/0159_02.jpg,0.5311941504478455,488.1262628220856,93.61356026785714,73.2267843873996,107.95735261242669,25.80301339285714,0.8337627095631319
random_genuine,/mnt/c/Users/ansar/Desktop/VGGFace2_ArcFace_Project/data/aligned/train/n002275/0015_01.jpg,/mnt/c/Users/ansar/Desktop/VGGFace2_ArcFace_Project/data/aligned/train/n002275/0116_01.jpg,0.49533411860466,1275.4263246116018,92.12336575255102,77.19988342351385,225.94571307975502,0.25821109693877986,6.581982244668097
random_genuine,/mnt/c/Users/ansar/Desktop/VGGFace2_ArcFace_Project/data/aligned/train/n007387/0209_01.jpg,/mnt/c/Users/ansar/Desktop/VGGFace2_ArcFace_Project/data/aligned/train/n007387/0218_04.jpg,0.2420969158411026,1211.9268665464656,113.06381536989795,85.78842226757072,763.1686470956419,4.976004464285708,4.869794488496197
random_genuine,/mnt/c/Users/ansar/Desktop/VGGFace2_ArcFace_Project/data/aligned/train/n008561/0130_02.jpg,/mnt/c/Users/ansar/Desktop/VGGFace2_ArcFace_Project/data/aligned/train/n008561/0328_01.jpg,0.5907315015792847,679.8671778115269,55.81863839285714,47.25976030444577,521.526515994058,39.88632015306123,25.704603444515357
random_genuine,/mnt/c/Users/ansar/Desktop/VGGFace2_ArcFace_Project/data/aligned/train/n000160/0142_01.jpg,/mnt/c/Users/ansar/Desktop/VGGFace2_ArcFace_Project/data/aligned/train/n000160/0433_01.jpg,0.4291361272335052,1233.6851253930554,70.55998883928572,85.2895393352187,397.10266779304175,19.01283482142857,24.771000925360894
random_genuine,/mnt/c/Users/ansar/Desktop/VGGFace2_ArcFace_Project/data/aligned/train/n006341/0042_01.jpg,/mnt/c/Users/ansar/Desktop/VGGFace2_ArcFace_Project/data/aligned/train/n006341/0143_01.jpg,0.5859321355819702,401.5825535314672,125.15736607142857,87.95428695514255,433.1197870485686,42.95471938775509,18.547636004554292
random_genuine,/mnt/c/Users/ansar/Desktop/VGGFace2_ArcFace_Project/data/aligned/train/n002056/0165_01.jpg,/mnt/c/Users/ansar/Desktop/VGGFace2_ArcFace_Project/data/aligned/train/n002056/0525_01.jpg,0.3518668413162231,1938.3412322998047,90.28551498724491,73.76476577528419,246.49940459582285,42.87986288265306,17.582034431774574
random_genuine,/mnt/c/Users/ansar/Desktop/VGGFace2_ArcFace_Project/data/aligned/train/n000451/0169_02.jpg,/mnt/c/Users/ansar/Desktop/VGGFace2_ArcFace_Project/data/aligned/train/n000451/0244_01.jpg,0.4290602505207062,277.658483245481,69.49776785714286,67.58056379563374,305.8482263033611,6.348373724489804,5.137521040608405
random_genuine,/mnt/c/Users/ansar/Desktop/VGGFace2_ArcFace_Project/data/aligned/train/n007375/0242_01.jpg,/mnt/c/Users/ansar/Desktop/VGGFace2_ArcFace_Project/data/aligned/train/n007375/0301_03.jpg,0.3665972948074341,164.56133974099944,69.48361766581633,67.83827992142916,145.6611982962828,16.51235650510204,9.062903810317174
random_genuine,/mnt/c/Users/ansar/Desktop/VGGFace2_ArcFace_Project/data/aligned/train/n008734/0226_01.jpg,/mnt/c/Users/ansar/Desktop/VGGFace2_ArcFace_Project/data/aligned/train/n008734/0338_01.jpg,0.2249882519245147,552.9483673464304,94.90983737244898,86.13045711160845,238.47603316428211,38.50988520408163,27.540404820904158
random_genuine,/mnt/c/Users/ansar/Desktop/VGGFace2_ArcFace_Project/data/aligned/train/n003109/0242_01.jpg,/mnt/c/Users/ansar/Desktop/VGGFace2_ArcFace_Project/data/aligned/train/n003109/0472_02.jpg,0.3880743384361267,452.222325068819,78.52427455357143,63.33342876817349,484.2297740524781,7.604830994897952,11.90857873689665
random_genuine,/mnt/c/Users/ansar/Desktop/VGGFace2_ArcFace_Project/data/aligned/train/n000516/0056_01.jpg,/mnt/c/Users/ansar/Desktop/VGGFace2_ArcFace_Project/data/aligned/train/n000516/0099_01.jpg,0.5613126158714294,956.3781874536326,67.03487723214286,70.60688774266815,1543.7951528985318,25.207669005102034,15.514922495960377
random_genuine,/mnt/c/Users/ansar/Desktop/VGGFace2_ArcFace_Project/data/aligned/train/n003129/0134_01.jpg,/mnt/c/Users/ansar/Desktop/VGGFace2_ArcFace_Project/data/aligned/train/n003129/0345_01.jpg,0.2588771879673004,173.81953951618365,48.353874362244895,57.27357841742588,212.81446010934366,14.814891581632658,7.585426004405214
random_genuine,/mnt/c/Users/ansar/Desktop/VGGFace2_ArcFace_Project/data/aligned/train/n000720/0124_04.jpg,/mnt/c/Users/ansar/Desktop/VGGFace2_ArcFace_Project/data/aligned/train/n000720/0125_01.jpg,0.4644207656383514,926.4339887975705,78.46875,67.73567076777604,1576.2603690811916,24.35698341836735,1.1829059099122645
random_genuine,/mnt/c/Users/ansar/Desktop/VGGFace2_ArcFace_Project/data/aligned/train/n009192/0043_01.jpg,/mnt/c/Users/ansar/Desktop/VGGFace2_ArcFace_Project/data/aligned/train/n009192/0254_01.jpg,0.2121363431215286,284.7945598267059,86.05074139030613,75.19605646778194,29.057167952480768,23.701769770408163,27.470039718011506
random_genuine,/mnt/c/Users/ansar/Desktop/VGGFace2_ArcFace_Project/data/aligned/train/n006526/0004_01.jpg,/mnt/c/Users/ansar/Desktop/VGGFace2_ArcFace_Project/data/aligned/train/n006526/0228_01.jpg,0.4042068123817444,395.88520390051,87.02578922193878,74.3480481678684,446.4342262620779,54.7959980867347,33.238743863468784
random_genuine,/mnt/c/Users/ansar/Desktop/VGGFace2_ArcFace_Project/data/aligned/train/n008116/0062_02.jpg,/mnt/c/Users/ansar/Desktop/VGGFace2_ArcFace_Project/data/aligned/train/n008116/0146_01.jpg,0.626974880695343,920.4973606775325,90.89082429846938,72.25489468158574,1189.5710100128672,11.402662627551024,2.770769327200256
random_genuine,/mnt/c/Users/ansar/Desktop/VGGFace2_ArcFace_Project/data/aligned/train/n004596/0187_01.jpg,/mnt/c/Users/ansar/Desktop/VGGFace2_ArcFace_Project/data/aligned/train/n004596/0248_01.jpg,0.2689462602138519,1455.018695006714,76.0232382015306,68.32609062347007,192.69541317241897,7.890385841836732,1.3649671749926853
random_genuine,/mnt/c/Users/ansar/Desktop/VGGFace2_ArcFace_Project/data/aligned/train/n009219/0093_02.jpg,/mnt/c/Users/ansar/Desktop/VGGFace2_ArcFace_Project/data/aligned/train/n009219/0331_01.jpg,0.2786663174629211,197.8629854925967,76.30548469387755,60.5053870696245,46.34418365211596,28.89110331632653,14.625133075842982
random_genuine,/mnt/c/Users/ansar/Desktop/VGGFace2_ArcFace_Project/data/aligned/train/n005879/0091_01.jpg,/mnt/c/Users/ansar/Desktop/VGGFace2_ArcFace_Project/data/aligned/train/n005879/0241_01.jpg,0.3960192203521728,283.4504359418876,53.761838329081634,68.22563094904707,143.1553213364976,14.84877232142857,20.871389892585654
random_genuine,/mnt/c/Users/ansar/Desktop/VGGFace2_ArcFace_Project/data/aligned/train/n005751/0154_01.jpg,/mnt/c/Users/ansar/Desktop/VGGFace2_ArcFace_Project/data/aligned/train/n005751/0510_11.jpg,0.2384114861488342,555.0835494518478,83.77678571428571,67.43751090222332,920.941903072613,21.013073979591837,13.639479513629723
random_genuine,/mnt/c/Users/ansar/Desktop/VGGFace2_ArcFace_Project/data/aligned/train/n005682/0180_01.jpg,/mnt/c/Users/ansar/Desktop/VGGFace2_ArcFace_Project/data/aligned/train/n005682/0240_01.jpg,0.5410313606262207,1394.0547542484637,82.62153220663265,68.07067784802587,561.4129250751639,31.471221301020407,21.304551357638253
random_genuine,/mnt/c/Users/ansar/Desktop/VGGFace2_ArcFace_Project/data/aligned/train/n001643/0305_03.jpg,/mnt/c/Users/ansar/Desktop/VGGFace2_ArcFace_Project/data/aligned/train/n001643/0337_02.jpg,0.3987599015235901,364.4244381651586,68.2084661989796,74.35728126228383,355.10130341198976,12.655771683673471,2.3790965788486176
random_genuine,/mnt/c/Users/ansar/Desktop/VGGFace2_ArcFace_Project/data/aligned/train/n006098/0361_01.jpg,/mnt/c/Users/ansar/Desktop/VGGFace2_ArcFace_Project/data/aligned/train/n006098/0403_01.jpg,0.2223424464464187,913.6309417254326,122.60415338010205,74.02278422842647,264.10953405746466,23.38671875,9.033168139035709
random_genuine,/mnt/c/Users/ansar/Desktop/VGGFace2_ArcFace_Project/data/aligned/train/n000959/0060_03.jpg,/mnt/c/Users/ansar/Desktop/VGGFace2_ArcFace_Project/data/aligned/train/n000959/0444_01.jpg,0.2758583426475525,490.9315732696165,82.18482940051021,75.69018495341024,88.88319160559928,1.0978156887754977,11.813779614714193
random_genuine,/mnt/c/Users/ansar/Desktop/VGGFace2_ArcFace_Project/data/aligned/train/n003224/0051_01.jpg,/mnt/c/Users/ansar/Desktop/VGGFace2_ArcFace_Project/data/aligned/train/n003224/0100_01.jpg,0.6379063725471497,1003.176455442531,95.03583386479592,86.4160517318565,1106.678879038387,22.07979910714286,14.64251050929397
random_genuine,/mnt/c/Users/ansar/Desktop/VGGFace2_ArcFace_Project/data/aligned/train/n003244/0047_01.jpg,/mnt/c/Users/ansar/Desktop/VGGFace2_ArcFace_Project/data/aligned/train/n003244/0196_01.jpg,0.5204432010650635,2803.2867253536688,84.43032525510205,69.71412618037894,4191.208296509298,0.3054846938775455,6.659839878060822
random_genuine,/mnt/c/Users/ansar/Desktop/VGGFace2_ArcFace_Project/data/aligned/train/n004567/0248_01.jpg,/mnt/c/Users/ansar/Desktop/VGGFace2_ArcFace_Project/data/aligned/train/n004567/0322_01.jpg,0.2849031388759613,48.06226189679674,49.44164540816327,53.671754540692675,14.607051062911616,10.919802295918366,9.937780815257618
random_genuine,/mnt/c/Users/ansar/Desktop/VGGFace2_ArcFace_Project/data/aligned/train/n001094/0094_01.jpg,/mnt/c/Users/ansar/Desktop/VGGFace2_ArcFace_Project/data/aligned/train/n001094/0470_01.jpg,0.1517334431409835,436.4257950725182,65.67956792091837,51.87008954311718,605.1749906655104,5.3057238520408205,5.421614228783696
random_genuine,/mnt/c/Users/ansar/Desktop/VGGFace2_ArcFace_Project/data/aligned/train/n007007/0191_01.jpg,/mnt/c/Users/ansar/Desktop/VGGFace2_ArcFace_Project/data/aligned/train/n007007/0222_01.jpg,0.3323546648025512,501.8426074910193,75.91928411989797,71.52292518180579,458.9647412536442,28.49864477040817,6.0536088024438754
random_genuine,/mnt/c/Users/ansar/Desktop/VGGFace2_ArcFace_Project/data/aligned/train/n002847/0197_01.jpg,/mnt/c/Users/ansar/Desktop/VGGFace2_ArcFace_Project/data/aligned/train/n002847/0221_01.jpg,0.2948374450206756,1046.6002637266565,72.7169961734694,71.89083571401251,1726.270750586761,1.207270408163268,9.727579295145148
random_genuine,/mnt/c/Users/ansar/Desktop/VGGFace2_ArcFace_Project/data/aligned/train/n002533/0103_01.jpg,/mnt/c/Users/ansar/Desktop/VGGFace2_ArcFace_Project/data/aligned/train/n002533/0232_02.jpg,0.2609867453575134,1300.288364040211,69.45105229591837,68.23907605135041,1454.1629976767492,21.633769132653057,5.57063952942579
random_genuine,/mnt/c/Users/ansar/Desktop/VGGFace2_ArcFace_Project/data/aligned/train/n008498/0029_01.jpg,/mnt/c/Users/ansar/Desktop/VGGFace2_ArcFace_Project/data/aligned/train/n008498/0251_03.jpg,0.4981619417667389,1629.0099878720273,84.5568399234694,76.85335456969986,2995.2751282322956,8.83785076530613,13.402667665963634
random_genuine,/mnt/c/Users/ansar/Desktop/VGGFace2_ArcFace_Project/data/aligned/train/n005737/0018_01.jpg,/mnt/c/Users/ansar/Desktop/VGGFace2_ArcFace_Project/data/aligned/train/n005737/0074_01.jpg,0.4903649985790252,1157.6906934719889,91.06752232142858,73.24654995174379,275.376245869641,21.75653698979592,0.42329910110966296
random_genuine,/mnt/c/Users/ansar/Desktop/VGGFace2_ArcFace_Project/data/aligned/train/n006686/0041_01.jpg,/mnt/c/Users/ansar/Desktop/VGGFace2_ArcFace_Project/data/aligned/train/n006686/0294_01.jpg,0.5551460981369019,1602.9386112383136,95.37814891581633,86.59530929427268,2308.6628576657613,37.77989477040816,0.4649829280266289
random_genuine,/mnt/c/Users/ansar/Desktop/VGGFace2_ArcFace_Project/data/aligned/train/n000708/0234_01.jpg,/mnt/c/Users/ansar/Desktop/VGGFace2_ArcFace_Project/data/aligned/train/n000708/0242_01.jpg,0.422728568315506,2802.8052165910435,63.58079559948979,70.51447335085874,1943.8997304170443,10.741629464285715,10.80236958612467
random_genuine,/mnt/c/Users/ansar/Desktop/VGGFace2_ArcFace_Project/data/aligned/train/n004688/0267_01.jpg,/mnt/c/Users/ansar/Desktop/VGGFace2_ArcFace_Project/data/aligned/train/n004688/0468_01.jpg,0.0282450262457132,192.3844983006755,74.83211096938776,62.21758818722731,305.1108156432215,23.784598214285722,12.075326657441167
random_genuine,/mnt/c/Users/ansar/Desktop/VGGFace2_ArcFace_Project/data/aligned/train/n000844/0141_01.jpg,/mnt/c/Users/ansar/Desktop/VGGFace2_ArcFace_Project/data/aligned/train/n000844/0326_01.jpg,0.4544214010238647,531.6901363196447,76.3030931122449,74.1017404232602,276.77932557499645,20.586096938775512,21.103858464367313
random_genuine,/mnt/c/Users/ansar/Desktop/VGGFace2_ArcFace_Project/data/aligned/train/n006318/0011_01.jpg,/mnt/c/Users/ansar/Desktop/VGGFace2_ArcFace_Project/data/aligned/train/n006318/0268_01.jpg,0.4793312847614288,464.5779536865692,90.1216119260204,76.97037781367908,20.627996029232236,22.962771045918373,25.506536502773216
random_genuine,/mnt/c/Users/ansar/Desktop/VGGFace2_ArcFace_Project/data/aligned/train/n006776/0202_01.jpg,/mnt/c/Users/ansar/Desktop/VGGFace2_ArcFace_Project/data/aligned/train/n006776/0546_01.jpg,0.4302578270435333,874.191760789648,70.08525988520408,87.03981758139946,301.52319645434784,18.54073660714286,3.6799750160107436
random_genuine,/mnt/c/Users/ansar/Desktop/VGGFace2_ArcFace_Project/data/aligned/train/n005531/0070_02.jpg,/mnt/c/Users/ansar/Desktop/VGGFace2_ArcFace_Project/data/aligned/train/n005531/0141_01.jpg,0.3261930346488952,807.5901864308804,63.52088647959184,69.06178327014047,1383.4651305656637,24.922512755102048,36.525215494769434
random_genuine,/mnt/c/Users/ansar/Desktop/VGGFace2_ArcFace_Project/data/aligned/train/n003021/0010_01.jpg,/mnt/c/Users/ansar/Desktop/VGGFace2_ArcFace_Project/data/aligned/train/n003021/0330_01.jpg,0.6554827094078064,705.5718299837124,83.31540975765306,71.77722937797562,170.546282137895,44.80333227040816,41.02618572864636
random_genuine,/mnt/c/Users/ansar/Desktop/VGGFace2_ArcFace_Project/data/aligned/train/n001404/0200_01.jpg,/mnt/c/Users/ansar/Desktop/VGGFace2_ArcFace_Project/data/aligned/train/n001404/0352_01.jpg,0.2077890783548355,695.7847714152052,72.66346460459184,81.24023723803057,136.86946853326276,17.838887117346935,5.099664603413871
random_genuine,/mnt/c/Users/ansar/Desktop/VGGFace2_ArcFace_Project/data/aligned/train/n006282/0126_03.jpg,/mnt/c/Users/ansar/Desktop/VGGFace2_ArcFace_Project/data/aligned/train/n006282/0233_01.jpg,0.6217995882034302,643.3875472367878,82.93546715561224,74.88524156500645,296.7324019451531,9.936144770408163,4.679482829325906
random_genuine,/mnt/c/Users/ansar/Desktop/VGGFace2_ArcFace_Project/data/aligned/train/n000923/0152_01.jpg,/mnt/c/Users/ansar/Desktop/VGGFace2_ArcFace_Project/data/aligned/train/n000923/0233_01.jpg,0.2806130945682525,487.8938418781196,85.1733099489796,71.2393380450346,231.0744443589178,24.564253826530603,13.215405464101678
random_genuine,/mnt/c/Users/ansar/Desktop/VGGFace2_ArcFace_Project/data/aligned/train/n003494/0229_01.jpg,/mnt/c/Users/ansar/Desktop/VGGFace2_ArcFace_Project/data/aligned/train/n003494/0315_01.jpg,0.2187031507492065,651.9464248028064,56.95683195153062,64.70813425555096,499.71892397942906,4.710220025510203,1.855770905596323
random_genuine,/mnt/c/Users/ansar/Desktop/VGGFace2_ArcFace_Project/data/aligned/train/n002638/0023_01.jpg,/mnt/c/Users/ansar/Desktop/VGGFace2_ArcFace_Project/data/aligned/train/n002638/0149_02.jpg,0.7350255846977234,313.13228225866885,61.466916454081634,58.85373031163737,175.75415386690887,19.408003826530617,20.37916317916681
random_genuine,/mnt/c/Users/ansar/Desktop/VGGFace2_ArcFace_Project/data/aligned/train/n007490/0108_01.jpg,/mnt/c/Users/ansar/Desktop/VGGFace2_ArcFace_Project/data/aligned/train/n007490/0324_01.jpg,0.4893480241298675,737.6328105616699,79.3570631377551,69.64260339954757,270.55117628803737,17.088807397959187,9.565151873995887
random_genuine,/mnt/c/Users/ansar/Desktop/VGGFace2_ArcFace_Project/data/aligned/train/n009021/0009_02.jpg,/mnt/c/Users/ansar/Desktop/VGGFace2_ArcFace_Project/data/aligned/train/n009021/0018_01.jpg,0.5063345432281494,618.8977331807345,90.06389508928572,83.29792877834839,364.8867696677085,5.6435746173469425,13.433820471236785
random_genuine,/mnt/c/Users/ansar/Desktop/VGGFace2_ArcFace_Project/data/aligned/train/n000976/0120_01.jpg,/mnt/c/Users/ansar/Desktop/VGGFace2_ArcFace_Project/data/aligned/train/n000976/0285_04.jpg,0.6152076125144958,757.5924716776284,103.69264190051021,75.4996383462026,747.773410534968,20.35546875,12.615123495730643
random_genuine,/mnt/c/Users/ansar/Desktop/VGGFace2_ArcFace_Project/data/aligned/train/n002214/0208_06.jpg,/mnt/c/Users/ansar/Desktop/VGGFace2_ArcFace_Project/data/aligned/train/n002214/0502_01.jpg,0.4703795909881592,271.57201135421684,46.30038265306122,49.105279756117476,144.47906560234503,3.3466198979591795,12.714983920127295
random_genuine,/mnt/c/Users/ansar/Desktop/VGGFace2_ArcFace_Project/data/aligned/train/n003198/0127_02.jpg,/mnt/c/Users/ansar/Desktop/VGGFace2_ArcFace_Project/data/aligned/train/n003198/0379_01.jpg,0.4040879905223846,809.6271621786718,99.29372608418367,82.7255456748392,0.8000228989873222,1.7708067602040813,9.267960254142295
random_genuine,/mnt/c/Users/ansar/Desktop/VGGFace2_ArcFace_Project/data/aligned/train/n008869/0061_01.jpg,/mnt/c/Users/ansar/Desktop/VGGFace2_ArcFace_Project/data/aligned/train/n008869/0097_01.jpg,0.4997096359729767,642.3734050625218,70.49226721938776,64.78087065660796,132.606443513984,2.4976084183673493,12.082201464086175
random_genuine,/mnt/c/Users/ansar/Desktop/VGGFace2_ArcFace_Project/data/aligned/train/n007444/0187_01.jpg,/mnt/c/Users/ansar/Desktop/VGGFace2_ArcFace_Project/data/aligned/train/n007444/0189_03.jpg,0.3609882891178131,419.23918627223,87.2661431760204,70.1630824688755,380.0221676840379,46.75613839285714,34.478889672488975
random_genuine,/mnt/c/Users/ansar/Desktop/VGGFace2_ArcFace_Project/data/aligned/train/n005048/0034_01.jpg,/mnt/c/Users/ansar/Desktop/VGGFace2_ArcFace_Project/data/aligned/train/n005048/0230_01.jpg,0.4236122667789459,525.5329551426682,82.02857940051021,71.623552800601,471.5469990976151,8.111049107142847,0.7457507780034263
random_genuine,/mnt/c/Users/ansar/Desktop/VGGFace2_ArcFace_Project/data/aligned/train/n004964/0116_01.jpg,/mnt/c/Users/ansar/Desktop/VGGFace2_ArcFace_Project/data/aligned/train/n004964/0449_01.jpg,0.3992232978343963,260.0015038264289,100.94571109693878,77.86791099171802,167.68395200425115,15.444993622448976,17.517096279557236
random_genuine,/mnt/c/Users/ansar/Desktop/VGGFace2_ArcFace_Project/data/aligned/train/n006101/0204_06.jpg,/mnt/c/Users/ansar/Desktop/VGGFace2_ArcFace_Project/data/aligned/train/n006101/0249_01.jpg,-0.0659487023949623,198.7319446136335,74.45252710459184,63.44582479954448,165.4762526976471,67.02463329081633,54.618532671457615
random_genuine,/mnt/c/Users/ansar/Desktop/VGGFace2_ArcFace_Project/data/aligned/train/n007223/0032_01.jpg,/mnt/c/Users/ansar/Desktop/VGGFace2_ArcFace_Project/data/aligned/train/n007223/0216_01.jpg,0.5625408887863159,906.2270835612724,76.2457350127551,71.36919712812775,804.8381181150512,17.676419005102048,16.253072638720496
random_genuine,/mnt/c/Users/ansar/Desktop/VGGFace2_ArcFace_Project/data/aligned/train/n004958/0139_06.jpg,/mnt/c/Users/ansar/Desktop/VGGFace2_ArcFace_Project/data/aligned/train/n004958/0144_16.jpg,0.2731151878833771,58.35601083103293,52.931640625,54.22073720634591,49.31685338145443,10.210379464285708,3.036644126938029
random_genuine,/mnt/c/Users/ansar/Desktop/VGGFace2_ArcFace_Project/data/aligned/train/n004013/0150_01.jpg,/mnt/c/Users/ansar/Desktop/VGGFace2_ArcFace_Project/data/aligned/train/n004013/0206_01.jpg,0.4931554496288299,1017.5619039221734,93.13233418367346,78.47088452961555,1357.7376097615982,6.116868622448976,12.695312130965931
random_genuine,/mnt/c/Users/ansar/Desktop/VGGFace2_ArcFace_Project/data/aligned/train/n004278/0092_02.jpg,/mnt/c/Users/ansar/Desktop/VGGFace2_ArcFace_Project/data/aligned/train/n004278/0480_02.jpg,0.5608665347099304,537.2362817290027,80.1963887117347,66.55936007694166,175.43190810820408,46.18152104591836,24.79416965566567
random_genuine,/mnt/c/Users/ansar/Desktop/VGGFace2_ArcFace_Project/data/aligned/train/n000356/0050_01.jpg,/mnt/c/Users/ansar/Desktop/VGGFace2_ArcFace_Project/data/aligned/train/n000356/0123_02.jpg,0.4116314351558685,833.5028263745036,69.89955357142857,79.23127565776085,1164.4117597828601,6.035554846938766,13.445969232096829
random_genuine,/mnt/c/Users/ansar/Desktop/VGGFace2_ArcFace_Project/data/aligned/train/n008964/0246_01.jpg,/mnt/c/Users/ansar/Desktop/VGGFace2_ArcFace_Project/data/aligned/train/n008964/0376_01.jpg,0.4742519557476043,215.32364549680534,64.60813934948979,68.81903841283716,92.55336265452755,2.078364158163268,11.041676729860413
random_genuine,/mnt/c/Users/ansar/Desktop/VGGFace2_ArcFace_Project/data/aligned/train/n002213/0031_01.jpg,/mnt/c/Users/ansar/Desktop/VGGFace2_ArcFace_Project/data/aligned/train/n002213/0361_01.jpg,0.6605291962623596,1565.7803471321763,72.67510363520408,57.085381387776465,345.0771462004766,5.759964923469397,2.516178664984402
random_genuine,/mnt/c/Users/ansar/Desktop/VGGFace2_ArcFace_Project/data/aligned/train/n001853/0128_01.jpg,/mnt/c/Users/ansar/Desktop/VGGFace2_ArcFace_Project/data/aligned/train/n001853/0161_01.jpg,0.5897720456123352,704.9955868830239,92.97652264030611,72.1643451676636,334.4280005363265,41.661750637755105,16.437103665998585
random_genuine,/mnt/c/Users/ansar/Desktop/VGGFace2_ArcFace_Project/data/aligned/train/n006243/0058_01.jpg,/mnt/c/Users/ansar/Desktop/VGGFace2_ArcFace_Project/data/aligned/train/n006243/0091_01.jpg,0.6210638880729675,1016.603979244971,83.28276466836735,70.9079118491252,1419.2765759361232,25.958386479591837,16.784195046675585
random_genuine,/mnt/c/Users/ansar/Desktop/VGGFace2_ArcFace_Project/data/aligned/train/n002156/0027_01.jpg,/mnt/c/Users/ansar/Desktop/VGGFace2_ArcFace_Project/data/aligned/train/n002156/0373_02.jpg,0.0592044182121753,793.1734754855511,81.96117665816327,75.45118171681892,1078.3648083173252,6.1454081632653015,9.248668373472881
random_genuine,/mnt/c/Users/ansar/Desktop/VGGFace2_ArcFace_Project/data/aligned/train/n000528/0060_02.jpg,/mnt/c/Users/ansar/Desktop/VGGFace2_ArcFace_Project/data/aligned/train/n000528/0282_01.jpg,0.3082797229290008,908.1089086536565,69.5642538265306,72.45423179447215,1581.7008615960085,14.977040816326522,13.211970788412074
random_genuine,/mnt/c/Users/ansar/Desktop/VGGFace2_ArcFace_Project/data/aligned/train/n004844/0177_01.jpg,/mnt/c/Users/ansar/Desktop/VGGFace2_ArcFace_Project/data/aligned/train/n004844/0664_01.jpg,0.5127702951431274,1207.2439711672819,99.10646524234694,77.19537348013876,597.5120232966182,19.590162627551024,15.103141965812668
random_genuine,/mnt/c/Users/ansar/Desktop/VGGFace2_ArcFace_Project/data/aligned/train/n002296/0144_01.jpg,/mnt/c/Users/ansar/Desktop/VGGFace2_ArcFace_Project/data/aligned/train/n002296/0320_02.jpg,0.3261755108833313,769.4269197297959,75.94551179846938,72.4115888151963,1182.3292285898535,43.98573022959183,12.575586567726262
random_genuine,/mnt/c/Users/ansar/Desktop/VGGFace2_ArcFace_Project/data/aligned/train/n005574/0185_02.jpg,/mnt/c/Users/ansar/Desktop/VGGFace2_ArcFace_Project/data/aligned/train/n005574/0398_01.jpg,0.5726048350334167,418.21010495542936,76.91621492346938,74.38171900545814,425.0676123298541,7.078284438775512,2.1325668167768157
random_genuine,/mnt/c/Users/ansar/Desktop/VGGFace2_ArcFace_Project/data/aligned/train/n006517/0054_01.jpg,/mnt/c/Users/ansar/Desktop/VGGFace2_ArcFace_Project/data/aligned/train/n006517/0073_01.jpg,0.6316772103309631,417.80266549437306,72.07095025510205,69.12776778598659,233.25813927704075,22.515465561224495,23.63434913475684
random_genuine,/mnt/c/Users/ansar/Desktop/VGGFace2_ArcFace_Project/data/aligned/train/n000971/0100_01.jpg,/mnt/c/Users/ansar/Desktop/VGGFace2_ArcFace_Project/data/aligned/train/n000971/0113_01.jpg,0.5908876657485962,187.8107058498473,66.12328603316325,68.35727681940782,13.176228146312695,0.6330516581632679,3.3868054270282926
random_genuine,/mnt/c/Users/ansar/Desktop/VGGFace2_ArcFace_Project/data/aligned/train/n007458/0235_01.jpg,/mnt/c/Users/ansar/Desktop/VGGFace2_ArcFace_Project/data/aligned/train/n007458/0307_02.jpg,0.2367276400327682,700.5661816293127,76.40636957908163,64.28289631364756,994.3282096065218,7.851004464285708,6.566237726737079
random_genuine,/mnt/c/Users/ansar/Desktop/VGGFace2_ArcFace_Project/data/aligned/train/n003395/0009_01.jpg,/mnt/c/Users/ansar/Desktop/VGGFace2_ArcFace_Project/data/aligned/train/n003395/0065_01.jpg,0.5999205708503723,1558.7969032011147,93.59359056122449,61.96979578310397,1364.8133821181582,30.388073979591837,4.97409504958047
random_genuine,/mnt/c/Users/ansar/Desktop/VGGFace2_ArcFace_Project/data/aligned/train/n000260/0032_01.jpg,/mnt/c/Users/ansar/Desktop/VGGFace2_ArcFace_Project/data/aligned/train/n000260/0262_01.jpg,0.5230391025543213,798.5539257299001,78.60363520408163,78.57510188752146,480.57637877426566,38.49298469387755,8.803754524978132
random_genuine,/mnt/c/Users/ansar/Desktop/VGGFace2_ArcFace_Project/data/aligned/train/n007921/0016_03.jpg,/mnt/c/Users/ansar/Desktop/VGGFace2_ArcFace_Project/data/aligned/train/n007921/0224_04.jpg,0.5955380201339722,322.282857708214,100.16274713010205,70.22256229007047,22.067000891555608,31.05970982142857,25.353880735734997
random_genuine,/mnt/c/Users/ansar/Desktop/VGGFace2_ArcFace_Project/data/aligned/train/n004914/0024_01.jpg,/mnt/c/Users/ansar/Desktop/VGGFace2_ArcFace_Project/data/aligned/train/n004914/0180_01.jpg,0.368097573518753,452.14023431843896,72.45280612244898,71.0615417602134,488.23679300011923,57.93829719387755,49.035891411333026
random_genuine,/mnt/c/Users/ansar/Desktop/VGGFace2_ArcFace_Project/data/aligned/train/n003160/0108_01.jpg,/mnt/c/Users/ansar/Desktop/VGGFace2_ArcFace_Project/data/aligned/train/n003160/0143_01.jpg,0.3513559699058532,952.2902820591924,68.00821109693877,70.12363753466366,88.87775641985115,37.56361607142857,21.419670170451965
random_genuine,/mnt/c/Users/ansar/Desktop/VGGFace2_ArcFace_Project/data/aligned/train/n003121/0041_01.jpg,/mnt/c/Users/ansar/Desktop/VGGFace2_ArcFace_Project/data/aligned/train/n003121/0544_01.jpg,0.2834097146987915,1469.9866797190218,91.73421556122449,80.45580938903272,2524.036098647048,6.026307397959187,8.523991859615364
random_genuine,/mnt/c/Users/ansar/Desktop/VGGFace2_ArcFace_Project/data/aligned/train/n005855/0072_01.jpg,/mnt/c/Users/ansar/Desktop/VGGFace2_ArcFace_Project/data/aligned/train/n005855/0478_01.jpg,0.7668094635009766,533.2109397751547,81.97911352040816,71.61687690056706,159.82521455598737,5.963488520408163,7.987277516844827
random_genuine,/mnt/c/Users/ansar/Desktop/VGGFace2_ArcFace_Project/data/aligned/train/n008748/0143_01.jpg,/mnt/c/Users/ansar/Desktop/VGGFace2_ArcFace_Project/data/aligned/train/n008748/0176_01.jpg,0.3687490820884704,1083.484363621049,81.7379225127551,72.56389102324854,1267.368505647112,18.829320790816325,13.349665526117064
random_genuine,/mnt/c/Users/ansar/Desktop/VGGFace2_ArcFace_Project/data/aligned/train/n003139/0080_02.jpg,/mnt/c/Users/ansar/Desktop/VGGFace2_ArcFace_Project/data/aligned/train/n003139/0288_02.jpg,0.1747797280550003,337.03505925405335,53.204719387755105,53.76531749646267,581.5290263285989,34.58880739795919,16.74916011236879
random_genuine,/mnt/c/Users/ansar/Desktop/VGGFace2_ArcFace_Project/data/aligned/train/n003893/0229_03.jpg,/mnt/c/Users/ansar/Desktop/VGGFace2_ArcFace_Project/data/aligned/train/n003893/1007_02.jpg,0.2885408997535705,634.8702434617646,93.599609375,83.37576074801115,640.273373662209,6.085379464285722,9.995461417939936
random_genuine,/mnt/c/Users/ansar/Desktop/VGGFace2_ArcFace_Project/data/aligned/train/n002398/0101_01.jpg,/mnt/c/Users/ansar/Desktop/VGGFace2_ArcFace_Project/data/aligned/train/n002398/0108_01.jpg,0.4947596192359924,201.90640641053187,31.207071109693878,34.8060605973272,76.57947632115565,18.160475127551024,8.200539221418289
random_genuine,/mnt/c/Users/ansar/Desktop/VGGFace2_ArcFace_Project/data/aligned/train/n009056/0010_01.jpg,/mnt/c/Users/ansar/Desktop/VGGFace2_ArcFace_Project/data/aligned/train/n009056/0307_01.jpg,0.3040865063667297,446.836721564074,69.1683274872449,67.72972848650771,358.07655072003683,13.009327168367342,29.57844703888889
random_genuine,/mnt/c/Users/ansar/Desktop/VGGFace2_ArcFace_Project/data/aligned/train/n007647/0110_01.jpg,/mnt/c/Users/ansar/Desktop/VGGFace2_ArcFace_Project/data/aligned/train/n007647/0281_02.jpg,0.7521692514419556,543.4838435511845,90.37934470663265,77.74799497867343,671.8840565838352,2.262197066326536,0.12075021503959249
random_genuine,/mnt/c/Users/ansar/Desktop/VGGFace2_ArcFace_Project/data/aligned/train/n007297/0215_02.jpg,/mnt/c/Users/ansar/Desktop/VGGFace2_ArcFace_Project/data/aligned/train/n007297/0242_01.jpg,0.4426019787788391,192.76725403620077,54.30923150510204,57.70515681279007,160.21987888347306,0.9528061224489761,14.89135319183849
random_genuine,/mnt/c/Users/ansar/Desktop/VGGFace2_ArcFace_Project/data/aligned/train/n000075/0012_03.jpg,/mnt/c/Users/ansar/Desktop/VGGFace2_ArcFace_Project/data/aligned/train/n000075/0114_04.jpg,0.5775386691093445,419.4967603290245,88.05149872448979,71.8606178887116,303.60895433151836,5.7040816326530575,12.629663565678797
random_genuine,/mnt/c/Users/ansar/Desktop/VGGFace2_ArcFace_Project/data/aligned/train/n005591/0011_01.jpg,/mnt/c/Users/ansar/Desktop/VGGFace2_ArcFace_Project/data/aligned/train/n005591/0038_02.jpg,0.6058056950569153,582.0564772682555,86.52028858418367,81.02318510587097,688.1695122009812,1.6558514030612344,8.586919935968254
random_genuine,/mnt/c/Users/ansar/Desktop/VGGFace2_ArcFace_Project/data/aligned/train/n006021/0127_03.jpg,/mnt/c/Users/ansar/Desktop/VGGFace2_ArcFace_Project/data/aligned/train/n006021/0136_01.jpg,0.4867332279682159,295.74869891337084,87.06931600765307,66.1030885498427,118.12892140710613,7.909040178571431,0.7319533055043905
random_genuine,/mnt/c/Users/ansar/Desktop/VGGFace2_ArcFace_Project/data/aligned/train/n009099/0072_01.jpg,/mnt/c/Users/ansar/Desktop/VGGFace2_ArcFace_Project/data/aligned/train/n009099/0139_01.jpg,0.4226011037826538,616.1189095506268,87.59187659438776,75.17134036012473,92.7727038579302,15.179288903061234,8.690055686155048
random_genuine,/mnt/c/Users/ansar/Desktop/VGGFace2_ArcFace_Project/data/aligned/train/n004397/0073_02.jpg,/mnt/c/Users/ansar/Desktop/VGGFace2_ArcFace_Project/data/aligned/train/n004397/0310_03.jpg,0.4018233716487884,518.5818482589245,75.2553411989796,66.4879779752305,148.2989929783896,12.434151785714278,1.5355274573714581
random_genuine,/mnt/c/Users/ansar/Desktop/VGGFace2_ArcFace_Project/data/aligned/train/n005899/0084_01.jpg,/mnt/c/Users/ansar/Desktop/VGGFace2_ArcFace_Project/data/aligned/train/n005899/0207_01.jpg,0.3154990673065185,277.8432563676878,80.0125956632653,62.466770540425905,410.34723113924696,28.39732142857143,20.416219799838373
random_genuine,/mnt/c/Users/ansar/Desktop/VGGFace2_ArcFace_Project/data/aligned/train/n007489/0057_02.jpg,/mnt/c/Users/ansar/Desktop/VGGFace2_ArcFace_Project/data/aligned/train/n007489/0248_02.jpg,0.2462193071842193,165.42815391861467,85.88616071428572,76.86088544910193,241.3876326758382,23.628667091836732,26.199261025845153
random_genuine,/mnt/c/Users/ansar/Desktop/VGGFace2_ArcFace_Project/data/aligned/train/n003586/0035_01.jpg,/mnt/c/Users/ansar/Desktop/VGGFace2_ArcFace_Project/data/aligned/train/n003586/0188_01.jpg,0.3798656165599823,547.8732880509331,73.67725605867346,68.57747945038223,128.07629676065756,11.064971301020407,13.738924411007389
random_genuine,/mnt/c/Users/ansar/Desktop/VGGFace2_ArcFace_Project/data/aligned/train/n008522/0048_01.jpg,/mnt/c/Users/ansar/Desktop/VGGFace2_ArcFace_Project/data/aligned/train/n008522/0117_01.jpg,0.5370219349861145,740.4356798476249,52.915975765306115,54.89683622203333,1259.6437925682717,28.94052933673469,16.679616743419167
random_genuine,/mnt/c/Users/ansar/Desktop/VGGFace2_ArcFace_Project/data/aligned/train/n003716/0136_03.jpg,/mnt/c/Users/ansar/Desktop/VGGFace2_ArcFace_Project/data/aligned/train/n003716/0536_01.jpg,0.4414004981517792,1173.3642204408593,78.12619579081633,68.7195546839469,333.74092449043644,1.5757334183673493,2.9953833128382428
random_genuine,/mnt/c/Users/ansar/Desktop/VGGFace2_ArcFace_Project/data/aligned/train/n000172/0300_01.jpg,/mnt/c/Users/ansar/Desktop/VGGFace2_ArcFace_Project/data/aligned/train/n000172/0399_01.jpg,0.0961654856801033,1270.1813629035998,75.09394929846938,66.60698524360475,246.87341395024214,63.27495216836734,36.63940469263608
random_genuine,/mnt/c/Users/ansar/Desktop/VGGFace2_ArcFace_Project/data/aligned/train/n009084/0080_01.jpg,/mnt/c/Users/ansar/Desktop/VGGFace2_ArcFace_Project/data/aligned/train/n009084/0183_01.jpg,0.5676919221878052,1316.3668173583833,83.10184151785714,88.84208212586839,607.5116280679255,22.509008290816325,21.587994413321795
random_genuine,/mnt/c/Users/ansar/Desktop/VGGFace2_ArcFace_Project/data/aligned/train/n005266/0172_01.jpg,/mnt/c/Users/ansar/Desktop/VGGFace2_ArcFace_Project/data/aligned/train/n005266/0207_01.jpg,0.3506901860237121,379.8424164987713,81.65935905612245,73.20837594655569,318.4283629278002,26.757971938775512,12.810970730178497
random_genuine,/mnt/c/Users/ansar/Desktop/VGGFace2_ArcFace_Project/data/aligned/train/n007864/0008_01.jpg,/mnt/c/Users/ansar/Desktop/VGGFace2_ArcFace_Project/data/aligned/train/n007864/0011_01.jpg,0.7750577926635742,617.7745602570789,86.841796875,73.93817502489611,820.6386913981157,15.16015625,11.050577547545217
random_genuine,/mnt/c/Users/ansar/Desktop/VGGFace2_ArcFace_Project/data/aligned/train/n007993/0004_01.jpg,/mnt/c/Users/ansar/Desktop/VGGFace2_ArcFace_Project/data/aligned/train/n007993/0074_01.jpg,0.5826280117034912,1259.2313732924138,98.13321109693877,79.5916005725348,1762.0959494581625,6.525191326530617,1.3319065909163328
random_genuine,/mnt/c/Users/ansar/Desktop/VGGFace2_ArcFace_Project/data/aligned/train/n002407/0013_01.jpg,/mnt/c/Users/ansar/Desktop/VGGFace2_ArcFace_Project/data/aligned/train/n002407/0239_01.jpg,0.4990428984165191,769.8736372140983,92.74083227040816,80.79379129697841,285.9835808057678,0.732621173469397,11.9978119216414
random_genuine,/mnt/c/Users/ansar/Desktop/VGGFace2_ArcFace_Project/data/aligned/train/n003019/0093_02.jpg,/mnt/c/Users/ansar/Desktop/VGGFace2_ArcFace_Project/data/aligned/train/n003019/0407_01.jpg,0.455494225025177,501.08160480148143,85.19459502551021,68.05141818198946,163.9292985947119,12.75191326530613,12.491160421458034
random_genuine,/mnt/c/Users/ansar/Desktop/VGGFace2_ArcFace_Project/data/aligned/train/n008410/0369_01.jpg,/mnt/c/Users/ansar/Desktop/VGGFace2_ArcFace_Project/data/aligned/train/n008410/0472_01.jpg,0.5833640098571777,1389.382420000857,81.70754942602042,84.49318017693169,79.01057094715361,29.682158801020407,8.120501931311622
random_genuine,/mnt/c/Users/ansar/Desktop/VGGFace2_ArcFace_Project/data/aligned/train/n000968/0163_01.jpg,/mnt/c/Users/ansar/Desktop/VGGFace2_ArcFace_Project/data/aligned/train/n000968/0454_01.jpg,0.2332922667264938,952.950993726572,80.12790975765306,74.14229859828053,1651.7803616982505,35.410315688775505,19.99461612564002
random_genuine,/mnt/c/Users/ansar/Desktop/VGGFace2_ArcFace_Project/data/aligned/train/n005986/0325_01.jpg,/mnt/c/Users/ansar/Desktop/VGGFace2_ArcFace_Project/data/aligned/train/n005986/0402_01.jpg,0.2398276925086975,381.5443892695416,53.55253507653062,56.03195650290679,635.3550904197327,5.1513073979591795,9.157740887342612
random_genuine,/mnt/c/Users/ansar/Desktop/VGGFace2_ArcFace_Project/data/aligned/train/n003865/0143_01.jpg,/mnt/c/Users/ansar/Desktop/VGGFace2_ArcFace_Project/data/aligned/train/n003865/0230_01.jpg,0.6950087547302246,463.09881221925355,82.99940210459184,63.03986183128207,558.1027807881562,7.742107780612244,7.944093054400639
random_genuine,/mnt/c/Users/ansar/Desktop/VGGFace2_ArcFace_Project/data/aligned/train/n000228/0010_01.jpg,/mnt/c/Users/ansar/Desktop/VGGFace2_ArcFace_Project/data/aligned/train/n000228/0415_02.jpg,0.5033184289932251,1298.2119204113255,87.99150988520408,81.18462152891735,1340.9805719581361,42.87396364795919,10.536669720787188
random_genuine,/mnt/c/Users/ansar/Desktop/VGGFace2_ArcFace_Project/data/aligned/train/n001387/0194_01.jpg,/mnt/c/Users/ansar/Desktop/VGGFace2_ArcFace_Project/data/aligned/train/n001387/0259_01.jpg,0.5283862948417664,630.248609101956,70.56226084183673,66.42624971930809,49.14492704430404,12.922353316326536,10.07599737252906
random_genuine,/mnt/c/Users/ansar/Desktop/VGGFace2_ArcFace_Project/data/aligned/train/n003073/0321_01.jpg,/mnt/c/Users/ansar/Desktop/VGGFace2_ArcFace_Project/data/aligned/train/n003073/0527_01.jpg,0.332143485546112,994.4278142818655,61.49418048469388,65.56179581858399,23.0492096582783,8.386479591836732,9.908725923717604
random_genuine,/mnt/c/Users/ansar/Desktop/VGGFace2_ArcFace_Project/data/aligned/train/n002902/0103_02.jpg,/mnt/c/Users/ansar/Desktop/VGGFace2_ArcFace_Project/data/aligned/train/n002902/0107_01.jpg,0.5951167345046997,667.8946535840525,95.28543526785714,74.73881967021696,78.49663985704001,15.74370216836735,8.718853405053437
random_genuine,/mnt/c/Users/ansar/Desktop/VGGFace2_ArcFace_Project/data/aligned/train/n004716/0007_01.jpg,/mnt/c/Users/ansar/Desktop/VGGFace2_ArcFace_Project/data/aligned/train/n004716/0011_01.jpg,0.5458726286888123,777.6878998139557,60.266820790816325,61.55650897926037,1169.6965855761696,19.95535714285714,18.27576513561047
random_genuine,/mnt/c/Users/ansar/Desktop/VGGFace2_ArcFace_Project/data/aligned/train/n006746/0247_01.jpg,/mnt/c/Users/ansar/Desktop/VGGFace2_ArcFace_Project/data/aligned/train/n006746/0304_01.jpg,0.3379362821578979,556.9377951536611,76.62878667091837,55.19827114558329,847.9428880239516,25.15776466836735,25.35309833657788
random_genuine,/mnt/c/Users/ansar/Desktop/VGGFace2_ArcFace_Project/data/aligned/train/n009136/0115_02.jpg,/mnt/c/Users/ansar/Desktop/VGGFace2_ArcFace_Project/data/aligned/train/n009136/0345_03.jpg,0.0177969299256801,441.87146487984745,93.92422672193877,84.73246051467811,16.525885591900078,27.01283482142857,19.401990712461057
random_genuine,/mnt/c/Users/ansar/Desktop/VGGFace2_ArcFace_Project/data/aligned/train/n003347/0077_01.jpg,/mnt/c/Users/ansar/Desktop/VGGFace2_ArcFace_Project/data/aligned/train/n003347/0234_01.jpg,0.3823692798614502,1262.935840036312,63.63871173469387,64.43379602494488,1086.9016003781485,15.521205357142854,12.61362180538724
random_genuine,/mnt/c/Users/ansar/Desktop/VGGFace2_ArcFace_Project/data/aligned/train/n003107/0247_01.jpg,/mnt/c/Users/ansar/Desktop/VGGFace2_ArcFace_Project/data/aligned/train/n003107/0631_01.jpg,0.1728952080011367,1710.2190168031998,116.16681281887755,89.77018291678755,2228.130363137064,59.47791772959184,10.92439420284282
random_genuine,/mnt/c/Users/ansar/Desktop/VGGFace2_ArcFace_Project/data/aligned/train/n004604/0315_01.jpg,/mnt/c/Users/ansar/Desktop/VGGFace2_ArcFace_Project/data/aligned/train/n004604/0333_01.jpg,0.1578904092311859,1194.2288354049867,95.38293207908163,87.8779586871924,1680.3992825102578,41.236686862244895,41.89750023621444
random_genuine,/mnt/c/Users/ansar/Desktop/VGGFace2_ArcFace_Project/data/aligned/train/n007981/0104_01.jpg,/mnt/c/Users/ansar/Desktop/VGGFace2_ArcFace_Project/data/aligned/train/n007981/0269_01.jpg,0.4648186862468719,959.8375286275474,107.30480707908163,85.94462964492268,1362.8486835522633,0.9892378826530575,2.8550245955616447
random_genuine,/mnt/c/Users/ansar/Desktop/VGGFace2_ArcFace_Project/data/aligned/train/n006678/0111_01.jpg,/mnt/c/Users/ansar/Desktop/VGGFace2_ArcFace_Project/data/aligned/train/n006678/0285_01.jpg,0.2244678288698196,629.0022888278921,66.31265943877551,58.878186795008446,722.1825318819083,1.582110969387756,6.635458245720763
random_genuine,/mnt/c/Users/ansar/Desktop/VGGFace2_ArcFace_Project/data/aligned/train/n006777/0236_01.jpg,/mnt/c/Users/ansar/Desktop/VGGFace2_ArcFace_Project/data/aligned/train/n006777/0260_01.jpg,0.2908001840114593,212.5055894005651,70.97608418367346,67.4632888535393,250.03455235530112,16.292251275510203,11.011201323314722
random_genuine,/mnt/c/Users/ansar/Desktop/VGGFace2_ArcFace_Project/data/aligned/train/n002868/0116_01.jpg,/mnt/c/Users/ansar/Desktop/VGGFace2_ArcFace_Project/data/aligned/train/n002868/0152_01.jpg,0.3459553718566894,550.3497712287442,83.78288424744898,77.13535139181772,171.4459136492609,9.104512117346943,16.837098924917584
random_genuine,/mnt/c/Users/ansar/Desktop/VGGFace2_ArcFace_Project/data/aligned/train/n000012/0193_01.jpg,/mnt/c/Users/ansar/Desktop/VGGFace2_ArcFace_Project/data/aligned/train/n000012/0400_01.jpg,0.633513331413269,703.5932144711585,89.9044961734694,74.14539550268742,1075.330881095737,6.927614795918359,0.9012960451404268
random_genuine,/mnt/c/Users/ansar/Desktop/VGGFace2_ArcFace_Project/data/aligned/train/n004922/0082_03.jpg,/mnt/c/Users/ansar/Desktop/VGGFace2_ArcFace_Project/data/aligned/train/n004922/0233_01.jpg,0.2262036949396133,1114.341870223319,101.28595344387756,75.81105337851238,1338.7069457537527,41.36750637755101,9.173882879934794
random_genuine,/mnt/c/Users/ansar/Desktop/VGGFace2_ArcFace_Project/data/aligned/train/n009195/0216_01.jpg,/mnt/c/Users/ansar/Desktop/VGGFace2_ArcFace_Project/data/aligned/train/n009195/0229_01.jpg,0.352088987827301,346.88514403152936,67.443359375,58.619884460338625,557.7520070169329,6.927853954081627,5.509687069154175
random_genuine,/mnt/c/Users/ansar/Desktop/VGGFace2_ArcFace_Project/data/aligned/train/n008814/0031_01.jpg,/mnt/c/Users/ansar/Desktop/VGGFace2_ArcFace_Project/data/aligned/train/n008814/0055_01.jpg,0.4817214906215668,639.7189108051393,89.67103794642858,74.04182157462904,739.9900616157656,3.9949776785714306,4.574488506362357
random_genuine,/mnt/c/Users/ansar/Desktop/VGGFace2_ArcFace_Project/data/aligned/train/n003947/0127_01.jpg,/mnt/c/Users/ansar/Desktop/VGGFace2_ArcFace_Project/data/aligned/train/n003947/0148_01.jpg,0.2927621006965637,911.631085199994,73.39911511479592,92.79872021113863,1059.2220447036639,4.302535076530603,0.791955911690323
random_genuine,/mnt/c/Users/ansar/Desktop/VGGFace2_ArcFace_Project/data/aligned/train/n004939/0185_02.jpg,/mnt/c/Users/ansar/Desktop/VGGFace2_ArcFace_Project/data/aligned/train/n004939/0352_01.jpg,0.4018259942531585,797.6305306564516,55.78770727040816,58.96900131699756,500.47473562066625,4.559151785714285,0.7561694880045096
random_genuine,/mnt/c/Users/ansar/Desktop/VGGFace2_ArcFace_Project/data/aligned/train/n002961/0215_01.jpg,/mnt/c/Users/ansar/Desktop/VGGFace2_ArcFace_Project/data/aligned/train/n002961/0493_01.jpg,0.3336638510227203,1043.3190793343656,97.94858099489795,72.81188132727465,842.3926883492555,29.70902423469387,5.146032514111766
random_genuine,/mnt/c/Users/ansar/Desktop/VGGFace2_ArcFace_Project/data/aligned/train/n006733/0064_01.jpg,/mnt/c/Users/ansar/Desktop/VGGFace2_ArcFace_Project/data/aligned/train/n006733/0147_02.jpg,0.3684144616127014,260.281628813261,84.81708386479592,64.13658262634416,212.5717036236529,4.3913424744897895,5.524270498207912
random_genuine,/mnt/c/Users/ansar/Desktop/VGGFace2_ArcFace_Project/data/aligned/train/n000217/0330_01.jpg,/mnt/c/Users/ansar/Desktop/VGGFace2_ArcFace_Project/data/aligned/train/n000217/0347_01.jpg,0.4307798743247986,1271.5329752631706,72.48030931122449,83.67851939157143,1718.44675571707,4.622289540816325,13.879928581561657
random_genuine,/mnt/c/Users/ansar/Desktop/VGGFace2_ArcFace_Project/data/aligned/train/n000220/0179_03.jpg,/mnt/c/Users/ansar/Desktop/VGGFace2_ArcFace_Project/data/aligned/train/n000220/0546_01.jpg,0.4467085003852844,281.31463060613373,37.510044642857146,41.8341546346433,140.97740301078977,1.8606505102040813,4.927582003802989
random_genuine,/mnt/c/Users/ansar/Desktop/VGGFace2_ArcFace_Project/data/aligned/train/n004814/0094_02.jpg,/mnt/c/Users/ansar/Desktop/VGGFace2_ArcFace_Project/data/aligned/train/n004814/0741_02.jpg,0.3409941792488098,612.0406241395085,126.57095025510203,95.23018341588607,227.81428361961815,24.468271683673464,6.676795381769182
random_genuine,/mnt/c/Users/ansar/Desktop/VGGFace2_ArcFace_Project/data/aligned/train/n003781/0060_05.jpg,/mnt/c/Users/ansar/Desktop/VGGFace2_ArcFace_Project/data/aligned/train/n003781/0060_06.jpg,0.1379603743553161,196.6938582757571,50.275948660714285,54.8481547881054,297.84064399436437,23.251195790816325,18.376022069971853
random_genuine,/mnt/c/Users/ansar/Desktop/VGGFace2_ArcFace_Project/data/aligned/train/n003584/0110_01.jpg,/mnt/c/Users/ansar/Desktop/VGGFace2_ArcFace_Project/data/aligned/train/n003584/0187_01.jpg,0.7090707421302795,1311.0095911593996,104.25227200255102,86.06385465294483,1106.8811383483708,27.684550382653057,1.8050933954910136
random_genuine,/mnt/c/Users/ansar/Desktop/VGGFace2_ArcFace_Project/data/aligned/train/n006241/0067_01.jpg,/mnt/c/Users/ansar/Desktop/VGGFace2_ArcFace_Project/data/aligned/train/n006241/0234_01.jpg,0.7445533275604248,651.4887166752114,46.03348214285714,45.24799869419604,1144.8361073612718,21.88233418367347,21.86295889416607
random_genuine,/mnt/c/Users/ansar/Desktop/VGGFace2_ArcFace_Project/data/aligned/train/n009094/0036_01.jpg,/mnt/c/Users/ansar/Desktop/VGGFace2_ArcFace_Project/data/aligned/train/n009094/0509_01.jpg,0.4797979593276977,163.9027893975197,40.355349170918366,43.977330154746056,119.81648541648701,11.873963647959187,11.598264131457618
random_genuine,/mnt/c/Users/ansar/Desktop/VGGFace2_ArcFace_Project/data/aligned/train/n003047/0051_01.jpg,/mnt/c/Users/ansar/Desktop/VGGFace2_ArcFace_Project/data/aligned/train/n003047/0352_02.jpg,0.481992095708847,703.3817786328348,84.90896045918367,69.9589894189923,1150.5963415918823,14.760522959183675,0.41734942448643153
random_genuine,/mnt/c/Users/ansar/Desktop/VGGFace2_ArcFace_Project/data/aligned/train/n005196/0136_01.jpg,/mnt/c/Users/ansar/Desktop/VGGFace2_ArcFace_Project/data/aligned/train/n005196/0165_01.jpg,0.4597011506557464,256.2532891460579,89.6654974489796,72.77145041510806,228.09299537947848,9.526945153061234,6.50425710882017
random_genuine,/mnt/c/Users/ansar/Desktop/VGGFace2_ArcFace_Project/data/aligned/train/n001351/0024_01.jpg,/mnt/c/Users/ansar/Desktop/VGGFace2_ArcFace_Project/data/aligned/train/n001351/0135_01.jpg,0.4558204710483551,620.00446079672,79.55508609693877,78.60363318446863,807.4017263823179,18.72448979591836,12.877688836753933
random_genuine,/mnt/c/Users/ansar/Desktop/VGGFace2_ArcFace_Project/data/aligned/train/n008878/0166_01.jpg,/mnt/c/Users/ansar/Desktop/VGGFace2_ArcFace_Project/data/aligned/train/n008878/0282_01.jpg,0.4822033643722534,785.8872346476882,81.0063775510204,74.13773275154712,1276.4783301236282,16.201211734693885,7.7700541961037
random_genuine,/mnt/c/Users/ansar/Desktop/VGGFace2_ArcFace_Project/data/aligned/train/n001457/0077_01.jpg,/mnt/c/Users/ansar/Desktop/VGGFace2_ArcFace_Project/data/aligned/train/n001457/0105_01.jpg,0.6707319617271423,941.4116606833487,86.65098852040816,71.8165414882336,333.63364150155735,18.679049744897952,16.942001452926583
random_genuine,/mnt/c/Users/ansar/Desktop/VGGFace2_ArcFace_Project/data/aligned/train/n007184/0101_03.jpg,/mnt/c/Users/ansar/Desktop/VGGFace2_ArcFace_Project/data/aligned/train/n007184/0217_01.jpg,0.5563035011291504,328.24380660623075,52.21779336734694,55.18481503069556,307.86974556830364,9.071747448979586,9.072908573282348
random_genuine,/mnt/c/Users/ansar/Desktop/VGGFace2_ArcFace_Project/data/aligned/train/n001978/0085_01.jpg,/mnt/c/Users/ansar/Desktop/VGGFace2_ArcFace_Project/data/aligned/train/n001978/0107_01.jpg,0.4668034315109253,496.90694048721457,77.41665338010205,60.61126340950467,303.6127624956582,37.296795280612244,22.24578293994623
random_genuine,/mnt/c/Users/ansar/Desktop/VGGFace2_ArcFace_Project/data/aligned/train/n004641/0350_02.jpg,/mnt/c/Users/ansar/Desktop/VGGFace2_ArcFace_Project/data/aligned/train/n004641/0372_05.jpg,0.1054868251085281,481.21057509581584,82.15457589285714,73.68830861744816,558.4929425971601,51.67474489795918,19.693786577295754
random_genuine,/mnt/c/Users/ansar/Desktop/VGGFace2_ArcFace_Project/data/aligned/train/n006746/0052_01.jpg,/mnt/c/Users/ansar/Desktop/VGGFace2_ArcFace_Project/data/aligned/train/n006746/0102_01.jpg,0.5872901082038879,1286.1630471295887,98.34893176020408,76.2405988503696,1763.2476855766176,63.01642219387756,36.94286730437368
random_genuine,/mnt/c/Users/ansar/Desktop/VGGFace2_ArcFace_Project/data/aligned/train/n005976/0090_01.jpg,/mnt/c/Users/ansar/Desktop/VGGFace2_ArcFace_Project/data/aligned/train/n005976/0288_01.jpg,0.1083853840827941,726.0605768460326,51.389469068877546,51.91804947568993,829.553434563398,6.68534757653061,1.8822316903469414
random_genuine,/mnt/c/Users/ansar/Desktop/VGGFace2_ArcFace_Project/data/aligned/train/n001269/0228_01.jpg,/mnt/c/Users/ansar/Desktop/VGGFace2_ArcFace_Project/data/aligned/train/n001269/0331_02.jpg,0.271584540605545,437.7837009136005,73.73022959183675,73.9594476677555,692.9459194451857,1.6471619897959187,23.417686826824585
random_genuine,/mnt/c/Users/ansar/Desktop/VGGFace2_ArcFace_Project/data/aligned/train/n000469/0070_01.jpg,/mnt/c/Users/ansar/Desktop/VGGFace2_ArcFace_Project/data/aligned/train/n000469/0205_01.jpg,0.6099754571914673,752.6322480963945,99.23082748724491,71.61013430659658,422.1977013107738,22.802535076530617,18.922060601002784
random_genuine,/mnt/c/Users/ansar/Desktop/VGGFace2_ArcFace_Project/data/aligned/train/n007131/0024_01.jpg,/mnt/c/Users/ansar/Desktop/VGGFace2_ArcFace_Project/data/aligned/train/n007131/0182_01.jpg,0.4848027527332306,1500.6236385613965,57.43642378826531,62.86304822266296,554.2225198932408,40.34430803571429,27.626203736285603
random_genuine,/mnt/c/Users/ansar/Desktop/VGGFace2_ArcFace_Project/data/aligned/train/n003862/0010_01.jpg,/mnt/c/Users/ansar/Desktop/VGGFace2_ArcFace_Project/data/aligned/train/n003862/0536_01.jpg,0.75242680311203,752.7221652582654,61.76430963010204,56.96287229097857,533.9269757380043,12.729512117346943,13.465690843359177
random_genuine,/mnt/c/Users/ansar/Desktop/VGGFace2_ArcFace_Project/data/aligned/train/n002481/0082_01.jpg,/mnt/c/Users/ansar/Desktop/VGGFace2_ArcFace_Project/data/aligned/train/n002481/0253_01.jpg,0.335900604724884,594.1471983509629,63.00601881377551,64.94049884973487,563.61299738314,33.42641900510205,21.448871499917757
random_genuine,/mnt/c/Users/ansar/Desktop/VGGFace2_ArcFace_Project/data/aligned/train/n009103/0049_01.jpg,/mnt/c/Users/ansar/Desktop/VGGFace2_ArcFace_Project/data/aligned/train/n009103/0687_01.jpg,0.5520647168159485,550.9368385909152,90.1786112882653,88.75861682493627,190.93274945152262,29.09972895408164,10.378608022442435
random_genuine,/mnt/c/Users/ansar/Desktop/VGGFace2_ArcFace_Project/data/aligned/train/n004253/0233_01.jpg,/mnt/c/Users/ansar/Desktop/VGGFace2_ArcFace_Project/data/aligned/train/n004253/0273_02.jpg,0.1277982741594314,515.6536877436322,78.42558195153062,75.4669483565595,793.5975939183869,22.42036033163265,1.352583937315245
random_genuine,/mnt/c/Users/ansar/Desktop/VGGFace2_ArcFace_Project/data/aligned/train/n003260/0107_01.jpg,/mnt/c/Users/ansar/Desktop/VGGFace2_ArcFace_Project/data/aligned/train/n003260/0173_01.jpg,0.2211553156375885,1055.487129869187,70.72488839285714,69.32633342923228,621.5163036316247,19.898596938775505,7.653526996197243
random_genuine,/mnt/c/Users/ansar/Desktop/VGGFace2_ArcFace_Project/data/aligned/train/n000935/0227_01.jpg,/mnt/c/Users/ansar/Desktop/VGGFace2_ArcFace_Project/data/aligned/train/n000935/0449_02.jpg,0.1794909685850143,774.4624569983048,101.14600605867346,90.34503086138324,944.4818240812747,7.339524872448976,0.7529028713487946
random_genuine,/mnt/c/Users/ansar/Desktop/VGGFace2_ArcFace_Project/data/aligned/train/n003218/0030_01.jpg,/mnt/c/Users/ansar/Desktop/VGGFace2_ArcFace_Project/data/aligned/train/n003218/0228_01.jpg,0.4589958786964416,1311.130246405103,86.25055803571428,72.39507736335716,1266.5308387943824,39.48341836734694,5.981056012794042
random_genuine,/mnt/c/Users/ansar/Desktop/VGGFace2_ArcFace_Project/data/aligned/train/n007853/0084_01.jpg,/mnt/c/Users/ansar/Desktop/VGGFace2_ArcFace_Project/data/aligned/train/n007853/0360_01.jpg,0.061713334172964,722.5851276561351,76.87033641581633,81.41330455965794,207.50090460278807,0.4343909438775597,20.430220576553168
random_genuine,/mnt/c/Users/ansar/Desktop/VGGFace2_ArcFace_Project/data/aligned/train/n006904/0403_01.jpg,/mnt/c/Users/ansar/Desktop/VGGFace2_ArcFace_Project/data/aligned/train/n006904/0430_01.jpg,0.4268739819526672,1096.6955042230938,94.26514668367346,69.25724310571549,1762.180061387996,3.845663265306129,11.152039468743766
random_genuine,/mnt/c/Users/ansar/Desktop/VGGFace2_ArcFace_Project/data/aligned/train/n002526/0081_03.jpg,/mnt/c/Users/ansar/Desktop/VGGFace2_ArcFace_Project/data/aligned/train/n002526/0211_02.jpg,0.4377727508544922,1336.3461415657448,109.88480548469389,87.24461292176042,1190.837161336229,21.97082270408164,7.159944663063868
random_genuine,/mnt/c/Users/ansar/Desktop/VGGFace2_ArcFace_Project/data/aligned/train/n004557/0031_03.jpg,/mnt/c/Users/ansar/Desktop/VGGFace2_ArcFace_Project/data/aligned/train/n004557/0098_01.jpg,0.3350535631179809,544.3137696316618,99.33537946428572,73.86443802476005,438.19318819185037,29.81839923469387,2.411676331205058
random_genuine,/mnt/c/Users/ansar/Desktop/VGGFace2_ArcFace_Project/data/aligned/train/n002049/0120_01.jpg,/mnt/c/Users/ansar/Desktop/VGGFace2_ArcFace_Project/data/aligned/train/n002049/0276_01.jpg,0.0613372065126895,3097.327331739979,85.7810507015306,67.9079397815448,873.8910631007425,37.77638711734694,0.1549517364421149
random_genuine,/mnt/c/Users/ansar/Desktop/VGGFace2_ArcFace_Project/data/aligned/train/n002349/0114_01.jpg,/mnt/c/Users/ansar/Desktop/VGGFace2_ArcFace_Project/data/aligned/train/n002349/0385_02.jpg,0.270561546087265,376.5679188306904,81.04679528061224,69.07764865264858,553.5524487413996,11.810586734693885,8.145949826766397
random_genuine,/mnt/c/Users/ansar/Desktop/VGGFace2_ArcFace_Project/data/aligned/train/n007925/0157_01.jpg,/mnt/c/Users/ansar/Desktop/VGGFace2_ArcFace_Project/data/aligned/train/n007925/0516_02.jpg,0.2443387955427169,1614.687349709507,70.6924824617347,68.37091412031438,2201.437202672867,5.665896045918359,0.8543237847612346
random_genuine,/mnt/c/Users/ansar/Desktop/VGGFace2_ArcFace_Project/data/aligned/train/n006711/0015_01.jpg,/mnt/c/Users/ansar/Desktop/VGGFace2_ArcFace_Project/data/aligned/train/n006711/0494_02.jpg,0.6095491647720337,463.3166823031653,72.38038105867346,65.89986228574304,114.91290313072477,2.437420280612244,1.1658571698757356
random_genuine,/mnt/c/Users/ansar/Desktop/VGGFace2_ArcFace_Project/data/aligned/train/n005493/0501_03.jpg,/mnt/c/Users/ansar/Desktop/VGGFace2_ArcFace_Project/data/aligned/train/n005493/0503_01.jpg,0.2033391594886779,314.9735850914475,59.27299904336735,52.903323713155594,237.852848025969,7.413504464285715,9.954210233258166
random_genuine,/mnt/c/Users/ansar/Desktop/VGGFace2_ArcFace_Project/data/aligned/train/n004958/0105_02.jpg,/mnt/c/Users/ansar/Desktop/VGGFace2_ArcFace_Project/data/aligned/train/n004958/0258_01.jpg,0.1391093730926513,388.6992053501013,52.72827646683673,56.747529012721394,338.7885808853347,20.946986607142854,24.52853264607758
random_genuine,/mnt/c/Users/ansar/Desktop/VGGFace2_ArcFace_Project/data/aligned/train/n008312/0149_01.jpg,/mnt/c/Users/ansar/Desktop/VGGFace2_ArcFace_Project/data/aligned/train/n008312/0455_02.jpg,0.3243736326694488,336.8826928287683,54.44240274234694,60.155675969552604,231.9057772444567,3.5672034438775526,8.432505995110972
random_genuine,/mnt/c/Users/ansar/Desktop/VGGFace2_ArcFace_Project/data/aligned/train/n002796/0059_03.jpg,/mnt/c/Users/ansar/Desktop/VGGFace2_ArcFace_Project/data/aligned/train/n002796/0148_01.jpg,0.1951112002134323,222.60546394230573,66.99621332908163,61.236169642720924,223.16719500038437,41.74465880102041,26.18247958839627
random_genuine,/mnt/c/Users/ansar/Desktop/VGGFace2_ArcFace_Project/data/aligned/train/n003024/0011_01.jpg,/mnt/c/Users/ansar/Desktop/VGGFace2_ArcFace_Project/data/aligned/train/n003024/0158_02.jpg,0.1849684715270996,1197.8860813221897,55.67123724489796,60.22954014668871,1629.5295359886768,17.87388392857143,20.8614628651692
random_genuine,/mnt/c/Users/ansar/Desktop/VGGFace2_ArcFace_Project/data/aligned/train/n000490/0023_01.jpg,/mnt/c/Users/ansar/Desktop/VGGFace2_ArcFace_Project/data/aligned/train/n000490/0100_01.jpg,0.6387264132499695,836.4876732307889,103.16179049744898,77.10126719287209,187.74676607728554,4.173230229591837,8.006870192748906
random_genuine,/mnt/c/Users/ansar/Desktop/VGGFace2_ArcFace_Project/data/aligned/train/n006390/0012_01.jpg,/mnt/c/Users/ansar/Desktop/VGGFace2_ArcFace_Project/data/aligned/train/n006390/0198_01.jpg,0.2715803682804107,2447.2624016014647,99.65377869897958,86.51426531568873,3681.286172163779,4.975446428571431,1.0829123870428248
random_genuine,/mnt/c/Users/ansar/Desktop/VGGFace2_ArcFace_Project/data/aligned/train/n007400/0012_01.jpg,/mnt/c/Users/ansar/Desktop/VGGFace2_ArcFace_Project/data/aligned/train/n007400/0147_02.jpg,0.048222467303276,940.0638055956298,88.10231983418367,83.71681275282444,1159.499930830212,4.125239158163254,0.8642852937713315
random_genuine,/mnt/c/Users/ansar/Desktop/VGGFace2_ArcFace_Project/data/aligned/train/n001237/0079_02.jpg,/mnt/c/Users/ansar/Desktop/VGGFace2_ArcFace_Project/data/aligned/train/n001237/0221_01.jpg,0.2631796300411224,508.7120851407891,66.85722257653062,65.80062626763495,753.1137039394291,14.687659438775519,13.45200447063008
random_genuine,/mnt/c/Users/ansar/Desktop/VGGFace2_ArcFace_Project/data/aligned/train/n007530/0188_02.jpg,/mnt/c/Users/ansar/Desktop/VGGFace2_ArcFace_Project/data/aligned/train/n007530/0342_01.jpg,0.4545050859451294,128.65305049376704,77.96097735969389,71.86893323151953,94.96639898348631,8.390545280612244,0.6797952588548526
random_genuine,/mnt/c/Users/ansar/Desktop/VGGFace2_ArcFace_Project/data/aligned/train/n001472/0210_01.jpg,/mnt/c/Users/ansar/Desktop/VGGFace2_ArcFace_Project/data/aligned/train/n001472/0331_02.jpg,0.4330667555332184,495.80557852176673,81.7123724489796,72.1561348594366,429.679323271879,20.16183035714286,13.380664624156239
random_genuine,/mnt/c/Users/ansar/Desktop/VGGFace2_ArcFace_Project/data/aligned/train/n008508/0379_01.jpg,/mnt/c/Users/ansar/Desktop/VGGFace2_ArcFace_Project/data/aligned/train/n008508/0418_01.jpg,0.600629448890686,322.57385969499603,74.41003667091837,70.83995129388884,101.26734483902374,16.321667729591837,6.441136276951525
random_genuine,/mnt/c/Users/ansar/Desktop/VGGFace2_ArcFace_Project/data/aligned/train/n004780/0145_01.jpg,/mnt/c/Users/ansar/Desktop/VGGFace2_ArcFace_Project/data/aligned/train/n004780/0366_01.jpg,0.3639757931232452,580.2313992596825,108.31564891581633,86.90003591404304,209.94055157351227,13.119339923469397,8.239081117709418
random_genuine,/mnt/c/Users/ansar/Desktop/VGGFace2_ArcFace_Project/data/aligned/train/n008931/0021_01.jpg,/mnt/c/Users/ansar/Desktop/VGGFace2_ArcFace_Project/data/aligned/train/n008931/0035_01.jpg,0.4612271189689636,600.7933661140337,114.63879145408163,82.58922210496826,565.4402226865516,35.7732780612245,10.122526833797494
random_genuine,/mnt/c/Users/ansar/Desktop/VGGFace2_ArcFace_Project/data/aligned/train/n003576/0141_02.jpg,/mnt/c/Users/ansar/Desktop/VGGFace2_ArcFace_Project/data/aligned/train/n003576/0208_02.jpg,0.3189060986042022,1014.0417321303247,106.43140146683675,87.69098278428035,1545.0115724346726,2.73397640306122,2.0402985312438346
random_genuine,/mnt/c/Users/ansar/Desktop/VGGFace2_ArcFace_Project/data/aligned/train/n007470/0066_01.jpg,/mnt/c/Users/ansar/Desktop/VGGFace2_ArcFace_Project/data/aligned/train/n007470/0380_01.jpg,0.6925826072692871,877.5030362225731,75.95085299744898,77.34491017132862,467.1152247596117,12.598931760204081,3.2370126083007733
random_genuine,/mnt/c/Users/ansar/Desktop/VGGFace2_ArcFace_Project/data/aligned/train/n009107/0062_03.jpg,/mnt/c/Users/ansar/Desktop/VGGFace2_ArcFace_Project/data/aligned/train/n009107/0073_01.jpg,0.2502060234546661,416.0169728289838,80.07688934948979,65.54530768624917,215.86360272681998,7.2685746173469425,0.07658478984309625
random_genuine,/mnt/c/Users/ansar/Desktop/VGGFace2_ArcFace_Project/data/aligned/train/n007139/0241_01.jpg,/mnt/c/Users/ansar/Desktop/VGGFace2_ArcFace_Project/data/aligned/train/n007139/0526_01.jpg,0.3305085003376007,799.5967386635778,91.67980707908163,74.29106792227478,1087.9547974802167,12.072464923469383,10.382514376204895
random_genuine,/mnt/c/Users/ansar/Desktop/VGGFace2_ArcFace_Project/data/aligned/train/n001594/0257_01.jpg,/mnt/c/Users/ansar/Desktop/VGGFace2_ArcFace_Project/data/aligned/train/n001594/0381_01.jpg,0.1567515581846237,670.6301570385508,93.8245774872449,71.19167691622528,429.41142344762756,5.779416454081627,18.532289658827963
random_genuine,/mnt/c/Users/ansar/Desktop/VGGFace2_ArcFace_Project/data/aligned/train/n008945/0175_02.jpg,/mnt/c/Users/ansar/Desktop/VGGFace2_ArcFace_Project/data/aligned/train/n008945/0257_01.jpg,0.7587065100669861,801.326536528918,98.25474330357143,86.17948785706486,460.95254454320764,40.15170599489795,11.30753316829366
random_genuine,/mnt/c/Users/ansar/Desktop/VGGFace2_ArcFace_Project/data/aligned/train/n002122/0089_01.jpg,/mnt/c/Users/ansar/Desktop/VGGFace2_ArcFace_Project/data/aligned/train/n002122/0209_01.jpg,0.6456260681152344,1199.323258043676,92.67677774234694,77.07027949860665,582.9251360720468,30.014429209183675,35.96346172409581
random_genuine,/mnt/c/Users/ansar/Desktop/VGGFace2_ArcFace_Project/data/aligned/train/n002053/0198_01.jpg,/mnt/c/Users/ansar/Desktop/VGGFace2_ArcFace_Project/data/aligned/train/n002053/0291_01.jpg,0.2310697436332702,412.45260420246746,79.17247289540816,73.60946962814528,624.9245547064638,19.728714923469397,15.20457589185159
random_genuine,/mnt/c/Users/ansar/Desktop/VGGFace2_ArcFace_Project/data/aligned/train/n008288/0045_02.jpg,/mnt/c/Users/ansar/Desktop/VGGFace2_ArcFace_Project/data/aligned/train/n008288/0094_08.jpg,0.63846755027771,754.8445697611245,73.65242346938776,66.70276219971237,919.3970727122162,22.35809948979591,15.868460245686002
random_genuine,/mnt/c/Users/ansar/Desktop/VGGFace2_ArcFace_Project/data/aligned/train/n004511/0026_02.jpg,/mnt/c/Users/ansar/Desktop/VGGFace2_ArcFace_Project/data/aligned/train/n004511/0432_01.jpg,0.7856465578079224,571.5730580238936,91.03053252551021,72.67924836115802,269.60420155872765,6.788903061224502,5.323413529602888
random_genuine,/mnt/c/Users/ansar/Desktop/VGGFace2_ArcFace_Project/data/aligned/train/n002423/0134_01.jpg,/mnt/c/Users/ansar/Desktop/VGGFace2_ArcFace_Project/data/aligned/train/n002423/0262_01.jpg,0.3391893208026886,1278.3709022525152,97.92574139030611,85.80126519939574,703.9120309330038,31.91206951530613,25.59690156662576
random_genuine,/mnt/c/Users/ansar/Desktop/VGGFace2_ArcFace_Project/data/aligned/train/n000436/0446_01.jpg,/mnt/c/Users/ansar/Desktop/VGGFace2_ArcFace_Project/data/aligned/train/n000436/0626_01.jpg,0.3196879625320434,184.77468766256553,81.67263233418367,73.05703946049856,45.33483226415467,37.25964604591837,35.250990537712134
random_genuine,/mnt/c/Users/ansar/Desktop/VGGFace2_ArcFace_Project/data/aligned/train/n007084/0005_01.jpg,/mnt/c/Users/ansar/Desktop/VGGFace2_ArcFace_Project/data/aligned/train/n007084/0031_01.jpg,0.6997668743133545,898.4969060533199,65.55819515306123,59.36051368981255,857.9834974448614,15.373565051020407,12.613199947936373
random_genuine,/mnt/c/Users/ansar/Desktop/VGGFace2_ArcFace_Project/data/aligned/train/n003439/0032_01.jpg,/mnt/c/Users/ansar/Desktop/VGGFace2_ArcFace_Project/data/aligned/train/n003439/0392_01.jpg,0.2753969430923462,901.1280092511859,96.9879225127551,73.03908424169634,1499.185786344567,6.105628188775512,6.201873398275794
random_genuine,/mnt/c/Users/ansar/Desktop/VGGFace2_ArcFace_Project/data/aligned/train/n002188/0222_01.jpg,/mnt/c/Users/ansar/Desktop/VGGFace2_ArcFace_Project/data/aligned/train/n002188/0322_01.jpg,0.6086384654045105,571.5953050301206,61.50406568877551,60.019018883064255,446.4726424211267,5.281728316326536,5.404953439368327
random_genuine,/mnt/c/Users/ansar/Desktop/VGGFace2_ArcFace_Project/data/aligned/train/n000744/0023_01.jpg,/mnt/c/Users/ansar/Desktop/VGGFace2_ArcFace_Project/data/aligned/train/n000744/0068_02.jpg,0.1702485978603363,91.14944901599432,33.53105070153061,39.222145851038505,36.53949363546438,33.73222257653062,27.048882191739242
random_genuine,/mnt/c/Users/ansar/Desktop/VGGFace2_ArcFace_Project/data/aligned/train/n005916/0044_02.jpg,/mnt/c/Users/ansar/Desktop/VGGFace2_ArcFace_Project/data/aligned/train/n005916/0188_02.jpg,0.2952024638652801,607.5741268127772,116.0459980867347,83.69723646728978,715.8695147989791,0.9615752551020336,1.475179467949573
random_genuine,/mnt/c/Users/ansar/Desktop/VGGFace2_ArcFace_Project/data/aligned/train/n000409/0183_01.jpg,/mnt/c/Users/ansar/Desktop/VGGFace2_ArcFace_Project/data/aligned/train/n000409/0226_02.jpg,0.328233391046524,133.44180720788842,69.01211734693878,65.11540993647205,37.405516300733666,39.04400510204082,31.06602844407577
random_genuine,/mnt/c/Users/ansar/Desktop/VGGFace2_ArcFace_Project/data/aligned/train/n002076/0212_01.jpg,/mnt/c/Users/ansar/Desktop/VGGFace2_ArcFace_Project/data/aligned/train/n002076/0370_01.jpg,0.5198131799697876,227.39362690459683,47.22265625,47.96988018319885,115.50833214406714,9.63169642857143,20.235281851889596
random_genuine,/mnt/c/Users/ansar/Desktop/VGGFace2_ArcFace_Project/data/aligned/train/n004975/0155_01.jpg,/mnt/c/Users/ansar/Desktop/VGGFace2_ArcFace_Project/data/aligned/train/n004975/0201_01.jpg,0.4067403376102447,729.4534295625062,84.91657366071428,69.34054914702462,407.8101513730343,0.9559151785714306,1.6929223360131118
random_genuine,/mnt/c/Users/ansar/Desktop/VGGFace2_ArcFace_Project/data/aligned/train/n006865/0410_01.jpg,/mnt/c/Users/ansar/Desktop/VGGFace2_ArcFace_Project/data/aligned/train/n006865/0524_01.jpg,0.5111725330352783,521.7590157104898,77.84048150510205,69.09743196905168,27.54511609567993,1.0787627551020336,5.0349390079511664
random_genuine,/mnt/c/Users/ansar/Desktop/VGGFace2_ArcFace_Project/data/aligned/train/n004637/0024_01.jpg,/mnt/c/Users/ansar/Desktop/VGGFace2_ArcFace_Project/data/aligned/train/n004637/0069_01.jpg,0.3810797929763794,867.3183913796904,85.359375,77.57286154022822,710.4559617493361,2.0028698979591866,0.573425121566828
random_genuine,/mnt/c/Users/ansar/Desktop/VGGFace2_ArcFace_Project/data/aligned/train/n001014/0043_03.jpg,/mnt/c/Users/ansar/Desktop/VGGFace2_ArcFace_Project/data/aligned/train/n001014/0552_04.jpg,0.5772987008094788,207.24482647293263,87.25597895408163,77.11607071794332,163.34101148269315,35.31839923469387,17.80148921039671
random_genuine,/mnt/c/Users/ansar/Desktop/VGGFace2_ArcFace_Project/data/aligned/train/n007298/0064_02.jpg,/mnt/c/Users/ansar/Desktop/VGGFace2_ArcFace_Project/data/aligned/train/n007298/0124_01.jpg,0.4527445137500763,760.9319362267015,95.46480389030611,76.81229704371002,351.630281136166,33.83378507653062,15.524605349411985
random_genuine,/mnt/c/Users/ansar/Desktop/VGGFace2_ArcFace_Project/data/aligned/train/n004853/0101_02.jpg,/mnt/c/Users/ansar/Desktop/VGGFace2_ArcFace_Project/data/aligned/train/n004853/0149_01.jpg,0.4149200022220611,782.5948225352627,65.58533960459184,55.65341381063098,915.7548995075599,47.79695471938775,32.149112419747375
random_genuine,/mnt/c/Users/ansar/Desktop/VGGFace2_ArcFace_Project/data/aligned/train/n004140/0099_03.jpg,/mnt/c/Users/ansar/Desktop/VGGFace2_ArcFace_Project/data/aligned/train/n004140/0223_01.jpg,0.481793612241745,584.2309036159555,87.70786830357142,85.50427710364421,746.783344718428,37.408561862244895,10.577328440375908
random_genuine,/mnt/c/Users/ansar/Desktop/VGGFace2_ArcFace_Project/data/aligned/train/n008000/0142_01.jpg,/mnt/c/Users/ansar/Desktop/VGGFace2_ArcFace_Project/data/aligned/train/n008000/0304_01.jpg,0.3987160325050354,299.8874198249458,65.66812818877551,59.900133668570305,279.5956958610284,47.45934311224489,27.654260178012834
random_genuine,/mnt/c/Users/ansar/Desktop/VGGFace2_ArcFace_Project/data/aligned/train/n007248/0122_02.jpg,/mnt/c/Users/ansar/Desktop/VGGFace2_ArcFace_Project/data/aligned/train/n007248/0366_01.jpg,0.4783036708831787,670.4794626835733,72.99190848214286,59.36106621684716,1138.9293470847415,2.6670121173469425,10.482063519981615
random_genuine,/mnt/c/Users/ansar/Desktop/VGGFace2_ArcFace_Project/data/aligned/train/n003305/0076_01.jpg,/mnt/c/Users/ansar/Desktop/VGGFace2_ArcFace_Project/data/aligned/train/n003305/0170_01.jpg,0.4800981283187866,931.9076186104251,83.76159917091837,75.60907900697137,286.5144040236023,6.271125637755105,3.140646532427411
random_genuine,/mnt/c/Users/ansar/Desktop/VGGFace2_ArcFace_Project/data/aligned/train/n001638/0014_01.jpg,/mnt/c/Users/ansar/Desktop/VGGFace2_ArcFace_Project/data/aligned/train/n001638/0104_02.jpg,0.3859953284263611,600.2361093733223,95.89680325255102,68.30966167013497,544.5282388136616,16.513153698979593,21.976828706668314
random_genuine,/mnt/c/Users/ansar/Desktop/VGGFace2_ArcFace_Project/data/aligned/train/n003300/0042_03.jpg,/mnt/c/Users/ansar/Desktop/VGGFace2_ArcFace_Project/data/aligned/train/n003300/0061_02.jpg,0.3572873473167419,1373.3610860275655,97.18885522959184,78.84860751058342,2345.368705555679,17.856505102040813,8.336975282226803
random_genuine,/mnt/c/Users/ansar/Desktop/VGGFace2_ArcFace_Project/data/aligned/train/n001987/0171_01.jpg,/mnt/c/Users/ansar/Desktop/VGGFace2_ArcFace_Project/data/aligned/train/n001987/0263_03.jpg,0.3485181033611297,479.4359753635316,74.72217793367346,62.669432599777394,446.4610282074954,15.718909438775512,1.5715895431938236
random_genuine,/mnt/c/Users/ansar/Desktop/VGGFace2_ArcFace_Project/data/aligned/train/n001374/0081_01.jpg,/mnt/c/Users/ansar/Desktop/VGGFace2_ArcFace_Project/data/aligned/train/n001374/0248_01.jpg,0.3614350259304046,1357.1678073633616,97.05333227040816,79.01930785369287,1897.0071379547564,47.406728316326536,12.401867648387878
random_genuine,/mnt/c/Users/ansar/Desktop/VGGFace2_ArcFace_Project/data/aligned/train/n006949/0091_01.jpg,/mnt/c/Users/ansar/Desktop/VGGFace2_ArcFace_Project/data/aligned/train/n006949/0371_02.jpg,0.2886687517166137,830.0533870457115,77.99390146683673,70.56647456982152,941.0192955998966,10.198899872448976,6.712972464644764
random_genuine,/mnt/c/Users/ansar/Desktop/VGGFace2_ArcFace_Project/data/aligned/train/n003565/0014_01.jpg,/mnt/c/Users/ansar/Desktop/VGGFace2_ArcFace_Project/data/aligned/train/n003565/0491_01.jpg,0.679363489151001,1090.672042617893,86.90525350765306,77.23821583047025,213.56053121583454,24.220105229591837,5.418650191646691
random_genuine,/mnt/c/Users/ansar/Desktop/VGGFace2_ArcFace_Project/data/aligned/train/n004805/0637_01.jpg,/mnt/c/Users/ansar/Desktop/VGGFace2_ArcFace_Project/data/aligned/train/n004805/0655_01.jpg,0.440468281507492,1219.3585172730254,86.2904974489796,76.03879334648803,1615.7587007509078,60.13073979591837,28.79605969929341
random_genuine,/mnt/c/Users/ansar/Desktop/VGGFace2_ArcFace_Project/data/aligned/train/n004179/0014_02.jpg,/mnt/c/Users/ansar/Desktop/VGGFace2_ArcFace_Project/data/aligned/train/n004179/0256_01.jpg,0.2966784536838531,1192.434288949581,75.59845344387756,78.00045463583197,1660.1862135080435,23.045918367346943,21.356494366247944
random_genuine,/mnt/c/Users/ansar/Desktop/VGGFace2_ArcFace_Project/data/aligned/train/n004874/0173_01.jpg,/mnt/c/Users/ansar/Desktop/VGGFace2_ArcFace_Project/data/aligned/train/n004874/0342_01.jpg,0.1120049580931663,122.55129661703052,60.48014987244898,55.88896771904018,130.62413500905387,7.0773278061224545,9.831294090834852
random_genuine,/mnt/c/Users/ansar/Desktop/VGGFace2_ArcFace_Project/data/aligned/train/n005134/0010_01.jpg,/mnt/c/Users/ansar/Desktop/VGGFace2_ArcFace_Project/data/aligned/train/n005134/0255_03.jpg,0.4439180791378021,884.5268648108657,57.62260841836735,60.56742124317389,1694.546039192044,32.345982142857146,31.923180055362778
random_genuine,/mnt/c/Users/ansar/Desktop/VGGFace2_ArcFace_Project/data/aligned/train/n005064/0148_02.jpg,/mnt/c/Users/ansar/Desktop/VGGFace2_ArcFace_Project/data/aligned/train/n005064/0199_01.jpg,0.4551983773708343,353.91607850315864,58.723134566326536,60.772482738719525,106.38586555426946,22.257812500000007,22.034055941093882
random_genuine,/mnt/c/Users/ansar/Desktop/VGGFace2_ArcFace_Project/data/aligned/train/n001827/0139_02.jpg,/mnt/c/Users/ansar/Desktop/VGGFace2_ArcFace_Project/data/aligned/train/n001827/0222_01.jpg,0.1181172579526901,2004.7566785705135,97.00813137755102,89.05003289852608,3032.482507009002,29.981026785714292,14.054224702664044
random_genuine,/mnt/c/Users/ansar/Desktop/VGGFace2_ArcFace_Project/data/aligned/train/n003271/0180_01.jpg,/mnt/c/Users/ansar/Desktop/VGGFace2_ArcFace_Project/data/aligned/train/n003271/0384_01.jpg,0.4691981077194214,640.8771612571707,78.26016422193878,79.75019264370079,110.93011840667782,16.2256855867347,6.648885735782613
random_genuine,/mnt/c/Users/ansar/Desktop/VGGFace2_ArcFace_Project/data/aligned/train/n007992/0061_01.jpg,/mnt/c/Users/ansar/Desktop/VGGFace2_ArcFace_Project/data/aligned/train/n007992/0142_01.jpg,0.4836620986461639,349.15837344384505,77.423828125,72.86412565525723,330.81616790529995,8.965003188775512,7.2628937845325225
random_genuine,/mnt/c/Users/ansar/Desktop/VGGFace2_ArcFace_Project/data/aligned/train/n005792/0181_01.jpg,/mnt/c/Users/ansar/Desktop/VGGFace2_ArcFace_Project/data/aligned/train/n005792/0280_01.jpg,0.3381073772907257,635.6537098691941,82.40234375,73.29701613736175,583.2173204719898,8.832110969387742,2.736450923447336
random_genuine,/mnt/c/Users/ansar/Desktop/VGGFace2_ArcFace_Project/data/aligned/train/n002906/0071_01.jpg,/mnt/c/Users/ansar/Desktop/VGGFace2_ArcFace_Project/data/aligned/train/n002906/0193_01.jpg,0.1271430253982544,1064.0291481891904,88.28766741071428,80.249936360786,132.04016270889736,11.596859056122454,7.416196482394923
random_genuine,/mnt/c/Users/ansar/Desktop/VGGFace2_ArcFace_Project/data/aligned/train/n008608/0055_02.jpg,/mnt/c/Users/ansar/Desktop/VGGFace2_ArcFace_Project/data/aligned/train/n008608/0178_01.jpg,0.1443869918584823,286.94063180766966,81.03874362244898,76.87194477689062,114.35308570973035,23.8797831632653,5.150854312287578
random_genuine,/mnt/c/Users/ansar/Desktop/VGGFace2_ArcFace_Project/data/aligned/train/n006691/0088_01.jpg,/mnt/c/Users/ansar/Desktop/VGGFace2_ArcFace_Project/data/aligned/train/n006691/0509_01.jpg,0.7832062244415283,319.71225528168907,69.32932079081633,66.8790913596047,410.7309747812699,6.054528061224488,5.024643417121453
random_genuine,/mnt/c/Users/ansar/Desktop/VGGFace2_ArcFace_Project/data/aligned/train/n003622/0022_04.jpg,/mnt/c/Users/ansar/Desktop/VGGFace2_ArcFace_Project/data/aligned/train/n003622/0026_01.jpg,0.1255862265825271,211.58742272799236,44.23353794642857,56.781435657117584,82.63591190260283,4.971221301020407,10.801350555578047
random_genuine,/mnt/c/Users/ansar/Desktop/VGGFace2_ArcFace_Project/data/aligned/train/n008039/0163_01.jpg,/mnt/c/Users/ansar/Desktop/VGGFace2_ArcFace_Project/data/aligned/train/n008039/0428_02.jpg,0.5124667882919312,292.31428183381234,65.27734375,57.48900840119107,212.41176212792197,25.442602040816325,25.69428360657289
random_genuine,/mnt/c/Users/ansar/Desktop/VGGFace2_ArcFace_Project/data/aligned/train/n007732/0113_01.jpg,/mnt/c/Users/ansar/Desktop/VGGFace2_ArcFace_Project/data/aligned/train/n007732/0147_01.jpg,0.5209792852401733,1319.1241035731518,73.47923309948979,73.67392120829265,1965.2031094742931,0.6722735969387799,3.662355404228336
random_genuine,/mnt/c/Users/ansar/Desktop/VGGFace2_ArcFace_Project/data/aligned/train/n008100/0342_01.jpg,/mnt/c/Users/ansar/Desktop/VGGFace2_ArcFace_Project/data/aligned/train/n008100/0364_01.jpg,0.2190032005310058,324.99458122650617,78.80393016581633,66.34857842481904,303.78651730729257,28.475207270408163,8.854405563894709
random_genuine,/mnt/c/Users/ansar/Desktop/VGGFace2_ArcFace_Project/data/aligned/train/n003175/0102_01.jpg,/mnt/c/Users/ansar/Desktop/VGGFace2_ArcFace_Project/data/aligned/train/n003175/0104_01.jpg,0.3332333862781524,712.701042019591,101.455078125,79.71413856136701,747.8075225207269,27.79982461734693,24.982936224747775
random_genuine,/mnt/c/Users/ansar/Desktop/VGGFace2_ArcFace_Project/data/aligned/train/n001332/0176_01.jpg,/mnt/c/Users/ansar/Desktop/VGGFace2_ArcFace_Project/data/aligned/train/n001332/0346_03.jpg,0.6917675733566284,1023.140634262676,81.62838807397958,73.15341351027773,1357.5307905267846,27.390545280612244,9.67258964698982
random_genuine,/mnt/c/Users/ansar/Desktop/VGGFace2_ArcFace_Project/data/aligned/train/n004510/0325_01.jpg,/mnt/c/Users/ansar/Desktop/VGGFace2_ArcFace_Project/data/aligned/train/n004510/0464_01.jpg,0.476834237575531,742.2039436839215,89.04057716836735,73.70998059307698,1260.898769068847,14.615911989795919,14.83619240793523
random_genuine,/mnt/c/Users/ansar/Desktop/VGGFace2_ArcFace_Project/data/aligned/train/n000573/0121_01.jpg,/mnt/c/Users/ansar/Desktop/VGGFace2_ArcFace_Project/data/aligned/train/n000573/0416_01.jpg,0.2487392574548721,356.6233970549939,74.79930644132654,74.62343262361695,486.8928713975276,10.570392219387756,5.798304301968102
random_genuine,/mnt/c/Users/ansar/Desktop/VGGFace2_ArcFace_Project/data/aligned/train/n001757/0069_01.jpg,/mnt/c/Users/ansar/Desktop/VGGFace2_ArcFace_Project/data/aligned/train/n001757/0080_01.jpg,0.5669097900390625,1131.0455917587185,87.65971779336735,75.03529856509098,1482.1045371376938,20.33282844387756,14.365438323473995
random_genuine,/mnt/c/Users/ansar/Desktop/VGGFace2_ArcFace_Project/data/aligned/train/n005295/0247_02.jpg,/mnt/c/Users/ansar/Desktop/VGGFace2_ArcFace_Project/data/aligned/train/n005295/0373_01.jpg,0.3339803814888,2109.31300998737,67.26060267857143,73.04661800295897,1882.941487704352,18.275350765306122,30.60289046715642
random_genuine,/mnt/c/Users/ansar/Desktop/VGGFace2_ArcFace_Project/data/aligned/train/n004596/0027_01.jpg,/mnt/c/Users/ansar/Desktop/VGGFace2_ArcFace_Project/data/aligned/train/n004596/0399_01.jpg,0.4528178870677948,1192.4306329221142,73.34929049744898,72.37834929084083,1367.0947265625,14.516501913265301,19.350493753320258
random_genuine,/mnt/c/Users/ansar/Desktop/VGGFace2_ArcFace_Project/data/aligned/train/n008612/0066_02.jpg,/mnt/c/Users/ansar/Desktop/VGGFace2_ArcFace_Project/data/aligned/train/n008612/0415_01.jpg,0.324089914560318,569.1518937396487,77.88891103316325,76.82073861336218,415.29705734284715,29.90345982142857,27.93158675627145
random_genuine,/mnt/c/Users/ansar/Desktop/VGGFace2_ArcFace_Project/data/aligned/train/n001885/0106_01.jpg,/mnt/c/Users/ansar/Desktop/VGGFace2_ArcFace_Project/data/aligned/train/n001885/0290_02.jpg,0.2769858539104461,640.9211612210478,70.62376434948979,68.98016742907413,820.9991384217858,17.582828443877546,7.201627983344423
random_genuine,/mnt/c/Users/ansar/Desktop/VGGFace2_ArcFace_Project/data/aligned/train/n002021/0013_02.jpg,/mnt/c/Users/ansar/Desktop/VGGFace2_ArcFace_Project/data/aligned/train/n002021/0183_01.jpg,0.2304857671260833,973.4943590271428,113.22110172193878,92.02561575859633,623.9889978856057,18.706712372448976,14.79070785851323
random_genuine,/mnt/c/Users/ansar/Desktop/VGGFace2_ArcFace_Project/data/aligned/train/n000625/0057_01.jpg,/mnt/c/Users/ansar/Desktop/VGGFace2_ArcFace_Project/data/aligned/train/n000625/0071_01.jpg,0.5251107215881348,355.40666077028754,87.07561383928572,66.66702207038978,71.9783425035202,10.56210140306122,9.332666302701838
random_genuine,/mnt/c/Users/ansar/Desktop/VGGFace2_ArcFace_Project/data/aligned/train/n008353/0230_01.jpg,/mnt/c/Users/ansar/Desktop/VGGFace2_ArcFace_Project/data/aligned/train/n008353/0256_01.jpg,0.3845505118370056,1598.9461174090668,74.7419882015306,76.28731400710748,1283.3646145415073,3.2529496173469425,13.051294799053395
random_genuine,/mnt/c/Users/ansar/Desktop/VGGFace2_ArcFace_Project/data/aligned/train/n009073/0150_03.jpg,/mnt/c/Users/ansar/Desktop/VGGFace2_ArcFace_Project/data/aligned/train/n009073/0279_01.jpg,0.1437845379114151,1066.4358488223495,75.61367984693878,74.11947813473562,1010.7123290303845,70.68239795918367,30.31840966021366
random_genuine,/mnt/c/Users/ansar/Desktop/VGGFace2_ArcFace_Project/data/aligned/train/n000297/0175_01.jpg,/mnt/c/Users/ansar/Desktop/VGGFace2_ArcFace_Project/data/aligned/train/n000297/0328_01.jpg,0.2240356206893921,256.3706210866068,63.195950255102034,64.38948887757621,134.2374556166884,23.117346938775505,22.283849942245254
random_genuine,/mnt/c/Users/ansar/Desktop/VGGFace2_ArcFace_Project/data/aligned/train/n008452/0076_03.jpg,/mnt/c/Users/ansar/Desktop/VGGFace2_ArcFace_Project/data/aligned/train/n008452/0088_01.jpg,0.611629843711853,1026.4520809581904,104.60024713010205,80.5180076784633,1514.3285257577004,17.597496811224502,3.037646053326327
random_genuine,/mnt/c/Users/ansar/Desktop/VGGFace2_ArcFace_Project/data/aligned/train/n001867/0020_01.jpg,/mnt/c/Users/ansar/Desktop/VGGFace2_ArcFace_Project/data/aligned/train/n001867/0155_01.jpg,0.4508918225765228,635.6308825777651,68.49916294642857,68.18375936867925,577.0279853182105,31.920519770408163,10.083232355308418
random_genuine,/mnt/c/Users/ansar/Desktop/VGGFace2_ArcFace_Project/data/aligned/train/n001076/0139_01.jpg,/mnt/c/Users/ansar/Desktop/VGGFace2_ArcFace_Project/data/aligned/train/n001076/0146_01.jpg,0.525371789932251,494.10819775042364,52.88616071428571,48.92462895791465,183.95358855324167,6.380899234693878,4.154567807206831
random_genuine,/mnt/c/Users/ansar/Desktop/VGGFace2_ArcFace_Project/data/aligned/train/n004908/0293_01.jpg,/mnt/c/Users/ansar/Desktop/VGGFace2_ArcFace_Project/data/aligned/train/n004908/0438_01.jpg,0.3212225139141083,861.8411329079548,94.66908482142857,69.16384646305411,1216.98366367097,18.705197704081627,2.0765062363209807
random_genuine,/mnt/c/Users/ansar/Desktop/VGGFace2_ArcFace_Project/data/aligned/train/n001323/0030_01.jpg,/mnt/c/Users/ansar/Desktop/VGGFace2_ArcFace_Project/data/aligned/train/n001323/0126_01.jpg,0.4582470655441284,1133.9945528919325,84.62328603316327,67.78240106389885,1771.5751266765471,47.25007971938775,28.65440555262996
random_genuine,/mnt/c/Users/ansar/Desktop/VGGFace2_ArcFace_Project/data/aligned/train/n003275/0167_01.jpg,/mnt/c/Users/ansar/Desktop/VGGFace2_ArcFace_Project/data/aligned/train/n003275/0215_01.jpg,0.3002197742462158,1855.6100841968669,81.55672034438776,72.57931229483808,1474.5106435233183,35.99896364795919,21.335678012360525
random_genuine,/mnt/c/Users/ansar/Desktop/VGGFace2_ArcFace_Project/data/aligned/train/n002854/0175_01.jpg,/mnt/c/Users/ansar/Desktop/VGGFace2_ArcFace_Project/data/aligned/train/n002854/0472_02.jpg,0.3722476959228515,451.87220123875693,86.09307238520408,60.0422466844319,332.0537975395486,6.7040019132653015,3.4669126782730615
random_genuine,/mnt/c/Users/ansar/Desktop/VGGFace2_ArcFace_Project/data/aligned/train/n000908/0155_01.jpg,/mnt/c/Users/ansar/Desktop/VGGFace2_ArcFace_Project/data/aligned/train/n000908/0291_01.jpg,0.2328051030635833,795.8294915132152,74.83605707908163,78.18997667918397,815.3698131492959,25.446189413265316,2.209259074834307
random_genuine,/mnt/c/Users/ansar/Desktop/VGGFace2_ArcFace_Project/data/aligned/train/n001195/0123_01.jpg,/mnt/c/Users/ansar/Desktop/VGGFace2_ArcFace_Project/data/aligned/train/n001195/0280_02.jpg,0.1870209872722625,179.53416375823934,67.03113042091837,62.16733659294346,155.3382744969849,38.40489477040817,23.293876401884383
random_genuine,/mnt/c/Users/ansar/Desktop/VGGFace2_ArcFace_Project/data/aligned/train/n006122/0027_02.jpg,/mnt/c/Users/ansar/Desktop/VGGFace2_ArcFace_Project/data/aligned/train/n006122/0174_01.jpg,0.3910544812679291,181.15989908125437,62.01275510204081,56.71338830413123,39.01791268713717,17.871651785714278,28.137277179603707
random_genuine,/mnt/c/Users/ansar/Desktop/VGGFace2_ArcFace_Project/data/aligned/train/n008134/0034_01.jpg,/mnt/c/Users/ansar/Desktop/VGGFace2_ArcFace_Project/data/aligned/train/n008134/0047_01.jpg,0.4691016972064972,690.7056060339797,101.33370535714286,88.83984270700489,737.1320128085365,2.0773278061224545,2.5476910388473044
random_genuine,/mnt/c/Users/ansar/Desktop/VGGFace2_ArcFace_Project/data/aligned/train/n005553/0027_01.jpg,/mnt/c/Users/ansar/Desktop/VGGFace2_ArcFace_Project/data/aligned/train/n005553/0226_01.jpg,0.5164796113967896,814.0076762671672,91.21675701530611,75.50010747391596,205.6213540137187,10.871651785714292,0.011382456518688855
random_genuine,/mnt/c/Users/ansar/Desktop/VGGFace2_ArcFace_Project/data/aligned/train/n005133/0053_01.jpg,/mnt/c/Users/ansar/Desktop/VGGFace2_ArcFace_Project/data/aligned/train/n005133/0182_01.jpg,0.5283860564231873,569.044601135381,94.2826849489796,72.99763344951053,132.80985161822218,9.412468112244909,9.485877640487644
random_genuine,/mnt/c/Users/ansar/Desktop/VGGFace2_ArcFace_Project/data/aligned/train/n001757/0128_01.jpg,/mnt/c/Users/ansar/Desktop/VGGFace2_ArcFace_Project/data/aligned/train/n001757/0397_01.jpg,0.2767823934555053,1150.0597985778834,98.87830835459184,77.27791584389217,1132.543738921649,37.132732780612244,3.1846334044586797
random_genuine,/mnt/c/Users/ansar/Desktop/VGGFace2_ArcFace_Project/data/aligned/train/n001096/0209_01.jpg,/mnt/c/Users/ansar/Desktop/VGGFace2_ArcFace_Project/data/aligned/train/n001096/0268_01.jpg,0.4504312574863434,649.6481559146498,92.4119100765306,78.72979766367803,185.10405556115927,30.34566326530613,20.871342660807528
random_genuine,/mnt/c/Users/ansar/Desktop/VGGFace2_ArcFace_Project/data/aligned/train/n000887/0036_01.jpg,/mnt/c/Users/ansar/Desktop/VGGFace2_ArcFace_Project/data/aligned/train/n000887/0311_02.jpg,0.3583816587924957,335.69294251327165,75.4927056760204,61.96811447153951,5.613853394215653,28.060507015306115,8.769014227539259
random_genuine,/mnt/c/Users/ansar/Desktop/VGGFace2_ArcFace_Project/data/aligned/train/n002322/0077_01.jpg,/mnt/c/Users/ansar/Desktop/VGGFace2_ArcFace_Project/data/aligned/train/n002322/0230_01.jpg,0.4658630192279815,428.6635571201361,91.85965401785714,77.61002847483198,156.2637654041955,29.80859375,16.326801476922128
random_genuine,/mnt/c/Users/ansar/Desktop/VGGFace2_ArcFace_Project/data/aligned/train/n008748/0121_02.jpg,/mnt/c/Users/ansar/Desktop/VGGFace2_ArcFace_Project/data/aligned/train/n008748/0143_01.jpg,0.3645414412021637,1005.8345603164362,91.18259725765307,74.21632781708982,1112.0688990378867,37.718670280612244,16.654539113799615
random_genuine,/mnt/c/Users/ansar/Desktop/VGGFace2_ArcFace_Project/data/aligned/train/n001656/0122_01.jpg,/mnt/c/Users/ansar/Desktop/VGGFace2_ArcFace_Project/data/aligned/train/n001656/0342_01.jpg,0.5017598867416382,328.9102635699379,105.46277104591837,84.31410235012426,51.339842733171054,23.423309948979593,20.692501596938797
random_genuine,/mnt/c/Users/ansar/Desktop/VGGFace2_ArcFace_Project/data/aligned/train/n007416/0088_01.jpg,/mnt/c/Users/ansar/Desktop/VGGFace2_ArcFace_Project/data/aligned/train/n007416/0158_01.jpg,0.4887649714946747,468.77286390680314,58.72329400510204,68.7497842949312,191.30629653009157,8.250159438775512,18.65135061493303
random_genuine,/mnt/c/Users/ansar/Desktop/VGGFace2_ArcFace_Project/data/aligned/train/n004781/0135_01.jpg,/mnt/c/Users/ansar/Desktop/VGGFace2_ArcFace_Project/data/aligned/train/n004781/0323_03.jpg,0.4774828553199768,1258.4607810608697,106.07234534438776,83.04025477038638,175.37033428047562,14.901865433673464,1.6365513114100878
random_genuine,/mnt/c/Users/ansar/Desktop/VGGFace2_ArcFace_Project/data/aligned/train/n008300/0148_01.jpg,/mnt/c/Users/ansar/Desktop/VGGFace2_ArcFace_Project/data/aligned/train/n008300/0311_01.jpg,0.0771377757191658,609.531177636734,95.11196588010205,88.66810190556366,585.6900065659186,23.907924107142847,6.921423545327713
random_genuine,/mnt/c/Users/ansar/Desktop/VGGFace2_ArcFace_Project/data/aligned/train/n002834/0104_01.jpg,/mnt/c/Users/ansar/Desktop/VGGFace2_ArcFace_Project/data/aligned/train/n002834/0108_02.jpg,0.5084282755851746,364.6083084068314,69.74816645408164,57.038227652510244,285.8074559502083,31.12994260204082,19.766090870477917
random_genuine,/mnt/c/Users/ansar/Desktop/VGGFace2_ArcFace_Project/data/aligned/train/n000070/0069_01.jpg,/mnt/c/Users/ansar/Desktop/VGGFace2_ArcFace_Project/data/aligned/train/n000070/0187_02.jpg,0.4095497131347656,247.8876394568161,69.80731823979592,62.38884737618289,122.70854444396545,12.563616071428577,7.263741178021874
random_genuine,/mnt/c/Users/ansar/Desktop/VGGFace2_ArcFace_Project/data/aligned/train/n007452/0173_01.jpg,/mnt/c/Users/ansar/Desktop/VGGFace2_ArcFace_Project/data/aligned/train/n007452/0368_01.jpg,0.3611549437046051,577.810277551971,87.29432397959184,75.24827330687182,265.6944954588927,27.264987244897952,3.2317427572296396
random_genuine,/mnt/c/Users/ansar/Desktop/VGGFace2_ArcFace_Project/data/aligned/train/n006012/0016_01.jpg,/mnt/c/Users/ansar/Desktop/VGGFace2_ArcFace_Project/data/aligned/train/n006012/0131_01.jpg,0.4562373459339142,637.0236199063988,86.98983577806123,74.13767073881624,421.25969528585904,12.689333545918359,9.913640321940662
random_genuine,/mnt/c/Users/ansar/Desktop/VGGFace2_ArcFace_Project/data/aligned/train/n004248/0248_02.jpg,/mnt/c/Users/ansar/Desktop/VGGFace2_ArcFace_Project/data/aligned/train/n004248/0280_01.jpg,0.1629193127155304,104.51517464646894,51.46089764030612,58.928639436295214,173.22296455253021,42.59590242346938,37.63846750700805
random_genuine,/mnt/c/Users/ansar/Desktop/VGGFace2_ArcFace_Project/data/aligned/train/n002369/0016_01.jpg,/mnt/c/Users/ansar/Desktop/VGGFace2_ArcFace_Project/data/aligned/train/n002369/0043_01.jpg,0.556241512298584,366.43167058967737,84.48828125,82.31835321658133,450.5973186119553,17.990911989795904,8.184230118108601
random_genuine,/mnt/c/Users/ansar/Desktop/VGGFace2_ArcFace_Project/data/aligned/train/n009142/0082_02.jpg,/mnt/c/Users/ansar/Desktop/VGGFace2_ArcFace_Project/data/aligned/train/n009142/0131_01.jpg,0.1993620842695236,656.4879397194071,86.58661511479592,81.42271288998629,931.4318417982479,3.5377072704081627,1.1999607450991618
random_genuine,/mnt/c/Users/ansar/Desktop/VGGFace2_ArcFace_Project/data/aligned/train/n000848/0147_01.jpg,/mnt/c/Users/ansar/Desktop/VGGFace2_ArcFace_Project/data/aligned/train/n000848/0376_02.jpg,0.2375891804695129,198.3145976862973,77.36296237244898,72.31874041420244,98.40656364088207,5.448660714285708,2.8494018191062054
random_genuine,/mnt/c/Users/ansar/Desktop/VGGFace2_ArcFace_Project/data/aligned/train/n005369/0074_01.jpg,/mnt/c/Users/ansar/Desktop/VGGFace2_ArcFace_Project/data/aligned/train/n005369/0094_02.jpg,0.5220050811767578,446.65594453188044,97.50039859693877,85.10746902096095,45.08034166163668,21.30676020408164,7.182956168188895
random_genuine,/mnt/c/Users/ansar/Desktop/VGGFace2_ArcFace_Project/data/aligned/train/n004147/0011_01.jpg,/mnt/c/Users/ansar/Desktop/VGGFace2_ArcFace_Project/data/aligned/train/n004147/0018_01.jpg,0.6489784717559814,1096.0025744805582,93.29719387755102,83.69763928770237,1872.972067563249,15.396683673469383,17.535844625758628
random_genuine,/mnt/c/Users/ansar/Desktop/VGGFace2_ArcFace_Project/data/aligned/train/n005506/0029_01.jpg,/mnt/c/Users/ansar/Desktop/VGGFace2_ArcFace_Project/data/aligned/train/n005506/0298_01.jpg,0.2934983074665069,380.77529033706963,80.33868781887756,77.94598218739996,445.30432353244134,19.47138073979592,5.443681292444552
random_genuine,/mnt/c/Users/ansar/Desktop/VGGFace2_ArcFace_Project/data/aligned/train/n001295/0066_01.jpg,/mnt/c/Users/ansar/Desktop/VGGFace2_ArcFace_Project/data/aligned/train/n001295/0159_01.jpg,0.6221774816513062,1072.7619287855473,73.28962053571428,65.25528045977646,1338.4297899645799,0.5280612244898037,3.884284426557926
random_genuine,/mnt/c/Users/ansar/Desktop/VGGFace2_ArcFace_Project/data/aligned/train/n002618/0155_01.jpg,/mnt/c/Users/ansar/Desktop/VGGFace2_ArcFace_Project/data/aligned/train/n002618/0277_01.jpg,0.4927931427955627,377.54269923313814,99.4273756377551,84.55094711399789,97.77625340434321,0.10140306122448806,8.866667773431274
random_genuine,/mnt/c/Users/ansar/Desktop/VGGFace2_ArcFace_Project/data/aligned/train/n001716/0120_01.jpg,/mnt/c/Users/ansar/Desktop/VGGFace2_ArcFace_Project/data/aligned/train/n001716/0365_01.jpg,0.3049362003803253,904.1642485129639,47.60239955357143,46.80928953708374,128.05937337180274,9.74673150510204,8.305791760810969
random_genuine,/mnt/c/Users/ansar/Desktop/VGGFace2_ArcFace_Project/data/aligned/train/n008396/0023_04.jpg,/mnt/c/Users/ansar/Desktop/VGGFace2_ArcFace_Project/data/aligned/train/n008396/0069_02.jpg,0.4841563701629638,304.90472021901275,76.6866230867347,76.88906651085165,104.16595062421092,8.682876275510196,4.928474969319666
random_genuine,/mnt/c/Users/ansar/Desktop/VGGFace2_ArcFace_Project/data/aligned/train/n005383/0053_01.jpg,/mnt/c/Users/ansar/Desktop/VGGFace2_ArcFace_Project/data/aligned/train/n005383/0487_01.jpg,0.5914080142974854,712.1564081010099,94.27614795918367,77.31931255605838,199.2771044075364,14.073820153061234,11.578756624632447
random_genuine,/mnt/c/Users/ansar/Desktop/VGGFace2_ArcFace_Project/data/aligned/train/n007545/0147_01.jpg,/mnt/c/Users/ansar/Desktop/VGGFace2_ArcFace_Project/data/aligned/train/n007545/0290_01.jpg,0.5561941266059875,623.5513696761888,94.22293526785714,73.84792076261019,190.2702159571777,31.036591198979593,22.226047450636827
random_genuine,/mnt/c/Users/ansar/Desktop/VGGFace2_ArcFace_Project/data/aligned/train/n008620/0035_01.jpg,/mnt/c/Users/ansar/Desktop/VGGFace2_ArcFace_Project/data/aligned/train/n008620/0291_01.jpg,0.1595694124698639,98.71330115696828,60.3545918367347,64.80004589454688,109.91884436680843,3.4481823979591795,1.0083333023405032
random_genuine,/mnt/c/Users/ansar/Desktop/VGGFace2_ArcFace_Project/data/aligned/train/n007725/0104_01.jpg,/mnt/c/Users/ansar/Desktop/VGGFace2_ArcFace_Project/data/aligned/train/n007725/0371_01.jpg,0.5691747069358826,542.48479394305,65.16230867346938,60.35630108707329,717.5939166900367,9.430006377551017,7.055341300612092
random_genuine,/mnt/c/Users/ansar/Desktop/VGGFace2_ArcFace_Project/data/aligned/train/n003791/0135_01.jpg,/mnt/c/Users/ansar/Desktop/VGGFace2_ArcFace_Project/data/aligned/train/n003791/0183_01.jpg,0.4299077987670898,776.8714001968174,73.11156728316327,72.01602625701724,59.85986958558931,2.659837372448976,15.737127942712661
random_genuine,/mnt/c/Users/ansar/Desktop/VGGFace2_ArcFace_Project/data/aligned/train/n003483/0250_01.jpg,/mnt/c/Users/ansar/Desktop/VGGFace2_ArcFace_Project/data/aligned/train/n003483/0268_01.jpg,0.4231277406215668,719.453686467512,102.49736926020408,85.7510772771209,301.61209806786246,33.688616071428584,26.295910351822045
random_genuine,/mnt/c/Users/ansar/Desktop/VGGFace2_ArcFace_Project/data/aligned/train/n007936/0119_01.jpg,/mnt/c/Users/ansar/Desktop/VGGFace2_ArcFace_Project/data/aligned/train/n007936/0200_01.jpg,0.2972963452339172,877.2190865131779,60.64672353316327,56.97594391833924,541.5310976790271,1.9115911989795933,5.108758689142533
random_genuine,/mnt/c/Users/ansar/Desktop/VGGFace2_ArcFace_Project/data/aligned/train/n003439/0365_01.jpg,/mnt/c/Users/ansar/Desktop/VGGFace2_ArcFace_Project/data/aligned/train/n003439/0376_02.jpg,0.3434949815273285,88.50382731547707,64.0179368622449,55.35198386638284,10.237652500189142,13.397959183673464,7.672355948938311
random_genuine,/mnt/c/Users/ansar/Desktop/VGGFace2_ArcFace_Project/data/aligned/train/n005140/0172_01.jpg,/mnt/c/Users/ansar/Desktop/VGGFace2_ArcFace_Project/data/aligned/train/n005140/0220_02.jpg,0.3530769646167755,304.6890603748276,90.9847337372449,80.27432426819091,277.7954649633291,20.3368144132653,6.425992869215094
random_genuine,/mnt/c/Users/ansar/Desktop/VGGFace2_ArcFace_Project/data/aligned/train/n000830/0180_01.jpg,/mnt/c/Users/ansar/Desktop/VGGFace2_ArcFace_Project/data/aligned/train/n000830/0226_01.jpg,0.2397578656673431,605.2218078810292,70.8133769132653,63.87736706192155,575.7838745816257,7.332748724489804,9.708418240402523
random_genuine,/mnt/c/Users/ansar/Desktop/VGGFace2_ArcFace_Project/data/aligned/train/n000564/0054_01.jpg,/mnt/c/Users/ansar/Desktop/VGGFace2_ArcFace_Project/data/aligned/train/n000564/0350_01.jpg,0.5089725852012634,763.9920599610545,94.94706632653062,77.17274684169286,666.8290430503505,24.98995535714286,4.949715300522357
random_genuine,/mnt/c/Users/ansar/Desktop/VGGFace2_ArcFace_Project/data/aligned/train/n007540/0175_01.jpg,/mnt/c/Users/ansar/Desktop/VGGFace2_ArcFace_Project/data/aligned/train/n007540/0508_01.jpg,0.4153131544589996,290.5040277324583,97.07625159438776,81.80322833638638,21.270321065512633,0.12460140306123435,3.1468622942408047
random_genuine,/mnt/c/Users/ansar/Desktop/VGGFace2_ArcFace_Project/data/aligned/train/n000934/0304_01.jpg,/mnt/c/Users/ansar/Desktop/VGGFace2_ArcFace_Project/data/aligned/train/n000934/0322_01.jpg,0.3916908204555511,1172.238461250963,105.94614955357142,87.39362851885352,1062.2140963362535,46.97935267857143,15.377737732412427
random_genuine,/mnt/c/Users/ansar/Desktop/VGGFace2_ArcFace_Project/data/aligned/train/n008230/0051_01.jpg,/mnt/c/Users/ansar/Desktop/VGGFace2_ArcFace_Project/data/aligned/train/n008230/0126_01.jpg,0.5363267064094543,386.2674124708576,76.85483099489795,64.58357724962559,210.2074418200994,52.025031887755105,11.480467564732628
random_genuine,/mnt/c/Users/ansar/Desktop/VGGFace2_ArcFace_Project/data/aligned/train/n002201/0083_01.jpg,/mnt/c/Users/ansar/Desktop/VGGFace2_ArcFace_Project/data/aligned/train/n002201/0353_01.jpg,0.3417751789093017,706.9430340755389,58.83131377551021,48.48671998688553,610.489142929897,36.80707908163266,18.681838910690175
random_genuine,/mnt/c/Users/ansar/Desktop/VGGFace2_ArcFace_Project/data/aligned/train/n001232/0042_01.jpg,/mnt/c/Users/ansar/Desktop/VGGFace2_ArcFace_Project/data/aligned/train/n001232/0186_01.jpg,0.4972116947174072,963.54067762471,65.42422672193878,65.75766936689664,608.159841134716,3.8779496173469354,2.2978630888092937
random_genuine,/mnt/c/Users/ansar/Desktop/VGGFace2_ArcFace_Project/data/aligned/train/n008748/0143_01.jpg,/mnt/c/Users/ansar/Desktop/VGGFace2_ArcFace_Project/data/aligned/train/n008748/0408_01.jpg,0.4927867650985718,364.5623302340557,61.872967155612244,67.82954233127464,170.47556112687425,20.90058992346939,3.880968142169266
random_genuine,/mnt/c/Users/ansar/Desktop/VGGFace2_ArcFace_Project/data/aligned/train/n003720/0321_01.jpg,/mnt/c/Users/ansar/Desktop/VGGFace2_ArcFace_Project/data/aligned/train/n003720/0405_01.jpg,0.2259523719549179,1022.8659084499602,64.28531568877551,70.88791668184655,794.0573463551156,13.12818877551021,7.836619368820365
random_genuine,/mnt/c/Users/ansar/Desktop/VGGFace2_ArcFace_Project/data/aligned/train/n003068/0043_01.jpg,/mnt/c/Users/ansar/Desktop/VGGFace2_ArcFace_Project/data/aligned/train/n003068/0203_02.jpg,0.4455921649932861,1020.3139583074465,76.28706951530611,60.327551617741335,1777.090579584607,14.334183673469383,10.740507978491372
random_genuine,/mnt/c/Users/ansar/Desktop/VGGFace2_ArcFace_Project/data/aligned/train/n005929/0154_01.jpg,/mnt/c/Users/ansar/Desktop/VGGFace2_ArcFace_Project/data/aligned/train/n005929/0306_01.jpg,0.3601783514022827,2189.940918829877,103.53563456632654,76.52730704143463,4211.913247721337,48.788743622448976,50.602367114206245
random_genuine,/mnt/c/Users/ansar/Desktop/VGGFace2_ArcFace_Project/data/aligned/train/n005106/0145_01.jpg,/mnt/c/Users/ansar/Desktop/VGGFace2_ArcFace_Project/data/aligned/train/n005106/0281_04.jpg,0.054806251078844,637.6362033067073,76.38819355867346,66.89286328904298,1097.1844029170384,11.126036352040813,9.372917473105652
random_genuine,/mnt/c/Users/ansar/Desktop/VGGFace2_ArcFace_Project/data/aligned/train/n006493/0062_01.jpg,/mnt/c/Users/ansar/Desktop/VGGFace2_ArcFace_Project/data/aligned/train/n006493/0687_01.jpg,0.7210456132888794,1200.1335687093165,98.00279017857143,79.46010221515857,555.9446889805029,1.8700573979591866,6.360050374742684
random_genuine,/mnt/c/Users/ansar/Desktop/VGGFace2_ArcFace_Project/data/aligned/train/n008455/0416_01.jpg,/mnt/c/Users/ansar/Desktop/VGGFace2_ArcFace_Project/data/aligned/train/n008455/0480_02.jpg,0.4586701691150665,902.0273678234247,66.65302136479592,61.02975610152047,1114.215416224685,12.890704719387749,2.447303166315095
random_genuine,/mnt/c/Users/ansar/Desktop/VGGFace2_ArcFace_Project/data/aligned/train/n003669/0050_01.jpg,/mnt/c/Users/ansar/Desktop/VGGFace2_ArcFace_Project/data/aligned/train/n003669/0102_01.jpg,0.5391988754272461,1826.4360017724853,76.62220982142857,64.73669643830567,2439.5682571328516,46.487723214285715,18.501184150757013
random_genuine,/mnt/c/Users/ansar/Desktop/VGGFace2_ArcFace_Project/data/aligned/train/n008491/0118_01.jpg,/mnt/c/Users/ansar/Desktop/VGGFace2_ArcFace_Project/data/aligned/train/n008491/0121_01.jpg,0.5236789584159851,200.49240819954068,82.68343431122449,74.48049221416494,87.44458251215923,13.113360969387756,11.957620589124858
random_genuine,/mnt/c/Users/ansar/Desktop/VGGFace2_ArcFace_Project/data/aligned/train/n003866/0165_01.jpg,/mnt/c/Users/ansar/Desktop/VGGFace2_ArcFace_Project/data/aligned/train/n003866/0256_01.jpg,0.4337445497512817,747.9041934094791,61.07481664540816,66.96086700454538,818.803388901424,16.953523596938773,5.11766200646592
random_genuine,/mnt/c/Users/ansar/Desktop/VGGFace2_ArcFace_Project/data/aligned/train/n000728/0057_01.jpg,/mnt/c/Users/ansar/Desktop/VGGFace2_ArcFace_Project/data/aligned/train/n000728/0155_02.jpg,0.2017553746700287,679.3590124083379,95.01155931122449,82.25588049211967,587.6997954254596,38.68893494897959,14.01752867274017
random_genuine,/mnt/c/Users/ansar/Desktop/VGGFace2_ArcFace_Project/data/aligned/train/n005931/0007_01.jpg,/mnt/c/Users/ansar/Desktop/VGGFace2_ArcFace_Project/data/aligned/train/n005931/0160_01.jpg,0.7354179620742798,307.80231725906447,83.41613520408163,64.11452797336179,184.26590277224176,23.940848214285708,10.516090794444565
random_genuine,/mnt/c/Users/ansar/Desktop/VGGFace2_ArcFace_Project/data/aligned/train/n007633/0049_02.jpg,/mnt/c/Users/ansar/Desktop/VGGFace2_ArcFace_Project/data/aligned/train/n007633/0234_01.jpg,0.4409988820552826,795.5342734105286,83.00601881377551,73.17334323490027,619.8869696461821,39.62906568877551,38.78742709910916
random_genuine,/mnt/c/Users/ansar/Desktop/VGGFace2_ArcFace_Project/data/aligned/train/n000543/0229_01.jpg,/mnt/c/Users/ansar/Desktop/VGGFace2_ArcFace_Project/data/aligned/train/n000543/0318_01.jpg,0.3320433795452118,544.3007641386757,76.9325175382653,73.88633212995794,580.9647453781565,7.643255739795919,3.5425601067681356
random_genuine,/mnt/c/Users/ansar/Desktop/VGGFace2_ArcFace_Project/data/aligned/train/n003305/0076_01.jpg,/mnt/c/Users/ansar/Desktop/VGGFace2_ArcFace_Project/data/aligned/train/n003305/0238_01.jpg,0.3163149058818817,646.7824514787031,72.72704081632654,69.09477563204621,283.7359302398415,28.340242346938773,9.887960217422915
random_genuine,/mnt/c/Users/ansar/Desktop/VGGFace2_ArcFace_Project/data/aligned/train/n000230/0089_01.jpg,/mnt/c/Users/ansar/Desktop/VGGFace2_ArcFace_Project/data/aligned/train/n000230/0203_01.jpg,0.280761569738388,255.71985146404552,77.74011479591837,74.33263694474343,147.08358508534653,9.883290816326522,3.7440266591646463
random_genuine,/mnt/c/Users/ansar/Desktop/VGGFace2_ArcFace_Project/data/aligned/train/n000116/0059_02.jpg,/mnt/c/Users/ansar/Desktop/VGGFace2_ArcFace_Project/data/aligned/train/n000116/0203_01.jpg,0.4553135335445404,923.2996815590499,68.4840162627551,56.5177675304671,897.0636712534631,2.079958545918373,5.040645026329479
random_genuine,/mnt/c/Users/ansar/Desktop/VGGFace2_ArcFace_Project/data/aligned/train/n000851/0200_01.jpg,/mnt/c/Users/ansar/Desktop/VGGFace2_ArcFace_Project/data/aligned/train/n000851/0341_04.jpg,0.3919232785701751,908.3761866997302,74.97608418367346,76.83926588199172,1087.1349915961628,35.66597576530613,26.104700921865536
random_genuine,/mnt/c/Users/ansar/Desktop/VGGFace2_ArcFace_Project/data/aligned/train/n004072/0174_07.jpg,/mnt/c/Users/ansar/Desktop/VGGFace2_ArcFace_Project/data/aligned/train/n004072/0178_01.jpg,0.0146866748109459,991.9940074394763,88.0180963010204,71.83320958598937,1923.976774051258,40.817602040816325,20.682550564936207
random_genuine,/mnt/c/Users/ansar/Desktop/VGGFace2_ArcFace_Project/data/aligned/train/n003116/0133_02.jpg,/mnt/c/Users/ansar/Desktop/VGGFace2_ArcFace_Project/data/aligned/train/n003116/0143_01.jpg,0.2855057716369629,892.5333410006472,65.40892059948979,68.09866306814288,209.07573311331885,3.2256855867346914,14.153213524658902
random_genuine,/mnt/c/Users/ansar/Desktop/VGGFace2_ArcFace_Project/data/aligned/train/n005712/0361_01.jpg,/mnt/c/Users/ansar/Desktop/VGGFace2_ArcFace_Project/data/aligned/train/n005712/0491_01.jpg,0.4221214950084686,952.7550733344647,65.7764668367347,56.424638741303376,1121.3381443746584,11.909119897959187,6.735186525086732
random_genuine,/mnt/c/Users/ansar/Desktop/VGGFace2_ArcFace_Project/data/aligned/train/n000299/0161_02.jpg,/mnt/c/Users/ansar/Desktop/VGGFace2_ArcFace_Project/data/aligned/train/n000299/0211_01.jpg,0.5268644690513611,492.9297271499729,70.7118144132653,78.06614211383685,536.6634755863442,34.04719387755102,16.378857484265694
random_genuine,/mnt/c/Users/ansar/Desktop/VGGFace2_ArcFace_Project/data/aligned/train/n000700/0059_01.jpg,/mnt/c/Users/ansar/Desktop/VGGFace2_ArcFace_Project/data/aligned/train/n000700/0069_02.jpg,0.0079238368198275,389.18576515957193,90.62336575255102,71.60683911072164,737.9762837427052,50.894052933673464,18.041442370079935
random_genuine,/mnt/c/Users/ansar/Desktop/VGGFace2_ArcFace_Project/data/aligned/train/n002702/0061_01.jpg,/mnt/c/Users/ansar/Desktop/VGGFace2_ArcFace_Project/data/aligned/train/n002702/0074_01.jpg,0.5002347230911255,1819.2625859493714,83.2595663265306,76.11641701569376,2294.4575011330016,23.718112244897966,21.099971048606534
random_genuine,/mnt/c/Users/ansar/Desktop/VGGFace2_ArcFace_Project/data/aligned/train/n004364/0119_01.jpg,/mnt/c/Users/ansar/Desktop/VGGFace2_ArcFace_Project/data/aligned/train/n004364/0328_02.jpg,0.5420491695404053,1049.8573811224032,108.24665178571429,75.50714707528184,150.11625694265376,23.981664540816325,27.377443597065408
random_genuine,/mnt/c/Users/ansar/Desktop/VGGFace2_ArcFace_Project/data/aligned/train/n002821/0065_01.jpg,/mnt/c/Users/ansar/Desktop/VGGFace2_ArcFace_Project/data/aligned/train/n002821/0178_01.jpg,0.2270352691411972,348.87449987269304,63.56078603316326,73.00803475942243,112.02231766630439,32.98397640306122,26.672256641824355
random_genuine,/mnt/c/Users/ansar/Desktop/VGGFace2_ArcFace_Project/data/aligned/train/n008476/0165_01.jpg,/mnt/c/Users/ansar/Desktop/VGGFace2_ArcFace_Project/data/aligned/train/n008476/0237_03.jpg,0.7469930648803711,732.5216955068161,66.36890146683673,57.6498244415789,582.6836273816167,15.06098533163265,6.741820413649428
random_genuine,/mnt/c/Users/ansar/Desktop/VGGFace2_ArcFace_Project/data/aligned/train/n002122/0192_01.jpg,/mnt/c/Users/ansar/Desktop/VGGFace2_ArcFace_Project/data/aligned/train/n002122/0352_01.jpg,0.4323532283306122,1022.0652934800878,92.32218590561224,77.81523443875386,284.2391058029307,8.999760841836746,2.8451606857587564
random_genuine,/mnt/c/Users/ansar/Desktop/VGGFace2_ArcFace_Project/data/aligned/train/n006613/0012_01.jpg,/mnt/c/Users/ansar/Desktop/VGGFace2_ArcFace_Project/data/aligned/train/n006613/0153_01.jpg,0.5566732287406921,824.2798694863214,106.15959821428572,70.61466877533877,210.1528801463237,0.9033801020408276,16.33795024573434
random_genuine,/mnt/c/Users/ansar/Desktop/VGGFace2_ArcFace_Project/data/aligned/train/n005283/0373_01.jpg,/mnt/c/Users/ansar/Desktop/VGGFace2_ArcFace_Project/data/aligned/train/n005283/0579_02.jpg,0.4358853995800018,146.56639422599795,69.15880102040816,69.85654665281982,7.452967188150751,22.116071428571423,21.40515318057102
random_genuine,/mnt/c/Users/ansar/Desktop/VGGFace2_ArcFace_Project/data/aligned/train/n003218/0143_01.jpg,/mnt/c/Users/ansar/Desktop/VGGFace2_ArcFace_Project/data/aligned/train/n003218/0154_01.jpg,0.5274271368980408,790.6810977877005,69.47963169642857,70.55677436334452,775.5661651535065,32.037069515306115,5.168740964745453
random_genuine,/mnt/c/Users/ansar/Desktop/VGGFace2_ArcFace_Project/data/aligned/train/n001763/0346_01.jpg,/mnt/c/Users/ansar/Desktop/VGGFace2_ArcFace_Project/data/aligned/train/n001763/0523_01.jpg,0.7158754467964172,514.2233684592225,78.05476721938776,71.9905668364741,437.4136940456837,4.265784438775512,2.444485036045421
random_genuine,/mnt/c/Users/ansar/Desktop/VGGFace2_ArcFace_Project/data/aligned/train/n006080/0078_01.jpg,/mnt/c/Users/ansar/Desktop/VGGFace2_ArcFace_Project/data/aligned/train/n006080/0118_02.jpg,0.3653475642204284,1301.2321369309366,78.81652582908163,77.93516076112797,198.74368543517608,21.630660076530617,9.446500843592204
random_genuine,/mnt/c/Users/ansar/Desktop/VGGFace2_ArcFace_Project/data/aligned/train/n003278/0019_01.jpg,/mnt/c/Users/ansar/Desktop/VGGFace2_ArcFace_Project/data/aligned/train/n003278/0287_01.jpg,0.3771063387393951,996.8649792621554,106.91968271683675,91.14712611105413,1467.2885379497334,19.382732780612244,8.701030759861737
random_genuine,/mnt/c/Users/ansar/Desktop/VGGFace2_ArcFace_Project/data/aligned/train/n000087/0283_03.jpg,/mnt/c/Users/ansar/Desktop/VGGFace2_ArcFace_Project/data/aligned/train/n000087/0400_02.jpg,0.082051508128643,610.7109154062141,77.08549904336735,70.35463902274591,779.8964900120454,1.1142378826530575,16.641936153285563
random_genuine,/mnt/c/Users/ansar/Desktop/VGGFace2_ArcFace_Project/data/aligned/train/n008238/0196_02.jpg,/mnt/c/Users/ansar/Desktop/VGGFace2_ArcFace_Project/data/aligned/train/n008238/0331_01.jpg,0.2571575939655304,275.2070381326608,76.89783960459184,64.51698250301638,45.82973469103038,62.075175382653065,48.406487149780524
random_genuine,/mnt/c/Users/ansar/Desktop/VGGFace2_ArcFace_Project/data/aligned/train/n002265/0397_01.jpg,/mnt/c/Users/ansar/Desktop/VGGFace2_ArcFace_Project/data/aligned/train/n002265/0407_01.jpg,0.5389961004257202,423.48072317966273,52.456672512755105,62.13441661470221,386.05658159808087,11.331712372448983,1.774438962049146
random_genuine,/mnt/c/Users/ansar/Desktop/VGGFace2_ArcFace_Project/data/aligned/train/n005873/0130_02.jpg,/mnt/c/Users/ansar/Desktop/VGGFace2_ArcFace_Project/data/aligned/train/n005873/0283_01.jpg,0.4464916586875915,696.2317450482465,67.56174266581633,67.41413160590402,681.000243225479,5.005181760204081,0.004977853999207582
random_genuine,/mnt/c/Users/ansar/Desktop/VGGFace2_ArcFace_Project/data/aligned/train/n003023/0107_02.jpg,/mnt/c/Users/ansar/Desktop/VGGFace2_ArcFace_Project/data/aligned/train/n003023/0238_01.jpg,0.1150702983140945,317.98302319902825,84.22154017857143,81.05862316983406,478.6563041524955,24.849808673469397,12.716463813184447
random_genuine,/mnt/c/Users/ansar/Desktop/VGGFace2_ArcFace_Project/data/aligned/train/n002989/0184_02.jpg,/mnt/c/Users/ansar/Desktop/VGGFace2_ArcFace_Project/data/aligned/train/n002989/0388_01.jpg,0.2914895415306091,1024.2140556567413,103.46922831632654,85.11170817299822,1011.3388144140786,12.51753826530613,5.90947817668706
random_genuine,/mnt/c/Users/ansar/Desktop/VGGFace2_ArcFace_Project/data/aligned/train/n006090/0019_01.jpg,/mnt/c/Users/ansar/Desktop/VGGFace2_ArcFace_Project/data/aligned/train/n006090/0113_01.jpg,0.5636776685714722,2221.8737609653563,98.89504942602042,76.06784547642812,682.4208792639197,20.40106823979592,1.1898798776117587
random_genuine,/mnt/c/Users/ansar/Desktop/VGGFace2_ArcFace_Project/data/aligned/train/n000103/0243_01.jpg,/mnt/c/Users/ansar/Desktop/VGGFace2_ArcFace_Project/data/aligned/train/n000103/0288_01.jpg,0.3669796884059906,631.1113719852801,79.90501434948979,73.86431163533469,865.5721237582993,27.841597576530617,28.084498977431444
random_genuine,/mnt/c/Users/ansar/Desktop/VGGFace2_ArcFace_Project/data/aligned/train/n007843/0039_01.jpg,/mnt/c/Users/ansar/Desktop/VGGFace2_ArcFace_Project/data/aligned/train/n007843/0313_02.jpg,0.3535336852073669,1422.4114388716514,93.11734693877551,71.69554405861312,890.8559770627799,8.536511479591837,2.4137920709378022
random_genuine,/mnt/c/Users/ansar/Desktop/VGGFace2_ArcFace_Project/data/aligned/train/n000188/0111_01.jpg,/mnt/c/Users/ansar/Desktop/VGGFace2_ArcFace_Project/data/aligned/train/n000188/0531_01.jpg,0.4240436553955078,387.6207391690433,103.998046875,74.49245700999593,254.75172227941312,0.3926179846938851,6.643447512832211
random_genuine,/mnt/c/Users/ansar/Desktop/VGGFace2_ArcFace_Project/data/aligned/train/n008817/0189_01.jpg,/mnt/c/Users/ansar/Desktop/VGGFace2_ArcFace_Project/data/aligned/train/n008817/0233_02.jpg,0.2738126218318939,382.8165142308767,77.46392697704081,73.2102771009825,130.29497637703048,0.41063456632653583,7.223489126865246
random_genuine,/mnt/c/Users/ansar/Desktop/VGGFace2_ArcFace_Project/data/aligned/train/n002064/0034_01.jpg,/mnt/c/Users/ansar/Desktop/VGGFace2_ArcFace_Project/data/aligned/train/n002064/0089_02.jpg,0.5021047592163086,562.1149940315955,92.42992665816327,73.48479028678858,654.0379938954167,31.0234375,16.40560317438603
random_genuine,/mnt/c/Users/ansar/Desktop/VGGFace2_ArcFace_Project/data/aligned/train/n008614/0046_01.jpg,/mnt/c/Users/ansar/Desktop/VGGFace2_ArcFace_Project/data/aligned/train/n008614/0217_01.jpg,0.6582559943199158,1561.994564728457,87.96966677295919,76.54888631034838,140.73352430185514,48.96404655612245,22.039601233994148
random_genuine,/mnt/c/Users/ansar/Desktop/VGGFace2_ArcFace_Project/data/aligned/train/n007462/0097_01.jpg,/mnt/c/Users/ansar/Desktop/VGGFace2_ArcFace_Project/data/aligned/train/n007462/0147_01.jpg,0.3030043244361877,416.86234001594994,77.15880102040816,73.42239530071106,469.0675709258512,32.632334183673464,30.278352508819225
random_genuine,/mnt/c/Users/ansar/Desktop/VGGFace2_ArcFace_Project/data/aligned/train/n000299/0014_02.jpg,/mnt/c/Users/ansar/Desktop/VGGFace2_ArcFace_Project/data/aligned/train/n000299/0038_01.jpg,0.653257429599762,637.2112937047052,75.73577008928572,72.35718643700255,503.40297933798536,2.4194036989795933,9.722488312086043
random_genuine,/mnt/c/Users/ansar/Desktop/VGGFace2_ArcFace_Project/data/aligned/train/n003783/0102_01.jpg,/mnt/c/Users/ansar/Desktop/VGGFace2_ArcFace_Project/data/aligned/train/n003783/0164_01.jpg,0.4714905619621277,798.4990664175875,52.38544323979592,53.92518400380422,997.0484033447163,31.887914540816325,31.029327440452363
random_genuine,/mnt/c/Users/ansar/Desktop/VGGFace2_ArcFace_Project/data/aligned/train/n006662/0276_02.jpg,/mnt/c/Users/ansar/Desktop/VGGFace2_ArcFace_Project/data/aligned/train/n006662/0317_01.jpg,0.3569226861000061,313.46186786986846,94.30496651785714,85.18321802140446,30.210327663207124,3.792809311224488,17.430102525143894
random_genuine,/mnt/c/Users/ansar/Desktop/VGGFace2_ArcFace_Project/data/aligned/train/n001378/0151_02.jpg,/mnt/c/Users/ansar/Desktop/VGGFace2_ArcFace_Project/data/aligned/train/n001378/0154_01.jpg,0.2602551579475403,221.71363346937147,71.4294882015306,56.16923723898805,126.98521662930159,29.64580676020408,22.516382929560606
random_genuine,/mnt/c/Users/ansar/Desktop/VGGFace2_ArcFace_Project/data/aligned/train/n002416/0044_01.jpg,/mnt/c/Users/ansar/Desktop/VGGFace2_ArcFace_Project/data/aligned/train/n002416/0105_01.jpg,0.350958913564682,520.8926318326328,79.87739158163265,66.15975955833164,507.10699475600995,10.13360969387756,8.49583723576724
random_genuine,/mnt/c/Users/ansar/Desktop/VGGFace2_ArcFace_Project/data/aligned/train/n000313/0005_01.jpg,/mnt/c/Users/ansar/Desktop/VGGFace2_ArcFace_Project/data/aligned/train/n000313/0167_01.jpg,0.5760606527328491,1587.2177213504383,96.6754225127551,84.85585354444353,649.8554414989849,30.1180644132653,21.801765612066916
random_genuine,/mnt/c/Users/ansar/Desktop/VGGFace2_ArcFace_Project/data/aligned/train/n004665/0002_01.jpg,/mnt/c/Users/ansar/Desktop/VGGFace2_ArcFace_Project/data/aligned/train/n004665/0003_02.jpg,0.5972860455513,995.1615676943436,103.70679209183673,82.2387716393252,641.0987936557705,11.02582908163265,2.5870985326356077
random_genuine,/mnt/c/Users/ansar/Desktop/VGGFace2_ArcFace_Project/data/aligned/train/n005205/0144_01.jpg,/mnt/c/Users/ansar/Desktop/VGGFace2_ArcFace_Project/data/aligned/train/n005205/0346_01.jpg,0.3962600827217102,289.4164654446959,79.13209502551021,68.9023756975729,92.80303047558314,24.51610331632652,21.091409648164777
random_genuine,/mnt/c/Users/ansar/Desktop/VGGFace2_ArcFace_Project/data/aligned/train/n001541/0140_02.jpg,/mnt/c/Users/ansar/Desktop/VGGFace2_ArcFace_Project/data/aligned/train/n001541/0336_03.jpg,0.1578145027160644,517.6124242602265,74.53109056122449,63.29330554944129,249.06174327591367,30.495057397959187,20.4016965040219
random_genuine,/mnt/c/Users/ansar/Desktop/VGGFace2_ArcFace_Project/data/aligned/train/n000187/0240_03.jpg,/mnt/c/Users/ansar/Desktop/VGGFace2_ArcFace_Project/data/aligned/train/n000187/0276_01.jpg,0.2796044647693634,940.2774037270186,98.27279974489795,82.61935402292988,1645.7248713291967,12.446109693877546,23.646683813312293
random_genuine,/mnt/c/Users/ansar/Desktop/VGGFace2_ArcFace_Project/data/aligned/train/n005759/0100_01.jpg,/mnt/c/Users/ansar/Desktop/VGGFace2_ArcFace_Project/data/aligned/train/n005759/0422_04.jpg,0.7057374715805054,854.7130325965611,108.67637914540816,83.14605460376902,511.4255415262255,2.0770886479591866,5.840526609270043
random_genuine,/mnt/c/Users/ansar/Desktop/VGGFace2_ArcFace_Project/data/aligned/train/n003772/0180_01.jpg,/mnt/c/Users/ansar/Desktop/VGGFace2_ArcFace_Project/data/aligned/train/n003772/0428_01.jpg,0.4586450755596161,701.3454196203852,94.65549266581633,78.25214257743386,328.75157977083927,5.776865433673464,5.733709862147322
random_genuine,/mnt/c/Users/ansar/Desktop/VGGFace2_ArcFace_Project/data/aligned/train/n005452/0229_02.jpg,/mnt/c/Users/ansar/Desktop/VGGFace2_ArcFace_Project/data/aligned/train/n005452/0483_02.jpg,0.3595131039619446,1335.189380227899,100.56847895408163,77.09909774237536,1389.7555403639903,11.342793367346943,0.8742428768640309
random_genuine,/mnt/c/Users/ansar/Desktop/VGGFace2_ArcFace_Project/data/aligned/train/n002178/0220_01.jpg,/mnt/c/Users/ansar/Desktop/VGGFace2_ArcFace_Project/data/aligned/train/n002178/0357_01.jpg,0.3493436574935913,2132.331813515151,83.85032684948979,85.19319212596001,2874.6160583623196,9.36519451530613,16.663615796613783
random_genuine,/mnt/c/Users/ansar/Desktop/VGGFace2_ArcFace_Project/data/aligned/train/n005868/0044_01.jpg,/mnt/c/Users/ansar/Desktop/VGGFace2_ArcFace_Project/data/aligned/train/n005868/0190_01.jpg,0.5937545299530029,807.3189384272972,92.65585140306123,75.08290966698411,733.0812557654201,6.368463010204081,11.83347323494904
random_genuine,/mnt/c/Users/ansar/Desktop/VGGFace2_ArcFace_Project/data/aligned/train/n004025/0288_01.jpg,/mnt/c/Users/ansar/Desktop/VGGFace2_ArcFace_Project/data/aligned/train/n004025/0402_01.jpg,0.3073831796646118,605.0992023097829,69.80412946428571,65.05915254767112,946.2886477799675,30.763552295918366,13.278095043363713
random_genuine,/mnt/c/Users/ansar/Desktop/VGGFace2_ArcFace_Project/data/aligned/train/n005449/0069_01.jpg,/mnt/c/Users/ansar/Desktop/VGGFace2_ArcFace_Project/data/aligned/train/n005449/0363_01.jpg,0.2640542984008789,892.1737787420678,91.53411989795919,79.75607092863993,1645.9620298602492,30.038903061224488,6.499108760359448
random_genuine,/mnt/c/Users/ansar/Desktop/VGGFace2_ArcFace_Project/data/aligned/train/n007665/0187_01.jpg,/mnt/c/Users/ansar/Desktop/VGGFace2_ArcFace_Project/data/aligned/train/n007665/0396_01.jpg,0.2914830148220062,1015.0039236981489,89.74756855867346,69.83689406196261,759.5100471150224,46.63113839285715,8.166229857473922
random_genuine,/mnt/c/Users/ansar/Desktop/VGGFace2_ArcFace_Project/data/aligned/train/n007716/0111_01.jpg,/mnt/c/Users/ansar/Desktop/VGGFace2_ArcFace_Project/data/aligned/train/n007716/0370_01.jpg,0.3896968960762024,370.1021014669944,69.49178890306122,67.0790800617393,79.64043738870816,27.536670918367342,26.737701801656094
random_genuine,/mnt/c/Users/ansar/Desktop/VGGFace2_ArcFace_Project/data/aligned/train/n005442/0104_01.jpg,/mnt/c/Users/ansar/Desktop/VGGFace2_ArcFace_Project/data/aligned/train/n005442/0169_01.jpg,0.4724150598049164,2058.3549952572557,79.71763392857143,77.04096116672164,1449.097512063658,13.445631377551024,2.066129627937997
random_genuine,/mnt/c/Users/ansar/Desktop/VGGFace2_ArcFace_Project/data/aligned/train/n005384/0203_01.jpg,/mnt/c/Users/ansar/Desktop/VGGFace2_ArcFace_Project/data/aligned/train/n005384/0347_02.jpg,0.6384574174880981,1062.097873873633,76.97289540816327,69.18126751164903,84.52786330509468,32.73676658163266,14.288707294656334
random_genuine,/mnt/c/Users/ansar/Desktop/VGGFace2_ArcFace_Project/data/aligned/train/n000825/0402_01.jpg,/mnt/c/Users/ansar/Desktop/VGGFace2_ArcFace_Project/data/aligned/train/n000825/0469_02.jpg,0.2860750257968902,2031.2758172292201,88.61463647959184,81.50571376418056,845.8145962945125,30.507174744897952,12.056696792574485
random_genuine,/mnt/c/Users/ansar/Desktop/VGGFace2_ArcFace_Project/data/aligned/train/n001089/0034_01.jpg,/mnt/c/Users/ansar/Desktop/VGGFace2_ArcFace_Project/data/aligned/train/n001089/0297_03.jpg,0.3781187534332275,683.8625999491993,80.69475446428572,74.83157792073467,1009.3996263763798,9.720344387755105,9.063957802414095
random_genuine,/mnt/c/Users/ansar/Desktop/VGGFace2_ArcFace_Project/data/aligned/train/n004272/0012_02.jpg,/mnt/c/Users/ansar/Desktop/VGGFace2_ArcFace_Project/data/aligned/train/n004272/0241_01.jpg,0.3943861722946167,575.3465171855273,51.28615274234694,55.36472940465832,163.8901007484268,20.194754464285715,1.422698785704
random_genuine,/mnt/c/Users/ansar/Desktop/VGGFace2_ArcFace_Project/data/aligned/train/n003876/0124_01.jpg,/mnt/c/Users/ansar/Desktop/VGGFace2_ArcFace_Project/data/aligned/train/n003876/0180_01.jpg,0.4856473505496979,731.1612760042558,89.33844866071428,75.1738789472913,1069.3053854958607,12.048549107142847,5.335741283251849
random_genuine,/mnt/c/Users/ansar/Desktop/VGGFace2_ArcFace_Project/data/aligned/train/n002298/0183_01.jpg,/mnt/c/Users/ansar/Desktop/VGGFace2_ArcFace_Project/data/aligned/train/n002298/0419_01.jpg,0.4136346876621246,814.8187223575057,104.00422512755102,90.07819340417919,84.639238858809,4.112244897959187,0.6558989753601168
random_genuine,/mnt/c/Users/ansar/Desktop/VGGFace2_ArcFace_Project/data/aligned/train/n003670/0164_01.jpg,/mnt/c/Users/ansar/Desktop/VGGFace2_ArcFace_Project/data/aligned/train/n003670/0399_01.jpg,0.4002865552902221,515.2780181554297,81.7842793367347,73.4952404262786,45.55707908163271,15.514190051020407,19.98048590329317
random_genuine,/mnt/c/Users/ansar/Desktop/VGGFace2_ArcFace_Project/data/aligned/train/n008122/0245_01.jpg,/mnt/c/Users/ansar/Desktop/VGGFace2_ArcFace_Project/data/aligned/train/n008122/0441_02.jpg,0.2025131285190582,819.4380534472738,65.0282206632653,65.84426627478175,625.7095226588124,62.17362882653062,55.22301258055616
random_genuine,/mnt/c/Users/ansar/Desktop/VGGFace2_ArcFace_Project/data/aligned/train/n005403/0094_01.jpg,/mnt/c/Users/ansar/Desktop/VGGFace2_ArcFace_Project/data/aligned/train/n005403/0124_01.jpg,0.4173387587070465,214.78059882275613,52.42075892857143,50.62043764247774,214.4518690129113,1.9953762755102034,1.3673797735851423
random_genuine,/mnt/c/Users/ansar/Desktop/VGGFace2_ArcFace_Project/data/aligned/train/n006204/0174_02.jpg,/mnt/c/Users/ansar/Desktop/VGGFace2_ArcFace_Project/data/aligned/train/n006204/0212_01.jpg,0.2802863121032715,197.2620088354045,62.41274713010205,63.023052694296894,307.53180297063517,25.47520727040817,6.719824848235838
random_genuine,/mnt/c/Users/ansar/Desktop/VGGFace2_ArcFace_Project/data/aligned/train/n006699/0178_01.jpg,/mnt/c/Users/ansar/Desktop/VGGFace2_ArcFace_Project/data/aligned/train/n006699/0248_01.jpg,0.280826210975647,1422.161567363874,79.44909917091837,66.29474148422662,1373.0511306006429,16.010762117346943,7.370850179573559
random_genuine,/mnt/c/Users/ansar/Desktop/VGGFace2_ArcFace_Project/data/aligned/train/n005685/0090_01.jpg,/mnt/c/Users/ansar/Desktop/VGGFace2_ArcFace_Project/data/aligned/train/n005685/0165_01.jpg,0.4113436937332153,580.4317091688023,95.50047831632654,73.56203710749874,139.98954137431127,29.597417091836732,26.963895564206446
random_genuine,/mnt/c/Users/ansar/Desktop/VGGFace2_ArcFace_Project/data/aligned/train/n006877/0224_01.jpg,/mnt/c/Users/ansar/Desktop/VGGFace2_ArcFace_Project/data/aligned/train/n006877/0282_02.jpg,0.478090763092041,481.8709234247998,92.67745535714286,86.40325203059069,329.62272260825563,20.06808035714286,5.642347531301397
random_genuine,/mnt/c/Users/ansar/Desktop/VGGFace2_ArcFace_Project/data/aligned/train/n000454/0097_01.jpg,/mnt/c/Users/ansar/Desktop/VGGFace2_ArcFace_Project/data/aligned/train/n000454/0201_01.jpg,0.1722723543643951,1956.661315002823,78.12862723214286,69.65322153439922,641.2036118576898,5.345264668367349,4.802230702924263
random_genuine,/mnt/c/Users/ansar/Desktop/VGGFace2_ArcFace_Project/data/aligned/train/n008772/0168_02.jpg,/mnt/c/Users/ansar/Desktop/VGGFace2_ArcFace_Project/data/aligned/train/n008772/0366_03.jpg,0.2335517555475235,400.3880175678296,74.05608258928572,74.87732785338397,67.2756881046572,30.75868941326531,34.11045270663307
random_genuine,/mnt/c/Users/ansar/Desktop/VGGFace2_ArcFace_Project/data/aligned/train/n006930/0027_01.jpg,/mnt/c/Users/ansar/Desktop/VGGFace2_ArcFace_Project/data/aligned/train/n006930/0095_01.jpg,0.3569422364234924,418.0728877590676,85.94304049744898,79.99488229813736,497.5634304747289,22.57772640306122,16.056483233789905
random_genuine,/mnt/c/Users/ansar/Desktop/VGGFace2_ArcFace_Project/data/aligned/train/n008656/0081_01.jpg,/mnt/c/Users/ansar/Desktop/VGGFace2_ArcFace_Project/data/aligned/train/n008656/0923_01.jpg,0.1585891842842102,304.55529548108007,80.81070631377551,71.78525758109379,299.61940383116735,0.1780133928571388,4.080079714794991
random_genuine,/mnt/c/Users/ansar/Desktop/VGGFace2_ArcFace_Project/data/aligned/train/n002992/0120_01.jpg,/mnt/c/Users/ansar/Desktop/VGGFace2_ArcFace_Project/data/aligned/train/n002992/0423_01.jpg,0.3984884619712829,818.8692066108422,57.76028380102041,58.06773886160565,399.8693444991994,27.413903061224488,27.367149419020336
random_genuine,/mnt/c/Users/ansar/Desktop/VGGFace2_ArcFace_Project/data/aligned/train/n002101/0119_01.jpg,/mnt/c/Users/ansar/Desktop/VGGFace2_ArcFace_Project/data/aligned/train/n002101/0264_01.jpg,0.1824855357408523,369.7869862719706,52.9921875,56.62045355068163,312.4076507009103,7.969068877551024,4.878553683898232
random_genuine,/mnt/c/Users/ansar/Desktop/VGGFace2_ArcFace_Project/data/aligned/train/n003545/0077_02.jpg,/mnt/c/Users/ansar/Desktop/VGGFace2_ArcFace_Project/data/aligned/train/n003545/0158_02.jpg,0.6394103765487671,418.9159070467363,82.86340082908163,61.308496012889805,426.7567170193571,16.52925701530613,13.210421332754258
random_genuine,/mnt/c/Users/ansar/Desktop/VGGFace2_ArcFace_Project/data/aligned/train/n007431/0481_02.jpg,/mnt/c/Users/ansar/Desktop/VGGFace2_ArcFace_Project/data/aligned/train/n007431/0634_01.jpg,0.258431077003479,613.8047246873404,68.72508769132654,74.36204015155971,1065.2448203306506,11.152024872448983,27.80653266977955
random_genuine,/mnt/c/Users/ansar/Desktop/VGGFace2_ArcFace_Project/data/aligned/train/n007186/0061_01.jpg,/mnt/c/Users/ansar/Desktop/VGGFace2_ArcFace_Project/data/aligned/train/n007186/0089_02.jpg,0.2342433929443359,335.48493054130586,97.53838488520408,88.43677743438869,150.9422781871587,28.545838647959187,14.181768515448852
random_genuine,/mnt/c/Users/ansar/Desktop/VGGFace2_ArcFace_Project/data/aligned/train/n005606/0004_01.jpg,/mnt/c/Users/ansar/Desktop/VGGFace2_ArcFace_Project/data/aligned/train/n005606/0129_01.jpg,0.5121051073074341,449.08545521486303,83.68443080357143,69.84698834504981,112.90075789725267,46.14102359693877,42.285209834907
random_genuine,/mnt/c/Users/ansar/Desktop/VGGFace2_ArcFace_Project/data/aligned/train/n003047/0082_01.jpg,/mnt/c/Users/ansar/Desktop/VGGFace2_ArcFace_Project/data/aligned/train/n003047/0085_01.jpg,0.6066334247589111,1433.804985059097,88.46898915816327,70.94704504134418,318.30627485257014,31.3828125,10.822859233876628
random_genuine,/mnt/c/Users/ansar/Desktop/VGGFace2_ArcFace_Project/data/aligned/train/n001571/0162_01.jpg,/mnt/c/Users/ansar/Desktop/VGGFace2_ArcFace_Project/data/aligned/train/n001571/0242_01.jpg,0.1774596720933914,524.6688507696531,71.00621811224491,71.17868107287431,601.8974405564352,3.7487244897959187,7.560633199188459
random_genuine,/mnt/c/Users/ansar/Desktop/VGGFace2_ArcFace_Project/data/aligned/train/n001600/0357_01.jpg,/mnt/c/Users/ansar/Desktop/VGGFace2_ArcFace_Project/data/aligned/train/n001600/0363_02.jpg,0.2866833806037903,391.2890818419927,96.60945471938776,77.023438342909,440.7032113859723,11.632334183673464,4.545941806789912
random_genuine,/mnt/c/Users/ansar/Desktop/VGGFace2_ArcFace_Project/data/aligned/train/n009216/0136_01.jpg,/mnt/c/Users/ansar/Desktop/VGGFace2_ArcFace_Project/data/aligned/train/n009216/0464_02.jpg,0.5982264280319214,777.1691790782924,89.1411431760204,81.20265405114338,773.8728540778804,1.4251434948979522,8.812624772484313
random_genuine,/mnt/c/Users/ansar/Desktop/VGGFace2_ArcFace_Project/data/aligned/train/n000360/0127_01.jpg,/mnt/c/Users/ansar/Desktop/VGGFace2_ArcFace_Project/data/aligned/train/n000360/0224_01.jpg,0.4364840090274811,531.7822222123788,57.91780931122449,58.59182169541924,504.76155061098194,14.06074617346939,13.898697362528026
random_genuine,/mnt/c/Users/ansar/Desktop/VGGFace2_ArcFace_Project/data/aligned/train/n008479/0183_01.jpg,/mnt/c/Users/ansar/Desktop/VGGFace2_ArcFace_Project/data/aligned/train/n008479/0287_02.jpg,0.549900472164154,577.3492031740873,98.05691964285714,68.9889470797586,522.6462970306255,6.714764030612244,5.406147415125503
random_genuine,/mnt/c/Users/ansar/Desktop/VGGFace2_ArcFace_Project/data/aligned/train/n002963/0342_01.jpg,/mnt/c/Users/ansar/Desktop/VGGFace2_ArcFace_Project/data/aligned/train/n002963/0457_01.jpg,0.6446887254714966,594.4130008257413,84.10511001275509,68.70345883906387,816.1180644196204,7.732222576530617,23.30790237146976
random_genuine,/mnt/c/Users/ansar/Desktop/VGGFace2_ArcFace_Project/data/aligned/train/n009099/0198_01.jpg,/mnt/c/Users/ansar/Desktop/VGGFace2_ArcFace_Project/data/aligned/train/n009099/0450_01.jpg,0.3789781928062439,1610.013069594517,87.35080516581633,83.27698589340432,2651.55168925281,22.611846301020407,2.097403145026405
random_genuine,/mnt/c/Users/ansar/Desktop/VGGFace2_ArcFace_Project/data/aligned/train/n009247/0377_01.jpg,/mnt/c/Users/ansar/Desktop/VGGFace2_ArcFace_Project/data/aligned/train/n009247/0382_01.jpg,0.2835415005683899,203.63773164824613,87.31624681122449,72.43390292344085,27.127055538738347,48.926020408163275,3.756208029924622
random_genuine,/mnt/c/Users/ansar/Desktop/VGGFace2_ArcFace_Project/data/aligned/train/n004196/0144_01.jpg,/mnt/c/Users/ansar/Desktop/VGGFace2_ArcFace_Project/data/aligned/train/n004196/0279_03.jpg,0.2092172354459762,899.4585291788212,54.53192761479592,63.71153268188304,789.463305567464,33.707350127551024,15.628674687107896
random_genuine,/mnt/c/Users/ansar/Desktop/VGGFace2_ArcFace_Project/data/aligned/train/n007321/0210_01.jpg,/mnt/c/Users/ansar/Desktop/VGGFace2_ArcFace_Project/data/aligned/train/n007321/0214_01.jpg,0.5151864290237427,647.8268757462253,55.96655771683673,53.39929280732875,245.7599333572864,13.132095025510203,0.32587684906945213
random_genuine,/mnt/c/Users/ansar/Desktop/VGGFace2_ArcFace_Project/data/aligned/train/n000795/0127_01.jpg,/mnt/c/Users/ansar/Desktop/VGGFace2_ArcFace_Project/data/aligned/train/n000795/0422_01.jpg,0.5185179114341736,862.8576559712618,68.14182079081633,63.73854183965785,992.2273741773345,2.7079081632653015,8.583997873371757
random_genuine,/mnt/c/Users/ansar/Desktop/VGGFace2_ArcFace_Project/data/aligned/train/n008408/0065_01.jpg,/mnt/c/Users/ansar/Desktop/VGGFace2_ArcFace_Project/data/aligned/train/n008408/0296_01.jpg,0.5497738718986511,1222.5933673609202,93.01857461734693,75.39020704086843,1675.7276360679796,38.08482142857143,23.459233615880876
random_genuine,/mnt/c/Users/ansar/Desktop/VGGFace2_ArcFace_Project/data/aligned/train/n001768/0037_01.jpg,/mnt/c/Users/ansar/Desktop/VGGFace2_ArcFace_Project/data/aligned/train/n001768/0281_01.jpg,0.5300600528717041,839.1103266692569,95.04169323979592,75.32299478348918,518.1603473629966,22.63663903061226,8.58443023016612
random_genuine,/mnt/c/Users/ansar/Desktop/VGGFace2_ArcFace_Project/data/aligned/train/n002532/0023_01.jpg,/mnt/c/Users/ansar/Desktop/VGGFace2_ArcFace_Project/data/aligned/train/n002532/0056_01.jpg,0.588283121585846,659.7256796351079,110.521484375,82.09567113355985,130.49521489840458,6.773038903061234,4.180637801793424
random_genuine,/mnt/c/Users/ansar/Desktop/VGGFace2_ArcFace_Project/data/aligned/train/n004825/0387_01.jpg,/mnt/c/Users/ansar/Desktop/VGGFace2_ArcFace_Project/data/aligned/train/n004825/0480_01.jpg,0.1935213208198547,486.4777625996289,45.49035395408163,49.76787565842318,571.7417456624111,0.07876275510204067,18.5428459677996
random_genuine,/mnt/c/Users/ansar/Desktop/VGGFace2_ArcFace_Project/data/aligned/train/n000913/0059_01.jpg,/mnt/c/Users/ansar/Desktop/VGGFace2_ArcFace_Project/data/aligned/train/n000913/0169_01.jpg,0.2123056501150131,566.5224626248005,66.38022161989795,68.68175279087734,332.91610731119306,1.929607780612244,5.615833070084506
random_genuine,/mnt/c/Users/ansar/Desktop/VGGFace2_ArcFace_Project/data/aligned/train/n000094/0059_01.jpg,/mnt/c/Users/ansar/Desktop/VGGFace2_ArcFace_Project/data/aligned/train/n000094/0160_01.jpg,0.3049431443214416,1048.1194576468383,81.51694036989795,72.48944773013787,954.2831522835538,44.54201211734694,31.987561512042753
random_genuine,/mnt/c/Users/ansar/Desktop/VGGFace2_ArcFace_Project/data/aligned/train/n000820/0121_01.jpg,/mnt/c/Users/ansar/Desktop/VGGFace2_ArcFace_Project/data/aligned/train/n000820/0208_01.jpg,0.4687312841415405,758.1736542853847,83.18168048469389,75.05283409145407,1339.2775952372137,48.91549744897959,35.95694311962411
random_genuine,/mnt/c/Users/ansar/Desktop/VGGFace2_ArcFace_Project/data/aligned/train/n000997/0131_01.jpg,/mnt/c/Users/ansar/Desktop/VGGFace2_ArcFace_Project/data/aligned/train/n000997/0132_02.jpg,0.3843717575073242,1361.086968481913,96.1214524872449,75.25305197121878,801.7014729072033,6.842235331632651,9.22167244780708
random_genuine,/mnt/c/Users/ansar/Desktop/VGGFace2_ArcFace_Project/data/aligned/train/n001507/0082_01.jpg,/mnt/c/Users/ansar/Desktop/VGGFace2_ArcFace_Project/data/aligned/train/n001507/0129_01.jpg,0.3774892687797546,871.8558327493347,87.07816485969389,82.4122854755357,378.7658779870367,7.437260841836732,10.047372931841068
random_genuine,/mnt/c/Users/ansar/Desktop/VGGFace2_ArcFace_Project/data/aligned/train/n003464/0057_03.jpg,/mnt/c/Users/ansar/Desktop/VGGFace2_ArcFace_Project/data/aligned/train/n003464/0088_01.jpg,0.4563615322113037,987.3551306003632,67.49170918367346,61.89959241011332,1751.5357513936149,21.84661989795918,17.02691901415487
random_genuine,/mnt/c/Users/ansar/Desktop/VGGFace2_ArcFace_Project/data/aligned/train/n007445/0064_01.jpg,/mnt/c/Users/ansar/Desktop/VGGFace2_ArcFace_Project/data/aligned/train/n007445/0399_01.jpg,0.4705919623374939,1354.0334683108063,80.58733258928572,69.09587731595207,1731.9276392061681,28.733816964285708,5.412092692318183
random_genuine,/mnt/c/Users/ansar/Desktop/VGGFace2_ArcFace_Project/data/aligned/train/n001166/0044_01.jpg,/mnt/c/Users/ansar/Desktop/VGGFace2_ArcFace_Project/data/aligned/train/n001166/0113_01.jpg,0.3386982977390289,421.4699404778852,66.98549107142857,56.66901927686998,280.90713057384954,11.926020408163275,21.265561174843995
random_genuine,/mnt/c/Users/ansar/Desktop/VGGFace2_ArcFace_Project/data/aligned/train/n004511/0293_01.jpg,/mnt/c/Users/ansar/Desktop/VGGFace2_ArcFace_Project/data/aligned/train/n004511/0439_01.jpg,0.4090229570865631,256.05040460385567,77.31772161989797,57.494225026182775,430.16123650362965,91.30572385204081,42.01933295183142
random_genuine,/mnt/c/Users/ansar/Desktop/VGGFace2_ArcFace_Project/data/aligned/train/n004863/0183_02.jpg,/mnt/c/Users/ansar/Desktop/VGGFace2_ArcFace_Project/data/aligned/train/n004863/0360_01.jpg,0.4287547767162323,361.9554549077807,72.04555963010205,69.55063585575644,45.20983555613833,6.383689413265316,12.975498611997494
random_genuine,/mnt/c/Users/ansar/Desktop/VGGFace2_ArcFace_Project/data/aligned/train/n007648/0108_02.jpg,/mnt/c/Users/ansar/Desktop/VGGFace2_ArcFace_Project/data/aligned/train/n007648/0248_01.jpg,0.0409800596535205,162.1134529892279,65.13089923469389,58.50288515873519,137.0802428576411,36.759406887755105,30.9864757884513
random_genuine,/mnt/c/Users/ansar/Desktop/VGGFace2_ArcFace_Project/data/aligned/train/n001654/0175_02.jpg,/mnt/c/Users/ansar/Desktop/VGGFace2_ArcFace_Project/data/aligned/train/n001654/0322_01.jpg,0.4652169346809387,1595.5350183902408,93.4884805484694,78.19174516142321,427.19876967386017,8.924824617346943,11.377602779982766
random_genuine,/mnt/c/Users/ansar/Desktop/VGGFace2_ArcFace_Project/data/aligned/train/n008927/0244_02.jpg,/mnt/c/Users/ansar/Desktop/VGGFace2_ArcFace_Project/data/aligned/train/n008927/0273_02.jpg,0.0838577076792717,2707.9016816259573,69.00573979591837,72.54338556590673,5186.7108641675695,6.649075255102034,9.644769061011019
random_genuine,/mnt/c/Users/ansar/Desktop/VGGFace2_ArcFace_Project/data/aligned/train/n000984/0216_02.jpg,/mnt/c/Users/ansar/Desktop/VGGFace2_ArcFace_Project/data/aligned/train/n000984/0472_01.jpg,0.2665566205978393,1104.2402679525976,100.10084502551021,72.37632126108947,1122.639057297649,28.895248724489804,16.071150061620898
random_genuine,/mnt/c/Users/ansar/Desktop/VGGFace2_ArcFace_Project/data/aligned/train/n001369/0034_01.jpg,/mnt/c/Users/ansar/Desktop/VGGFace2_ArcFace_Project/data/aligned/train/n001369/0139_01.jpg,0.2455407828092575,1196.7618635559716,96.42841198979592,76.73208698287533,899.0789198233947,27.79528061224491,8.166921778979486
random_genuine,/mnt/c/Users/ansar/Desktop/VGGFace2_ArcFace_Project/data/aligned/train/n003289/0029_01.jpg,/mnt/c/Users/ansar/Desktop/VGGFace2_ArcFace_Project/data/aligned/train/n003289/0185_01.jpg,0.344912439584732,1143.9055001331535,91.50841039540816,74.90980638323231,528.5083113562704,13.550621811224488,23.22109853161821
random_genuine,/mnt/c/Users/ansar/Desktop/VGGFace2_ArcFace_Project/data/aligned/train/n006367/0030_01.jpg,/mnt/c/Users/ansar/Desktop/VGGFace2_ArcFace_Project/data/aligned/train/n006367/0546_01.jpg,0.1861642599105835,1193.7409505021915,88.94666772959184,83.84160531651032,1560.29302711598,10.481823979591837,3.06276074739111
random_genuine,/mnt/c/Users/ansar/Desktop/VGGFace2_ArcFace_Project/data/aligned/train/n006010/0188_01.jpg,/mnt/c/Users/ansar/Desktop/VGGFace2_ArcFace_Project/data/aligned/train/n006010/0377_03.jpg,0.4927281439304352,500.34151758704763,95.07286352040816,67.51697812731447,221.42187264222792,30.604272959183675,1.1375784442386276
random_genuine,/mnt/c/Users/ansar/Desktop/VGGFace2_ArcFace_Project/data/aligned/train/n008126/0212_01.jpg,/mnt/c/Users/ansar/Desktop/VGGFace2_ArcFace_Project/data/aligned/train/n008126/0289_01.jpg,0.4958247244358063,905.5479940138773,94.05747767857143,81.4941731613016,1189.4127103208953,0.4241071428571388,9.918064265134646
random_genuine,/mnt/c/Users/ansar/Desktop/VGGFace2_ArcFace_Project/data/aligned/train/n002133/0387_01.jpg,/mnt/c/Users/ansar/Desktop/VGGFace2_ArcFace_Project/data/aligned/train/n002133/0401_01.jpg,0.4964779317378998,580.2452383871528,107.31564891581633,79.98708448997739,808.8504253802126,29.961495535714278,8.304318159009995
random_genuine,/mnt/c/Users/ansar/Desktop/VGGFace2_ArcFace_Project/data/aligned/train/n004127/0152_01.jpg,/mnt/c/Users/ansar/Desktop/VGGFace2_ArcFace_Project/data/aligned/train/n004127/0234_01.jpg,0.6274142265319824,1518.2108530777784,58.99115114795919,68.01569987129776,1490.0499502974021,23.384247448979586,18.629392531318302
random_genuine,/mnt/c/Users/ansar/Desktop/VGGFace2_ArcFace_Project/data/aligned/train/n002973/0112_01.jpg,/mnt/c/Users/ansar/Desktop/VGGFace2_ArcFace_Project/data/aligned/train/n002973/0174_01.jpg,0.6009721755981445,1042.1945693760006,95.91661352040816,81.29140796576317,994.0683793048471,17.8671875,2.3454088167743663
random_genuine,/mnt/c/Users/ansar/Desktop/VGGFace2_ArcFace_Project/data/aligned/train/n008398/0106_01.jpg,/mnt/c/Users/ansar/Desktop/VGGFace2_ArcFace_Project/data/aligned/train/n008398/0350_01.jpg,0.2792477905750274,1305.0651451247477,109.84769610969387,89.88601245577603,1237.045063118893,42.75007971938774,9.396046410785488
random_genuine,/mnt/c/Users/ansar/Desktop/VGGFace2_ArcFace_Project/data/aligned/train/n006246/0042_01.jpg,/mnt/c/Users/ansar/Desktop/VGGFace2_ArcFace_Project/data/aligned/train/n006246/0241_03.jpg,0.7747337222099304,658.9715094639827,112.51945153061224,81.88087923648813,883.7483708366956,5.262276785714278,6.878516621390759
random_genuine,/mnt/c/Users/ansar/Desktop/VGGFace2_ArcFace_Project/data/aligned/train/n002620/0046_01.jpg,/mnt/c/Users/ansar/Desktop/VGGFace2_ArcFace_Project/data/aligned/train/n002620/0276_01.jpg,0.7541411519050598,1629.0825298234654,98.56345663265307,80.02471213722981,548.8633040714542,2.9907525510204067,1.869917597049394
random_genuine,/mnt/c/Users/ansar/Desktop/VGGFace2_ArcFace_Project/data/aligned/train/n004293/0186_01.jpg,/mnt/c/Users/ansar/Desktop/VGGFace2_ArcFace_Project/data/aligned/train/n004293/0240_02.jpg,0.0600353777408599,115.67447047489773,42.835578762755105,37.296018293428446,36.58042613469972,5.089046556122447,12.1684088700258
random_genuine,/mnt/c/Users/ansar/Desktop/VGGFace2_ArcFace_Project/data/aligned/train/n002444/0081_01.jpg,/mnt/c/Users/ansar/Desktop/VGGFace2_ArcFace_Project/data/aligned/train/n002444/0294_01.jpg,0.5159850120544434,724.9066601729007,77.10913584183675,61.47127291232937,705.6065986312366,17.665816326530617,17.918878862587768
random_genuine,/mnt/c/Users/ansar/Desktop/VGGFace2_ArcFace_Project/data/aligned/train/n001043/0090_01.jpg,/mnt/c/Users/ansar/Desktop/VGGFace2_ArcFace_Project/data/aligned/train/n001043/0097_01.jpg,0.9437722563743592,189.02433301487946,62.93064413265306,66.76469904228445,0.10283323110812148,1.5087691326530646,13.43147812360209
random_genuine,/mnt/c/Users/ansar/Desktop/VGGFace2_ArcFace_Project/data/aligned/train/n002913/0034_01.jpg,/mnt/c/Users/ansar/Desktop/VGGFace2_ArcFace_Project/data/aligned/train/n002913/0095_01.jpg,0.4318777024745941,1261.439251939042,85.54890784438776,73.43304241611747,1720.144571008011,26.663504464285722,6.916152608672746
random_genuine,/mnt/c/Users/ansar/Desktop/VGGFace2_ArcFace_Project/data/aligned/train/n001859/0193_01.jpg,/mnt/c/Users/ansar/Desktop/VGGFace2_ArcFace_Project/data/aligned/train/n001859/0535_01.jpg,0.3210354745388031,626.0879316794678,37.26602359693878,43.09064681787541,754.206358515983,4.755899234693878,13.358396274689014
random_genuine,/mnt/c/Users/ansar/Desktop/VGGFace2_ArcFace_Project/data/aligned/train/n000905/0157_01.jpg,/mnt/c/Users/ansar/Desktop/VGGFace2_ArcFace_Project/data/aligned/train/n000905/0372_01.jpg,0.5466353893280029,705.6127020134027,94.65696747448979,78.5035619697597,176.60910808240703,36.27168367346938,15.692500378556474
random_genuine,/mnt/c/Users/ansar/Desktop/VGGFace2_ArcFace_Project/data/aligned/train/n005892/0212_01.jpg,/mnt/c/Users/ansar/Desktop/VGGFace2_ArcFace_Project/data/aligned/train/n005892/0429_05.jpg,0.3731771111488342,232.10738870095634,91.7299505739796,81.91691309183622,136.10382921504063,16.326929209183675,13.156517594868845
random_genuine,/mnt/c/Users/ansar/Desktop/VGGFace2_ArcFace_Project/data/aligned/train/n008765/0088_01.jpg,/mnt/c/Users/ansar/Desktop/VGGFace2_ArcFace_Project/data/aligned/train/n008765/0275_01.jpg,0.4336555898189544,903.8073864690167,96.49374202806122,85.87631661738124,69.29638366826339,19.436463647959187,19.113116679366883
random_genuine,/mnt/c/Users/ansar/Desktop/VGGFace2_ArcFace_Project/data/aligned/train/n005435/0008_01.jpg,/mnt/c/Users/ansar/Desktop/VGGFace2_ArcFace_Project/data/aligned/train/n005435/0061_03.jpg,0.4684674739837646,373.67021119778275,67.45272640306122,68.74795310688243,240.70751639814588,5.994897959183675,10.572277864910689
random_genuine,/mnt/c/Users/ansar/Desktop/VGGFace2_ArcFace_Project/data/aligned/train/n006839/0051_01.jpg,/mnt/c/Users/ansar/Desktop/VGGFace2_ArcFace_Project/data/aligned/train/n006839/0302_03.jpg,0.3727838099002838,421.13743981834455,64.11316167091837,66.9570741984524,525.0113771780984,9.17514349489796,0.6068443806107382
random_genuine,/mnt/c/Users/ansar/Desktop/VGGFace2_ArcFace_Project/data/aligned/train/n008864/0141_01.jpg,/mnt/c/Users/ansar/Desktop/VGGFace2_ArcFace_Project/data/aligned/train/n008864/0189_01.jpg,0.3379952013492584,881.2491971500116,92.65381855867346,84.80421326635941,481.6368844168526,8.900908801020407,7.264003147683638
random_genuine,/mnt/c/Users/ansar/Desktop/VGGFace2_ArcFace_Project/data/aligned/train/n008732/0156_01.jpg,/mnt/c/Users/ansar/Desktop/VGGFace2_ArcFace_Project/data/aligned/train/n008732/0294_01.jpg,0.4644484519958496,995.6082869517411,45.95089285714286,54.23831237083455,780.9425409993047,1.549107142857146,8.573076809131031
random_genuine,/mnt/c/Users/ansar/Desktop/VGGFace2_ArcFace_Project/data/aligned/train/n002409/0021_01.jpg,/mnt/c/Users/ansar/Desktop/VGGFace2_ArcFace_Project/data/aligned/train/n002409/0252_01.jpg,0.5274977087974548,850.9451733151857,90.84937021683673,77.13345351752868,1152.5200573064444,49.07485650510205,20.444963325016033
random_genuine,/mnt/c/Users/ansar/Desktop/VGGFace2_ArcFace_Project/data/aligned/train/n001998/0257_01.jpg,/mnt/c/Users/ansar/Desktop/VGGFace2_ArcFace_Project/data/aligned/train/n001998/0273_01.jpg,0.2721316218376159,858.397993879783,81.81608737244898,83.70496709742785,742.1889720060387,39.255580357142854,18.17949197259736
random_genuine,/mnt/c/Users/ansar/Desktop/VGGFace2_ArcFace_Project/data/aligned/train/n005615/0144_02.jpg,/mnt/c/Users/ansar/Desktop/VGGFace2_ArcFace_Project/data/aligned/train/n005615/0587_05.jpg,0.2036450803279876,278.6420923826447,75.4449537627551,64.20816826153643,74.39531726511456,9.69140625,15.038631639835096
random_genuine,/mnt/c/Users/ansar/Desktop/VGGFace2_ArcFace_Project/data/aligned/train/n002887/0235_01.jpg,/mnt/c/Users/ansar/Desktop/VGGFace2_ArcFace_Project/data/aligned/train/n002887/0268_01.jpg,0.4325495362281799,1704.7571604965826,101.13201530612245,81.60616863461091,1820.4298184421446,55.43351403061226,24.120602014436713
random_genuine,/mnt/c/Users/ansar/Desktop/VGGFace2_ArcFace_Project/data/aligned/train/n000189/0092_02.jpg,/mnt/c/Users/ansar/Desktop/VGGFace2_ArcFace_Project/data/aligned/train/n000189/0270_01.jpg,0.1758874803781509,806.6814095982905,62.16206951530612,61.0257345155958,1508.2550003515687,21.402423469387756,19.887783621724274
random_genuine,/mnt/c/Users/ansar/Desktop/VGGFace2_ArcFace_Project/data/aligned/train/n006349/0208_01.jpg,/mnt/c/Users/ansar/Desktop/VGGFace2_ArcFace_Project/data/aligned/train/n006349/0221_01.jpg,0.6738368272781372,1328.970228148321,100.13117825255102,78.63013636047846,13.866278232509558,5.762197066326536,3.65933234654662
random_genuine,/mnt/c/Users/ansar/Desktop/VGGFace2_ArcFace_Project/data/aligned/train/n007433/0254_01.jpg,/mnt/c/Users/ansar/Desktop/VGGFace2_ArcFace_Project/data/aligned/train/n007433/0291_02.jpg,0.416817843914032,507.64086039589625,72.04659598214286,66.31181156876237,16.966281139369016,16.133211096938773,12.318955717424785
random_genuine,/mnt/c/Users/ansar/Desktop/VGGFace2_ArcFace_Project/data/aligned/train/n001297/0002_01.jpg,/mnt/c/Users/ansar/Desktop/VGGFace2_ArcFace_Project/data/aligned/train/n001297/0214_01.jpg,0.2384372502565384,102.97897222567379,54.71265146683673,55.005830607000604,78.26237440129111,25.11152742346939,19.5218636775137
random_genuine,/mnt/c/Users/ansar/Desktop/VGGFace2_ArcFace_Project/data/aligned/train/n006621/0225_01.jpg,/mnt/c/Users/ansar/Desktop/VGGFace2_ArcFace_Project/data/aligned/train/n006621/0520_01.jpg,0.1186003684997558,518.5798430023765,82.90051020408163,72.11092405965908,426.71991198125454,71.21619897959184,41.63364341672692
random_genuine,/mnt/c/Users/ansar/Desktop/VGGFace2_ArcFace_Project/data/aligned/train/n006634/0003_01.jpg,/mnt/c/Users/ansar/Desktop/VGGFace2_ArcFace_Project/data/aligned/train/n006634/0014_01.jpg,0.6436717510223389,878.4846516727955,77.4721380739796,73.91637701622193,1218.5721599764747,7.79217155612244,2.2490903208057205
random_genuine,/mnt/c/Users/ansar/Desktop/VGGFace2_ArcFace_Project/data/aligned/train/n004971/0015_05.jpg,/mnt/c/Users/ansar/Desktop/VGGFace2_ArcFace_Project/data/aligned/train/n004971/0371_02.jpg,0.7542974948883057,1091.902843086087,88.81405452806123,72.8228467241648,1065.6878708819954,0.4689891581632679,6.140237853165388
random_genuine,/mnt/c/Users/ansar/Desktop/VGGFace2_ArcFace_Project/data/aligned/train/n004399/0109_01.jpg,/mnt/c/Users/ansar/Desktop/VGGFace2_ArcFace_Project/data/aligned/train/n004399/0349_01.jpg,0.4210221469402313,1645.4157885766335,87.63811383928572,76.28059620419106,2900.8955734297415,32.79870854591836,27.301352889099952
random_genuine,/mnt/c/Users/ansar/Desktop/VGGFace2_ArcFace_Project/data/aligned/train/n001301/0249_01.jpg,/mnt/c/Users/ansar/Desktop/VGGFace2_ArcFace_Project/data/aligned/train/n001301/0263_01.jpg,0.4115411639213562,2809.481085669642,75.33518016581633,75.9520090756788,2328.690792358602,10.484135841836746,20.311281555411938
random_genuine,/mnt/c/Users/ansar/Desktop/VGGFace2_ArcFace_Project/data/aligned/train/n002845/0007_01.jpg,/mnt/c/Users/ansar/Desktop/VGGFace2_ArcFace_Project/data/aligned/train/n002845/0098_03.jpg,0.0507810823619365,209.08133220235686,60.51036352040816,55.24219783484649,110.97612103736682,57.64285714285714,42.85275856996578
random_genuine,/mnt/c/Users/ansar/Desktop/VGGFace2_ArcFace_Project/data/aligned/train/n008463/0279_01.jpg,/mnt/c/Users/ansar/Desktop/VGGFace2_ArcFace_Project/data/aligned/train/n008463/0324_01.jpg,0.3260030746459961,1066.257536303843,74.66485969387756,71.52976132149367,1831.1191434721206,12.04496173469387,4.623103564174357
random_genuine,/mnt/c/Users/ansar/Desktop/VGGFace2_ArcFace_Project/data/aligned/train/n001482/0045_01.jpg,/mnt/c/Users/ansar/Desktop/VGGFace2_ArcFace_Project/data/aligned/train/n001482/0057_01.jpg,0.3487507700920105,1531.1038841619338,84.53922193877551,85.67280106096104,816.4400757039305,8.791613520408163,12.609868341857023
random_genuine,/mnt/c/Users/ansar/Desktop/VGGFace2_ArcFace_Project/data/aligned/train/n005285/0293_01.jpg,/mnt/c/Users/ansar/Desktop/VGGFace2_ArcFace_Project/data/aligned/train/n005285/0294_01.jpg,0.1527537703514099,659.8246226090284,113.85869738520408,84.32010712846304,559.5242940766868,1.9753667091836746,6.378114753768273
random_genuine,/mnt/c/Users/ansar/Desktop/VGGFace2_ArcFace_Project/data/aligned/train/n001620/0105_01.jpg,/mnt/c/Users/ansar/Desktop/VGGFace2_ArcFace_Project/data/aligned/train/n001620/0203_01.jpg,0.4928023517131805,735.4573010623778,78.1768574617347,75.78285776156142,1064.3694518826892,6.989716198979593,8.557696428609361
random_genuine,/mnt/c/Users/ansar/Desktop/VGGFace2_ArcFace_Project/data/aligned/train/n004209/0054_03.jpg,/mnt/c/Users/ansar/Desktop/VGGFace2_ArcFace_Project/data/aligned/train/n004209/0166_01.jpg,0.2135900110006332,342.7271886473643,65.35040656887756,67.54962110457889,180.12201704972978,18.511399872448983,7.534145921096801
random_genuine,/mnt/c/Users/ansar/Desktop/VGGFace2_ArcFace_Project/data/aligned/train/n001555/0054_04.jpg,/mnt/c/Users/ansar/Desktop/VGGFace2_ArcFace_Project/data/aligned/train/n001555/0148_01.jpg,0.4075568914413452,322.57064052265616,70.53455835459184,77.98040176706675,239.23540504770145,5.548708545918373,1.4931377021267593
random_genuine,/mnt/c/Users/ansar/Desktop/VGGFace2_ArcFace_Project/data/aligned/train/n006536/0018_04.jpg,/mnt/c/Users/ansar/Desktop/VGGFace2_ArcFace_Project/data/aligned/train/n006536/0045_01.jpg,0.2499792277812957,1402.3407596586546,89.02873883928572,78.7028825631435,2057.361506171745,21.166214923469383,11.953581691291802
random_genuine,/mnt/c/Users/ansar/Desktop/VGGFace2_ArcFace_Project/data/aligned/train/n007020/0071_01.jpg,/mnt/c/Users/ansar/Desktop/VGGFace2_ArcFace_Project/data/aligned/train/n007020/0341_01.jpg,0.1965870708227157,225.7638508559564,48.81289859693878,49.64459405229149,192.77720144479184,24.671077806122447,18.585428578108804
random_genuine,/mnt/c/Users/ansar/Desktop/VGGFace2_ArcFace_Project/data/aligned/train/n007800/0023_01.jpg,/mnt/c/Users/ansar/Desktop/VGGFace2_ArcFace_Project/data/aligned/train/n007800/0251_01.jpg,0.3268429338932037,478.09266979403424,71.10694355867346,66.54344005494829,316.95227995796637,10.076291454081641,17.516726781311633
random_genuine,/mnt/c/Users/ansar/Desktop/VGGFace2_ArcFace_Project/data/aligned/train/n007741/0085_04.jpg,/mnt/c/Users/ansar/Desktop/VGGFace2_ArcFace_Project/data/aligned/train/n007741/0165_01.jpg,0.437798261642456,729.6027994819206,116.59857302295919,87.99643777449464,50.696755856883556,7.967713647959187,15.091717558408263
random_genuine,/mnt/c/Users/ansar/Desktop/VGGFace2_ArcFace_Project/data/aligned/train/n002423/0222_02.jpg,/mnt/c/Users/ansar/Desktop/VGGFace2_ArcFace_Project/data/aligned/train/n002423/0229_01.jpg,0.1132185161113739,436.10843431885064,88.24764827806123,80.77693107412475,529.7448973236656,42.65330038265306,24.090074350483746
random_genuine,/mnt/c/Users/ansar/Desktop/VGGFace2_ArcFace_Project/data/aligned/train/n007434/0022_01.jpg,/mnt/c/Users/ansar/Desktop/VGGFace2_ArcFace_Project/data/aligned/train/n007434/0030_01.jpg,0.3954505324363708,321.16218680652264,82.25183354591837,67.17648747022844,337.76033210039435,18.103316326530617,14.640430790239364
random_genuine,/mnt/c/Users/ansar/Desktop/VGGFace2_ArcFace_Project/data/aligned/train/n004542/0045_02.jpg,/mnt/c/Users/ansar/Desktop/VGGFace2_ArcFace_Project/data/aligned/train/n004542/0252_01.jpg,0.2947109639644623,1261.1068256796027,96.13942920918367,80.3851449341896,507.02259835557413,11.327168367346928,3.7329305511424593
random_genuine,/mnt/c/Users/ansar/Desktop/VGGFace2_ArcFace_Project/data/aligned/train/n008811/0144_02.jpg,/mnt/c/Users/ansar/Desktop/VGGFace2_ArcFace_Project/data/aligned/train/n008811/0188_01.jpg,0.1583103984594345,154.30447208161456,94.40174585459184,76.89711756843795,167.52421465599255,14.205755739795919,10.801861941534781
random_genuine,/mnt/c/Users/ansar/Desktop/VGGFace2_ArcFace_Project/data/aligned/train/n004151/0159_02.jpg,/mnt/c/Users/ansar/Desktop/VGGFace2_ArcFace_Project/data/aligned/train/n004151/0520_01.jpg,0.5902317762374878,828.5795007028066,104.3785475127551,86.67532915299955,555.4357678128598,39.123804209183675,12.435200597683675
random_genuine,/mnt/c/Users/ansar/Desktop/VGGFace2_ArcFace_Project/data/aligned/train/n001869/0012_01.jpg,/mnt/c/Users/ansar/Desktop/VGGFace2_ArcFace_Project/data/aligned/train/n001869/0329_02.jpg,0.352006733417511,780.5604939426992,80.13149713010203,70.70214988785692,708.0079707185805,40.267299107142854,22.276387496436023
random_genuine,/mnt/c/Users/ansar/Desktop/VGGFace2_ArcFace_Project/data/aligned/train/n006836/0106_03.jpg,/mnt/c/Users/ansar/Desktop/VGGFace2_ArcFace_Project/data/aligned/train/n006836/0248_02.jpg,0.1574341356754303,212.34197809615767,76.3160475127551,79.92169294160388,32.51894022454226,30.182796556122447,32.92140561673476
random_genuine,/mnt/c/Users/ansar/Desktop/VGGFace2_ArcFace_Project/data/aligned/train/n008349/0059_01.jpg,/mnt/c/Users/ansar/Desktop/VGGFace2_ArcFace_Project/data/aligned/train/n008349/0248_01.jpg,0.4303341507911682,704.8450323579114,90.67000159438774,73.06589084433301,123.4642235669728,8.356744260204081,12.868767428382498
random_genuine,/mnt/c/Users/ansar/Desktop/VGGFace2_ArcFace_Project/data/aligned/train/n006431/0010_01.jpg,/mnt/c/Users/ansar/Desktop/VGGFace2_ArcFace_Project/data/aligned/train/n006431/0487_01.jpg,0.6200711727142334,1131.8504745629566,72.22253667091837,73.65679990845076,864.874260511164,3.640864158163268,14.997878135644754
random_genuine,/mnt/c/Users/ansar/Desktop/VGGFace2_ArcFace_Project/data/aligned/train/n002424/0095_01.jpg,/mnt/c/Users/ansar/Desktop/VGGFace2_ArcFace_Project/data/aligned/train/n002424/0151_01.jpg,0.334128588438034,827.7881398135451,75.92040019132654,70.30469096746761,511.05312241598347,15.686782525510196,8.679227822185197
random_genuine,/mnt/c/Users/ansar/Desktop/VGGFace2_ArcFace_Project/data/aligned/train/n006848/0035_01.jpg,/mnt/c/Users/ansar/Desktop/VGGFace2_ArcFace_Project/data/aligned/train/n006848/0131_01.jpg,0.513602077960968,678.0156153591907,64.57649075255102,59.82631724977547,318.45031768786134,0.44124681122448806,0.9250971394124505
random_genuine,/mnt/c/Users/ansar/Desktop/VGGFace2_ArcFace_Project/data/aligned/train/n005988/0254_01.jpg,/mnt/c/Users/ansar/Desktop/VGGFace2_ArcFace_Project/data/aligned/train/n005988/0353_01.jpg,0.6594419479370117,1164.3248827869522,85.02551020408163,72.48560881782942,1398.1114711864748,0.7751913265306172,1.337687392353672
random_genuine,/mnt/c/Users/ansar/Desktop/VGGFace2_ArcFace_Project/data/aligned/train/n003035/0120_01.jpg,/mnt/c/Users/ansar/Desktop/VGGFace2_ArcFace_Project/data/aligned/train/n003035/0303_02.jpg,0.3702839612960815,719.3504969522587,74.33470184948979,68.49704529482148,477.9382135851191,5.546316964285708,7.863317598348516
random_genuine,/mnt/c/Users/ansar/Desktop/VGGFace2_ArcFace_Project/data/aligned/train/n005909/0296_01.jpg,/mnt/c/Users/ansar/Desktop/VGGFace2_ArcFace_Project/data/aligned/train/n005909/0316_01.jpg,0.4698309600353241,939.0570218564072,83.1713568239796,81.0793755558277,1220.2956463084126,64.79647640306123,38.16243330764187
random_genuine,/mnt/c/Users/ansar/Desktop/VGGFace2_ArcFace_Project/data/aligned/train/n000557/0414_02.jpg,/mnt/c/Users/ansar/Desktop/VGGFace2_ArcFace_Project/data/aligned/train/n000557/0439_01.jpg,0.5242531895637512,369.2091095402855,85.79221141581633,68.37799054485829,96.34805759237679,23.273836096938766,11.279329305318505
random_genuine,/mnt/c/Users/ansar/Desktop/VGGFace2_ArcFace_Project/data/aligned/train/n002943/0020_01.jpg,/mnt/c/Users/ansar/Desktop/VGGFace2_ArcFace_Project/data/aligned/train/n002943/0311_01.jpg,0.5005085468292236,2106.620638182043,93.51363201530611,85.55820044937747,1918.1856600925455,55.966358418367335,19.396049040286655
random_genuine,/mnt/c/Users/ansar/Desktop/VGGFace2_ArcFace_Project/data/aligned/train/n000627/0170_02.jpg,/mnt/c/Users/ansar/Desktop/VGGFace2_ArcFace_Project/data/aligned/train/n000627/0263_01.jpg,0.2814120650291443,688.5488474161511,80.59988839285714,66.57241567719863,1171.6012417349602,11.548947704081627,0.6872576960153083
random_genuine,/mnt/c/Users/ansar/Desktop/VGGFace2_ArcFace_Project/data/aligned/train/n005325/0178_01.jpg,/mnt/c/Users/ansar/Desktop/VGGFace2_ArcFace_Project/data/aligned/train/n005325/0242_01.jpg,0.4583327770233154,644.5284573683288,86.40896045918367,74.2034438453332,66.1120878741524,25.745535714285722,10.1130226704893
random_genuine,/mnt/c/Users/ansar/Desktop/VGGFace2_ArcFace_Project/data/aligned/train/n002390/0074_01.jpg,/mnt/c/Users/ansar/Desktop/VGGFace2_ArcFace_Project/data/aligned/train/n002390/0278_02.jpg,0.0994642972946167,788.3990878574255,67.99916294642857,62.16012653163621,887.398573755076,7.76251594387756,16.26774164984161
random_genuine,/mnt/c/Users/ansar/Desktop/VGGFace2_ArcFace_Project/data/aligned/train/n007156/0076_01.jpg,/mnt/c/Users/ansar/Desktop/VGGFace2_ArcFace_Project/data/aligned/train/n007156/0272_02.jpg,0.6381956338882446,412.30585109229287,116.26610331632654,82.55103003514748,7.928049267852714,10.678252551020407,0.38652074352859245
random_genuine,/mnt/c/Users/ansar/Desktop/VGGFace2_ArcFace_Project/data/aligned/train/n002165/0301_03.jpg,/mnt/c/Users/ansar/Desktop/VGGFace2_ArcFace_Project/data/aligned/train/n002165/0316_03.jpg,0.4045398831367492,320.7521177940893,74.91430165816325,63.716648159575065,399.36893359863086,36.83418367346938,13.772642489147486
random_genuine,/mnt/c/Users/ansar/Desktop/VGGFace2_ArcFace_Project/data/aligned/train/n006150/0366_03.jpg,/mnt/c/Users/ansar/Desktop/VGGFace2_ArcFace_Project/data/aligned/train/n006150/0389_02.jpg,0.4233926236629486,239.43815775485598,68.33426339285714,54.82449624768854,44.066756903454944,42.162627551020414,20.036607252468166
random_genuine,/mnt/c/Users/ansar/Desktop/VGGFace2_ArcFace_Project/data/aligned/train/n005134/0019_01.jpg,/mnt/c/Users/ansar/Desktop/VGGFace2_ArcFace_Project/data/aligned/train/n005134/0111_01.jpg,0.6726453900337219,725.1489279261235,66.38735650510205,66.26238553410401,1074.718620525902,19.51674107142857,28.102830168341917
random_genuine,/mnt/c/Users/ansar/Desktop/VGGFace2_ArcFace_Project/data/aligned/train/n000012/0027_01.jpg,/mnt/c/Users/ansar/Desktop/VGGFace2_ArcFace_Project/data/aligned/train/n000012/0038_02.jpg,0.6107123494148254,1004.7281537705389,107.49158960459184,80.89967699911732,1059.5353958975124,24.60451211734693,11.62520622404898
random_genuine,/mnt/c/Users/ansar/Desktop/VGGFace2_ArcFace_Project/data/aligned/train/n007081/0142_01.jpg,/mnt/c/Users/ansar/Desktop/VGGFace2_ArcFace_Project/data/aligned/train/n007081/0152_02.jpg,0.5503438711166382,1059.900028652968,102.23062818877551,67.15333567664285,292.2006060605444,11.000637755102048,10.744222068731737
random_genuine,/mnt/c/Users/ansar/Desktop/VGGFace2_ArcFace_Project/data/aligned/train/n000933/0109_02.jpg,/mnt/c/Users/ansar/Desktop/VGGFace2_ArcFace_Project/data/aligned/train/n000933/0216_01.jpg,0.3691928386688232,2325.777801342082,100.93622448979592,90.89452298703702,2110.624795871593,7.234056122448976,0.29205562552760966
random_genuine,/mnt/c/Users/ansar/Desktop/VGGFace2_ArcFace_Project/data/aligned/train/n001496/0046_01.jpg,/mnt/c/Users/ansar/Desktop/VGGFace2_ArcFace_Project/data/aligned/train/n001496/0274_01.jpg,0.2869182229042053,657.0579347431735,78.49525669642857,88.81270028319355,242.82184181070397,22.910794005102048,1.008099422524836
random_genuine,/mnt/c/Users/ansar/Desktop/VGGFace2_ArcFace_Project/data/aligned/train/n003498/0248_01.jpg,/mnt/c/Users/ansar/Desktop/VGGFace2_ArcFace_Project/data/aligned/train/n003498/0334_01.jpg,0.4132716655731201,1283.815759667552,101.94778380102042,89.1866807254783,2040.924681091944,64.84103954081634,28.37571194162865
random_genuine,/mnt/c/Users/ansar/Desktop/VGGFace2_ArcFace_Project/data/aligned/train/n005980/0102_01.jpg,/mnt/c/Users/ansar/Desktop/VGGFace2_ArcFace_Project/data/aligned/train/n005980/0148_01.jpg,0.403948426246643,1076.4484694360544,84.41119260204081,84.80685725672079,1305.6714367721538,7.406568877551024,5.595238373861662
random_genuine,/mnt/c/Users/ansar/Desktop/VGGFace2_ArcFace_Project/data/aligned/train/n005631/0043_01.jpg,/mnt/c/Users/ansar/Desktop/VGGFace2_ArcFace_Project/data/aligned/train/n005631/0091_01.jpg,0.44149050116539,311.29923666144157,83.18387276785714,75.22790327039425,392.41378104175345,27.62109375,28.345748399060497
random_genuine,/mnt/c/Users/ansar/Desktop/VGGFace2_ArcFace_Project/data/aligned/train/n007509/0007_02.jpg,/mnt/c/Users/ansar/Desktop/VGGFace2_ArcFace_Project/data/aligned/train/n007509/0212_01.jpg,0.4888637363910675,499.82874408358083,79.65290178571428,76.09409102721955,176.43941623953071,9.07222576530613,3.8644973361433443
random_genuine,/mnt/c/Users/ansar/Desktop/VGGFace2_ArcFace_Project/data/aligned/train/n002445/0016_01.jpg,/mnt/c/Users/ansar/Desktop/VGGFace2_ArcFace_Project/data/aligned/train/n002445/0032_02.jpg,0.358760118484497,108.01147529573453,94.5138711734694,85.68504808770501,23.571126776603492,31.47767857142857,34.72110498964325
random_genuine,/mnt/c/Users/ansar/Desktop/VGGFace2_ArcFace_Project/data/aligned/train/n002993/0137_02.jpg,/mnt/c/Users/ansar/Desktop/VGGFace2_ArcFace_Project/data/aligned/train/n002993/0255_01.jpg,0.3047514259815216,855.6570185542553,86.11702806122449,75.21893147345295,908.1028399231135,5.923947704081627,15.041252347339977
random_genuine,/mnt/c/Users/ansar/Desktop/VGGFace2_ArcFace_Project/data/aligned/train/n001881/0241_03.jpg,/mnt/c/Users/ansar/Desktop/VGGFace2_ArcFace_Project/data/aligned/train/n001881/0316_01.jpg,0.2124334722757339,702.9179008226503,82.19264190051021,68.01439892551912,939.1040881060405,28.00502232142857,15.012175802984757
random_genuine,/mnt/c/Users/ansar/Desktop/VGGFace2_ArcFace_Project/data/aligned/train/n000101/0172_02.jpg,/mnt/c/Users/ansar/Desktop/VGGFace2_ArcFace_Project/data/aligned/train/n000101/0226_03.jpg,0.2137911021709442,506.8760112331887,58.498604910714285,64.60707483618064,606.9070966181184,7.924186862244895,7.060647528481773
random_genuine,/mnt/c/Users/ansar/Desktop/VGGFace2_ArcFace_Project/data/aligned/train/n002492/0023_01.jpg,/mnt/c/Users/ansar/Desktop/VGGFace2_ArcFace_Project/data/aligned/train/n002492/0131_01.jpg,0.335825115442276,699.0625389890341,81.57601243622449,73.51492004833693,70.20017426414142,19.983179209183675,12.040452526953729
random_genuine,/mnt/c/Users/ansar/Desktop/VGGFace2_ArcFace_Project/data/aligned/train/n003761/0001_01.jpg,/mnt/c/Users/ansar/Desktop/VGGFace2_ArcFace_Project/data/aligned/train/n003761/0194_02.jpg,0.4186139702796936,808.4986891740563,93.09367028061224,67.96687552474165,613.7689474376723,28.96316964285714,6.693207431211974
random_genuine,/mnt/c/Users/ansar/Desktop/VGGFace2_ArcFace_Project/data/aligned/train/n007524/0148_01.jpg,/mnt/c/Users/ansar/Desktop/VGGFace2_ArcFace_Project/data/aligned/train/n007524/0186_01.jpg,0.5703014135360718,793.1059966589797,87.31038743622449,71.16699907452495,877.3479947078629,23.12970344387756,26.00308524181088
random_genuine,/mnt/c/Users/ansar/Desktop/VGGFace2_ArcFace_Project/data/aligned/train/n001995/0055_01.jpg,/mnt/c/Users/ansar/Desktop/VGGFace2_ArcFace_Project/data/aligned/train/n001995/0070_01.jpg,0.4907414615154266,1040.4015854212307,88.00183354591837,64.21745620025239,349.5113271119842,27.97767857142857,15.413223920179242
random_genuine,/mnt/c/Users/ansar/Desktop/VGGFace2_ArcFace_Project/data/aligned/train/n002515/0033_01.jpg,/mnt/c/Users/ansar/Desktop/VGGFace2_ArcFace_Project/data/aligned/train/n002515/0166_01.jpg,0.6029531955718994,1160.068271619486,71.36507493622449,62.944566484045346,2000.5168431674076,10.332669005102048,2.620692973554455
random_genuine,/mnt/c/Users/ansar/Desktop/VGGFace2_ArcFace_Project/data/aligned/train/n004326/0097_01.jpg,/mnt/c/Users/ansar/Desktop/VGGFace2_ArcFace_Project/data/aligned/train/n004326/0173_01.jpg,0.5258844494819641,1224.2544932526282,97.71484375,75.11646239544771,81.14534941597412,32.26100127551021,8.059737559945816
random_genuine,/mnt/c/Users/ansar/Desktop/VGGFace2_ArcFace_Project/data/aligned/train/n004112/0051_01.jpg,/mnt/c/Users/ansar/Desktop/VGGFace2_ArcFace_Project/data/aligned/train/n004112/0270_01.jpg,0.416510671377182,1389.0764669269781,76.5463568239796,66.99892196623523,1534.512152580061,2.7099011479591866,1.032889334177483
random_genuine,/mnt/c/Users/ansar/Desktop/VGGFace2_ArcFace_Project/data/aligned/train/n006926/0090_01.jpg,/mnt/c/Users/ansar/Desktop/VGGFace2_ArcFace_Project/data/aligned/train/n006926/0417_01.jpg,-0.0025017017032951,2775.222367149648,64.13464604591837,79.86456040500792,5021.535286181671,7.4756058673469425,17.434222185989412
random_genuine,/mnt/c/Users/ansar/Desktop/VGGFace2_ArcFace_Project/data/aligned/train/n008920/0011_01.jpg,/mnt/c/Users/ansar/Desktop/VGGFace2_ArcFace_Project/data/aligned/train/n008920/0208_01.jpg,0.4309197962284088,730.8378521062492,69.29783163265306,58.678662841783535,551.9966872222024,28.547034438775505,17.921920822777842
random_genuine,/mnt/c/Users/ansar/Desktop/VGGFace2_ArcFace_Project/data/aligned/train/n008761/0149_02.jpg,/mnt/c/Users/ansar/Desktop/VGGFace2_ArcFace_Project/data/aligned/train/n008761/0212_01.jpg,0.4961618483066559,479.2652561039986,80.77997448979592,74.82470260589761,110.66014519834062,9.63600127551021,11.000396198256638
random_genuine,/mnt/c/Users/ansar/Desktop/VGGFace2_ArcFace_Project/data/aligned/train/n002919/0219_01.jpg,/mnt/c/Users/ansar/Desktop/VGGFace2_ArcFace_Project/data/aligned/train/n002919/0368_02.jpg,0.3290932774543762,722.6624729644254,101.4966119260204,78.82014925611259,996.89747095962,12.126992984693885,17.641050286463837
random_genuine,/mnt/c/Users/ansar/Desktop/VGGFace2_ArcFace_Project/data/aligned/train/n001593/0545_04.jpg,/mnt/c/Users/ansar/Desktop/VGGFace2_ArcFace_Project/data/aligned/train/n001593/0846_03.jpg,-0.0039798612706363,629.016268589158,90.78966039540816,82.60519761519242,1097.8252302151527,9.87970344387756,1.3009394173804907
random_genuine,/mnt/c/Users/ansar/Desktop/VGGFace2_ArcFace_Project/data/aligned/train/n004057/0095_01.jpg,/mnt/c/Users/ansar/Desktop/VGGFace2_ArcFace_Project/data/aligned/train/n004057/0171_01.jpg,0.3939289450645447,880.2258711325928,77.99569515306123,53.87305873302496,665.9835031708793,2.691645408163268,8.979007349618705
random_genuine,/mnt/c/Users/ansar/Desktop/VGGFace2_ArcFace_Project/data/aligned/train/n002480/0122_01.jpg,/mnt/c/Users/ansar/Desktop/VGGFace2_ArcFace_Project/data/aligned/train/n002480/0601_02.jpg,0.1877410858869552,249.55565448842015,99.72261639030611,90.9052984662363,2.831014033408536,9.24497767857143,21.262132636827545
random_genuine,/mnt/c/Users/ansar/Desktop/VGGFace2_ArcFace_Project/data/aligned/train/n008012/0010_01.jpg,/mnt/c/Users/ansar/Desktop/VGGFace2_ArcFace_Project/data/aligned/train/n008012/0074_01.jpg,0.4677136242389679,149.5963717122616,55.758968431122454,53.22080908687705,215.11148833275237,33.78946109693877,15.462617812501321
random_genuine,/mnt/c/Users/ansar/Desktop/VGGFace2_ArcFace_Project/data/aligned/train/n008455/0121_02.jpg,/mnt/c/Users/ansar/Desktop/VGGFace2_ArcFace_Project/data/aligned/train/n008455/0480_02.jpg,0.8467903733253479,292.17463953859453,72.80416932397958,61.663685407285456,105.49004034497543,0.5884088010204067,3.7151617778450756
random_genuine,/mnt/c/Users/ansar/Desktop/VGGFace2_ArcFace_Project/data/aligned/train/n003715/0139_01.jpg,/mnt/c/Users/ansar/Desktop/VGGFace2_ArcFace_Project/data/aligned/train/n003715/0432_01.jpg,0.5399580597877502,309.40533352573425,103.07342155612244,96.09025609129591,160.3541327384748,11.96285076530613,1.9334233638981715
random_genuine,/mnt/c/Users/ansar/Desktop/VGGFace2_ArcFace_Project/data/aligned/train/n008342/0241_01.jpg,/mnt/c/Users/ansar/Desktop/VGGFace2_ArcFace_Project/data/aligned/train/n008342/0267_02.jpg,0.3650789856910705,420.54140363420754,66.46177455357143,67.08654428186551,447.9592447086256,16.117745535714285,10.730750781530531
random_genuine,/mnt/c/Users/ansar/Desktop/VGGFace2_ArcFace_Project/data/aligned/train/n002798/0028_01.jpg,/mnt/c/Users/ansar/Desktop/VGGFace2_ArcFace_Project/data/aligned/train/n002798/0140_02.jpg,0.4295903444290161,174.32783941088593,89.15098852040816,63.96655318615518,108.40137905897772,13.012914540816325,6.603564341518442
random_genuine,/mnt/c/Users/ansar/Desktop/VGGFace2_ArcFace_Project/data/aligned/train/n008323/0327_02.jpg,/mnt/c/Users/ansar/Desktop/VGGFace2_ArcFace_Project/data/aligned/train/n008323/0359_03.jpg,0.2667202055454254,473.1142279113744,98.86383928571428,77.33733011572392,310.4493582589285,6.329241071428569,20.837555569499585
random_genuine,/mnt/c/Users/ansar/Desktop/VGGFace2_ArcFace_Project/data/aligned/train/n007335/0068_01.jpg,/mnt/c/Users/ansar/Desktop/VGGFace2_ArcFace_Project/data/aligned/train/n007335/0504_01.jpg,0.2825772762298584,701.3599021114046,78.52985491071429,67.82838219170382,51.55685779423777,34.00884885204082,18.041506800800555
random_genuine,/mnt/c/Users/ansar/Desktop/VGGFace2_ArcFace_Project/data/aligned/train/n008070/0092_01.jpg,/mnt/c/Users/ansar/Desktop/VGGFace2_ArcFace_Project/data/aligned/train/n008070/0235_01.jpg,0.1905234307050705,687.3077100589344,79.67865114795919,77.55773191253303,1068.1079212587506,7.389987244897952,14.289124228948438
random_genuine,/mnt/c/Users/ansar/Desktop/VGGFace2_ArcFace_Project/data/aligned/train/n003190/0013_01.jpg,/mnt/c/Users/ansar/Desktop/VGGFace2_ArcFace_Project/data/aligned/train/n003190/0914_01.jpg,0.2183540910482406,418.7926055387078,69.27164381377551,53.13289387070618,680.3724034256559,31.812101403061234,8.746563135565921
random_genuine,/mnt/c/Users/ansar/Desktop/VGGFace2_ArcFace_Project/data/aligned/train/n006853/0154_01.jpg,/mnt/c/Users/ansar/Desktop/VGGFace2_ArcFace_Project/data/aligned/train/n006853/0193_01.jpg,0.4828435182571411,2068.368431574302,71.2837213010204,69.3574948181786,142.70376216406999,28.30149872448979,24.167660440540452
random_genuine,/mnt/c/Users/ansar/Desktop/VGGFace2_ArcFace_Project/data/aligned/train/n005095/0004_02.jpg,/mnt/c/Users/ansar/Desktop/VGGFace2_ArcFace_Project/data/aligned/train/n005095/0518_01.jpg,0.4736962020397186,1533.5474302235468,65.76239636479592,60.39529706612431,2890.7333865215364,1.028778698979579,6.410996184388665
random_genuine,/mnt/c/Users/ansar/Desktop/VGGFace2_ArcFace_Project/data/aligned/train/n008671/0059_01.jpg,/mnt/c/Users/ansar/Desktop/VGGFace2_ArcFace_Project/data/aligned/train/n008671/0154_01.jpg,0.0944415628910064,400.22927750313795,79.12958386479592,68.7244410634433,475.6589695598027,31.968351403061227,16.910719750278545
random_genuine,/mnt/c/Users/ansar/Desktop/VGGFace2_ArcFace_Project/data/aligned/train/n008248/0025_01.jpg,/mnt/c/Users/ansar/Desktop/VGGFace2_ArcFace_Project/data/aligned/train/n008248/0108_01.jpg,0.6997727751731873,922.4747152237136,75.7251275510204,69.68818707865071,944.410849123585,8.800223214285722,2.953122286811336
random_genuine,/mnt/c/Users/ansar/Desktop/VGGFace2_ArcFace_Project/data/aligned/train/n007123/0275_01.jpg,/mnt/c/Users/ansar/Desktop/VGGFace2_ArcFace_Project/data/aligned/train/n007123/0289_01.jpg,0.1381289809942245,1193.1038314488867,65.05245535714286,64.26919135693,1704.752068846487,32.5280612244898,23.51830980370685
random_genuine,/mnt/c/Users/ansar/Desktop/VGGFace2_ArcFace_Project/data/aligned/train/n007904/0120_01.jpg,/mnt/c/Users/ansar/Desktop/VGGFace2_ArcFace_Project/data/aligned/train/n007904/0531_04.jpg,0.5262579321861267,585.204073876155,70.97771843112244,68.06643458231468,574.6533791424087,7.618861607142847,9.395522071437867
random_genuine,/mnt/c/Users/ansar/Desktop/VGGFace2_ArcFace_Project/data/aligned/train/n005606/0007_01.jpg,/mnt/c/Users/ansar/Desktop/VGGFace2_ArcFace_Project/data/aligned/train/n005606/0017_01.jpg,0.5294749140739441,1189.3527958499349,104.82242506377551,82.78352099742378,28.84086431577157,1.1880580357142776,4.764303990465763
random_genuine,/mnt/c/Users/ansar/Desktop/VGGFace2_ArcFace_Project/data/aligned/train/n002200/0275_01.jpg,/mnt/c/Users/ansar/Desktop/VGGFace2_ArcFace_Project/data/aligned/train/n002200/0446_01.jpg,0.5857347846031189,513.3687211671802,94.12635522959184,78.46198920403003,647.6763838037556,28.35857780612244,25.544997988106715
random_genuine,/mnt/c/Users/ansar/Desktop/VGGFace2_ArcFace_Project/data/aligned/train/n003432/0083_01.jpg,/mnt/c/Users/ansar/Desktop/VGGFace2_ArcFace_Project/data/aligned/train/n003432/0092_01.jpg,0.4780877232551574,1178.8802371487823,77.59948979591837,61.939338859686494,975.7575062883243,25.675542091836732,13.408969788526846
random_genuine,/mnt/c/Users/ansar/Desktop/VGGFace2_ArcFace_Project/data/aligned/train/n006024/0022_01.jpg,/mnt/c/Users/ansar/Desktop/VGGFace2_ArcFace_Project/data/aligned/train/n006024/0264_01.jpg,0.4133395552635193,899.3981510179831,84.0703125,77.71448913828333,845.3106556439193,26.776307397959187,8.308609234851161
random_genuine,/mnt/c/Users/ansar/Desktop/VGGFace2_ArcFace_Project/data/aligned/train/n002733/0179_02.jpg,/mnt/c/Users/ansar/Desktop/VGGFace2_ArcFace_Project/data/aligned/train/n002733/0250_01.jpg,0.3906119167804718,536.3184236608312,71.2274394132653,70.38393376242294,75.02106214314398,16.52566964285714,14.445759550231564
random_genuine,/mnt/c/Users/ansar/Desktop/VGGFace2_ArcFace_Project/data/aligned/train/n000967/0178_01.jpg,/mnt/c/Users/ansar/Desktop/VGGFace2_ArcFace_Project/data/aligned/train/n000967/0255_01.jpg,0.5419356226921082,1602.9980436910546,88.00191326530611,72.19069410390742,2509.4929042118683,22.521843112244895,5.890453511695355
random_genuine,/mnt/c/Users/ansar/Desktop/VGGFace2_ArcFace_Project/data/aligned/train/n004802/0422_01.jpg,/mnt/c/Users/ansar/Desktop/VGGFace2_ArcFace_Project/data/aligned/train/n004802/0443_01.jpg,0.6126697659492493,1961.4166298373348,101.58685427295919,79.77002209900851,1489.5188714360656,21.013472576530617,10.006800929868604
random_genuine,/mnt/c/Users/ansar/Desktop/VGGFace2_ArcFace_Project/data/aligned/train/n006730/0089_01.jpg,/mnt/c/Users/ansar/Desktop/VGGFace2_ArcFace_Project/data/aligned/train/n006730/0156_01.jpg,0.2832555472850799,1107.2648448729603,83.31261957908163,78.2072823776314,807.726880951754,29.627949617346943,5.425107112737223
random_genuine,/mnt/c/Users/ansar/Desktop/VGGFace2_ArcFace_Project/data/aligned/train/n007134/0248_01.jpg,/mnt/c/Users/ansar/Desktop/VGGFace2_ArcFace_Project/data/aligned/train/n007134/0256_01.jpg,0.3774118423461914,423.808756388609,82.0074537627551,68.04328693876766,252.5031919340351,16.236208545918373,14.211352243655433
random_genuine,/mnt/c/Users/ansar/Desktop/VGGFace2_ArcFace_Project/data/aligned/train/n006876/0022_01.jpg,/mnt/c/Users/ansar/Desktop/VGGFace2_ArcFace_Project/data/aligned/train/n006876/0097_01.jpg,0.3540199100971222,538.0660282311367,54.22241709183673,57.90796328274278,232.06381387007542,24.93351403061225,9.35500132659105
random_genuine,/mnt/c/Users/ansar/Desktop/VGGFace2_ArcFace_Project/data/aligned/train/n005254/0092_01.jpg,/mnt/c/Users/ansar/Desktop/VGGFace2_ArcFace_Project/data/aligned/train/n005254/0262_01.jpg,0.2285630702972412,214.45791279936967,69.39461096938776,65.86199899848498,59.173851747206925,26.00318877551021,9.343943708779122
random_genuine,/mnt/c/Users/ansar/Desktop/VGGFace2_ArcFace_Project/data/aligned/train/n003373/0017_01.jpg,/mnt/c/Users/ansar/Desktop/VGGFace2_ArcFace_Project/data/aligned/train/n003373/0298_01.jpg,0.522369384765625,1000.8139214124444,83.00394610969389,82.78379730271266,366.8048740118455,44.23158482142857,21.787635349767683
random_genuine,/mnt/c/Users/ansar/Desktop/VGGFace2_ArcFace_Project/data/aligned/train/n007907/0202_01.jpg,/mnt/c/Users/ansar/Desktop/VGGFace2_ArcFace_Project/data/aligned/train/n007907/0278_02.jpg,0.4710054397583008,274.73991083910147,74.12360491071428,71.31888926894169,148.12346250382325,6.598772321428569,7.454518331476606
random_genuine,/mnt/c/Users/ansar/Desktop/VGGFace2_ArcFace_Project/data/aligned/train/n003226/0034_02.jpg,/mnt/c/Users/ansar/Desktop/VGGFace2_ArcFace_Project/data/aligned/train/n003226/0219_02.jpg,0.5004965662956238,307.18360470315406,90.89528858418367,59.758205603298016,148.9302830122154,25.32963966836735,19.34772262665517
random_genuine,/mnt/c/Users/ansar/Desktop/VGGFace2_ArcFace_Project/data/aligned/train/n001606/0148_01.jpg,/mnt/c/Users/ansar/Desktop/VGGFace2_ArcFace_Project/data/aligned/train/n001606/0246_01.jpg,0.1838296949863433,695.2264002522347,73.01347257653062,77.38871740512846,173.68112298281505,47.67123724489796,26.74605636226771
random_genuine,/mnt/c/Users/ansar/Desktop/VGGFace2_ArcFace_Project/data/aligned/train/n006556/0232_01.jpg,/mnt/c/Users/ansar/Desktop/VGGFace2_ArcFace_Project/data/aligned/train/n006556/0237_02.jpg,0.273648589849472,704.5401432207356,90.88209502551021,74.90277826449731,661.0810443984626,30.48469387755101,23.113019060300907
random_genuine,/mnt/c/Users/ansar/Desktop/VGGFace2_ArcFace_Project/data/aligned/train/n002205/0029_01.jpg,/mnt/c/Users/ansar/Desktop/VGGFace2_ArcFace_Project/data/aligned/train/n002205/0206_01.jpg,0.3840859234333038,407.82104816301717,71.57852359693878,65.68469498019925,380.2282396322089,37.1656568877551,14.68509891008624
random_genuine,/mnt/c/Users/ansar/Desktop/VGGFace2_ArcFace_Project/data/aligned/train/n003595/0029_01.jpg,/mnt/c/Users/ansar/Desktop/VGGFace2_ArcFace_Project/data/aligned/train/n003595/0197_01.jpg,0.2883813977241516,466.98338469759915,67.06732302295919,61.78795749820768,346.25063630612084,42.92673788265306,18.499363025028103
random_genuine,/mnt/c/Users/ansar/Desktop/VGGFace2_ArcFace_Project/data/aligned/train/n001340/0033_01.jpg,/mnt/c/Users/ansar/Desktop/VGGFace2_ArcFace_Project/data/aligned/train/n001340/0328_01.jpg,0.1609915196895599,215.11768969591833,87.31907684948979,85.3132391433517,191.71047038785719,1.0676817602040813,7.236275699747139
random_genuine,/mnt/c/Users/ansar/Desktop/VGGFace2_ArcFace_Project/data/aligned/train/n003477/0049_01.jpg,/mnt/c/Users/ansar/Desktop/VGGFace2_ArcFace_Project/data/aligned/train/n003477/0060_01.jpg,0.4182929396629333,553.9944787905247,80.58306760204081,67.27755633862228,235.92469980159626,22.187340561224488,16.763850530649265
random_genuine,/mnt/c/Users/ansar/Desktop/VGGFace2_ArcFace_Project/data/aligned/train/n002249/0171_02.jpg,/mnt/c/Users/ansar/Desktop/VGGFace2_ArcFace_Project/data/aligned/train/n002249/0282_01.jpg,0.2781617939472198,429.2925168076737,93.81206154336735,80.75101523375008,355.8503658194584,4.381297831632651,2.5043818673234313
random_genuine,/mnt/c/Users/ansar/Desktop/VGGFace2_ArcFace_Project/data/aligned/train/n008614/0013_01.jpg,/mnt/c/Users/ansar/Desktop/VGGFace2_ArcFace_Project/data/aligned/train/n008614/0020_01.jpg,0.6193506121635437,1650.542447879383,97.0802774234694,75.0024751305869,1101.1532659121522,21.63408801020408,13.460175979291378
random_genuine,/mnt/c/Users/ansar/Desktop/VGGFace2_ArcFace_Project/data/aligned/train/n006828/0061_01.jpg,/mnt/c/Users/ansar/Desktop/VGGFace2_ArcFace_Project/data/aligned/train/n006828/0476_02.jpg,0.6913414001464844,1518.5973482461632,65.90485491071428,65.08434286752708,860.0439225355324,14.187739158163268,10.63928477733846
random_genuine,/mnt/c/Users/ansar/Desktop/VGGFace2_ArcFace_Project/data/aligned/train/n001719/0037_01.jpg,/mnt/c/Users/ansar/Desktop/VGGFace2_ArcFace_Project/data/aligned/train/n001719/0126_01.jpg,0.3896034657955169,204.339038771026,62.20372289540816,57.228575985393235,96.40529834980867,22.96261160714286,19.57060005327852
random_genuine,/mnt/c/Users/ansar/Desktop/VGGFace2_ArcFace_Project/data/aligned/train/n006610/0190_03.jpg,/mnt/c/Users/ansar/Desktop/VGGFace2_ArcFace_Project/data/aligned/train/n006610/0258_01.jpg,0.6121596097946167,71.33675613307993,67.26849489795919,69.03737231904,11.966384671619153,1.5712691326530575,0.41672059452558585
random_genuine,/mnt/c/Users/ansar/Desktop/VGGFace2_ArcFace_Project/data/aligned/train/n005991/0072_01.jpg,/mnt/c/Users/ansar/Desktop/VGGFace2_ArcFace_Project/data/aligned/train/n005991/0152_01.jpg,0.2946578860282898,264.12243047012777,83.595703125,75.88018280584808,136.91999692332988,44.57071109693877,21.817677085936936
random_genuine,/mnt/c/Users/ansar/Desktop/VGGFace2_ArcFace_Project/data/aligned/train/n000593/0060_01.jpg,/mnt/c/Users/ansar/Desktop/VGGFace2_ArcFace_Project/data/aligned/train/n000593/0179_01.jpg,0.313242644071579,496.0238803131091,58.59155771683673,61.0218962695087,22.66521536157012,42.3304368622449,25.908093216904057
random_genuine,/mnt/c/Users/ansar/Desktop/VGGFace2_ArcFace_Project/data/aligned/train/n003481/0171_01.jpg,/mnt/c/Users/ansar/Desktop/VGGFace2_ArcFace_Project/data/aligned/train/n003481/0203_04.jpg,0.3402883112430572,330.13608338126835,72.9131855867347,69.90792692913996,250.30847650326973,11.487723214285708,4.820508822051849
random_genuine,/mnt/c/Users/ansar/Desktop/VGGFace2_ArcFace_Project/data/aligned/train/n002598/0178_01.jpg,/mnt/c/Users/ansar/Desktop/VGGFace2_ArcFace_Project/data/aligned/train/n002598/0450_01.jpg,0.4681146442890167,192.5320379153136,91.54743303571428,80.45410070955268,63.909084308946774,22.79575892857143,7.666269350559659
random_genuine,/mnt/c/Users/ansar/Desktop/VGGFace2_ArcFace_Project/data/aligned/train/n008364/0132_01.jpg,/mnt/c/Users/ansar/Desktop/VGGFace2_ArcFace_Project/data/aligned/train/n008364/0219_01.jpg,0.3328257203102112,792.4822454520039,68.67398756377551,65.88000380512797,480.015870049416,16.94379783163265,2.3199104791686977
random_genuine,/mnt/c/Users/ansar/Desktop/VGGFace2_ArcFace_Project/data/aligned/train/n003016/0078_01.jpg,/mnt/c/Users/ansar/Desktop/VGGFace2_ArcFace_Project/data/aligned/train/n003016/0109_02.jpg,0.5372227430343628,3416.891028410988,95.76295440051021,79.05743540444021,6410.18084107335,15.093829719387756,13.761798513426314
random_genuine,/mnt/c/Users/ansar/Desktop/VGGFace2_ArcFace_Project/data/aligned/train/n000487/0028_03.jpg,/mnt/c/Users/ansar/Desktop/VGGFace2_ArcFace_Project/data/aligned/train/n000487/0036_01.jpg,0.6682158708572388,144.1934862688947,91.13695790816327,80.51696598389503,105.25334821428571,25.405612244897952,10.237718612901233
random_genuine,/mnt/c/Users/ansar/Desktop/VGGFace2_ArcFace_Project/data/aligned/train/n008386/0163_01.jpg,/mnt/c/Users/ansar/Desktop/VGGFace2_ArcFace_Project/data/aligned/train/n008386/0351_04.jpg,0.3201302289962768,1127.6414691904395,79.11639030612245,83.56344831650168,985.2249033910838,9.820471938775512,5.285410183293365
random_genuine,/mnt/c/Users/ansar/Desktop/VGGFace2_ArcFace_Project/data/aligned/train/n008997/0099_01.jpg,/mnt/c/Users/ansar/Desktop/VGGFace2_ArcFace_Project/data/aligned/train/n008997/0155_01.jpg,0.2146922349929809,1179.1657585897133,69.32979910714286,61.94944877066028,1715.8456624010016,34.0953443877551,5.014719113851299
random_genuine,/mnt/c/Users/ansar/Desktop/VGGFace2_ArcFace_Project/data/aligned/train/n009048/0076_01.jpg,/mnt/c/Users/ansar/Desktop/VGGFace2_ArcFace_Project/data/aligned/train/n009048/0385_01.jpg,0.6240788698196411,837.581476385521,100.26415019132654,72.52041430678179,858.970503063909,12.310666454081641,22.900364893222005
random_genuine,/mnt/c/Users/ansar/Desktop/VGGFace2_ArcFace_Project/data/aligned/train/n001081/0051_01.jpg,/mnt/c/Users/ansar/Desktop/VGGFace2_ArcFace_Project/data/aligned/train/n001081/0137_01.jpg,0.4140723943710327,1461.6638641516302,32.423070790816325,42.026424392786396,1873.3531344349012,13.669164540816325,12.981694403154926
random_genuine,/mnt/c/Users/ansar/Desktop/VGGFace2_ArcFace_Project/data/aligned/train/n000521/0275_01.jpg,/mnt/c/Users/ansar/Desktop/VGGFace2_ArcFace_Project/data/aligned/train/n000521/0325_02.jpg,0.5779087543487549,849.3979457297557,65.98174426020408,66.1815977007877,1447.1744556609715,32.71029974489795,23.01522502701478
random_genuine,/mnt/c/Users/ansar/Desktop/VGGFace2_ArcFace_Project/data/aligned/train/n000045/0031_02.jpg,/mnt/c/Users/ansar/Desktop/VGGFace2_ArcFace_Project/data/aligned/train/n000045/0092_01.jpg,0.4398744106292724,1257.478560238369,116.88161670918367,80.22278637101317,1639.7646563687656,24.27742346938777,5.551190300914598
random_genuine,/mnt/c/Users/ansar/Desktop/VGGFace2_ArcFace_Project/data/aligned/train/n007522/0015_01.jpg,/mnt/c/Users/ansar/Desktop/VGGFace2_ArcFace_Project/data/aligned/train/n007522/0367_01.jpg,0.2402783334255218,493.9332621557323,52.116828762755105,59.73340027097239,151.105253995731,25.492586096938773,3.4648625796108092
random_genuine,/mnt/c/Users/ansar/Desktop/VGGFace2_ArcFace_Project/data/aligned/train/n005879/0241_01.jpg,/mnt/c/Users/ansar/Desktop/VGGFace2_ArcFace_Project/data/aligned/train/n005879/0243_01.jpg,0.7116555571556091,235.9701722735715,48.0,59.55674332817941,48.1947939998654,26.372448979591837,38.209165134320976
random_genuine,/mnt/c/Users/ansar/Desktop/VGGFace2_ArcFace_Project/data/aligned/train/n004975/0284_02.jpg,/mnt/c/Users/ansar/Desktop/VGGFace2_ArcFace_Project/data/aligned/train/n004975/0395_01.jpg,0.3652381002902984,1062.6805644736394,83.23708545918367,76.76190904482378,1495.8706180456525,9.924744897959187,15.341649734044381
random_genuine,/mnt/c/Users/ansar/Desktop/VGGFace2_ArcFace_Project/data/aligned/train/n000900/0222_01.jpg,/mnt/c/Users/ansar/Desktop/VGGFace2_ArcFace_Project/data/aligned/train/n000900/0247_01.jpg,0.4083917140960693,598.2725139587733,75.2081074617347,82.02297513055169,360.0416404663746,6.125717474489804,5.423348161193232
random_genuine,/mnt/c/Users/ansar/Desktop/VGGFace2_ArcFace_Project/data/aligned/train/n002435/0029_03.jpg,/mnt/c/Users/ansar/Desktop/VGGFace2_ArcFace_Project/data/aligned/train/n002435/0718_03.jpg,0.0370384566485881,323.2693346175289,98.03547512755102,91.15027179075477,389.332256128072,38.16661352040816,18.43113383527141
random_genuine,/mnt/c/Users/ansar/Desktop/VGGFace2_ArcFace_Project/data/aligned/train/n005219/0197_01.jpg,/mnt/c/Users/ansar/Desktop/VGGFace2_ArcFace_Project/data/aligned/train/n005219/0235_02.jpg,0.2791821360588074,1324.2150579640788,73.74621332908163,80.17881583726427,1005.6122613197465,21.169403698979593,23.366850597678734
random_genuine,/mnt/c/Users/ansar/Desktop/VGGFace2_ArcFace_Project/data/aligned/train/n002734/0016_01.jpg,/mnt/c/Users/ansar/Desktop/VGGFace2_ArcFace_Project/data/aligned/train/n002734/0241_01.jpg,0.5264589786529541,1701.4333764917899,60.75569993622449,64.77446094657198,2064.84511816874,40.542649872448976,26.904050191227896
random_genuine,/mnt/c/Users/ansar/Desktop/VGGFace2_ArcFace_Project/data/aligned/train/n007989/0125_01.jpg,/mnt/c/Users/ansar/Desktop/VGGFace2_ArcFace_Project/data/aligned/train/n007989/0381_01.jpg,0.1544317752122879,293.9721424050353,74.21189413265306,61.1214448690012,83.73302854691283,47.5765306122449,22.95946730104238
random_genuine,/mnt/c/Users/ansar/Desktop/VGGFace2_ArcFace_Project/data/aligned/train/n002193/0094_01.jpg,/mnt/c/Users/ansar/Desktop/VGGFace2_ArcFace_Project/data/aligned/train/n002193/0097_01.jpg,0.3985725045204162,1126.2456860969287,60.465162627551024,63.692050457808925,976.6497504295086,22.76881377551021,23.381269084759126
random_genuine,/mnt/c/Users/ansar/Desktop/VGGFace2_ArcFace_Project/data/aligned/train/n006115/0103_01.jpg,/mnt/c/Users/ansar/Desktop/VGGFace2_ArcFace_Project/data/aligned/train/n006115/0170_01.jpg,0.4667582809925079,318.9280910468112,87.4341119260204,67.67069611355403,248.50713249565618,6.468351403061234,1.1971651879137255
random_genuine,/mnt/c/Users/ansar/Desktop/VGGFace2_ArcFace_Project/data/aligned/train/n006417/0115_02.jpg,/mnt/c/Users/ansar/Desktop/VGGFace2_ArcFace_Project/data/aligned/train/n006417/0200_01.jpg,0.2502631247043609,467.38730294046076,60.803491709183675,55.930032832013225,506.27009208834886,0.8040497448979593,20.98499692641709
random_genuine,/mnt/c/Users/ansar/Desktop/VGGFace2_ArcFace_Project/data/aligned/train/n008372/0034_01.jpg,/mnt/c/Users/ansar/Desktop/VGGFace2_ArcFace_Project/data/aligned/train/n008372/0151_01.jpg,0.3131174743175506,443.749555518656,75.0434869260204,61.70898600951063,671.5034216293342,5.49529655612244,6.381076423091358
random_genuine,/mnt/c/Users/ansar/Desktop/VGGFace2_ArcFace_Project/data/aligned/train/n006470/0009_01.jpg,/mnt/c/Users/ansar/Desktop/VGGFace2_ArcFace_Project/data/aligned/train/n006470/0150_01.jpg,0.4790340363979339,1624.2215477793675,85.63695790816327,73.33199409166602,640.7426928639759,14.913903061224488,8.559644283216201
random_genuine,/mnt/c/Users/ansar/Desktop/VGGFace2_ArcFace_Project/data/aligned/train/n006283/0158_01.jpg,/mnt/c/Users/ansar/Desktop/VGGFace2_ArcFace_Project/data/aligned/train/n006283/0162_02.jpg,0.1779315024614334,455.242362210275,63.04866868622449,62.57914780440744,764.0667620892825,12.814971301020414,33.40194961789288
random_genuine,/mnt/c/Users/ansar/Desktop/VGGFace2_ArcFace_Project/data/aligned/train/n000538/0229_02.jpg,/mnt/c/Users/ansar/Desktop/VGGFace2_ArcFace_Project/data/aligned/train/n000538/0309_01.jpg,0.4254492521286011,1374.372757164551,77.81604751275509,82.62236518950536,1258.3970894072763,5.674027423469383,17.113790510710942
random_genuine,/mnt/c/Users/ansar/Desktop/VGGFace2_ArcFace_Project/data/aligned/train/n005124/0085_01.jpg,/mnt/c/Users/ansar/Desktop/VGGFace2_ArcFace_Project/data/aligned/train/n005124/0397_01.jpg,0.343937873840332,705.7802138989889,69.28396045918367,65.31477944128773,266.34411067557505,16.134725765306122,5.340794839143399
random_genuine,/mnt/c/Users/ansar/Desktop/VGGFace2_ArcFace_Project/data/aligned/train/n003367/0013_02.jpg,/mnt/c/Users/ansar/Desktop/VGGFace2_ArcFace_Project/data/aligned/train/n003367/0102_02.jpg,0.6424460411071777,878.0349462938925,90.35367506377551,67.31418063442257,338.84731993383286,0.9299266581632679,15.587754984162117
random_genuine,/mnt/c/Users/ansar/Desktop/VGGFace2_ArcFace_Project/data/aligned/train/n006607/0166_02.jpg,/mnt/c/Users/ansar/Desktop/VGGFace2_ArcFace_Project/data/aligned/train/n006607/0167_01.jpg,0.4006593227386474,507.79891314143094,64.88349011479592,66.66815015950672,369.6293243001472,46.28451849489796,34.611574744017645
random_genuine,/mnt/c/Users/ansar/Desktop/VGGFace2_ArcFace_Project/data/aligned/train/n007058/0070_01.jpg,/mnt/c/Users/ansar/Desktop/VGGFace2_ArcFace_Project/data/aligned/train/n007058/0347_01.jpg,0.1074593812227249,595.7038503803346,60.18319515306122,55.691275522432406,828.1817817608548,29.339285714285715,21.569359687070857
random_genuine,/mnt/c/Users/ansar/Desktop/VGGFace2_ArcFace_Project/data/aligned/train/n002829/0115_01.jpg,/mnt/c/Users/ansar/Desktop/VGGFace2_ArcFace_Project/data/aligned/train/n002829/0158_02.jpg,0.5224090814590454,1421.4156914948921,74.59709821428571,70.96631250480061,879.0646362749551,23.362723214285715,10.54416556683698
random_genuine,/mnt/c/Users/ansar/Desktop/VGGFace2_ArcFace_Project/data/aligned/train/n007988/0013_01.jpg,/mnt/c/Users/ansar/Desktop/VGGFace2_ArcFace_Project/data/aligned/train/n007988/0105_01.jpg,0.3768781721591949,615.2346268653472,81.95687181122449,72.21419883558099,727.6448692375795,26.08051658163265,28.618843114657416
random_genuine,/mnt/c/Users/ansar/Desktop/VGGFace2_ArcFace_Project/data/aligned/train/n003596/0100_01.jpg,/mnt/c/Users/ansar/Desktop/VGGFace2_ArcFace_Project/data/aligned/train/n003596/0196_04.jpg,0.4770371913909912,1016.8026453738707,81.23656728316327,74.81715946988187,805.1606431648862,7.9131855867346985,12.408905811725901
random_genuine,/mnt/c/Users/ansar/Desktop/VGGFace2_ArcFace_Project/data/aligned/train/n004736/0121_01.jpg,/mnt/c/Users/ansar/Desktop/VGGFace2_ArcFace_Project/data/aligned/train/n004736/0337_01.jpg,0.2121828943490982,944.9975668999714,77.21484375,73.91319233931821,1068.6349446377326,3.906090561224488,13.6063610260274
random_genuine,/mnt/c/Users/ansar/Desktop/VGGFace2_ArcFace_Project/data/aligned/train/n003930/0224_02.jpg,/mnt/c/Users/ansar/Desktop/VGGFace2_ArcFace_Project/data/aligned/train/n003930/0302_01.jpg,0.4130120277404785,580.5111191100948,72.32433832908163,62.72371508551633,287.7299987907362,0.15728635204082764,9.494783850958235
random_genuine,/mnt/c/Users/ansar/Desktop/VGGFace2_ArcFace_Project/data/aligned/train/n002713/0111_01.jpg,/mnt/c/Users/ansar/Desktop/VGGFace2_ArcFace_Project/data/aligned/train/n002713/0160_01.jpg,0.5342539548873901,1352.9700737047174,78.59259406887756,75.28142223225854,2239.9147561743375,17.906489158163268,14.105464322315115
random_genuine,/mnt/c/Users/ansar/Desktop/VGGFace2_ArcFace_Project/data/aligned/train/n002794/0335_01.jpg,/mnt/c/Users/ansar/Desktop/VGGFace2_ArcFace_Project/data/aligned/train/n002794/0353_03.jpg,0.264266163110733,818.9282367774617,79.94842155612244,78.83153289100403,677.9033717894645,10.33561862244899,8.805040090457467
random_genuine,/mnt/c/Users/ansar/Desktop/VGGFace2_ArcFace_Project/data/aligned/train/n003109/0129_01.jpg,/mnt/c/Users/ansar/Desktop/VGGFace2_ArcFace_Project/data/aligned/train/n003109/0351_01.jpg,0.4539677202701568,956.9424394085624,76.92893016581633,68.25349627670275,126.80951110128069,24.865353954081627,12.315294964685513
random_genuine,/mnt/c/Users/ansar/Desktop/VGGFace2_ArcFace_Project/data/aligned/train/n001109/0046_01.jpg,/mnt/c/Users/ansar/Desktop/VGGFace2_ArcFace_Project/data/aligned/train/n001109/0405_01.jpg,0.3966563045978546,3856.893786686552,55.78535554846939,70.49145271772659,2640.5367807676676,30.833466198979593,32.88693715857647
random_genuine,/mnt/c/Users/ansar/Desktop/VGGFace2_ArcFace_Project/data/aligned/train/n006070/0311_01.jpg,/mnt/c/Users/ansar/Desktop/VGGFace2_ArcFace_Project/data/aligned/train/n006070/0327_01.jpg,0.2249816954135894,281.77149626554325,75.90868144132654,72.85130123156813,366.77132951195466,23.410475127551024,8.010817369941023
random_genuine,/mnt/c/Users/ansar/Desktop/VGGFace2_ArcFace_Project/data/aligned/train/n000014/0089_01.jpg,/mnt/c/Users/ansar/Desktop/VGGFace2_ArcFace_Project/data/aligned/train/n000014/0130_26.jpg,0.2233413606882095,78.10225637770355,67.18459024234694,63.74503521977776,33.38930261398245,21.85945471938775,0.9712541958893794
random_genuine,/mnt/c/Users/ansar/Desktop/VGGFace2_ArcFace_Project/data/aligned/train/n003426/0095_01.jpg,/mnt/c/Users/ansar/Desktop/VGGFace2_ArcFace_Project/data/aligned/train/n003426/0227_02.jpg,0.2441837638616562,387.765942117166,77.32134885204081,73.50651556049147,392.2965778317466,2.1183035714285694,0.3786954731010468
random_genuine,/mnt/c/Users/ansar/Desktop/VGGFace2_ArcFace_Project/data/aligned/train/n001283/0004_01.jpg,/mnt/c/Users/ansar/Desktop/VGGFace2_ArcFace_Project/data/aligned/train/n001283/0173_01.jpg,0.1024655476212501,1305.300744780795,59.7997050382653,69.30699938585579,1066.7274320094796,6.412547831632658,5.1545387405682135
random_genuine,/mnt/c/Users/ansar/Desktop/VGGFace2_ArcFace_Project/data/aligned/train/n005770/0185_01.jpg,/mnt/c/Users/ansar/Desktop/VGGFace2_ArcFace_Project/data/aligned/train/n005770/0284_01.jpg,0.5306283831596375,1396.887990443918,72.68431122448979,75.4100101885958,737.9187947264909,1.7653061224489903,7.8661315404554415
random_genuine,/mnt/c/Users/ansar/Desktop/VGGFace2_ArcFace_Project/data/aligned/train/n002938/0071_01.jpg,/mnt/c/Users/ansar/Desktop/VGGFace2_ArcFace_Project/data/aligned/train/n002938/0131_01.jpg,0.5529289841651917,1003.8749777409791,82.98202327806122,70.11316943966074,1202.8274003378006,32.719945790816325,28.723954986437946
random_genuine,/mnt/c/Users/ansar/Desktop/VGGFace2_ArcFace_Project/data/aligned/train/n001559/0066_01.jpg,/mnt/c/Users/ansar/Desktop/VGGFace2_ArcFace_Project/data/aligned/train/n001559/0093_02.jpg,0.4359088242053985,113.17870815075321,69.7580117984694,56.97998488226952,137.7257821537067,38.093829719387756,15.919722966983102
random_genuine,/mnt/c/Users/ansar/Desktop/VGGFace2_ArcFace_Project/data/aligned/train/n001044/0259_02.jpg,/mnt/c/Users/ansar/Desktop/VGGFace2_ArcFace_Project/data/aligned/train/n001044/0430_01.jpg,0.4243965744972229,1195.8343479898463,81.16338488520408,70.90456433924302,90.78227151269402,17.208785076530603,18.922470126712533
random_genuine,/mnt/c/Users/ansar/Desktop/VGGFace2_ArcFace_Project/data/aligned/train/n008299/0023_01.jpg,/mnt/c/Users/ansar/Desktop/VGGFace2_ArcFace_Project/data/aligned/train/n008299/0180_01.jpg,0.254136860370636,653.0380157953697,76.29129464285714,70.63358050513379,636.7564195968964,11.141900510204081,6.472992801108546
random_genuine,/mnt/c/Users/ansar/Desktop/VGGFace2_ArcFace_Project/data/aligned/train/n000247/0061_01.jpg,/mnt/c/Users/ansar/Desktop/VGGFace2_ArcFace_Project/data/aligned/train/n000247/0108_03.jpg,0.4447145462036133,489.9510382064825,68.32637117346938,61.91847504543991,783.246293353518,23.692920918367342,14.765333040950296
random_genuine,/mnt/c/Users/ansar/Desktop/VGGFace2_ArcFace_Project/data/aligned/train/n002308/0146_01.jpg,/mnt/c/Users/ansar/Desktop/VGGFace2_ArcFace_Project/data/aligned/train/n002308/0297_01.jpg,0.2078944742679596,470.58581235060234,74.63241390306123,63.584918355096896,552.2053966403056,2.634566326530617,8.187580905020255
random_genuine,/mnt/c/Users/ansar/Desktop/VGGFace2_ArcFace_Project/data/aligned/train/n005158/0271_01.jpg,/mnt/c/Users/ansar/Desktop/VGGFace2_ArcFace_Project/data/aligned/train/n005158/0272_01.jpg,0.2218366861343383,740.3517690147771,85.24597417091837,69.72960779934442,1357.2514603760578,66.55859375,44.65172726520406
random_genuine,/mnt/c/Users/ansar/Desktop/VGGFace2_ArcFace_Project/data/aligned/train/n003719/0046_01.jpg,/mnt/c/Users/ansar/Desktop/VGGFace2_ArcFace_Project/data/aligned/train/n003719/0210_01.jpg,0.5055683851242065,745.5587100243877,66.55787627551021,56.3130073196112,1321.1864700539813,34.32637117346938,34.78346012784282
random_genuine,/mnt/c/Users/ansar/Desktop/VGGFace2_ArcFace_Project/data/aligned/train/n002450/0204_01.jpg,/mnt/c/Users/ansar/Desktop/VGGFace2_ArcFace_Project/data/aligned/train/n002450/0443_01.jpg,0.5004206895828247,801.8475440683487,121.11021205357143,90.13426648079293,180.60520213745588,4.404575892857139,4.473836820528959
random_genuine,/mnt/c/Users/ansar/Desktop/VGGFace2_ArcFace_Project/data/aligned/train/n008807/0026_01.jpg,/mnt/c/Users/ansar/Desktop/VGGFace2_ArcFace_Project/data/aligned/train/n008807/0296_01.jpg,0.3572737574577331,1015.3250340307222,88.08601721938776,85.275228223984,1025.4599316782478,21.460618622448976,8.657951059974266
random_genuine,/mnt/c/Users/ansar/Desktop/VGGFace2_ArcFace_Project/data/aligned/train/n006386/0005_01.jpg,/mnt/c/Users/ansar/Desktop/VGGFace2_ArcFace_Project/data/aligned/train/n006386/0175_03.jpg,0.6604018807411194,660.4760209337367,100.07641103316325,86.77190666348186,780.2569138329509,1.9917889030612201,13.481382627622054
random_genuine,/mnt/c/Users/ansar/Desktop/VGGFace2_ArcFace_Project/data/aligned/train/n000992/0043_01.jpg,/mnt/c/Users/ansar/Desktop/VGGFace2_ArcFace_Project/data/aligned/train/n000992/0372_01.jpg,0.5480445027351379,1735.4394132621283,82.57035235969389,82.96851221735197,23.496175293324768,56.11742665816327,15.174026318491713
random_genuine,/mnt/c/Users/ansar/Desktop/VGGFace2_ArcFace_Project/data/aligned/train/n002237/0124_01.jpg,/mnt/c/Users/ansar/Desktop/VGGFace2_ArcFace_Project/data/aligned/train/n002237/0285_01.jpg,0.5479590892791748,1624.1832706398986,107.90836256377551,78.62613108437833,376.2243288573202,21.107541454081627,23.107889868828337
random_genuine,/mnt/c/Users/ansar/Desktop/VGGFace2_ArcFace_Project/data/aligned/train/n001695/0075_01.jpg,/mnt/c/Users/ansar/Desktop/VGGFace2_ArcFace_Project/data/aligned/train/n001695/0328_01.jpg,0.6157524585723877,742.4004106946609,98.63520408163265,78.50988274628983,437.2106986723062,22.582270408163268,16.87542595221322
random_genuine,/mnt/c/Users/ansar/Desktop/VGGFace2_ArcFace_Project/data/aligned/train/n002350/0156_01.jpg,/mnt/c/Users/ansar/Desktop/VGGFace2_ArcFace_Project/data/aligned/train/n002350/0360_01.jpg,0.6109395623207092,388.2823699067801,87.84937021683673,78.52343852825832,68.10169137671113,2.5165019132653015,11.283472945960852
random_genuine,/mnt/c/Users/ansar/Desktop/VGGFace2_ArcFace_Project/data/aligned/train/n008178/0074_01.jpg,/mnt/c/Users/ansar/Desktop/VGGFace2_ArcFace_Project/data/aligned/train/n008178/0143_03.jpg,0.4185496866703033,531.6926043382142,51.188895089285715,50.10681783387875,792.3310882110786,10.382573341836732,10.26151204942439
random_genuine,/mnt/c/Users/ansar/Desktop/VGGFace2_ArcFace_Project/data/aligned/train/n007127/0498_01.jpg,/mnt/c/Users/ansar/Desktop/VGGFace2_ArcFace_Project/data/aligned/train/n007127/0536_05.jpg,0.4251705110073089,360.8247294110191,81.17885044642858,64.01450689323767,378.1397972313476,4.697624362244895,2.0496584955217756
random_genuine,/mnt/c/Users/ansar/Desktop/VGGFace2_ArcFace_Project/data/aligned/train/n000539/0097_01.jpg,/mnt/c/Users/ansar/Desktop/VGGFace2_ArcFace_Project/data/aligned/train/n000539/0391_01.jpg,0.2442186027765274,364.8193767059848,42.42657844387755,46.31267870494072,475.29880107735073,10.288105867346943,12.192629605596373
random_genuine,/mnt/c/Users/ansar/Desktop/VGGFace2_ArcFace_Project/data/aligned/train/n003186/0111_01.jpg,/mnt/c/Users/ansar/Desktop/VGGFace2_ArcFace_Project/data/aligned/train/n003186/0238_01.jpg,0.4693354368209839,1077.2585557733462,84.04926658163265,63.3937389459616,1088.6513836029321,13.374043367346943,7.695545420232527
random_genuine,/mnt/c/Users/ansar/Desktop/VGGFace2_ArcFace_Project/data/aligned/train/n002588/0393_01.jpg,/mnt/c/Users/ansar/Desktop/VGGFace2_ArcFace_Project/data/aligned/train/n002588/0409_01.jpg,0.2825363576412201,406.8474070856046,65.53132971938776,74.45820033631907,488.05677609838875,15.76387117346939,0.6938664406801678
random_genuine,/mnt/c/Users/ansar/Desktop/VGGFace2_ArcFace_Project/data/aligned/train/n007762/0068_01.jpg,/mnt/c/Users/ansar/Desktop/VGGFace2_ArcFace_Project/data/aligned/train/n007762/0365_01.jpg,0.18165884912014,1283.3817547881965,66.35921556122449,64.98622325529925,1908.130951906432,10.668526785714278,4.918709094637862
random_genuine,/mnt/c/Users/ansar/Desktop/VGGFace2_ArcFace_Project/data/aligned/train/n008392/0219_01.jpg,/mnt/c/Users/ansar/Desktop/VGGFace2_ArcFace_Project/data/aligned/train/n008392/0489_01.jpg,0.5011888146400452,1259.5854543886896,109.57095025510205,77.79373777089569,1858.1010957945887,18.434151785714292,0.9461276527255933
random_genuine,/mnt/c/Users/ansar/Desktop/VGGFace2_ArcFace_Project/data/aligned/train/n003307/0061_01.jpg,/mnt/c/Users/ansar/Desktop/VGGFace2_ArcFace_Project/data/aligned/train/n003307/0218_01.jpg,0.4728001952171325,473.9648603719753,87.61866230867346,66.60577661549107,160.52206285533083,14.761559311224488,2.74620553173672
random_genuine,/mnt/c/Users/ansar/Desktop/VGGFace2_ArcFace_Project/data/aligned/train/n003889/0026_01.jpg,/mnt/c/Users/ansar/Desktop/VGGFace2_ArcFace_Project/data/aligned/train/n003889/0240_01.jpg,0.2181380242109298,535.8147159085478,74.04249043367346,68.25519189871683,355.52746890257504,6.705994897959187,8.42832706273677
random_genuine,/mnt/c/Users/ansar/Desktop/VGGFace2_ArcFace_Project/data/aligned/train/n003232/0105_02.jpg,/mnt/c/Users/ansar/Desktop/VGGFace2_ArcFace_Project/data/aligned/train/n003232/0461_01.jpg,0.4543894827365875,141.36835972262838,61.18606505102041,56.57081861489184,5.916731428077242,26.6640625,20.854195751776203
random_genuine,/mnt/c/Users/ansar/Desktop/VGGFace2_ArcFace_Project/data/aligned/train/n002756/0121_01.jpg,/mnt/c/Users/ansar/Desktop/VGGFace2_ArcFace_Project/data/aligned/train/n002756/0150_10.jpg,0.2775815427303314,243.27058218718068,38.83773118622449,46.2071199730465,389.91639713921273,11.015864158163268,7.298688571459017
random_genuine,/mnt/c/Users/ansar/Desktop/VGGFace2_ArcFace_Project/data/aligned/train/n005256/0081_04.jpg,/mnt/c/Users/ansar/Desktop/VGGFace2_ArcFace_Project/data/aligned/train/n005256/0362_01.jpg,0.8106177449226379,608.7291096914117,81.73891900510205,67.63283220168591,75.188429667621,2.2292729591836604,27.641723269387462
random_genuine,/mnt/c/Users/ansar/Desktop/VGGFace2_ArcFace_Project/data/aligned/train/n000690/0092_01.jpg,/mnt/c/Users/ansar/Desktop/VGGFace2_ArcFace_Project/data/aligned/train/n000690/0305_02.jpg,0.4067095220088959,499.33022428780276,46.09048150510204,51.15694331231343,527.1332515667299,4.729432397959187,0.8346506284682178
random_genuine,/mnt/c/Users/ansar/Desktop/VGGFace2_ArcFace_Project/data/aligned/train/n005386/0286_01.jpg,/mnt/c/Users/ansar/Desktop/VGGFace2_ArcFace_Project/data/aligned/train/n005386/0317_01.jpg,0.1631484478712082,184.1365040688155,69.1610331632653,68.08600619518621,52.245133513959445,24.005739795918366,20.465054118071144
random_genuine,/mnt/c/Users/ansar/Desktop/VGGFace2_ArcFace_Project/data/aligned/train/n006593/0019_02.jpg,/mnt/c/Users/ansar/Desktop/VGGFace2_ArcFace_Project/data/aligned/train/n006593/0148_05.jpg,0.6606175899505615,533.8320985831405,85.9424824617347,67.11141541769678,740.2712043911554,9.584582270408163,12.119875469697135
random_genuine,/mnt/c/Users/ansar/Desktop/VGGFace2_ArcFace_Project/data/aligned/train/n003303/0049_01.jpg,/mnt/c/Users/ansar/Desktop/VGGFace2_ArcFace_Project/data/aligned/train/n003303/0387_01.jpg,0.4826898574829101,1078.6971318706876,74.64293686224491,69.48368000757654,1120.3266251455593,2.1962691326530575,12.43008982756239
random_genuine,/mnt/c/Users/ansar/Desktop/VGGFace2_ArcFace_Project/data/aligned/train/n000728/0182_03.jpg,/mnt/c/Users/ansar/Desktop/VGGFace2_ArcFace_Project/data/aligned/train/n000728/0254_01.jpg,0.5063482522964478,938.3982952837644,71.74740911989795,75.1219000714057,985.321673754303,16.058753188775505,0.3443082193764724
random_genuine,/mnt/c/Users/ansar/Desktop/VGGFace2_ArcFace_Project/data/aligned/train/n001263/0231_01.jpg,/mnt/c/Users/ansar/Desktop/VGGFace2_ArcFace_Project/data/aligned/train/n001263/0497_01.jpg,0.4219367504119873,411.53643732734247,72.69858099489797,76.89338819464857,647.0786458197756,21.496811224489797,11.65000128205348
random_genuine,/mnt/c/Users/ansar/Desktop/VGGFace2_ArcFace_Project/data/aligned/train/n004582/0076_01.jpg,/mnt/c/Users/ansar/Desktop/VGGFace2_ArcFace_Project/data/aligned/train/n004582/0321_01.jpg,0.5376376509666443,596.2284096301173,77.45268654336735,73.97667168388443,824.0494162906264,18.827885841836732,17.502578099825044
random_genuine,/mnt/c/Users/ansar/Desktop/VGGFace2_ArcFace_Project/data/aligned/train/n000917/0015_01.jpg,/mnt/c/Users/ansar/Desktop/VGGFace2_ArcFace_Project/data/aligned/train/n000917/0340_01.jpg,0.1488975584506988,222.02559237339156,66.82397959183673,70.98736366717905,20.488344630217966,24.017538265306115,36.572264839035306
random_genuine,/mnt/c/Users/ansar/Desktop/VGGFace2_ArcFace_Project/data/aligned/train/n000150/0031_01.jpg,/mnt/c/Users/ansar/Desktop/VGGFace2_ArcFace_Project/data/aligned/train/n000150/0334_01.jpg,0.4208868145942688,1019.8624367163809,88.81154336734694,76.56290124287071,450.4269371811225,14.0625,13.190815658174742
random_genuine,/mnt/c/Users/ansar/Desktop/VGGFace2_ArcFace_Project/data/aligned/train/n007454/0090_01.jpg,/mnt/c/Users/ansar/Desktop/VGGFace2_ArcFace_Project/data/aligned/train/n007454/0336_01.jpg,0.4273025095462799,1819.9440442982539,78.96177455357142,70.45049377463025,2995.8595588680905,28.877311862244895,15.936462869479001
random_genuine,/mnt/c/Users/ansar/Desktop/VGGFace2_ArcFace_Project/data/aligned/train/n007001/0042_01.jpg,/mnt/c/Users/ansar/Desktop/VGGFace2_ArcFace_Project/data/aligned/train/n007001/0269_01.jpg,0.528777539730072,798.2279257307645,100.17546237244898,92.99775633818449,264.376208958751,2.800223214285708,0.6266457578333302
random_genuine,/mnt/c/Users/ansar/Desktop/VGGFace2_ArcFace_Project/data/aligned/train/n008581/0212_01.jpg,/mnt/c/Users/ansar/Desktop/VGGFace2_ArcFace_Project/data/aligned/train/n008581/0272_04.jpg,0.472287654876709,823.4275067451347,98.4770806760204,95.96902448350184,489.5965234263149,11.952726403061234,23.061947185126428
random_genuine,/mnt/c/Users/ansar/Desktop/VGGFace2_ArcFace_Project/data/aligned/train/n000189/0069_01.jpg,/mnt/c/Users/ansar/Desktop/VGGFace2_ArcFace_Project/data/aligned/train/n000189/0134_01.jpg,0.2854946851730346,1738.346949499878,88.2533880739796,84.34734773364355,608.464041160574,32.92657844387756,2.0957186050241177
random_genuine,/mnt/c/Users/ansar/Desktop/VGGFace2_ArcFace_Project/data/aligned/train/n008714/0036_01.jpg,/mnt/c/Users/ansar/Desktop/VGGFace2_ArcFace_Project/data/aligned/train/n008714/0069_01.jpg,0.5089184641838074,1099.9434504320304,89.52666613520408,86.98157069584204,881.2287441064597,30.12970344387756,16.95193059639392
random_genuine,/mnt/c/Users/ansar/Desktop/VGGFace2_ArcFace_Project/data/aligned/train/n008783/0290_01.jpg,/mnt/c/Users/ansar/Desktop/VGGFace2_ArcFace_Project/data/aligned/train/n008783/0303_01.jpg,0.3736125230789184,2604.6256713867188,76.08103475765306,77.08195850652714,3903.983129384566,30.887834821428577,25.989385574010626
random_genuine,/mnt/c/Users/ansar/Desktop/VGGFace2_ArcFace_Project/data/aligned/train/n005119/0054_01.jpg,/mnt/c/Users/ansar/Desktop/VGGFace2_ArcFace_Project/data/aligned/train/n005119/0365_01.jpg,0.2936425805091858,661.7904527307501,97.63169642857143,89.78370911425472,32.9086042068144,21.203125,1.4850158664267639
random_genuine,/mnt/c/Users/ansar/Desktop/VGGFace2_ArcFace_Project/data/aligned/train/n001981/0128_01.jpg,/mnt/c/Users/ansar/Desktop/VGGFace2_ArcFace_Project/data/aligned/train/n001981/0296_01.jpg,0.2692901194095611,487.8010164774839,75.28316326530611,68.8004627044149,634.5265729110572,22.105707908163268,23.970193985275166
random_genuine,/mnt/c/Users/ansar/Desktop/VGGFace2_ArcFace_Project/data/aligned/train/n002211/0143_01.jpg,/mnt/c/Users/ansar/Desktop/VGGFace2_ArcFace_Project/data/aligned/train/n002211/0248_01.jpg,0.4406556189060211,962.5223426516976,84.74226721938776,76.211362177967,1112.7130131083993,37.77869897959184,21.606951359433666
random_genuine,/mnt/c/Users/ansar/Desktop/VGGFace2_ArcFace_Project/data/aligned/train/n005800/0060_01.jpg,/mnt/c/Users/ansar/Desktop/VGGFace2_ArcFace_Project/data/aligned/train/n005800/0570_01.jpg,0.3539083003997803,348.1325216360859,64.93291613520408,69.99616997072168,407.4978712686446,0.2438616071428612,7.874018321782756
random_genuine,/mnt/c/Users/ansar/Desktop/VGGFace2_ArcFace_Project/data/aligned/train/n004245/0082_02.jpg,/mnt/c/Users/ansar/Desktop/VGGFace2_ArcFace_Project/data/aligned/train/n004245/0261_02.jpg,0.100898802280426,604.7516105998212,68.23130580357143,64.73061905466247,1004.0353324664527,31.33139349489796,15.766280575836632
random_genuine,/mnt/c/Users/ansar/Desktop/VGGFace2_ArcFace_Project/data/aligned/train/n002374/0011_01.jpg,/mnt/c/Users/ansar/Desktop/VGGFace2_ArcFace_Project/data/aligned/train/n002374/0261_02.jpg,0.4717164635658264,941.0733837014881,74.84813456632654,69.18153463970789,1142.4331724332899,14.195631377551024,12.865272223372592
random_genuine,/mnt/c/Users/ansar/Desktop/VGGFace2_ArcFace_Project/data/aligned/train/n008812/0035_01.jpg,/mnt/c/Users/ansar/Desktop/VGGFace2_ArcFace_Project/data/aligned/train/n008812/0181_01.jpg,0.1586579531431198,267.1121674378382,67.6136399872449,64.85185790979696,4.934253919824641,7.8444674744897895,10.43401464676817
random_genuine,/mnt/c/Users/ansar/Desktop/VGGFace2_ArcFace_Project/data/aligned/train/n002995/0083_01.jpg,/mnt/c/Users/ansar/Desktop/VGGFace2_ArcFace_Project/data/aligned/train/n002995/0156_01.jpg,0.5780651569366455,350.3479604280178,81.3329081632653,69.85964455933174,515.909117152521,5.847417091836732,6.418103154977089
random_genuine,/mnt/c/Users/ansar/Desktop/VGGFace2_ArcFace_Project/data/aligned/train/n006530/0198_02.jpg,/mnt/c/Users/ansar/Desktop/VGGFace2_ArcFace_Project/data/aligned/train/n006530/0272_02.jpg,0.4476726055145263,1165.822030963127,72.29906728316327,66.70252697397635,428.9163196123625,22.60483099489796,1.4147246753716303
random_genuine,/mnt/c/Users/ansar/Desktop/VGGFace2_ArcFace_Project/data/aligned/train/n008063/0131_01.jpg,/mnt/c/Users/ansar/Desktop/VGGFace2_ArcFace_Project/data/aligned/train/n008063/0454_01.jpg,0.560333251953125,1439.9360282862997,93.11033163265307,77.80429727962746,1538.4932915728473,34.06903698979592,18.347764880630237
random_genuine,/mnt/c/Users/ansar/Desktop/VGGFace2_ArcFace_Project/data/aligned/train/n008700/0145_01.jpg,/mnt/c/Users/ansar/Desktop/VGGFace2_ArcFace_Project/data/aligned/train/n008700/0240_01.jpg,0.4563977718353271,543.168488317805,89.79838966836735,82.05083980084967,215.56172207503067,5.089764030612244,7.722651401017757
random_genuine,/mnt/c/Users/ansar/Desktop/VGGFace2_ArcFace_Project/data/aligned/train/n005675/0016_01.jpg,/mnt/c/Users/ansar/Desktop/VGGFace2_ArcFace_Project/data/aligned/train/n005675/0036_03.jpg,0.4288988709449768,150.7185325447791,86.69048947704081,67.69763430027561,13.964987427927156,69.44379783163265,38.898415089868834
random_genuine,/mnt/c/Users/ansar/Desktop/VGGFace2_ArcFace_Project/data/aligned/train/n000806/0121_02.jpg,/mnt/c/Users/ansar/Desktop/VGGFace2_ArcFace_Project/data/aligned/train/n000806/0166_01.jpg,0.4501003921031952,690.9151547617438,71.74633290816325,62.426952130830976,138.75921818337224,47.771843112244895,23.33385217413705
random_genuine,/mnt/c/Users/ansar/Desktop/VGGFace2_ArcFace_Project/data/aligned/train/n003399/0250_06.jpg,/mnt/c/Users/ansar/Desktop/VGGFace2_ArcFace_Project/data/aligned/train/n003399/0329_01.jpg,0.6648126840591431,380.24561860808626,93.55580357142857,79.01582168977247,299.6419161248832,1.0658482142857224,8.144391499945726
random_genuine,/mnt/c/Users/ansar/Desktop/VGGFace2_ArcFace_Project/data/aligned/train/n005640/0198_01.jpg,/mnt/c/Users/ansar/Desktop/VGGFace2_ArcFace_Project/data/aligned/train/n005640/0319_01.jpg,0.2884990274906158,950.4630952491109,59.472576530612244,60.07554979984913,789.1503974123331,21.49585459183674,2.134904246775264
random_genuine,/mnt/c/Users/ansar/Desktop/VGGFace2_ArcFace_Project/data/aligned/train/n000075/0027_03.jpg,/mnt/c/Users/ansar/Desktop/VGGFace2_ArcFace_Project/data/aligned/train/n000075/0080_01.jpg,0.3123408257961273,514.0750655365307,95.57872289540816,79.73813234929789,272.7365064195968,22.783083545918373,17.26973003556148
random_genuine,/mnt/c/Users/ansar/Desktop/VGGFace2_ArcFace_Project/data/aligned/train/n001561/0168_02.jpg,/mnt/c/Users/ansar/Desktop/VGGFace2_ArcFace_Project/data/aligned/train/n001561/0345_01.jpg,0.0141333928331732,1681.052299512222,88.54966517857142,83.9981881578421,493.6813218300663,30.980548469387756,4.691846370685354
random_genuine,/mnt/c/Users/ansar/Desktop/VGGFace2_ArcFace_Project/data/aligned/train/n000869/0408_01.jpg,/mnt/c/Users/ansar/Desktop/VGGFace2_ArcFace_Project/data/aligned/train/n000869/0774_01.jpg,0.1411885321140289,1091.2897135628505,67.39094387755102,55.34606261214104,955.8647322394557,26.96635841836735,24.38640475112502
random_genuine,/mnt/c/Users/ansar/Desktop/VGGFace2_ArcFace_Project/data/aligned/train/n005688/0015_01.jpg,/mnt/c/Users/ansar/Desktop/VGGFace2_ArcFace_Project/data/aligned/train/n005688/0235_01.jpg,0.4031819403171539,527.1346808913746,61.06353635204081,62.58381205642138,48.9053723241131,15.313456632653065,15.496881005648333
random_genuine,/mnt/c/Users/ansar/Desktop/VGGFace2_ArcFace_Project/data/aligned/train/n008632/0091_01.jpg,/mnt/c/Users/ansar/Desktop/VGGFace2_ArcFace_Project/data/aligned/train/n008632/0314_01.jpg,0.2348680198192596,1384.2108180607324,63.25864955357143,65.76861730901061,2288.6813481087393,0.7593271683673493,23.91678077358287
random_genuine,/mnt/c/Users/ansar/Desktop/VGGFace2_ArcFace_Project/data/aligned/train/n004562/0100_01.jpg,/mnt/c/Users/ansar/Desktop/VGGFace2_ArcFace_Project/data/aligned/train/n004562/0102_01.jpg,0.4084211885929107,363.1336910274813,91.41234853316327,80.14464781007652,231.74734162787803,3.240513392857139,14.922421850233462
random_genuine,/mnt/c/Users/ansar/Desktop/VGGFace2_ArcFace_Project/data/aligned/train/n008023/0024_02.jpg,/mnt/c/Users/ansar/Desktop/VGGFace2_ArcFace_Project/data/aligned/train/n008023/0237_01.jpg,0.6288321614265442,267.27403327913294,61.94463488520408,64.32181333734464,297.48671568934486,8.364716198979586,5.7191109008023275
random_genuine,/mnt/c/Users/ansar/Desktop/VGGFace2_ArcFace_Project/data/aligned/train/n002997/0018_01.jpg,/mnt/c/Users/ansar/Desktop/VGGFace2_ArcFace_Project/data/aligned/train/n002997/0363_03.jpg,0.4503364861011505,455.84674613727026,63.037667410714285,59.76380796430886,377.0191591922961,12.69491390306122,10.24761468053019
random_genuine,/mnt/c/Users/ansar/Desktop/VGGFace2_ArcFace_Project/data/aligned/train/n003270/0262_01.jpg,/mnt/c/Users/ansar/Desktop/VGGFace2_ArcFace_Project/data/aligned/train/n003270/0358_02.jpg,0.118303395807743,224.42467806687804,70.28786670918367,63.35895088547204,56.55727980366254,20.551498724489797,18.332640566511486
random_genuine,/mnt/c/Users/ansar/Desktop/VGGFace2_ArcFace_Project/data/aligned/train/n004622/0204_05.jpg,/mnt/c/Users/ansar/Desktop/VGGFace2_ArcFace_Project/data/aligned/train/n004622/0221_04.jpg,0.0868008807301521,569.7242667386056,61.04631696428571,65.27156597174155,1064.9638396505015,4.703762755102041,9.557688167212824
random_genuine,/mnt/c/Users/ansar/Desktop/VGGFace2_ArcFace_Project/data/aligned/train/n008980/0100_03.jpg,/mnt/c/Users/ansar/Desktop/VGGFace2_ArcFace_Project/data/aligned/train/n008980/0350_02.jpg,0.6977978348731995,543.1318121278152,54.41011639030612,69.71765525083345,362.08027378195084,1.0515784438775455,2.0281326966215403
random_genuine,/mnt/c/Users/ansar/Desktop/VGGFace2_ArcFace_Project/data/aligned/train/n001334/0017_02.jpg,/mnt/c/Users/ansar/Desktop/VGGFace2_ArcFace_Project/data/aligned/train/n001334/0575_01.jpg,0.4563558399677276,875.1201987467126,81.94614955357143,74.14635712914178,1437.4176636314153,7.087930484693885,5.999705377582387
random_genuine,/mnt/c/Users/ansar/Desktop/VGGFace2_ArcFace_Project/data/aligned/train/n000050/0126_03.jpg,/mnt/c/Users/ansar/Desktop/VGGFace2_ArcFace_Project/data/aligned/train/n000050/0227_01.jpg,0.3632762134075165,635.6171650789222,85.32413903061224,76.85049564525917,1135.7196617904974,38.64397321428572,29.242722654085433
random_genuine,/mnt/c/Users/ansar/Desktop/VGGFace2_ArcFace_Project/data/aligned/train/n009163/0188_01.jpg,/mnt/c/Users/ansar/Desktop/VGGFace2_ArcFace_Project/data/aligned/train/n009163/0270_01.jpg,0.377651184797287,202.3467037291489,61.000318877551024,73.8128624247274,52.631353757223565,14.258290816326536,6.2225325130238645
random_genuine,/mnt/c/Users/ansar/Desktop/VGGFace2_ArcFace_Project/data/aligned/train/n006305/0170_01.jpg,/mnt/c/Users/ansar/Desktop/VGGFace2_ArcFace_Project/data/aligned/train/n006305/0183_03.jpg,0.4072037637233734,771.1037031282538,91.79173309948979,86.02682549583403,1200.5449161807578,32.870455994897966,12.77268162249463
random_genuine,/mnt/c/Users/ansar/Desktop/VGGFace2_ArcFace_Project/data/aligned/train/n008683/0282_01.jpg,/mnt/c/Users/ansar/Desktop/VGGFace2_ArcFace_Project/data/aligned/train/n008683/0568_01.jpg,0.087705060839653,592.4015667846629,64.96811224489795,66.15197704592165,158.86158863657056,53.825892857142854,27.36442487993692
random_genuine,/mnt/c/Users/ansar/Desktop/VGGFace2_ArcFace_Project/data/aligned/train/n007944/0018_01.jpg,/mnt/c/Users/ansar/Desktop/VGGFace2_ArcFace_Project/data/aligned/train/n007944/0243_01.jpg,0.3385849893093109,746.136921464379,41.70332429846938,43.858278538126605,1305.3030776246694,18.310188137755098,11.031409434423622
random_genuine,/mnt/c/Users/ansar/Desktop/VGGFace2_ArcFace_Project/data/aligned/train/n008968/0127_01.jpg,/mnt/c/Users/ansar/Desktop/VGGFace2_ArcFace_Project/data/aligned/train/n008968/0230_01.jpg,0.5861316323280334,324.16337114212564,86.0532525510204,72.98156938198471,353.905978932474,5.565051020408163,4.222984817591964
random_genuine,/mnt/c/Users/ansar/Desktop/VGGFace2_ArcFace_Project/data/aligned/train/n003211/0316_02.jpg,/mnt/c/Users/ansar/Desktop/VGGFace2_ArcFace_Project/data/aligned/train/n003211/0379_01.jpg,0.4684820175170898,213.14277912665784,72.1493144132653,75.65532687231598,269.00671737524726,24.230548469387756,14.069995647394137
random_genuine,/mnt/c/Users/ansar/Desktop/VGGFace2_ArcFace_Project/data/aligned/train/n001482/0029_02.jpg,/mnt/c/Users/ansar/Desktop/VGGFace2_ArcFace_Project/data/aligned/train/n001482/0045_01.jpg,0.3570788204669952,2158.330464558123,86.35415338010205,85.15403096672907,438.0130850884475,12.42147640306122,13.647408530320945
random_genuine,/mnt/c/Users/ansar/Desktop/VGGFace2_ArcFace_Project/data/aligned/train/n007071/0058_02.jpg,/mnt/c/Users/ansar/Desktop/VGGFace2_ArcFace_Project/data/aligned/train/n007071/0195_01.jpg,0.4096540510654449,476.82110098410226,77.79571906887755,72.57406196550463,578.8763122367939,21.618542729591837,6.569877485940964
random_genuine,/mnt/c/Users/ansar/Desktop/VGGFace2_ArcFace_Project/data/aligned/train/n004309/0217_01.jpg,/mnt/c/Users/ansar/Desktop/VGGFace2_ArcFace_Project/data/aligned/train/n004309/0284_01.jpg,0.4528206884860992,455.1899637351777,78.95731026785714,78.21966830215624,297.3629575234461,7.45352359693878,11.958418378237397
random_genuine,/mnt/c/Users/ansar/Desktop/VGGFace2_ArcFace_Project/data/aligned/train/n005437/0209_02.jpg,/mnt/c/Users/ansar/Desktop/VGGFace2_ArcFace_Project/data/aligned/train/n005437/0251_02.jpg,0.5734975337982178,860.0422386541212,83.26052295918367,63.31058828063455,281.1989584672158,36.47815688775509,18.2482623694425
random_genuine,/mnt/c/Users/ansar/Desktop/VGGFace2_ArcFace_Project/data/aligned/train/n002518/0006_01.jpg,/mnt/c/Users/ansar/Desktop/VGGFace2_ArcFace_Project/data/aligned/train/n002518/0256_01.jpg,0.3578591048717499,514.0085110106303,83.11407844387756,65.24706235415911,773.1953404627955,6.417410714285708,5.779983868812465
random_genuine,/mnt/c/Users/ansar/Desktop/VGGFace2_ArcFace_Project/data/aligned/train/n009215/0231_02.jpg,/mnt/c/Users/ansar/Desktop/VGGFace2_ArcFace_Project/data/aligned/train/n009215/0404_01.jpg,0.5092798471450806,1189.4439541659024,82.76522640306122,75.22260817869,1817.8230883349283,1.0516581632653015,5.128143128459925
random_genuine,/mnt/c/Users/ansar/Desktop/VGGFace2_ArcFace_Project/data/aligned/train/n003862/0098_01.jpg,/mnt/c/Users/ansar/Desktop/VGGFace2_ArcFace_Project/data/aligned/train/n003862/0180_01.jpg,0.4270563721656799,913.2997972837144,60.04595822704081,63.277767286499156,125.04550863613167,3.049186862244902,6.695920738188924
random_genuine,/mnt/c/Users/ansar/Desktop/VGGFace2_ArcFace_Project/data/aligned/train/n001933/0115_01.jpg,/mnt/c/Users/ansar/Desktop/VGGFace2_ArcFace_Project/data/aligned/train/n001933/0122_01.jpg,0.3372420072555542,403.42812114494745,66.26116071428572,61.49408037768421,228.3237313330547,58.77232142857143,38.3751574306273
random_genuine,/mnt/c/Users/ansar/Desktop/VGGFace2_ArcFace_Project/data/aligned/train/n004063/0047_01.jpg,/mnt/c/Users/ansar/Desktop/VGGFace2_ArcFace_Project/data/aligned/train/n004063/0199_01.jpg,0.4471341669559479,1052.886112373603,89.900390625,71.46845757833182,816.7597348849905,19.352917729591837,23.495026406673396
random_genuine,/mnt/c/Users/ansar/Desktop/VGGFace2_ArcFace_Project/data/aligned/train/n007634/0071_01.jpg,/mnt/c/Users/ansar/Desktop/VGGFace2_ArcFace_Project/data/aligned/train/n007634/0282_01.jpg,0.1629337519407272,522.7032840288663,53.32083067602041,45.087575728119916,714.0514639425853,4.085379464285715,5.077704751503511
random_genuine,/mnt/c/Users/ansar/Desktop/VGGFace2_ArcFace_Project/data/aligned/train/n001450/0015_01.jpg,/mnt/c/Users/ansar/Desktop/VGGFace2_ArcFace_Project/data/aligned/train/n001450/0110_01.jpg,0.4397498369216919,590.006102212813,102.5200494260204,85.94507239365032,503.33539141202556,9.384167729591837,8.21424362372207
random_genuine,/mnt/c/Users/ansar/Desktop/VGGFace2_ArcFace_Project/data/aligned/train/n002554/0039_01.jpg,/mnt/c/Users/ansar/Desktop/VGGFace2_ArcFace_Project/data/aligned/train/n002554/0070_02.jpg,0.3519509434700012,131.82528669682208,49.035076530612244,45.39846108228358,62.620146326003905,19.123086734693878,19.887893753009365
random_genuine,/mnt/c/Users/ansar/Desktop/VGGFace2_ArcFace_Project/data/aligned/train/n003842/0161_01.jpg,/mnt/c/Users/ansar/Desktop/VGGFace2_ArcFace_Project/data/aligned/train/n003842/0222_01.jpg,0.2720460891723633,753.1495126313539,53.46934789540816,58.59504273232855,405.6774556876122,2.3208705357142847,1.8905605005238613
random_genuine,/mnt/c/Users/ansar/Desktop/VGGFace2_ArcFace_Project/data/aligned/train/n008659/0002_01.jpg,/mnt/c/Users/ansar/Desktop/VGGFace2_ArcFace_Project/data/aligned/train/n008659/0284_01.jpg,0.1875775605440139,1195.0211465780758,81.34307238520408,64.18370245368077,1199.5757161322754,5.405213647959187,4.001825452213865
random_genuine,/mnt/c/Users/ansar/Desktop/VGGFace2_ArcFace_Project/data/aligned/train/n008875/0062_02.jpg,/mnt/c/Users/ansar/Desktop/VGGFace2_ArcFace_Project/data/aligned/train/n008875/0202_01.jpg,0.1605823934078216,1096.6425968696058,78.14608577806122,73.59990166133572,632.245316606718,24.631616709183675,10.561999036480842
random_genuine,/mnt/c/Users/ansar/Desktop/VGGFace2_ArcFace_Project/data/aligned/train/n001282/0072_03.jpg,/mnt/c/Users/ansar/Desktop/VGGFace2_ArcFace_Project/data/aligned/train/n001282/0340_01.jpg,0.3408456742763519,264.0557526759633,89.2002949617347,77.3642934870166,155.32018143710667,21.306999362244895,25.677832973315347
random_genuine,/mnt/c/Users/ansar/Desktop/VGGFace2_ArcFace_Project/data/aligned/train/n001953/0168_01.jpg,/mnt/c/Users/ansar/Desktop/VGGFace2_ArcFace_Project/data/aligned/train/n001953/0226_01.jpg,0.2575635612010956,749.4797326389426,72.01913265306123,63.498910331486044,646.9465995448572,14.198660714285708,4.589895925154707
random_genuine,/mnt/c/Users/ansar/Desktop/VGGFace2_ArcFace_Project/data/aligned/train/n007115/0037_01.jpg,/mnt/c/Users/ansar/Desktop/VGGFace2_ArcFace_Project/data/aligned/train/n007115/0111_01.jpg,0.4479975998401642,1041.1333581526446,79.28160873724491,65.95149185699842,586.7388860153584,2.9866868622448948,1.9687705316702448
random_genuine,/mnt/c/Users/ansar/Desktop/VGGFace2_ArcFace_Project/data/aligned/train/n009119/0157_01.jpg,/mnt/c/Users/ansar/Desktop/VGGFace2_ArcFace_Project/data/aligned/train/n009119/0290_01.jpg,0.0206563901156187,1197.648515983305,47.688655931122454,55.61477240128178,45.989277761412495,7.353236607142854,4.457217772840934
random_genuine,/mnt/c/Users/ansar/Desktop/VGGFace2_ArcFace_Project/data/aligned/train/n006972/0038_01.jpg,/mnt/c/Users/ansar/Desktop/VGGFace2_ArcFace_Project/data/aligned/train/n006972/0490_03.jpg,0.5344088673591614,468.0371354280636,82.97464923469389,74.98549198126169,159.51425996436433,14.745216836734684,14.015627830845744
random_genuine,/mnt/c/Users/ansar/Desktop/VGGFace2_ArcFace_Project/data/aligned/train/n000755/0218_03.jpg,/mnt/c/Users/ansar/Desktop/VGGFace2_ArcFace_Project/data/aligned/train/n000755/0566_01.jpg,0.2517141699790954,456.48038981229945,72.32999840561224,68.51192786655719,79.33824961645217,28.87236926020409,18.757929701193355
random_genuine,/mnt/c/Users/ansar/Desktop/VGGFace2_ArcFace_Project/data/aligned/train/n006439/0132_01.jpg,/mnt/c/Users/ansar/Desktop/VGGFace2_ArcFace_Project/data/aligned/train/n006439/0376_03.jpg,0.0755840986967086,378.94573262511364,59.82047193877551,58.16369685596331,498.89864316000524,19.17139668367347,23.86581248775797
random_genuine,/mnt/c/Users/ansar/Desktop/VGGFace2_ArcFace_Project/data/aligned/train/n004972/0163_02.jpg,/mnt/c/Users/ansar/Desktop/VGGFace2_ArcFace_Project/data/aligned/train/n004972/0313_01.jpg,0.2801023125648498,565.1868009904879,84.98218271683673,75.99600570956625,605.0416744983678,23.48509247448979,4.535740172082271
random_genuine,/mnt/c/Users/ansar/Desktop/VGGFace2_ArcFace_Project/data/aligned/train/n007833/0062_01.jpg,/mnt/c/Users/ansar/Desktop/VGGFace2_ArcFace_Project/data/aligned/train/n007833/0214_01.jpg,0.1594048291444778,665.1499801406956,63.22173947704081,61.32904225884004,714.1544366572014,46.10578762755102,30.77434311608205
random_genuine,/mnt/c/Users/ansar/Desktop/VGGFace2_ArcFace_Project/data/aligned/train/n006258/0061_03.jpg,/mnt/c/Users/ansar/Desktop/VGGFace2_ArcFace_Project/data/aligned/train/n006258/0176_05.jpg,0.2695489823818207,554.3329773076322,99.00597895408163,85.84209007544766,488.877770655456,44.64158163265306,5.557626504235358
random_genuine,/mnt/c/Users/ansar/Desktop/VGGFace2_ArcFace_Project/data/aligned/train/n000816/0094_01.jpg,/mnt/c/Users/ansar/Desktop/VGGFace2_ArcFace_Project/data/aligned/train/n000816/0134_01.jpg,0.7478199601173401,740.3002734138588,85.3387675382653,66.32726850159594,471.05996926532896,50.379862882653065,24.33585338699102
random_genuine,/mnt/c/Users/ansar/Desktop/VGGFace2_ArcFace_Project/data/aligned/train/n000187/0058_02.jpg,/mnt/c/Users/ansar/Desktop/VGGFace2_ArcFace_Project/data/aligned/train/n000187/0258_10.jpg,0.6243172883987427,1599.412710381269,120.52399553571428,85.1240284049162,2810.497637061167,13.963966836734684,3.3016716429958706
random_genuine,/mnt/c/Users/ansar/Desktop/VGGFace2_ArcFace_Project/data/aligned/train/n002895/0179_01.jpg,/mnt/c/Users/ansar/Desktop/VGGFace2_ArcFace_Project/data/aligned/train/n002895/0363_01.jpg,0.0728824213147163,251.80009452823,70.60379464285714,75.49112066438414,267.52384565513063,27.751434948979593,1.8892193983855208
random_genuine,/mnt/c/Users/ansar/Desktop/VGGFace2_ArcFace_Project/data/aligned/train/n007243/0113_01.jpg,/mnt/c/Users/ansar/Desktop/VGGFace2_ArcFace_Project/data/aligned/train/n007243/0291_01.jpg,0.5593804717063904,291.7495627985155,61.41111288265306,47.36634393924162,113.70240943841958,18.580676020408163,12.668439727177379
random_genuine,/mnt/c/Users/ansar/Desktop/VGGFace2_ArcFace_Project/data/aligned/train/n006463/0081_01.jpg,/mnt/c/Users/ansar/Desktop/VGGFace2_ArcFace_Project/data/aligned/train/n006463/0162_01.jpg,0.1973222345113754,332.8233789255698,83.31772161989795,70.73073604133569,120.57970250839492,36.28483737244899,31.4219361842959
random_genuine,/mnt/c/Users/ansar/Desktop/VGGFace2_ArcFace_Project/data/aligned/train/n003732/0112_01.jpg,/mnt/c/Users/ansar/Desktop/VGGFace2_ArcFace_Project/data/aligned/train/n003732/0275_02.jpg,0.7180648446083069,332.58916886475424,80.1690449617347,64.66348517417504,71.59999680588618,9.704161352040813,6.765277545380059
random_genuine,/mnt/c/Users/ansar/Desktop/VGGFace2_ArcFace_Project/data/aligned/train/n005079/0204_01.jpg,/mnt/c/Users/ansar/Desktop/VGGFace2_ArcFace_Project/data/aligned/train/n005079/0313_01.jpg,0.499969333410263,1477.4448112986674,92.7651068239796,88.99848646165395,1577.2852764391791,11.569116709183675,12.524295322230259
random_genuine,/mnt/c/Users/ansar/Desktop/VGGFace2_ArcFace_Project/data/aligned/train/n005066/0126_01.jpg,/mnt/c/Users/ansar/Desktop/VGGFace2_ArcFace_Project/data/aligned/train/n005066/0146_01.jpg,0.3041242659091949,854.0257394735836,73.60040656887756,74.46296388569561,1269.0532950544693,13.692044005102034,2.964635027075502
random_genuine,/mnt/c/Users/ansar/Desktop/VGGFace2_ArcFace_Project/data/aligned/train/n005640/0246_01.jpg,/mnt/c/Users/ansar/Desktop/VGGFace2_ArcFace_Project/data/aligned/train/n005640/0389_01.jpg,0.4949137270450592,378.2876812109894,57.96420599489795,55.16492160234151,187.7369990859217,13.747767857142854,10.289926641529874
random_genuine,/mnt/c/Users/ansar/Desktop/VGGFace2_ArcFace_Project/data/aligned/train/n000415/0075_02.jpg,/mnt/c/Users/ansar/Desktop/VGGFace2_ArcFace_Project/data/aligned/train/n000415/0188_01.jpg,0.3206133544445038,445.4520859978487,84.99709024234694,82.49091246894173,255.04115981134163,33.80875318877551,11.392418625098173
random_genuine,/mnt/c/Users/ansar/Desktop/VGGFace2_ArcFace_Project/data/aligned/train/n001545/0127_01.jpg,/mnt/c/Users/ansar/Desktop/VGGFace2_ArcFace_Project/data/aligned/train/n001545/0333_01.jpg,0.4236306250095367,724.1473568587044,69.18490911989797,54.670555890054175,1047.052794876321,25.896922831632658,27.630695928098085
random_genuine,/mnt/c/Users/ansar/Desktop/VGGFace2_ArcFace_Project/data/aligned/train/n003477/0060_01.jpg,/mnt/c/Users/ansar/Desktop/VGGFace2_ArcFace_Project/data/aligned/train/n003477/0358_01.jpg,0.4311973452568054,601.6719955927329,70.11551339285714,61.34398873310859,140.5696661971798,1.2522321428571388,4.896715319621897
random_genuine,/mnt/c/Users/ansar/Desktop/VGGFace2_ArcFace_Project/data/aligned/train/n002558/0046_01.jpg,/mnt/c/Users/ansar/Desktop/VGGFace2_ArcFace_Project/data/aligned/train/n002558/0147_01.jpg,0.4623548686504364,1141.357901150959,103.98600924744898,69.0186135631717,986.1854065526086,39.53196747448979,11.761261507962402
random_genuine,/mnt/c/Users/ansar/Desktop/VGGFace2_ArcFace_Project/data/aligned/train/n008724/0230_01.jpg,/mnt/c/Users/ansar/Desktop/VGGFace2_ArcFace_Project/data/aligned/train/n008724/0268_01.jpg,0.2393350750207901,336.80381322731233,77.62683354591837,68.62243349356353,416.5401140981195,41.679528061224495,35.70990916327265
random_genuine,/mnt/c/Users/ansar/Desktop/VGGFace2_ArcFace_Project/data/aligned/train/n007907/0087_01.jpg,/mnt/c/Users/ansar/Desktop/VGGFace2_ArcFace_Project/data/aligned/train/n007907/0228_01.jpg,0.6641767621040344,748.932774815049,67.65832270408163,62.78485409854137,481.9122012454934,4.283003826530617,3.401508483306138
random_genuine,/mnt/c/Users/ansar/Desktop/VGGFace2_ArcFace_Project/data/aligned/train/n003418/0032_01.jpg,/mnt/c/Users/ansar/Desktop/VGGFace2_ArcFace_Project/data/aligned/train/n003418/0055_01.jpg,0.2704252600669861,302.11716795146395,27.755819515306122,35.074161366099986,277.03799279597047,11.991709183673468,8.74575801730791
random_genuine,/mnt/c/Users/ansar/Desktop/VGGFace2_ArcFace_Project/data/aligned/train/n008474/0017_01.jpg,/mnt/c/Users/ansar/Desktop/VGGFace2_ArcFace_Project/data/aligned/train/n008474/0083_01.jpg,0.6522952914237976,1388.9596420980802,109.86200573979592,82.78456728111601,578.0579099071267,31.242825255102048,0.3823472279620006
random_genuine,/mnt/c/Users/ansar/Desktop/VGGFace2_ArcFace_Project/data/aligned/train/n006111/0172_01.jpg,/mnt/c/Users/ansar/Desktop/VGGFace2_ArcFace_Project/data/aligned/train/n006111/0190_01.jpg,0.5304070711135864,769.4445508665365,102.38428730867346,88.95787178617698,179.99163245757575,19.252311862244895,1.486639293286217
random_genuine,/mnt/c/Users/ansar/Desktop/VGGFace2_ArcFace_Project/data/aligned/train/n004360/0100_01.jpg,/mnt/c/Users/ansar/Desktop/VGGFace2_ArcFace_Project/data/aligned/train/n004360/0253_01.jpg,0.061065848916769,191.03672027270133,65.91828762755102,62.21412586375334,259.8969443121437,43.28300382653061,35.000184850221665
random_genuine,/mnt/c/Users/ansar/Desktop/VGGFace2_ArcFace_Project/data/aligned/train/n002278/0076_01.jpg,/mnt/c/Users/ansar/Desktop/VGGFace2_ArcFace_Project/data/aligned/train/n002278/0165_01.jpg,0.7657541632652283,2293.9657557533965,103.11591198979592,73.8263494306737,4017.4666977659563,17.13042091836735,3.6249661007645813
random_genuine,/mnt/c/Users/ansar/Desktop/VGGFace2_ArcFace_Project/data/aligned/train/n007677/0192_02.jpg,/mnt/c/Users/ansar/Desktop/VGGFace2_ArcFace_Project/data/aligned/train/n007677/0262_01.jpg,0.3829003870487213,1059.258091997673,100.12711256377551,77.5500291533678,1700.647848406517,22.70049426020408,6.421795243042439
random_genuine,/mnt/c/Users/ansar/Desktop/VGGFace2_ArcFace_Project/data/aligned/train/n007462/0090_01.jpg,/mnt/c/Users/ansar/Desktop/VGGFace2_ArcFace_Project/data/aligned/train/n007462/0367_02.jpg,0.3031218945980072,912.4452668443813,91.99728954081633,78.41001911153222,444.0039875963141,50.24792729591837,27.916966799861413
random_genuine,/mnt/c/Users/ansar/Desktop/VGGFace2_ArcFace_Project/data/aligned/train/n005788/0077_01.jpg,/mnt/c/Users/ansar/Desktop/VGGFace2_ArcFace_Project/data/aligned/train/n005788/0182_01.jpg,0.4921490252017975,2580.9110409674277,78.28862404336735,76.44282474644595,1409.850934709822,1.5147480867346985,6.395841141277003
random_genuine,/mnt/c/Users/ansar/Desktop/VGGFace2_ArcFace_Project/data/aligned/train/n005737/0018_01.jpg,/mnt/c/Users/ansar/Desktop/VGGFace2_ArcFace_Project/data/aligned/train/n005737/0388_01.jpg,0.478013664484024,748.9408500286899,86.69602997448979,74.7980085713834,542.123441016957,13.013552295918359,3.526216340388899
random_genuine,/mnt/c/Users/ansar/Desktop/VGGFace2_ArcFace_Project/data/aligned/train/n001267/0049_01.jpg,/mnt/c/Users/ansar/Desktop/VGGFace2_ArcFace_Project/data/aligned/train/n001267/0132_01.jpg,0.4477127492427826,781.605104598141,36.2331393494898,37.427593745351864,446.4619529053648,26.669563137755105,19.223301863878756
random_genuine,/mnt/c/Users/ansar/Desktop/VGGFace2_ArcFace_Project/data/aligned/train/n002893/0227_01.jpg,/mnt/c/Users/ansar/Desktop/VGGFace2_ArcFace_Project/data/aligned/train/n002893/0261_01.jpg,0.4721132218837738,2656.0280093852803,73.02244100765306,73.5053406604178,1730.4348062676524,34.68566645408163,15.825776005673944
random_genuine,/mnt/c/Users/ansar/Desktop/VGGFace2_ArcFace_Project/data/aligned/train/n008649/0021_01.jpg,/mnt/c/Users/ansar/Desktop/VGGFace2_ArcFace_Project/data/aligned/train/n008649/0327_01.jpg,0.1036400571465492,248.9305876319183,56.69977678571428,56.166161655298374,440.2867240794546,21.45599489795918,12.550469396675567
random_genuine,/mnt/c/Users/ansar/Desktop/VGGFace2_ArcFace_Project/data/aligned/train/n006500/0300_02.jpg,/mnt/c/Users/ansar/Desktop/VGGFace2_ArcFace_Project/data/aligned/train/n006500/0382_01.jpg,0.0710950493812561,735.7548951765042,52.36073022959184,49.94769217043034,800.20782800537,15.513073979591837,18.733026154940433
random_genuine,/mnt/c/Users/ansar/Desktop/VGGFace2_ArcFace_Project/data/aligned/train/n007123/0100_01.jpg,/mnt/c/Users/ansar/Desktop/VGGFace2_ArcFace_Project/data/aligned/train/n007123/0357_01.jpg,0.3838717043399811,1135.8580681809979,90.27411511479592,76.87362050239905,1385.0531357491527,39.024633290816325,31.04814954432601
random_genuine,/mnt/c/Users/ansar/Desktop/VGGFace2_ArcFace_Project/data/aligned/train/n002615/0165_01.jpg,/mnt/c/Users/ansar/Desktop/VGGFace2_ArcFace_Project/data/aligned/train/n002615/0204_01.jpg,0.2224591672420501,1297.7972197050058,88.43570631377551,69.62848447240633,1167.4592556649573,64.24705038265307,37.19477005513897
random_genuine,/mnt/c/Users/ansar/Desktop/VGGFace2_ArcFace_Project/data/aligned/train/n006556/0102_01.jpg,/mnt/c/Users/ansar/Desktop/VGGFace2_ArcFace_Project/data/aligned/train/n006556/0404_01.jpg,0.2655670642852783,1773.9668901150349,91.8559869260204,77.87182381388203,1961.6636317776226,61.99529655612244,34.98806077437422
random_genuine,/mnt/c/Users/ansar/Desktop/VGGFace2_ArcFace_Project/data/aligned/train/n007997/0013_01.jpg,/mnt/c/Users/ansar/Desktop/VGGFace2_ArcFace_Project/data/aligned/train/n007997/0154_02.jpg,0.5063918232917786,1662.976110834124,62.124681122448976,65.70897701396757,168.65682559507923,36.062181122448976,13.126198385272886
random_genuine,/mnt/c/Users/ansar/Desktop/VGGFace2_ArcFace_Project/data/aligned/train/n005273/0090_01.jpg,/mnt/c/Users/ansar/Desktop/VGGFace2_ArcFace_Project/data/aligned/train/n005273/0257_01.jpg,0.4133888483047485,787.3958902132606,100.23182397959184,77.31694212722809,884.1550293413612,28.53778698979592,0.07907617708603709
random_genuine,/mnt/c/Users/ansar/Desktop/VGGFace2_ArcFace_Project/data/aligned/train/n005465/0168_10.jpg,/mnt/c/Users/ansar/Desktop/VGGFace2_ArcFace_Project/data/aligned/train/n005465/0235_01.jpg,0.4585181772708893,645.9819133779199,45.24597417091837,47.92890795243065,49.63108241642476,3.189492984693878,12.167868044931588
random_genuine,/mnt/c/Users/ansar/Desktop/VGGFace2_ArcFace_Project/data/aligned/train/n001849/0047_01.jpg,/mnt/c/Users/ansar/Desktop/VGGFace2_ArcFace_Project/data/aligned/train/n001849/0071_01.jpg,0.4938741326332092,804.9041092668857,74.99728954081633,67.33283650208438,1109.7996381245669,5.562659438775512,18.919909778817285
random_genuine,/mnt/c/Users/ansar/Desktop/VGGFace2_ArcFace_Project/data/aligned/train/n006940/0044_01.jpg,/mnt/c/Users/ansar/Desktop/VGGFace2_ArcFace_Project/data/aligned/train/n006940/0465_01.jpg,0.2284076660871505,511.4343823866267,76.06006855867346,67.27010515277335,767.0564811671591,26.88735650510204,23.064227274319755
random_genuine,/mnt/c/Users/ansar/Desktop/VGGFace2_ArcFace_Project/data/aligned/train/n005795/0201_03.jpg,/mnt/c/Users/ansar/Desktop/VGGFace2_ArcFace_Project/data/aligned/train/n005795/0216_01.jpg,0.4942986071109772,532.3251999072957,77.58107461734693,65.34110176550728,322.0871603893073,24.810746173469383,19.457692644200534
random_impostor,/mnt/c/Users/ansar/Desktop/VGGFace2_ArcFace_Project/data/aligned/train/n005400/0040_01.jpg,/mnt/c/Users/ansar/Desktop/VGGFace2_ArcFace_Project/data/aligned/train/n001235/0257_01.jpg,-0.0539131052792072,1399.6955303651303,106.12691326530611,81.31368131951402,1560.7170736240578,10.732621173469383,7.2858430797410705
random_impostor,/mnt/c/Users/ansar/Desktop/VGGFace2_ArcFace_Project/data/aligned/train/n002017/0204_01.jpg,/mnt/c/Users/ansar/Desktop/VGGFace2_ArcFace_Project/data/aligned/train/n005948/0316_01.jpg,0.087349958717823,1226.760185928059,91.08661511479592,79.69345105573231,1918.6853909887707,24.607541454081627,9.204869210010827
random_impostor,/mnt/c/Users/ansar/Desktop/VGGFace2_ArcFace_Project/data/aligned/train/n002707/0080_01.jpg,/mnt/c/Users/ansar/Desktop/VGGFace2_ArcFace_Project/data/aligned/train/n008182/0030_01.jpg,0.068836860358715,951.552393000109,82.65011160714286,74.0869720986803,1011.919162710524,30.777423469387756,20.772173976430274
random_impostor,/mnt/c/Users/ansar/Desktop/VGGFace2_ArcFace_Project/data/aligned/train/n008911/0097_01.jpg,/mnt/c/Users/ansar/Desktop/VGGFace2_ArcFace_Project/data/aligned/train/n005254/0310_01.jpg,0.0322483256459236,535.8688809491356,74.40369897959184,65.55887466228765,824.7940283302266,5.185905612244909,9.756313236155663
random_impostor,/mnt/c/Users/ansar/Desktop/VGGFace2_ArcFace_Project/data/aligned/train/n001451/0255_01.jpg,/mnt/c/Users/ansar/Desktop/VGGFace2_ArcFace_Project/data/aligned/train/n003019/0186_01.jpg,0.189282938838005,191.9872399631613,62.262874681122454,54.336032545306615,48.016584778467575,2.103396045918366,12.705277958438657
random_impostor,/mnt/c/Users/ansar/Desktop/VGGFace2_ArcFace_Project/data/aligned/train/n001424/0145_01.jpg,/mnt/c/Users/ansar/Desktop/VGGFace2_ArcFace_Project/data/aligned/train/n001791/0195_01.jpg,0.1694032400846481,491.8925267751393,92.1670918367347,76.9412264567989,444.46654063411086,16.09598214285714,0.8946186139245356
random_impostor,/mnt/c/Users/ansar/Desktop/VGGFace2_ArcFace_Project/data/aligned/train/n004235/0274_01.jpg,/mnt/c/Users/ansar/Desktop/VGGFace2_ArcFace_Project/data/aligned/train/n007767/0557_03.jpg,0.0074090142734348,425.5739972052203,71.65692761479592,63.243312493753166,388.1423200093325,69.42641900510205,25.929934291749248
random_impostor,/mnt/c/Users/ansar/Desktop/VGGFace2_ArcFace_Project/data/aligned/train/n005178/0486_01.jpg,/mnt/c/Users/ansar/Desktop/VGGFace2_ArcFace_Project/data/aligned/train/n006627/0129_01.jpg,0.0179054643958807,1221.8958389809707,86.99561543367346,76.84436100039586,1051.0742039297184,7.716836734693871,3.77842688114373
random_impostor,/mnt/c/Users/ansar/Desktop/VGGFace2_ArcFace_Project/data/aligned/train/n000905/0170_01.jpg,/mnt/c/Users/ansar/Desktop/VGGFace2_ArcFace_Project/data/aligned/train/n007342/0031_19.jpg,0.0963370874524116,1077.7619531131795,97.04922672193878,86.5173624524686,261.3293197930527,9.590003188775512,14.068637563118713
random_impostor,/mnt/c/Users/ansar/Desktop/VGGFace2_ArcFace_Project/data/aligned/train/n008367/0384_03.jpg,/mnt/c/Users/ansar/Desktop/VGGFace2_ArcFace_Project/data/aligned/train/n009142/0082_02.jpg,0.0092425188049674,234.41761799168458,66.65553252551021,66.24085393417572,87.29119834280272,43.39987244897959,29.163757166521982
random_impostor,/mnt/c/Users/ansar/Desktop/VGGFace2_ArcFace_Project/data/aligned/train/n005803/0318_02.jpg,/mnt/c/Users/ansar/Desktop/VGGFace2_ArcFace_Project/data/aligned/train/n008380/0237_06.jpg,0.0988512337207794,312.074907178136,54.835618622448976,63.72899693707549,293.4289141825367,5.045918367346935,9.611147574702727
random_impostor,/mnt/c/Users/ansar/Desktop/VGGFace2_ArcFace_Project/data/aligned/train/n006840/0007_01.jpg,/mnt/c/Users/ansar/Desktop/VGGFace2_ArcFace_Project/data/aligned/train/n000865/0082_04.jpg,0.0395278669893741,627.4424405429622,65.02961575255102,55.45253910026899,1085.7186418094025,24.945870535714285,14.56474539116251
random_impostor,/mnt/c/Users/ansar/Desktop/VGGFace2_ArcFace_Project/data/aligned/train/n007957/0051_01.jpg,/mnt/c/Users/ansar/Desktop/VGGFace2_ArcFace_Project/data/aligned/train/n002992/0254_01.jpg,0.0376619733870029,1229.4332368780008,74.5234375,62.10519388886749,497.84830917491865,27.0204081632653,14.747497721302828
random_impostor,/mnt/c/Users/ansar/Desktop/VGGFace2_ArcFace_Project/data/aligned/train/n007646/0007_01.jpg,/mnt/c/Users/ansar/Desktop/VGGFace2_ArcFace_Project/data/aligned/train/n002473/0272_02.jpg,0.0948623716831207,202.63260088519024,81.97823660714286,71.00599462037846,44.74869136659365,39.44100765306122,22.792974861158285
random_impostor,/mnt/c/Users/ansar/Desktop/VGGFace2_ArcFace_Project/data/aligned/train/n007410/0128_01.jpg,/mnt/c/Users/ansar/Desktop/VGGFace2_ArcFace_Project/data/aligned/train/n004516/0090_01.jpg,-0.0258356425911188,4372.582352097656,72.96488360969389,68.6117365658093,6637.432969747509,37.41685267857143,1.6362026528939566
random_impostor,/mnt/c/Users/ansar/Desktop/VGGFace2_ArcFace_Project/data/aligned/train/n003800/0010_01.jpg,/mnt/c/Users/ansar/Desktop/VGGFace2_ArcFace_Project/data/aligned/train/n007336/0145_01.jpg,-0.1170920506119728,315.6819917328504,76.40617028061226,64.88741513809923,108.43956741021606,7.066326530612244,12.149540609441111
random_impostor,/mnt/c/Users/ansar/Desktop/VGGFace2_ArcFace_Project/data/aligned/train/n005150/0163_01.jpg,/mnt/c/Users/ansar/Desktop/VGGFace2_ArcFace_Project/data/aligned/train/n008955/0203_01.jpg,0.0969027131795883,1307.956764859887,113.45109215561226,85.90297477078653,1074.8104163650073,2.0286192602040813,11.052819445664028
random_impostor,/mnt/c/Users/ansar/Desktop/VGGFace2_ArcFace_Project/data/aligned/train/n001615/0073_01.jpg,/mnt/c/Users/ansar/Desktop/VGGFace2_ArcFace_Project/data/aligned/train/n001882/0415_01.jpg,0.0392036624252796,506.28076370156634,105.55149872448979,88.5830701024679,28.74071136944889,7.458067602040828,12.539409869298225
random_impostor,/mnt/c/Users/ansar/Desktop/VGGFace2_ArcFace_Project/data/aligned/train/n005969/0030_01.jpg,/mnt/c/Users/ansar/Desktop/VGGFace2_ArcFace_Project/data/aligned/train/n000780/0220_01.jpg,0.0735046565532684,286.5697874190757,67.1137994260204,60.54030245285628,33.0949666040334,50.51219706632653,34.29573388523977
random_impostor,/mnt/c/Users/ansar/Desktop/VGGFace2_ArcFace_Project/data/aligned/train/n006905/0154_01.jpg,/mnt/c/Users/ansar/Desktop/VGGFace2_ArcFace_Project/data/aligned/train/n001938/0057_01.jpg,0.0384075976908206,855.8825475239149,75.47062340561224,69.93714847135445,541.8690095875274,80.62651466836735,47.44221114727431
random_impostor,/mnt/c/Users/ansar/Desktop/VGGFace2_ArcFace_Project/data/aligned/train/n003281/0078_01.jpg,/mnt/c/Users/ansar/Desktop/VGGFace2_ArcFace_Project/data/aligned/train/n001879/0218_01.jpg,0.0717887431383133,659.6997714441849,93.4916693239796,75.80804508908729,47.98962762682504,34.20384247448979,18.578147337775306
random_impostor,/mnt/c/Users/ansar/Desktop/VGGFace2_ArcFace_Project/data/aligned/train/n003761/0173_02.jpg,/mnt/c/Users/ansar/Desktop/VGGFace2_ArcFace_Project/data/aligned/train/n005950/0193_02.jpg,0.0603330843150615,802.3251461678869,74.48660714285714,72.89021431193991,408.0822326329686,18.010522959183675,15.2641636631962
random_impostor,/mnt/c/Users/ansar/Desktop/VGGFace2_ArcFace_Project/data/aligned/train/n000460/0064_01.jpg,/mnt/c/Users/ansar/Desktop/VGGFace2_ArcFace_Project/data/aligned/train/n007410/0325_01.jpg,0.1540526747703552,581.6520863651783,80.55592315051021,68.60128198429217,790.4515523723842,20.811623086734684,6.344021960308069
random_impostor,/mnt/c/Users/ansar/Desktop/VGGFace2_ArcFace_Project/data/aligned/train/n006294/0241_02.jpg,/mnt/c/Users/ansar/Desktop/VGGFace2_ArcFace_Project/data/aligned/train/n000285/0235_01.jpg,0.271093487739563,330.06475320074867,75.12380420918367,71.21101426482822,31.710583510075082,22.538903061224488,20.01280442918261
random_impostor,/mnt/c/Users/ansar/Desktop/VGGFace2_ArcFace_Project/data/aligned/train/n000408/0046_02.jpg,/mnt/c/Users/ansar/Desktop/VGGFace2_ArcFace_Project/data/aligned/train/n005295/0312_01.jpg,0.2190745621919632,914.0635842828142,93.12727200255102,83.9531282927419,4.5675499029132425,3.6577646683673493,13.892116997963086
random_impostor,/mnt/c/Users/ansar/Desktop/VGGFace2_ArcFace_Project/data/aligned/train/n007178/0128_01.jpg,/mnt/c/Users/ansar/Desktop/VGGFace2_ArcFace_Project/data/aligned/train/n008141/0118_01.jpg,0.1594874262809753,795.6526968533772,96.05404974489795,82.36143891483414,624.4055811617086,13.245376275510196,17.03549803714145
random_impostor,/mnt/c/Users/ansar/Desktop/VGGFace2_ArcFace_Project/data/aligned/train/n001014/0018_02.jpg,/mnt/c/Users/ansar/Desktop/VGGFace2_ArcFace_Project/data/aligned/train/n004732/0012_02.jpg,0.2165859490633011,829.7302998642483,105.51765784438774,83.70293615336115,496.86631478750917,14.349091198979593,3.25333059404457
random_impostor,/mnt/c/Users/ansar/Desktop/VGGFace2_ArcFace_Project/data/aligned/train/n002418/0119_02.jpg,/mnt/c/Users/ansar/Desktop/VGGFace2_ArcFace_Project/data/aligned/train/n004870/0132_04.jpg,0.0175756383687257,532.4859877097413,73.9623724489796,71.50203556663874,351.45027894667913,28.301339285714285,4.3353538566079095
random_impostor,/mnt/c/Users/ansar/Desktop/VGGFace2_ArcFace_Project/data/aligned/train/n000751/0036_01.jpg,/mnt/c/Users/ansar/Desktop/VGGFace2_ArcFace_Project/data/aligned/train/n004606/0691_01.jpg,0.051087774336338,1273.0894507456205,105.48034917091837,86.67239805050647,957.4556987973762,48.49944196428572,24.421958989062446
random_impostor,/mnt/c/Users/ansar/Desktop/VGGFace2_ArcFace_Project/data/aligned/train/n007875/0206_01.jpg,/mnt/c/Users/ansar/Desktop/VGGFace2_ArcFace_Project/data/aligned/train/n007860/0129_01.jpg,0.1373883038759231,2050.892853730125,98.77865911989795,84.98137082759416,2207.895913933972,32.72775829081634,21.449402114197667
random_impostor,/mnt/c/Users/ansar/Desktop/VGGFace2_ArcFace_Project/data/aligned/train/n002876/0142_01.jpg,/mnt/c/Users/ansar/Desktop/VGGFace2_ArcFace_Project/data/aligned/train/n002774/0172_01.jpg,0.1621528714895248,521.1471694507782,91.3071588010204,86.16711475983668,437.80463266750024,8.575095663265301,29.33651165788251
random_impostor,/mnt/c/Users/ansar/Desktop/VGGFace2_ArcFace_Project/data/aligned/train/n008275/0274_01.jpg,/mnt/c/Users/ansar/Desktop/VGGFace2_ArcFace_Project/data/aligned/train/n003604/0187_01.jpg,-0.0192797537893056,990.8448954800276,106.98381696428572,81.66960619666236,6.33779590103029,3.6870216836734784,1.250974275213764
random_impostor,/mnt/c/Users/ansar/Desktop/VGGFace2_ArcFace_Project/data/aligned/train/n005096/0188_03.jpg,/mnt/c/Users/ansar/Desktop/VGGFace2_ArcFace_Project/data/aligned/train/n002236/0158_01.jpg,-0.0550816878676414,535.6271077179501,91.37424266581633,82.48639597795969,958.0758512497742,37.3415975765306,26.996066421162894
random_impostor,/mnt/c/Users/ansar/Desktop/VGGFace2_ArcFace_Project/data/aligned/train/n004901/0331_01.jpg,/mnt/c/Users/ansar/Desktop/VGGFace2_ArcFace_Project/data/aligned/train/n007711/0339_01.jpg,0.1672953814268112,1324.0497143390724,82.73441485969389,70.0315238948482,2233.7823798049744,47.36041135204082,39.76863243889204
random_impostor,/mnt/c/Users/ansar/Desktop/VGGFace2_ArcFace_Project/data/aligned/train/n001385/0095_01.jpg,/mnt/c/Users/ansar/Desktop/VGGFace2_ArcFace_Project/data/aligned/train/n007875/0074_01.jpg,0.007278383243829,1122.1865741613756,102.19535235969389,76.62931702287693,211.1322786838798,1.6349649234693828,1.5842390505643067
random_impostor,/mnt/c/Users/ansar/Desktop/VGGFace2_ArcFace_Project/data/aligned/train/n003148/0506_01.jpg,/mnt/c/Users/ansar/Desktop/VGGFace2_ArcFace_Project/data/aligned/train/n005586/0091_01.jpg,-0.0176642443984746,1083.6206203239853,94.13249362244898,80.21627069425926,821.280197855335,15.986926020408163,4.432443752114196
random_impostor,/mnt/c/Users/ansar/Desktop/VGGFace2_ArcFace_Project/data/aligned/train/n007033/0153_02.jpg,/mnt/c/Users/ansar/Desktop/VGGFace2_ArcFace_Project/data/aligned/train/n004557/0098_01.jpg,0.1456981897354126,685.9186064733261,89.50593909438776,65.99156392415875,154.9835145085217,49.47727997448979,18.15742453240766
random_impostor,/mnt/c/Users/ansar/Desktop/VGGFace2_ArcFace_Project/data/aligned/train/n004852/0248_01.jpg,/mnt/c/Users/ansar/Desktop/VGGFace2_ArcFace_Project/data/aligned/train/n007758/0233_02.jpg,0.0426969155669212,864.3461467007307,93.59869260204081,77.0849115315388,162.45670964607666,33.062021683673464,37.8746053675068
random_impostor,/mnt/c/Users/ansar/Desktop/VGGFace2_ArcFace_Project/data/aligned/train/n004970/0287_01.jpg,/mnt/c/Users/ansar/Desktop/VGGFace2_ArcFace_Project/data/aligned/train/n002785/0494_01.jpg,0.0686656311154365,1581.7720995533223,76.32146843112244,63.92847069877811,2175.473488632513,72.12444196428571,28.78786420442833
random_impostor,/mnt/c/Users/ansar/Desktop/VGGFace2_ArcFace_Project/data/aligned/train/n004431/0392_02.jpg,/mnt/c/Users/ansar/Desktop/VGGFace2_ArcFace_Project/data/aligned/train/n000244/0175_01.jpg,0.0542385689914226,1097.2528562152552,90.30141900510205,73.47650317359788,175.12464126275495,5.970822704081641,6.5781006368772665
random_impostor,/mnt/c/Users/ansar/Desktop/VGGFace2_ArcFace_Project/data/aligned/train/n003878/0209_01.jpg,/mnt/c/Users/ansar/Desktop/VGGFace2_ArcFace_Project/data/aligned/train/n001759/0245_01.jpg,0.0266022849828004,2094.0750548725373,92.05963010204081,83.5947373620726,1447.2201518194222,21.550542091836732,14.644152031100532
random_impostor,/mnt/c/Users/ansar/Desktop/VGGFace2_ArcFace_Project/data/aligned/train/n005325/0120_01.jpg,/mnt/c/Users/ansar/Desktop/VGGFace2_ArcFace_Project/data/aligned/train/n008776/0141_01.jpg,0.12905915081501,1517.8563444303602,94.67550223214286,74.92661766977442,31.19006975548109,19.808115433673464,10.256325960311017
random_impostor,/mnt/c/Users/ansar/Desktop/VGGFace2_ArcFace_Project/data/aligned/train/n004129/0297_01.jpg,/mnt/c/Users/ansar/Desktop/VGGFace2_ArcFace_Project/data/aligned/train/n003640/0346_01.jpg,-0.0686981305480003,724.296331755969,70.68096301020408,70.5060555179765,677.5843726956115,10.17506377551021,13.38928791853165
random_impostor,/mnt/c/Users/ansar/Desktop/VGGFace2_ArcFace_Project/data/aligned/train/n000913/0014_01.jpg,/mnt/c/Users/ansar/Desktop/VGGFace2_ArcFace_Project/data/aligned/train/n007643/0076_01.jpg,0.3074431121349334,522.7073570292773,49.68295599489796,58.369026931720484,318.7218850615222,6.780133928571431,1.8466134344210303
random_impostor,/mnt/c/Users/ansar/Desktop/VGGFace2_ArcFace_Project/data/aligned/train/n002016/0239_01.jpg,/mnt/c/Users/ansar/Desktop/VGGFace2_ArcFace_Project/data/aligned/train/n009132/0201_01.jpg,-0.0254999957978725,353.0360641956131,68.8100286989796,64.86680418321353,71.02230246471191,36.251434948979586,20.481174310787146
random_impostor,/mnt/c/Users/ansar/Desktop/VGGFace2_ArcFace_Project/data/aligned/train/n007762/0068_01.jpg,/mnt/c/Users/ansar/Desktop/VGGFace2_ArcFace_Project/data/aligned/train/n006210/0167_01.jpg,0.3395356237888336,1272.4714020868482,72.24461894132654,66.38675566068187,1929.951657309129,1.1022799744898037,2.1176442838726217
random_impostor,/mnt/c/Users/ansar/Desktop/VGGFace2_ArcFace_Project/data/aligned/train/n002908/0192_01.jpg,/mnt/c/Users/ansar/Desktop/VGGFace2_ArcFace_Project/data/aligned/train/n006063/0154_01.jpg,0.0128750344738364,1605.1607896200273,123.13950892857143,94.43375865204254,2467.3129667498974,13.888392857142861,11.453082009532764
random_impostor,/mnt/c/Users/ansar/Desktop/VGGFace2_ArcFace_Project/data/aligned/train/n003065/0123_01.jpg,/mnt/c/Users/ansar/Desktop/VGGFace2_ArcFace_Project/data/aligned/train/n002513/1016_02.jpg,0.0611988231539726,911.9301719522535,75.75526147959184,72.83804080766515,1197.2584568835557,39.84167729591837,45.376029386473604
random_impostor,/mnt/c/Users/ansar/Desktop/VGGFace2_ArcFace_Project/data/aligned/train/n008979/0459_01.jpg,/mnt/c/Users/ansar/Desktop/VGGFace2_ArcFace_Project/data/aligned/train/n008609/0120_01.jpg,0.1872678846120834,639.0014612943814,64.91003667091837,72.80236514032165,393.3194297590338,0.41557716836734926,6.082123926454045
random_impostor,/mnt/c/Users/ansar/Desktop/VGGFace2_ArcFace_Project/data/aligned/train/n000221/0168_01.jpg,/mnt/c/Users/ansar/Desktop/VGGFace2_ArcFace_Project/data/aligned/train/n004488/0173_01.jpg,0.1346603482961654,1291.2454217118752,93.08529974489795,82.50958090909754,513.4391743295744,18.673628826530617,2.92526787221594
random_impostor,/mnt/c/Users/ansar/Desktop/VGGFace2_ArcFace_Project/data/aligned/train/n002807/0087_01.jpg,/mnt/c/Users/ansar/Desktop/VGGFace2_ArcFace_Project/data/aligned/train/n007294/0167_01.jpg,0.0164168644696474,143.20430671726848,62.67964764030612,62.3945900500745,69.55922943966827,7.520647321428569,7.133811213880904
random_impostor,/mnt/c/Users/ansar/Desktop/VGGFace2_ArcFace_Project/data/aligned/train/n002246/0035_01.jpg,/mnt/c/Users/ansar/Desktop/VGGFace2_ArcFace_Project/data/aligned/train/n001421/0395_01.jpg,0.0729483589529991,1131.2925067220017,94.1271524234694,80.12394920924973,1352.1019289143032,36.175063775510196,21.715418955159322
random_impostor,/mnt/c/Users/ansar/Desktop/VGGFace2_ArcFace_Project/data/aligned/train/n001373/0116_03.jpg,/mnt/c/Users/ansar/Desktop/VGGFace2_ArcFace_Project/data/aligned/train/n005649/0075_01.jpg,-0.0085065746679902,654.5269465512009,73.74876434948979,70.16893012500006,286.3741316280977,21.61981823979592,18.36366579008265
random_impostor,/mnt/c/Users/ansar/Desktop/VGGFace2_ArcFace_Project/data/aligned/train/n003422/0069_02.jpg,/mnt/c/Users/ansar/Desktop/VGGFace2_ArcFace_Project/data/aligned/train/n002132/0273_01.jpg,0.0576263889670372,872.8446759434851,91.73501275510205,79.72212443700683,137.79253969903493,23.047831632653057,30.303617701339334
random_impostor,/mnt/c/Users/ansar/Desktop/VGGFace2_ArcFace_Project/data/aligned/train/n000423/0092_01.jpg,/mnt/c/Users/ansar/Desktop/VGGFace2_ArcFace_Project/data/aligned/train/n008180/0255_01.jpg,-0.0138689037412405,488.2704240257965,73.90078922193877,71.93281981551542,790.1108262182424,0.8849649234693828,18.065458197394435
random_impostor,/mnt/c/Users/ansar/Desktop/VGGFace2_ArcFace_Project/data/aligned/train/n003479/0059_01.jpg,/mnt/c/Users/ansar/Desktop/VGGFace2_ArcFace_Project/data/aligned/train/n003052/0191_01.jpg,0.2700736224651336,686.2552723183527,56.99629304846939,62.974435046932996,497.8103827905874,29.546635841836732,29.34340513192489
random_impostor,/mnt/c/Users/ansar/Desktop/VGGFace2_ArcFace_Project/data/aligned/train/n006090/0123_02.jpg,/mnt/c/Users/ansar/Desktop/VGGFace2_ArcFace_Project/data/aligned/train/n007610/0191_01.jpg,0.0783267319202423,170.43522302452,72.51538584183673,60.57063134845229,80.03028089212705,12.58051658163265,11.450713273633156
random_impostor,/mnt/c/Users/ansar/Desktop/VGGFace2_ArcFace_Project/data/aligned/train/n006868/0317_01.jpg,/mnt/c/Users/ansar/Desktop/VGGFace2_ArcFace_Project/data/aligned/train/n005960/0118_01.jpg,0.0928266644477844,634.5213687710839,86.13069993622449,72.67315189101711,660.9620599456749,13.415896045918373,18.170840032488677
random_impostor,/mnt/c/Users/ansar/Desktop/VGGFace2_ArcFace_Project/data/aligned/train/n000232/0033_01.jpg,/mnt/c/Users/ansar/Desktop/VGGFace2_ArcFace_Project/data/aligned/train/n007499/0249_01.jpg,0.2099446803331375,1162.003673685337,68.78109056122449,71.52615988132015,42.894161346702276,3.8233418367346985,0.8009950508752581
random_impostor,/mnt/c/Users/ansar/Desktop/VGGFace2_ArcFace_Project/data/aligned/train/n006803/0359_01.jpg,/mnt/c/Users/ansar/Desktop/VGGFace2_ArcFace_Project/data/aligned/train/n000288/0313_01.jpg,0.0173200145363807,683.1546565623445,87.45866549744898,71.97116297571475,1198.6889991299506,52.10355548469388,11.093308768923507
random_impostor,/mnt/c/Users/ansar/Desktop/VGGFace2_ArcFace_Project/data/aligned/train/n003978/0067_01.jpg,/mnt/c/Users/ansar/Desktop/VGGFace2_ArcFace_Project/data/aligned/train/n003319/0268_01.jpg,-0.0290503147989511,495.274554623211,86.84458705357143,77.93830940846233,256.2795595028458,37.9552774234694,15.664497107604802
random_impostor,/mnt/c/Users/ansar/Desktop/VGGFace2_ArcFace_Project/data/aligned/train/n005209/0157_01.jpg,/mnt/c/Users/ansar/Desktop/VGGFace2_ArcFace_Project/data/aligned/train/n005110/0087_03.jpg,-0.0352349020540714,372.6833137248467,68.85491071428572,62.39426439418193,497.0249358291976,39.37914540816327,32.66367401151638
random_impostor,/mnt/c/Users/ansar/Desktop/VGGFace2_ArcFace_Project/data/aligned/train/n002168/0253_01.jpg,/mnt/c/Users/ansar/Desktop/VGGFace2_ArcFace_Project/data/aligned/train/n001772/0258_02.jpg,0.0898254290223121,803.9283484888296,98.85550860969389,83.28893701371679,428.1425253515788,3.743861607142847,14.084338892396175
random_impostor,/mnt/c/Users/ansar/Desktop/VGGFace2_ArcFace_Project/data/aligned/train/n000643/0009_01.jpg,/mnt/c/Users/ansar/Desktop/VGGFace2_ArcFace_Project/data/aligned/train/n005925/0445_02.jpg,0.0224095620214939,205.1438954999575,71.32039221938776,65.33836034974803,69.33998758680667,6.707589285714278,11.086295885564326
random_impostor,/mnt/c/Users/ansar/Desktop/VGGFace2_ArcFace_Project/data/aligned/train/n003226/0035_01.jpg,/mnt/c/Users/ansar/Desktop/VGGFace2_ArcFace_Project/data/aligned/train/n007818/0287_01.jpg,0.1507504880428314,2078.6513568603314,84.41681281887756,68.39854147002676,3253.7750895419554,39.10132334183673,15.756180936486182
random_impostor,/mnt/c/Users/ansar/Desktop/VGGFace2_ArcFace_Project/data/aligned/train/n000309/0103_01.jpg,/mnt/c/Users/ansar/Desktop/VGGFace2_ArcFace_Project/data/aligned/train/n001750/0284_04.jpg,0.137526050209999,562.7240193187074,78.36148756377551,72.72550421717938,117.39481162151071,9.260283801020407,6.618652572753902
random_impostor,/mnt/c/Users/ansar/Desktop/VGGFace2_ArcFace_Project/data/aligned/train/n008114/0235_01.jpg,/mnt/c/Users/ansar/Desktop/VGGFace2_ArcFace_Project/data/aligned/train/n004079/0180_01.jpg,0.1411896049976349,1286.8413411163876,92.55512595663265,80.50350464926387,888.4163775970319,35.087133290816325,2.9623209698887365
random_impostor,/mnt/c/Users/ansar/Desktop/VGGFace2_ArcFace_Project/data/aligned/train/n000393/0032_01.jpg,/mnt/c/Users/ansar/Desktop/VGGFace2_ArcFace_Project/data/aligned/train/n003643/0058_01.jpg,0.0205514803528785,795.7341286318842,94.73812181122449,82.88044055823231,673.9587652801424,1.0889668367346985,10.074209699047543
random_impostor,/mnt/c/Users/ansar/Desktop/VGGFace2_ArcFace_Project/data/aligned/train/n005400/0352_02.jpg,/mnt/c/Users/ansar/Desktop/VGGFace2_ArcFace_Project/data/aligned/train/n005644/0008_01.jpg,-0.0127285327762365,237.2442076181382,91.98114636479592,71.10955824898161,302.52746029766035,79.78627232142858,51.47745014940055
random_impostor,/mnt/c/Users/ansar/Desktop/VGGFace2_ArcFace_Project/data/aligned/train/n005934/0281_01.jpg,/mnt/c/Users/ansar/Desktop/VGGFace2_ArcFace_Project/data/aligned/train/n008498/0008_01.jpg,0.1171793863177299,849.4013977527421,79.72588488520408,63.83408239544676,1359.944973927744,29.587930484693885,14.747813680237805
random_impostor,/mnt/c/Users/ansar/Desktop/VGGFace2_ArcFace_Project/data/aligned/train/n005580/0041_01.jpg,/mnt/c/Users/ansar/Desktop/VGGFace2_ArcFace_Project/data/aligned/train/n006131/0226_01.jpg,-0.017192106693983,1088.1540714376722,62.25103635204081,55.07717214623305,1306.668577322112,9.730389030612251,1.4846804759672452
random_impostor,/mnt/c/Users/ansar/Desktop/VGGFace2_ArcFace_Project/data/aligned/train/n003070/0075_01.jpg,/mnt/c/Users/ansar/Desktop/VGGFace2_ArcFace_Project/data/aligned/train/n006933/0285_01.jpg,0.0452418513596057,1221.7506986631547,64.10132334183673,66.40538291286941,619.1952344075386,22.47879464285714,11.322775038295369
random_impostor,/mnt/c/Users/ansar/Desktop/VGGFace2_ArcFace_Project/data/aligned/train/n003411/0351_02.jpg,/mnt/c/Users/ansar/Desktop/VGGFace2_ArcFace_Project/data/aligned/train/n001134/0213_01.jpg,0.1901361793279647,147.0426317061647,72.9623724489796,65.94132521459247,149.0734454706677,2.5832270408163254,5.546490404277691
random_impostor,/mnt/c/Users/ansar/Desktop/VGGFace2_ArcFace_Project/data/aligned/train/n007848/0297_01.jpg,/mnt/c/Users/ansar/Desktop/VGGFace2_ArcFace_Project/data/aligned/train/n007755/0065_01.jpg,0.0971914231777191,186.86765345549992,78.91282684948979,66.59015968957372,65.44958796058282,22.82374043367348,15.058063460636511
random_impostor,/mnt/c/Users/ansar/Desktop/VGGFace2_ArcFace_Project/data/aligned/train/n002227/0154_01.jpg,/mnt/c/Users/ansar/Desktop/VGGFace2_ArcFace_Project/data/aligned/train/n001531/0329_02.jpg,-0.0478232912719249,1250.1903039502483,61.67554209183673,63.41745433780838,2112.011440342241,20.011160714285715,13.970199896701978
random_impostor,/mnt/c/Users/ansar/Desktop/VGGFace2_ArcFace_Project/data/aligned/train/n001654/0170_01.jpg,/mnt/c/Users/ansar/Desktop/VGGFace2_ArcFace_Project/data/aligned/train/n003908/0140_01.jpg,0.0672735050320625,616.0900475606477,91.99150988520408,74.02046466172862,76.63106952811813,49.49689094387756,22.9513798990845
random_impostor,/mnt/c/Users/ansar/Desktop/VGGFace2_ArcFace_Project/data/aligned/train/n001096/0060_01.jpg,/mnt/c/Users/ansar/Desktop/VGGFace2_ArcFace_Project/data/aligned/train/n000733/0044_01.jpg,0.0883507132530212,812.2668688709365,83.04695471938776,65.49518717479597,660.0952762411514,12.453125,9.208901127432554
random_impostor,/mnt/c/Users/ansar/Desktop/VGGFace2_ArcFace_Project/data/aligned/train/n005694/0154_02.jpg,/mnt/c/Users/ansar/Desktop/VGGFace2_ArcFace_Project/data/aligned/train/n006795/0177_03.jpg,-0.0103112272918224,172.97942990355074,66.79077646683673,62.46937194255718,90.26355728473528,19.729990433673464,35.302030410483425
random_impostor,/mnt/c/Users/ansar/Desktop/VGGFace2_ArcFace_Project/data/aligned/train/n005275/0256_01.jpg,/mnt/c/Users/ansar/Desktop/VGGFace2_ArcFace_Project/data/aligned/train/n008245/0100_02.jpg,0.0863634571433067,595.9979294503246,95.28364158163265,73.79414912549377,197.3514528350005,9.51881377551021,9.178254670878289
random_impostor,/mnt/c/Users/ansar/Desktop/VGGFace2_ArcFace_Project/data/aligned/train/n004110/0193_01.jpg,/mnt/c/Users/ansar/Desktop/VGGFace2_ArcFace_Project/data/aligned/train/n000842/0163_01.jpg,0.2074434161186218,573.543666822123,88.55711894132654,78.36700418841485,214.09494248612248,26.350526147959187,6.126142565025944
random_impostor,/mnt/c/Users/ansar/Desktop/VGGFace2_ArcFace_Project/data/aligned/train/n007720/0306_01.jpg,/mnt/c/Users/ansar/Desktop/VGGFace2_ArcFace_Project/data/aligned/train/n008052/0442_01.jpg,-0.0295377615839242,801.688374596802,97.40122767857143,85.86351126796633,146.29801665103128,18.68287627551021,18.58193622544303
random_impostor,/mnt/c/Users/ansar/Desktop/VGGFace2_ArcFace_Project/data/aligned/train/n003389/0036_01.jpg,/mnt/c/Users/ansar/Desktop/VGGFace2_ArcFace_Project/data/aligned/train/n005209/0048_01.jpg,0.0266763530671596,119.66424353050222,71.18594547193878,56.95767639579637,62.97745173596084,5.035475127551024,3.102073906011313
random_impostor,/mnt/c/Users/ansar/Desktop/VGGFace2_ArcFace_Project/data/aligned/train/n001855/0276_02.jpg,/mnt/c/Users/ansar/Desktop/VGGFace2_ArcFace_Project/data/aligned/train/n008066/0376_01.jpg,0.1785671859979629,124.92264097405196,66.2966757015306,63.16928340629322,11.18350081819139,1.6709980867346843,14.429373980271407
random_impostor,/mnt/c/Users/ansar/Desktop/VGGFace2_ArcFace_Project/data/aligned/train/n008880/0009_01.jpg,/mnt/c/Users/ansar/Desktop/VGGFace2_ArcFace_Project/data/aligned/train/n001340/0269_01.jpg,0.067368097603321,491.83703451541896,74.90684789540816,73.90402655494549,448.5614198925395,0.30349170918367463,2.977815208901532
random_impostor,/mnt/c/Users/ansar/Desktop/VGGFace2_ArcFace_Project/data/aligned/train/n008142/0114_01.jpg,/mnt/c/Users/ansar/Desktop/VGGFace2_ArcFace_Project/data/aligned/train/n002408/0191_02.jpg,0.2825957536697387,206.43803195087474,73.94770408163265,73.09313661485925,226.5695674630911,12.451371173469397,22.70216948729317
random_impostor,/mnt/c/Users/ansar/Desktop/VGGFace2_ArcFace_Project/data/aligned/train/n007060/0068_01.jpg,/mnt/c/Users/ansar/Desktop/VGGFace2_ArcFace_Project/data/aligned/train/n007028/0190_03.jpg,0.0283774249255657,975.0226023148517,90.89516900510205,81.17869208103477,1373.7747267119737,37.589764030612244,32.50208321773374
random_impostor,/mnt/c/Users/ansar/Desktop/VGGFace2_ArcFace_Project/data/aligned/train/n006622/0145_01.jpg,/mnt/c/Users/ansar/Desktop/VGGFace2_ArcFace_Project/data/aligned/train/n005952/0166_01.jpg,-0.0129555761814117,1472.8302184410365,111.02176339285714,86.99208417975277,1826.4732016770354,40.63855229591837,13.793161434197017
random_impostor,/mnt/c/Users/ansar/Desktop/VGGFace2_ArcFace_Project/data/aligned/train/n006427/0385_01.jpg,/mnt/c/Users/ansar/Desktop/VGGFace2_ArcFace_Project/data/aligned/train/n003424/0183_01.jpg,0.1401043832302093,391.4351709914773,72.42996651785714,70.9310536857655,101.61489833846076,49.727758290816325,30.230634004190108
random_impostor,/mnt/c/Users/ansar/Desktop/VGGFace2_ArcFace_Project/data/aligned/train/n004477/0123_01.jpg,/mnt/c/Users/ansar/Desktop/VGGFace2_ArcFace_Project/data/aligned/train/n002376/0221_01.jpg,0.0987182557582855,2360.3869218202694,81.70483896683673,72.72833108236787,3912.408555894731,11.09064094387756,18.17968158978382
random_impostor,/mnt/c/Users/ansar/Desktop/VGGFace2_ArcFace_Project/data/aligned/train/n002645/0122_01.jpg,/mnt/c/Users/ansar/Desktop/VGGFace2_ArcFace_Project/data/aligned/train/n005096/0276_02.jpg,-0.0397880747914314,475.68611651209676,55.422831632653065,56.10334220746603,509.42473723996636,36.07477678571429,14.110639710843166
random_impostor,/mnt/c/Users/ansar/Desktop/VGGFace2_ArcFace_Project/data/aligned/train/n007150/0202_01.jpg,/mnt/c/Users/ansar/Desktop/VGGFace2_ArcFace_Project/data/aligned/train/n005453/0261_01.jpg,0.0658375695347786,448.9351223362132,55.269889987244895,48.837529209005666,551.0857103658388,46.349569515306115,24.91875666358448
random_impostor,/mnt/c/Users/ansar/Desktop/VGGFace2_ArcFace_Project/data/aligned/train/n006118/0256_01.jpg,/mnt/c/Users/ansar/Desktop/VGGFace2_ArcFace_Project/data/aligned/train/n003797/0094_01.jpg,0.1681499630212783,341.37585603967403,44.777463329081634,52.12796223258536,202.18016331874048,25.824856505102037,3.209084787741425
random_impostor,/mnt/c/Users/ansar/Desktop/VGGFace2_ArcFace_Project/data/aligned/train/n003915/0169_01.jpg,/mnt/c/Users/ansar/Desktop/VGGFace2_ArcFace_Project/data/aligned/train/n007324/0290_01.jpg,0.1843648999929428,238.4760225574854,57.85008769132653,55.031135352231665,195.07806165155796,32.234454719387756,17.96574335863032
random_impostor,/mnt/c/Users/ansar/Desktop/VGGFace2_ArcFace_Project/data/aligned/train/n003062/0379_01.jpg,/mnt/c/Users/ansar/Desktop/VGGFace2_ArcFace_Project/data/aligned/train/n003583/0220_01.jpg,0.0572956167161464,506.8465371884589,70.41705197704081,70.25699043758523,705.7463452817003,20.646285076530617,14.48846139278971
random_impostor,/mnt/c/Users/ansar/Desktop/VGGFace2_ArcFace_Project/data/aligned/train/n002608/0030_01.jpg,/mnt/c/Users/ansar/Desktop/VGGFace2_ArcFace_Project/data/aligned/train/n005190/0246_01.jpg,0.047342725098133,1198.5366092953568,77.79496173469389,59.199797650482466,1812.5533072627716,53.75733418367347,31.651186745429754
random_impostor,/mnt/c/Users/ansar/Desktop/VGGFace2_ArcFace_Project/data/aligned/train/n006662/0127_02.jpg,/mnt/c/Users/ansar/Desktop/VGGFace2_ArcFace_Project/data/aligned/train/n003667/0218_01.jpg,0.1744458824396133,423.5542246839593,97.01522640306123,77.76693044939327,277.68749359397765,20.957110969387756,6.78992652218038
random_impostor,/mnt/c/Users/ansar/Desktop/VGGFace2_ArcFace_Project/data/aligned/train/n000557/0378_01.jpg,/mnt/c/Users/ansar/Desktop/VGGFace2_ArcFace_Project/data/aligned/train/n005850/0267_01.jpg,0.2136660665273666,795.2036520446752,68.69108737244898,57.82998762056222,1339.6699090184693,16.104910714285715,9.371301428813766
random_impostor,/mnt/c/Users/ansar/Desktop/VGGFace2_ArcFace_Project/data/aligned/train/n006143/0193_02.jpg,/mnt/c/Users/ansar/Desktop/VGGFace2_ArcFace_Project/data/aligned/train/n004465/0104_05.jpg,0.0290560964494943,804.1826233361375,106.83836894132652,85.55596226500852,1225.9248515569582,50.13895089285714,1.2142277628558134
random_impostor,/mnt/c/Users/ansar/Desktop/VGGFace2_ArcFace_Project/data/aligned/train/n003947/0122_01.jpg,/mnt/c/Users/ansar/Desktop/VGGFace2_ArcFace_Project/data/aligned/train/n006943/0226_01.jpg,0.0467423051595687,1333.0376464831038,50.86714764030613,56.02649854540341,2074.116175602695,51.800621811224495,32.93058602779644
random_impostor,/mnt/c/Users/ansar/Desktop/VGGFace2_ArcFace_Project/data/aligned/train/n005895/0301_01.jpg,/mnt/c/Users/ansar/Desktop/VGGFace2_ArcFace_Project/data/aligned/train/n006390/0093_02.jpg,0.1718836724758148,435.7414660821205,91.14253826530611,84.30999909654997,287.3128402754446,0.6589604591836604,4.868399257835279
random_impostor,/mnt/c/Users/ansar/Desktop/VGGFace2_ArcFace_Project/data/aligned/train/n006135/0310_02.jpg,/mnt/c/Users/ansar/Desktop/VGGFace2_ArcFace_Project/data/aligned/train/n007991/0393_01.jpg,-0.010297073982656,1770.0721806053914,93.6796875,88.8144498721538,1302.795631240279,16.19929846938774,5.2339346760279
random_impostor,/mnt/c/Users/ansar/Desktop/VGGFace2_ArcFace_Project/data/aligned/train/n002794/0015_05.jpg,/mnt/c/Users/ansar/Desktop/VGGFace2_ArcFace_Project/data/aligned/train/n006850/0105_01.jpg,0.0842581093311309,1908.608110265005,99.39281728316327,74.94071180298619,2773.0920681713123,24.629384566326536,3.820603351228769
random_impostor,/mnt/c/Users/ansar/Desktop/VGGFace2_ArcFace_Project/data/aligned/train/n008690/0076_01.jpg,/mnt/c/Users/ansar/Desktop/VGGFace2_ArcFace_Project/data/aligned/train/n002146/0116_01.jpg,-0.0757850483059883,1368.1842103391723,94.71241230867346,79.39566833083924,780.9473441432585,28.888313137755105,30.777540570726117
random_impostor,/mnt/c/Users/ansar/Desktop/VGGFace2_ArcFace_Project/data/aligned/train/n007728/0272_01.jpg,/mnt/c/Users/ansar/Desktop/VGGFace2_ArcFace_Project/data/aligned/train/n006632/0411_01.jpg,0.1092909425497055,1039.050759915658,54.00665656887755,67.52279387578952,1379.3814202069937,20.997688137755105,15.939476658415863
random_impostor,/mnt/c/Users/ansar/Desktop/VGGFace2_ArcFace_Project/data/aligned/train/n002649/0150_01.jpg,/mnt/c/Users/ansar/Desktop/VGGFace2_ArcFace_Project/data/aligned/train/n000779/0031_01.jpg,0.0471993684768676,735.7677929745968,75.16812818877551,73.9487500798262,936.0826790717085,10.419164540816325,14.564452222710543
random_impostor,/mnt/c/Users/ansar/Desktop/VGGFace2_ArcFace_Project/data/aligned/train/n008689/0115_01.jpg,/mnt/c/Users/ansar/Desktop/VGGFace2_ArcFace_Project/data/aligned/train/n008298/0147_01.jpg,-0.1227331459522247,1342.1897431627406,100.5818319515306,90.94083794538264,127.54145461546796,18.452407525510196,13.373184175416654
random_impostor,/mnt/c/Users/ansar/Desktop/VGGFace2_ArcFace_Project/data/aligned/train/n006636/0334_02.jpg,/mnt/c/Users/ansar/Desktop/VGGFace2_ArcFace_Project/data/aligned/train/n004257/0204_01.jpg,0.1369793862104416,1029.4144496067718,72.61340082908163,80.08952349858347,1762.226071168263,0.6850286989795933,10.747126729134436
random_impostor,/mnt/c/Users/ansar/Desktop/VGGFace2_ArcFace_Project/data/aligned/train/n009256/0125_02.jpg,/mnt/c/Users/ansar/Desktop/VGGFace2_ArcFace_Project/data/aligned/train/n008641/0198_01.jpg,-0.0675135403871536,202.06896693981574,66.9123086734694,57.875044171508975,197.65628972623512,2.9539221938775455,13.755793603818688
random_impostor,/mnt/c/Users/ansar/Desktop/VGGFace2_ArcFace_Project/data/aligned/train/n005512/0048_01.jpg,/mnt/c/Users/ansar/Desktop/VGGFace2_ArcFace_Project/data/aligned/train/n006426/0275_01.jpg,0.0882658064365387,2113.582552648097,96.24597417091837,85.24681404287614,3142.5471351556803,5.412707270408163,1.4841579627418042
random_impostor,/mnt/c/Users/ansar/Desktop/VGGFace2_ArcFace_Project/data/aligned/train/n008823/0028_01.jpg,/mnt/c/Users/ansar/Desktop/VGGFace2_ArcFace_Project/data/aligned/train/n007866/0233_01.jpg,-0.0758924260735511,722.976460750378,81.53591358418367,82.7327331875201,767.7969993772431,2.2180325255102105,11.244662233329166
random_impostor,/mnt/c/Users/ansar/Desktop/VGGFace2_ArcFace_Project/data/aligned/train/n004651/0203_01.jpg,/mnt/c/Users/ansar/Desktop/VGGFace2_ArcFace_Project/data/aligned/train/n004744/0065_01.jpg,0.0124847432598471,1270.600323207971,80.42370854591837,68.1951398442085,165.3263428547839,8.579719387755105,9.832136002017307
random_impostor,/mnt/c/Users/ansar/Desktop/VGGFace2_ArcFace_Project/data/aligned/train/n004941/0154_01.jpg,/mnt/c/Users/ansar/Desktop/VGGFace2_ArcFace_Project/data/aligned/train/n007251/0161_01.jpg,0.0067288433201611,560.4345760448731,97.47700095663265,79.7197484091239,108.88760163713528,69.04408482142856,48.61348528892209
random_impostor,/mnt/c/Users/ansar/Desktop/VGGFace2_ArcFace_Project/data/aligned/train/n004435/0471_01.jpg,/mnt/c/Users/ansar/Desktop/VGGFace2_ArcFace_Project/data/aligned/train/n002189/0157_03.jpg,0.0571020618081092,309.24308123860646,63.732780612244895,63.98579462572867,337.29012436809165,35.36973852040816,27.20895172354816
random_impostor,/mnt/c/Users/ansar/Desktop/VGGFace2_ArcFace_Project/data/aligned/train/n005196/0136_01.jpg,/mnt/c/Users/ansar/Desktop/VGGFace2_ArcFace_Project/data/aligned/train/n002480/0369_01.jpg,0.1284343004226684,981.36758464478,104.3270487882653,84.45483043576618,1222.1355956179655,38.85004783163265,29.87101715013644
random_impostor,/mnt/c/Users/ansar/Desktop/VGGFace2_ArcFace_Project/data/aligned/train/n002791/0003_01.jpg,/mnt/c/Users/ansar/Desktop/VGGFace2_ArcFace_Project/data/aligned/train/n002570/0188_01.jpg,0.1606471985578537,451.36673203690356,56.175860969387756,62.83870706923792,733.6191688928442,18.202806122448976,25.163440886108546
random_impostor,/mnt/c/Users/ansar/Desktop/VGGFace2_ArcFace_Project/data/aligned/train/n008751/0037_01.jpg,/mnt/c/Users/ansar/Desktop/VGGFace2_ArcFace_Project/data/aligned/train/n006398/0318_01.jpg,0.1496168226003646,387.55653508769035,68.53774713010205,69.28120037481129,457.17133438383627,43.63145727040817,27.284412298155893
random_impostor,/mnt/c/Users/ansar/Desktop/VGGFace2_ArcFace_Project/data/aligned/train/n003058/0415_01.jpg,/mnt/c/Users/ansar/Desktop/VGGFace2_ArcFace_Project/data/aligned/train/n005190/0211_01.jpg,0.082192912697792,1471.444856140823,79.80094068877551,79.34463982418278,1635.0807599087946,18.47879464285714,14.455470375328446
random_impostor,/mnt/c/Users/ansar/Desktop/VGGFace2_ArcFace_Project/data/aligned/train/n000632/0289_01.jpg,/mnt/c/Users/ansar/Desktop/VGGFace2_ArcFace_Project/data/aligned/train/n007107/0163_04.jpg,0.1161317750811576,763.3848903740212,65.27738360969389,68.42111225294877,1347.555164818563,29.477758290816332,40.47851053302635
random_impostor,/mnt/c/Users/ansar/Desktop/VGGFace2_ArcFace_Project/data/aligned/train/n006899/0517_02.jpg,/mnt/c/Users/ansar/Desktop/VGGFace2_ArcFace_Project/data/aligned/train/n009179/0296_01.jpg,0.0882799252867698,580.9307706007506,69.30086096938776,61.253069181489614,610.8399995281914,26.54225127551021,9.593742433361555
random_impostor,/mnt/c/Users/ansar/Desktop/VGGFace2_ArcFace_Project/data/aligned/train/n001348/0121_01.jpg,/mnt/c/Users/ansar/Desktop/VGGFace2_ArcFace_Project/data/aligned/train/n003454/0100_01.jpg,0.0743740573525428,862.1219679019392,94.63671875,69.69998027226131,913.9363011777625,24.362882653061234,2.295605236375849
random_impostor,/mnt/c/Users/ansar/Desktop/VGGFace2_ArcFace_Project/data/aligned/train/n002313/0141_01.jpg,/mnt/c/Users/ansar/Desktop/VGGFace2_ArcFace_Project/data/aligned/train/n006539/0285_01.jpg,0.2539421021938324,640.4140520107742,85.19184470663265,63.204503408717926,184.74239718919,74.57453762755102,16.612896528354277
random_impostor,/mnt/c/Users/ansar/Desktop/VGGFace2_ArcFace_Project/data/aligned/train/n007798/0154_01.jpg,/mnt/c/Users/ansar/Desktop/VGGFace2_ArcFace_Project/data/aligned/train/n006693/0301_01.jpg,0.0952438786625862,157.7920057716989,51.47030452806122,43.73925140685343,258.447514512945,37.61439732142858,18.933808700988045
random_impostor,/mnt/c/Users/ansar/Desktop/VGGFace2_ArcFace_Project/data/aligned/train/n002243/0146_01.jpg,/mnt/c/Users/ansar/Desktop/VGGFace2_ArcFace_Project/data/aligned/train/n001861/0113_01.jpg,0.0996409878134727,1567.0598819038364,89.30082110969389,72.85394889516147,962.9258948488562,3.5090082908163396,1.3805858894002228
random_impostor,/mnt/c/Users/ansar/Desktop/VGGFace2_ArcFace_Project/data/aligned/train/n006921/0175_01.jpg,/mnt/c/Users/ansar/Desktop/VGGFace2_ArcFace_Project/data/aligned/train/n007761/0132_01.jpg,0.0633274838328361,851.2337646961012,69.27889827806123,69.76627396198575,1209.3038331539815,5.791214923469383,0.4443305623119187
random_impostor,/mnt/c/Users/ansar/Desktop/VGGFace2_ArcFace_Project/data/aligned/train/n008795/0458_01.jpg,/mnt/c/Users/ansar/Desktop/VGGFace2_ArcFace_Project/data/aligned/train/n004974/0114_01.jpg,0.1002212241291999,1005.3870107673795,101.86870216836735,85.97095985326555,636.3210267015717,13.204878826530603,2.1677593530666996
random_impostor,/mnt/c/Users/ansar/Desktop/VGGFace2_ArcFace_Project/data/aligned/train/n000427/0072_02.jpg,/mnt/c/Users/ansar/Desktop/VGGFace2_ArcFace_Project/data/aligned/train/n009171/0148_01.jpg,0.1502347737550735,863.9530563862905,76.83765146683673,72.8361789633679,1001.7620259912148,31.026705994897952,0.14646263204485876
random_impostor,/mnt/c/Users/ansar/Desktop/VGGFace2_ArcFace_Project/data/aligned/train/n007257/0226_01.jpg,/mnt/c/Users/ansar/Desktop/VGGFace2_ArcFace_Project/data/aligned/train/n004989/0064_02.jpg,0.1181202828884124,864.3946049891625,95.27228156887756,77.3547021628405,1404.46391675791,15.328204719387756,5.304048985449214
random_impostor,/mnt/c/Users/ansar/Desktop/VGGFace2_ArcFace_Project/data/aligned/train/n003654/0128_01.jpg,/mnt/c/Users/ansar/Desktop/VGGFace2_ArcFace_Project/data/aligned/train/n000378/0336_01.jpg,0.3154292404651642,962.4227866220851,86.46878985969389,74.28259617023501,1432.2776507497183,36.27176339285715,25.74271257573762
random_impostor,/mnt/c/Users/ansar/Desktop/VGGFace2_ArcFace_Project/data/aligned/train/n002000/0086_01.jpg,/mnt/c/Users/ansar/Desktop/VGGFace2_ArcFace_Project/data/aligned/train/n007535/0079_02.jpg,0.3120668828487396,682.835755700521,84.19595025510205,74.20823247136224,520.2410921019746,27.54097576530613,14.391235171073532
random_impostor,/mnt/c/Users/ansar/Desktop/VGGFace2_ArcFace_Project/data/aligned/train/n000810/0324_02.jpg,/mnt/c/Users/ansar/Desktop/VGGFace2_ArcFace_Project/data/aligned/train/n003967/0460_02.jpg,-0.0101504232734441,421.63678491378715,100.56967474489795,87.0503355543145,142.68953564066726,26.75653698979592,9.758814015388282
random_impostor,/mnt/c/Users/ansar/Desktop/VGGFace2_ArcFace_Project/data/aligned/train/n006945/0252_01.jpg,/mnt/c/Users/ansar/Desktop/VGGFace2_ArcFace_Project/data/aligned/train/n003522/0030_01.jpg,-0.088329367339611,1083.3782551077095,77.05990911989795,72.65536632676466,1154.354058325663,29.714205994897966,3.3231963036553367
random_impostor,/mnt/c/Users/ansar/Desktop/VGGFace2_ArcFace_Project/data/aligned/train/n005184/0259_02.jpg,/mnt/c/Users/ansar/Desktop/VGGFace2_ArcFace_Project/data/aligned/train/n003929/0235_01.jpg,0.102364681661129,687.9686909826137,82.21265146683673,62.94926728635807,566.8026668893351,32.868383290816325,35.248477621794834
random_impostor,/mnt/c/Users/ansar/Desktop/VGGFace2_ArcFace_Project/data/aligned/train/n007475/0306_01.jpg,/mnt/c/Users/ansar/Desktop/VGGFace2_ArcFace_Project/data/aligned/train/n000632/0099_02.jpg,-0.0506813414394855,994.2127733210732,77.03188775510203,76.59434783656528,1765.420160346804,28.271045918367342,6.369090102913091
random_impostor,/mnt/c/Users/ansar/Desktop/VGGFace2_ArcFace_Project/data/aligned/train/n002171/0221_01.jpg,/mnt/c/Users/ansar/Desktop/VGGFace2_ArcFace_Project/data/aligned/train/n001737/0402_01.jpg,-0.048411551862955,504.1909486960491,106.93821747448979,83.72948341119745,781.4812029513255,26.23485331632652,5.694768118636773
random_impostor,/mnt/c/Users/ansar/Desktop/VGGFace2_ArcFace_Project/data/aligned/train/n007298/0080_01.jpg,/mnt/c/Users/ansar/Desktop/VGGFace2_ArcFace_Project/data/aligned/train/n003303/0219_01.jpg,0.1959603875875473,1540.4978281264998,92.49453922193878,78.96240620567659,735.7034925391702,29.222337372448976,18.398616198749565
random_impostor,/mnt/c/Users/ansar/Desktop/VGGFace2_ArcFace_Project/data/aligned/train/n001684/0116_01.jpg,/mnt/c/Users/ansar/Desktop/VGGFace2_ArcFace_Project/data/aligned/train/n005261/0148_03.jpg,0.1644034087657928,899.0288579703271,74.9103555484694,74.52217926328814,771.7364314665945,35.83346619897959,22.355832534994775
random_impostor,/mnt/c/Users/ansar/Desktop/VGGFace2_ArcFace_Project/data/aligned/train/n006814/0231_01.jpg,/mnt/c/Users/ansar/Desktop/VGGFace2_ArcFace_Project/data/aligned/train/n001307/0551_05.jpg,0.0156053379178047,585.8319632718087,73.8515625,74.18296591859834,173.2244158661003,26.151785714285715,3.2149803984842578
random_impostor,/mnt/c/Users/ansar/Desktop/VGGFace2_ArcFace_Project/data/aligned/train/n006806/0118_01.jpg,/mnt/c/Users/ansar/Desktop/VGGFace2_ArcFace_Project/data/aligned/train/n000773/0339_06.jpg,0.0241221189498901,225.0466124897249,88.62798947704081,75.2252484703573,372.77742806418337,41.403938137755105,14.162429628299321
random_impostor,/mnt/c/Users/ansar/Desktop/VGGFace2_ArcFace_Project/data/aligned/train/n007308/0033_01.jpg,/mnt/c/Users/ansar/Desktop/VGGFace2_ArcFace_Project/data/aligned/train/n004472/0769_01.jpg,0.1189660429954528,507.96403513904016,79.85877710459184,75.92689184985329,165.474193549166,32.38257334183674,21.66448794319838
random_impostor,/mnt/c/Users/ansar/Desktop/VGGFace2_ArcFace_Project/data/aligned/train/n000631/0044_01.jpg,/mnt/c/Users/ansar/Desktop/VGGFace2_ArcFace_Project/data/aligned/train/n001978/0195_01.jpg,0.0946609824895858,877.9498558791167,81.0088887117347,83.75439260953544,198.70998206847628,26.647401147959187,15.759598639580503
random_impostor,/mnt/c/Users/ansar/Desktop/VGGFace2_ArcFace_Project/data/aligned/train/n005346/0318_01.jpg,/mnt/c/Users/ansar/Desktop/VGGFace2_ArcFace_Project/data/aligned/train/n000008/0223_01.jpg,0.389599084854126,235.22902655611432,67.78838488520408,64.3492770404534,7.017789015319181,13.26586415816326,16.43958202482556
random_impostor,/mnt/c/Users/ansar/Desktop/VGGFace2_ArcFace_Project/data/aligned/train/n005218/0149_02.jpg,/mnt/c/Users/ansar/Desktop/VGGFace2_ArcFace_Project/data/aligned/train/n001776/0083_01.jpg,0.1483265608549118,704.2370683224387,72.89716198979592,66.45705713813976,1221.1276534214362,7.526945153061234,16.96405299947925
random_impostor,/mnt/c/Users/ansar/Desktop/VGGFace2_ArcFace_Project/data/aligned/train/n002736/0367_01.jpg,/mnt/c/Users/ansar/Desktop/VGGFace2_ArcFace_Project/data/aligned/train/n000971/0248_01.jpg,0.118533082306385,569.3425294875304,64.75964604591837,56.79574542473832,755.834795219806,30.884725765306122,0.1662125639522003
random_impostor,/mnt/c/Users/ansar/Desktop/VGGFace2_ArcFace_Project/data/aligned/train/n006325/0078_01.jpg,/mnt/c/Users/ansar/Desktop/VGGFace2_ArcFace_Project/data/aligned/train/n002019/0016_02.jpg,0.1531602591276168,340.1170903610617,76.27140465561224,69.58816409486886,22.830711558579083,8.744180484693885,16.01087741953996
random_impostor,/mnt/c/Users/ansar/Desktop/VGGFace2_ArcFace_Project/data/aligned/train/n006685/0203_01.jpg,/mnt/c/Users/ansar/Desktop/VGGFace2_ArcFace_Project/data/aligned/train/n009140/0117_01.jpg,0.061523575335741,155.79376652537658,81.62954400510205,73.51396394733608,61.32684821240457,5.298309948979593,0.05328499489482397
random_impostor,/mnt/c/Users/ansar/Desktop/VGGFace2_ArcFace_Project/data/aligned/train/n004485/0013_01.jpg,/mnt/c/Users/ansar/Desktop/VGGFace2_ArcFace_Project/data/aligned/train/n004727/0220_02.jpg,0.0970393344759941,817.672570139207,76.44029017857143,69.54182834207053,42.746913193365344,23.89285714285714,11.310829927260556
random_impostor,/mnt/c/Users/ansar/Desktop/VGGFace2_ArcFace_Project/data/aligned/train/n004269/0058_01.jpg,/mnt/c/Users/ansar/Desktop/VGGFace2_ArcFace_Project/data/aligned/train/n003712/0429_01.jpg,0.0594607889652252,269.5283593777963,64.34103954081633,60.103680445405075,2.072111016161898,12.970663265306115,10.62321998275408
random_impostor,/mnt/c/Users/ansar/Desktop/VGGFace2_ArcFace_Project/data/aligned/train/n006474/0261_03.jpg,/mnt/c/Users/ansar/Desktop/VGGFace2_ArcFace_Project/data/aligned/train/n001824/0239_01.jpg,0.1825830489397049,245.4202061676572,72.5786431760204,67.10455955278096,103.27932862548317,22.854033801020414,15.015640534758099
random_impostor,/mnt/c/Users/ansar/Desktop/VGGFace2_ArcFace_Project/data/aligned/train/n002693/0049_02.jpg,/mnt/c/Users/ansar/Desktop/VGGFace2_ArcFace_Project/data/aligned/train/n008837/0151_03.jpg,0.1667263507843017,1195.3897142708179,85.0868144132653,81.41273020785596,1201.3298147663083,28.7421875,8.260459951228242
random_impostor,/mnt/c/Users/ansar/Desktop/VGGFace2_ArcFace_Project/data/aligned/train/n004374/0342_01.jpg,/mnt/c/Users/ansar/Desktop/VGGFace2_ArcFace_Project/data/aligned/train/n009227/0169_02.jpg,0.0937282666563987,213.39032166722114,60.812619579081634,63.16600419197121,160.83324069174463,32.685188137755105,15.156519220126647
random_impostor,/mnt/c/Users/ansar/Desktop/VGGFace2_ArcFace_Project/data/aligned/train/n001380/0181_01.jpg,/mnt/c/Users/ansar/Desktop/VGGFace2_ArcFace_Project/data/aligned/train/n001554/0018_01.jpg,0.0536615476012229,680.5358435119604,64.58824936224491,59.132321079442036,79.85835875575128,37.353156887755105,19.50988230947852
random_impostor,/mnt/c/Users/ansar/Desktop/VGGFace2_ArcFace_Project/data/aligned/train/n005884/0346_01.jpg,/mnt/c/Users/ansar/Desktop/VGGFace2_ArcFace_Project/data/aligned/train/n001147/0138_01.jpg,0.0364712998270988,650.3445157929293,66.27993463010205,62.41204681579002,508.28784876215326,14.950494260204081,3.1245856467815614
random_impostor,/mnt/c/Users/ansar/Desktop/VGGFace2_ArcFace_Project/data/aligned/train/n005974/0073_01.jpg,/mnt/c/Users/ansar/Desktop/VGGFace2_ArcFace_Project/data/aligned/train/n001402/0081_02.jpg,0.0173786245286464,1719.7130729392486,65.62045599489795,76.34247891317641,560.7361932871295,7.751116071428569,2.632399354196167
random_impostor,/mnt/c/Users/ansar/Desktop/VGGFace2_ArcFace_Project/data/aligned/train/n000650/0296_01.jpg,/mnt/c/Users/ansar/Desktop/VGGFace2_ArcFace_Project/data/aligned/train/n004203/0197_02.jpg,0.0797915533185005,194.44932235215714,70.31831951530611,63.167966785250904,111.32233743854286,55.682876275510196,33.88885256960394
random_impostor,/mnt/c/Users/ansar/Desktop/VGGFace2_ArcFace_Project/data/aligned/train/n007944/0237_02.jpg,/mnt/c/Users/ansar/Desktop/VGGFace2_ArcFace_Project/data/aligned/train/n005647/0293_01.jpg,0.2467360347509384,268.8944022874939,64.58211096938776,61.13097398037255,125.33532246466925,57.41645408163265,34.99595897862365
random_impostor,/mnt/c/Users/ansar/Desktop/VGGFace2_ArcFace_Project/data/aligned/train/n003718/0218_03.jpg,/mnt/c/Users/ansar/Desktop/VGGFace2_ArcFace_Project/data/aligned/train/n003216/0311_01.jpg,0.1410330235958099,148.0567451295928,71.71954719387756,71.2417443902101,103.75799593593814,44.86623086734694,47.16745321420261
random_impostor,/mnt/c/Users/ansar/Desktop/VGGFace2_ArcFace_Project/data/aligned/train/n000204/0044_01.jpg,/mnt/c/Users/ansar/Desktop/VGGFace2_ArcFace_Project/data/aligned/train/n008618/0047_01.jpg,0.077965036034584,433.23986236178246,67.11858258928572,65.2741031615478,305.681510979312,22.03643176020408,16.42941550480201
random_impostor,/mnt/c/Users/ansar/Desktop/VGGFace2_ArcFace_Project/data/aligned/train/n004957/0088_02.jpg,/mnt/c/Users/ansar/Desktop/VGGFace2_ArcFace_Project/data/aligned/train/n001131/0137_01.jpg,-0.0484207309782505,383.4004018832028,96.98728475765307,78.55717428897943,143.0160122656514,56.958625637755105,34.720325277512025
random_impostor,/mnt/c/Users/ansar/Desktop/VGGFace2_ArcFace_Project/data/aligned/train/n002811/0109_01.jpg,/mnt/c/Users/ansar/Desktop/VGGFace2_ArcFace_Project/data/aligned/train/n002917/0054_02.jpg,0.1429559141397476,218.87290001630487,76.28918207908163,59.423543959437204,67.10044901513001,28.811782525510203,7.133034642040641
random_impostor,/mnt/c/Users/ansar/Desktop/VGGFace2_ArcFace_Project/data/aligned/train/n005780/0306_01.jpg,/mnt/c/Users/ansar/Desktop/VGGFace2_ArcFace_Project/data/aligned/train/n000465/0131_04.jpg,0.1125978156924247,818.4824329806785,76.77423469387756,73.41344701888525,1363.900268357677,5.411033163265316,3.152418796780026
random_impostor,/mnt/c/Users/ansar/Desktop/VGGFace2_ArcFace_Project/data/aligned/train/n008977/0094_01.jpg,/mnt/c/Users/ansar/Desktop/VGGFace2_ArcFace_Project/data/aligned/train/n007426/0406_01.jpg,0.1969639807939529,921.3029565108116,77.16127232142857,64.45638830050795,1490.9377406134995,37.4500956632653,29.331198254198597
random_impostor,/mnt/c/Users/ansar/Desktop/VGGFace2_ArcFace_Project/data/aligned/train/n006552/0032_01.jpg,/mnt/c/Users/ansar/Desktop/VGGFace2_ArcFace_Project/data/aligned/train/n001061/0216_02.jpg,0.1642076075077057,797.9560734956575,74.57493622448979,75.58407998344208,1050.215877261275,20.551977040816325,4.66853518799644
random_impostor,/mnt/c/Users/ansar/Desktop/VGGFace2_ArcFace_Project/data/aligned/train/n009200/0053_01.jpg,/mnt/c/Users/ansar/Desktop/VGGFace2_ArcFace_Project/data/aligned/train/n003089/0099_01.jpg,0.2306070029735565,729.6364110257913,78.1102519132653,71.11267974498091,732.5363141639389,4.942123724489804,1.946197476015115
random_impostor,/mnt/c/Users/ansar/Desktop/VGGFace2_ArcFace_Project/data/aligned/train/n005686/0228_01.jpg,/mnt/c/Users/ansar/Desktop/VGGFace2_ArcFace_Project/data/aligned/train/n007978/0234_01.jpg,0.1576397567987442,669.1155438723042,59.80337213010204,60.124602762006276,1244.6148939406758,18.55970982142857,4.6800462799745475
random_impostor,/mnt/c/Users/ansar/Desktop/VGGFace2_ArcFace_Project/data/aligned/train/n001734/0067_01.jpg,/mnt/c/Users/ansar/Desktop/VGGFace2_ArcFace_Project/data/aligned/train/n008007/0073_01.jpg,0.0065219313837587,1937.9985567066683,73.04942602040816,70.36562656982838,2132.715171473963,26.04448341836735,24.792708697265923
random_impostor,/mnt/c/Users/ansar/Desktop/VGGFace2_ArcFace_Project/data/aligned/train/n008162/0032_01.jpg,/mnt/c/Users/ansar/Desktop/VGGFace2_ArcFace_Project/data/aligned/train/n002172/0085_01.jpg,0.0300684440881013,659.9617911374157,85.46898915816327,79.36640937059182,213.89667743903703,52.6139987244898,43.47403045577787
random_impostor,/mnt/c/Users/ansar/Desktop/VGGFace2_ArcFace_Project/data/aligned/train/n006156/0087_01.jpg,/mnt/c/Users/ansar/Desktop/VGGFace2_ArcFace_Project/data/aligned/train/n005512/0045_01.jpg,0.1308313757181167,361.59260671568734,85.86973852040816,67.52637054391676,224.8149637002242,2.3569834183673493,4.103097881860478
random_impostor,/mnt/c/Users/ansar/Desktop/VGGFace2_ArcFace_Project/data/aligned/train/n006564/0434_02.jpg,/mnt/c/Users/ansar/Desktop/VGGFace2_ArcFace_Project/data/aligned/train/n002528/0176_01.jpg,0.2447852939367294,260.2972351576278,77.90274234693877,67.24520010723049,162.04264703168315,23.860331632653057,12.077266490420428
random_impostor,/mnt/c/Users/ansar/Desktop/VGGFace2_ArcFace_Project/data/aligned/train/n000782/0076_02.jpg,/mnt/c/Users/ansar/Desktop/VGGFace2_ArcFace_Project/data/aligned/train/n001167/0041_02.jpg,-0.0170288980007171,176.59707482404286,67.7926100127551,61.6767615447679,72.19502818827729,3.84765625,5.556606639285455
random_impostor,/mnt/c/Users/ansar/Desktop/VGGFace2_ArcFace_Project/data/aligned/train/n003531/0445_01.jpg,/mnt/c/Users/ansar/Desktop/VGGFace2_ArcFace_Project/data/aligned/train/n001551/0080_01.jpg,0.2286510616540908,1135.0378406465873,75.19626913265307,83.88637119394653,856.232408910431,21.297672193877546,24.14624067136981
random_impostor,/mnt/c/Users/ansar/Desktop/VGGFace2_ArcFace_Project/data/aligned/train/n007841/0152_01.jpg,/mnt/c/Users/ansar/Desktop/VGGFace2_ArcFace_Project/data/aligned/train/n008996/0383_01.jpg,0.0017542126588523,281.95767121352736,86.48840082908163,74.31616524857753,99.98400542717184,26.788504464285708,4.956380392224389
random_impostor,/mnt/c/Users/ansar/Desktop/VGGFace2_ArcFace_Project/data/aligned/train/n006530/0112_01.jpg,/mnt/c/Users/ansar/Desktop/VGGFace2_ArcFace_Project/data/aligned/train/n003382/0027_01.jpg,0.1220520064234733,387.09576424595116,78.71711575255102,62.38613814281252,360.63160504742683,16.817362882653057,0.49369265955277797
random_impostor,/mnt/c/Users/ansar/Desktop/VGGFace2_ArcFace_Project/data/aligned/train/n004215/0045_01.jpg,/mnt/c/Users/ansar/Desktop/VGGFace2_ArcFace_Project/data/aligned/train/n008918/0114_01.jpg,0.0690783783793449,472.3468538639397,86.18351403061226,78.34181935502771,335.1128432000989,33.75653698979592,30.07338510273953
random_impostor,/mnt/c/Users/ansar/Desktop/VGGFace2_ArcFace_Project/data/aligned/train/n003813/0186_01.jpg,/mnt/c/Users/ansar/Desktop/VGGFace2_ArcFace_Project/data/aligned/train/n008514/0097_02.jpg,-0.0349676385521888,819.6292485845232,82.3597337372449,71.83045021818097,1117.1960875778484,0.25151466836734926,18.039286156451922
random_impostor,/mnt/c/Users/ansar/Desktop/VGGFace2_ArcFace_Project/data/aligned/train/n007601/0023_01.jpg,/mnt/c/Users/ansar/Desktop/VGGFace2_ArcFace_Project/data/aligned/train/n006056/0115_01.jpg,-0.0095007242634892,713.453663293345,85.76335299744898,71.53425055726588,646.053595851531,48.46356823979592,34.97139415032089
random_impostor,/mnt/c/Users/ansar/Desktop/VGGFace2_ArcFace_Project/data/aligned/train/n002325/0382_04.jpg,/mnt/c/Users/ansar/Desktop/VGGFace2_ArcFace_Project/data/aligned/train/n000792/0091_01.jpg,0.0266995392739772,557.3378324560304,97.67681760204081,79.95606987481682,249.53021934220112,7.449457908163268,23.686479354272578
random_impostor,/mnt/c/Users/ansar/Desktop/VGGFace2_ArcFace_Project/data/aligned/train/n007131/0369_02.jpg,/mnt/c/Users/ansar/Desktop/VGGFace2_ArcFace_Project/data/aligned/train/n003150/0078_01.jpg,0.098270758986473,423.1421938844146,58.19511320153061,53.90815593347726,338.738091560564,12.023198341836732,1.2958913632791536
random_impostor,/mnt/c/Users/ansar/Desktop/VGGFace2_ArcFace_Project/data/aligned/train/n001342/0178_01.jpg,/mnt/c/Users/ansar/Desktop/VGGFace2_ArcFace_Project/data/aligned/train/n007618/0026_04.jpg,0.1893941313028335,762.9432757662416,105.97261639030611,94.2267525635666,525.9295089448407,30.73174426020408,22.159122270734755
random_impostor,/mnt/c/Users/ansar/Desktop/VGGFace2_ArcFace_Project/data/aligned/train/n000368/0192_01.jpg,/mnt/c/Users/ansar/Desktop/VGGFace2_ArcFace_Project/data/aligned/train/n000966/0245_01.jpg,0.151297777891159,1032.1084203946496,70.03499681122449,70.0867805030594,1644.9618992167977,1.5561224489795933,11.641458115194851
random_impostor,/mnt/c/Users/ansar/Desktop/VGGFace2_ArcFace_Project/data/aligned/train/n000442/0285_01.jpg,/mnt/c/Users/ansar/Desktop/VGGFace2_ArcFace_Project/data/aligned/train/n002097/0187_02.jpg,0.1619814187288284,229.79037955719843,92.54838966836735,72.13946103321902,7.020900543606928,1.9319196428571388,3.9668441870467888
random_impostor,/mnt/c/Users/ansar/Desktop/VGGFace2_ArcFace_Project/data/aligned/train/n001275/0347_01.jpg,/mnt/c/Users/ansar/Desktop/VGGFace2_ArcFace_Project/data/aligned/train/n008776/0021_01.jpg,0.0554493926465511,575.9960819134758,68.98840082908163,69.49350726597103,118.42579063660196,0.5579559948979664,8.60423103820132
random_impostor,/mnt/c/Users/ansar/Desktop/VGGFace2_ArcFace_Project/data/aligned/train/n009009/0415_02.jpg,/mnt/c/Users/ansar/Desktop/VGGFace2_ArcFace_Project/data/aligned/train/n008578/0144_01.jpg,0.8499653339385986,506.5183654778801,42.06875797193878,49.85499140100758,503.7335061768798,26.747050382653065,1.7656065814771225
random_impostor,/mnt/c/Users/ansar/Desktop/VGGFace2_ArcFace_Project/data/aligned/train/n007420/0321_01.jpg,/mnt/c/Users/ansar/Desktop/VGGFace2_ArcFace_Project/data/aligned/train/n004107/0247_01.jpg,0.1366225481033325,2196.6304626846154,82.75482302295919,74.7286530985217,2232.4243127456657,53.49481823979591,48.398071839100076
random_impostor,/mnt/c/Users/ansar/Desktop/VGGFace2_ArcFace_Project/data/aligned/train/n001226/0183_01.jpg,/mnt/c/Users/ansar/Desktop/VGGFace2_ArcFace_Project/data/aligned/train/n007851/0327_01.jpg,-0.0051440373063087,496.0528006086942,67.94036989795919,67.93544464848526,653.0994679086758,23.59135841836735,6.831304638120457
random_impostor,/mnt/c/Users/ansar/Desktop/VGGFace2_ArcFace_Project/data/aligned/train/n005185/0003_01.jpg,/mnt/c/Users/ansar/Desktop/VGGFace2_ArcFace_Project/data/aligned/train/n000641/0106_02.jpg,0.2267489731311798,176.67010319784055,65.61296237244898,63.658881606106604,144.20265802767113,12.904655612244902,4.611791379586812
random_impostor,/mnt/c/Users/ansar/Desktop/VGGFace2_ArcFace_Project/data/aligned/train/n006658/0220_01.jpg,/mnt/c/Users/ansar/Desktop/VGGFace2_ArcFace_Project/data/aligned/train/n000867/0120_01.jpg,0.0346214957535266,393.44426887127713,89.33474170918367,78.47193677297352,110.35686170394496,18.48660714285714,5.013913101554579
random_impostor,/mnt/c/Users/ansar/Desktop/VGGFace2_ArcFace_Project/data/aligned/train/n002162/0260_01.jpg,/mnt/c/Users/ansar/Desktop/VGGFace2_ArcFace_Project/data/aligned/train/n000571/0019_01.jpg,0.0379640348255634,398.40420482656157,62.939732142857146,57.87192668912154,132.201022401148,36.350924744897966,31.909647412949028
random_impostor,/mnt/c/Users/ansar/Desktop/VGGFace2_ArcFace_Project/data/aligned/train/n004241/0213_01.jpg,/mnt/c/Users/ansar/Desktop/VGGFace2_ArcFace_Project/data/aligned/train/n000896/0013_01.jpg,0.1246288567781448,469.8493969181288,75.78583386479592,69.10605336661399,830.028728029123,56.37189094387755,43.234305151397706
random_impostor,/mnt/c/Users/ansar/Desktop/VGGFace2_ArcFace_Project/data/aligned/train/n006035/0538_01.jpg,/mnt/c/Users/ansar/Desktop/VGGFace2_ArcFace_Project/data/aligned/train/n001514/0233_01.jpg,0.0053674895316362,443.45556701634735,84.59056122448979,70.29276855853925,191.83987791545195,9.412308673469383,6.073775447626687
random_impostor,/mnt/c/Users/ansar/Desktop/VGGFace2_ArcFace_Project/data/aligned/train/n000782/0077_02.jpg,/mnt/c/Users/ansar/Desktop/VGGFace2_ArcFace_Project/data/aligned/train/n003863/0072_02.jpg,-0.0137555291876196,747.8228376675327,80.14006696428572,77.95225657356832,753.1738387000208,11.375956632653057,0.4596085377227439
random_impostor,/mnt/c/Users/ansar/Desktop/VGGFace2_ArcFace_Project/data/aligned/train/n004303/0138_01.jpg,/mnt/c/Users/ansar/Desktop/VGGFace2_ArcFace_Project/data/aligned/train/n006529/0070_01.jpg,0.0940695628523826,666.8763905898178,75.63899075255102,60.577374728848966,1084.2583022048104,15.002311862244895,2.2870276215606253
random_impostor,/mnt/c/Users/ansar/Desktop/VGGFace2_ArcFace_Project/data/aligned/train/n006367/0030_01.jpg,/mnt/c/Users/ansar/Desktop/VGGFace2_ArcFace_Project/data/aligned/train/n004154/0432_02.jpg,0.2658189833164215,1291.4313878000203,85.84490593112244,76.55921295200622,1364.9121525203223,16.685347576530617,17.627545476399334
random_impostor,/mnt/c/Users/ansar/Desktop/VGGFace2_ArcFace_Project/data/aligned/train/n002900/0013_02.jpg,/mnt/c/Users/ansar/Desktop/VGGFace2_ArcFace_Project/data/aligned/train/n005629/0017_01.jpg,-0.0605785250663757,1025.502186760511,122.2192681760204,88.8643339150847,871.7713403411828,38.16541772959184,7.454010619059645
random_impostor,/mnt/c/Users/ansar/Desktop/VGGFace2_ArcFace_Project/data/aligned/train/n006627/0111_01.jpg,/mnt/c/Users/ansar/Desktop/VGGFace2_ArcFace_Project/data/aligned/train/n006390/0093_02.jpg,0.0676910579204559,587.9434175566801,84.2026068239796,77.73953981980708,17.091062673674514,13.220902423469397,18.00931781132107
random_impostor,/mnt/c/Users/ansar/Desktop/VGGFace2_ArcFace_Project/data/aligned/train/n000251/0300_01.jpg,/mnt/c/Users/ansar/Desktop/VGGFace2_ArcFace_Project/data/aligned/train/n001636/0081_02.jpg,-0.0269150454550981,205.58618323577537,63.43060427295919,58.610948074992194,26.251847323950273,32.43901466836735,17.567082134747814
random_impostor,/mnt/c/Users/ansar/Desktop/VGGFace2_ArcFace_Project/data/aligned/train/n005092/0072_01.jpg,/mnt/c/Users/ansar/Desktop/VGGFace2_ArcFace_Project/data/aligned/train/n003641/0045_01.jpg,0.2044662535190582,915.3808992029179,115.482421875,71.46062860565428,1043.2159933259416,12.75151466836735,16.45212441597313
random_impostor,/mnt/c/Users/ansar/Desktop/VGGFace2_ArcFace_Project/data/aligned/train/n004098/0109_01.jpg,/mnt/c/Users/ansar/Desktop/VGGFace2_ArcFace_Project/data/aligned/train/n000273/0072_01.jpg,0.0556963272392749,1777.2296703105071,71.30731823979592,75.19905549887096,838.7762276785716,10.752710459183675,13.531033119222386
random_impostor,/mnt/c/Users/ansar/Desktop/VGGFace2_ArcFace_Project/data/aligned/train/n009108/0138_01.jpg,/mnt/c/Users/ansar/Desktop/VGGFace2_ArcFace_Project/data/aligned/train/n003040/0215_01.jpg,0.0364879444241523,385.04573087362587,55.05855389030612,55.73725407540216,119.10086935949744,27.656489158163268,26.93048124117044
random_impostor,/mnt/c/Users/ansar/Desktop/VGGFace2_ArcFace_Project/data/aligned/train/n005086/0613_01.jpg,/mnt/c/Users/ansar/Desktop/VGGFace2_ArcFace_Project/data/aligned/train/n001231/0005_01.jpg,0.0760333761572837,778.8202524403641,93.33916613520408,74.97967679376475,88.18020372497983,3.2688934948979522,1.500662800855821
random_impostor,/mnt/c/Users/ansar/Desktop/VGGFace2_ArcFace_Project/data/aligned/train/n007116/0230_01.jpg,/mnt/c/Users/ansar/Desktop/VGGFace2_ArcFace_Project/data/aligned/train/n000965/0009_01.jpg,-0.0136836227029562,601.4446487839845,73.62416294642857,66.00978901712207,771.1763296766809,31.322624362244902,14.357606670308357
random_impostor,/mnt/c/Users/ansar/Desktop/VGGFace2_ArcFace_Project/data/aligned/train/n007834/1368_02.jpg,/mnt/c/Users/ansar/Desktop/VGGFace2_ArcFace_Project/data/aligned/train/n002930/0200_01.jpg,-0.1247055605053901,540.3960326932362,67.3760762117347,62.06915447454904,147.81261602018031,15.016023596938773,6.512554673654755
random_impostor,/mnt/c/Users/ansar/Desktop/VGGFace2_ArcFace_Project/data/aligned/train/n009205/0351_04.jpg,/mnt/c/Users/ansar/Desktop/VGGFace2_ArcFace_Project/data/aligned/train/n001590/0123_03.jpg,-0.0211415681988,118.9227942483021,74.40680803571428,63.65222562294261,134.14406647656375,27.797831632653057,10.784552223450298
random_impostor,/mnt/c/Users/ansar/Desktop/VGGFace2_ArcFace_Project/data/aligned/train/n000340/0086_01.jpg,/mnt/c/Users/ansar/Desktop/VGGFace2_ArcFace_Project/data/aligned/train/n000439/0022_01.jpg,-0.002622447675094,429.81583750580614,82.79045758928572,70.32640688346012,646.2523745497483,24.623325892857153,2.534022513703434
random_impostor,/mnt/c/Users/ansar/Desktop/VGGFace2_ArcFace_Project/data/aligned/train/n005467/0066_01.jpg,/mnt/c/Users/ansar/Desktop/VGGFace2_ArcFace_Project/data/aligned/train/n003824/0238_01.jpg,0.0445411838591098,306.3079868397679,85.74366230867346,68.13219752906483,200.40046595295783,74.56991390306123,38.6402188201058
random_impostor,/mnt/c/Users/ansar/Desktop/VGGFace2_ArcFace_Project/data/aligned/train/n004840/0074_01.jpg,/mnt/c/Users/ansar/Desktop/VGGFace2_ArcFace_Project/data/aligned/train/n001522/0003_01.jpg,0.0506993159651756,1098.0139547059655,104.03802614795919,76.57805615582956,1846.79516865938,19.61399872448979,8.34108858023177
random_impostor,/mnt/c/Users/ansar/Desktop/VGGFace2_ArcFace_Project/data/aligned/train/n005219/0227_01.jpg,/mnt/c/Users/ansar/Desktop/VGGFace2_ArcFace_Project/data/aligned/train/n006252/0095_05.jpg,0.1766466945409774,443.84903351300363,75.57732780612244,78.7820315914776,589.7847100146262,23.789859693877546,12.607566065402722
random_impostor,/mnt/c/Users/ansar/Desktop/VGGFace2_ArcFace_Project/data/aligned/train/n001175/0174_01.jpg,/mnt/c/Users/ansar/Desktop/VGGFace2_ArcFace_Project/data/aligned/train/n004864/0036_01.jpg,0.1559006422758102,133.23118910656427,57.71599968112245,65.6359310256585,35.6895341853309,13.728714923469383,7.998218344176948
random_impostor,/mnt/c/Users/ansar/Desktop/VGGFace2_ArcFace_Project/data/aligned/train/n000012/0193_01.jpg,/mnt/c/Users/ansar/Desktop/VGGFace2_ArcFace_Project/data/aligned/train/n006308/0203_01.jpg,-0.0475036725401878,727.8129622091209,67.2665019132653,70.05997010629144,1026.8913856198121,52.20360331632653,9.072146837932351
random_impostor,/mnt/c/Users/ansar/Desktop/VGGFace2_ArcFace_Project/data/aligned/train/n002737/0169_01.jpg,/mnt/c/Users/ansar/Desktop/VGGFace2_ArcFace_Project/data/aligned/train/n001124/0314_01.jpg,0.1129235923290252,1136.0660876107681,95.95069355867346,82.653517459038,634.1907305481135,16.788185586734684,14.83502902374876
random_impostor,/mnt/c/Users/ansar/Desktop/VGGFace2_ArcFace_Project/data/aligned/train/n006991/0046_01.jpg,/mnt/c/Users/ansar/Desktop/VGGFace2_ArcFace_Project/data/aligned/train/n004231/0415_01.jpg,0.1370228976011276,426.6231485960236,60.377431441326536,63.84915995718376,323.0672601066694,50.327088647959194,23.304346109088918
random_impostor,/mnt/c/Users/ansar/Desktop/VGGFace2_ArcFace_Project/data/aligned/train/n007816/0199_01.jpg,/mnt/c/Users/ansar/Desktop/VGGFace2_ArcFace_Project/data/aligned/train/n001986/0275_01.jpg,0.1598505973815918,1559.2809732414096,67.05504623724491,78.27270935083651,1140.4798590148898,50.38560267857143,35.22713375461817
random_impostor,/mnt/c/Users/ansar/Desktop/VGGFace2_ArcFace_Project/data/aligned/train/n006725/0132_01.jpg,/mnt/c/Users/ansar/Desktop/VGGFace2_ArcFace_Project/data/aligned/train/n006463/0052_06.jpg,0.1408170163631439,1757.154763812375,105.59183673469389,84.86295873630166,2878.4494606853764,9.36989795918366,3.817517035056099
random_impostor,/mnt/c/Users/ansar/Desktop/VGGFace2_ArcFace_Project/data/aligned/train/n001627/0312_01.jpg,/mnt/c/Users/ansar/Desktop/VGGFace2_ArcFace_Project/data/aligned/train/n002073/0143_01.jpg,0.1184325888752937,814.4838371197416,80.10415338010205,72.58085135964373,139.0574642119435,23.987324617346943,28.875011039669644
random_impostor,/mnt/c/Users/ansar/Desktop/VGGFace2_ArcFace_Project/data/aligned/train/n004251/0480_01.jpg,/mnt/c/Users/ansar/Desktop/VGGFace2_ArcFace_Project/data/aligned/train/n007434/0224_01.jpg,0.1279420107603073,761.2701997324012,98.91525829081633,75.89784498197211,1174.2304461255565,23.749681122448976,7.5147444670225525
random_impostor,/mnt/c/Users/ansar/Desktop/VGGFace2_ArcFace_Project/data/aligned/train/n003641/0549_03.jpg,/mnt/c/Users/ansar/Desktop/VGGFace2_ArcFace_Project/data/aligned/train/n002559/0503_01.jpg,0.1309753060340881,177.0610263289039,83.31951530612245,73.02060233052447,36.20955140965026,24.244897959183675,28.982645526764983
random_impostor,/mnt/c/Users/ansar/Desktop/VGGFace2_ArcFace_Project/data/aligned/train/n006217/0018_01.jpg,/mnt/c/Users/ansar/Desktop/VGGFace2_ArcFace_Project/data/aligned/train/n007561/0003_01.jpg,0.0859581157565116,523.6607981836335,72.42924904336735,70.4805526112291,446.2961431564464,11.959263392857139,8.223111225130083
random_impostor,/mnt/c/Users/ansar/Desktop/VGGFace2_ArcFace_Project/data/aligned/train/n000342/0098_01.jpg,/mnt/c/Users/ansar/Desktop/VGGFace2_ArcFace_Project/data/aligned/train/n006544/0197_01.jpg,-0.0303878523409366,636.3875284095647,96.6312181122449,76.71854750494806,757.7647959094702,73.20328443877551,22.370687910503193
random_impostor,/mnt/c/Users/ansar/Desktop/VGGFace2_ArcFace_Project/data/aligned/train/n008291/0062_01.jpg,/mnt/c/Users/ansar/Desktop/VGGFace2_ArcFace_Project/data/aligned/train/n007135/0033_01.jpg,0.1768067330121994,333.7100985494071,78.9302056760204,71.75863363129369,147.49003743430274,22.879384566326536,0.9274114279035643
random_impostor,/mnt/c/Users/ansar/Desktop/VGGFace2_ArcFace_Project/data/aligned/train/n008765/0085_01.jpg,/mnt/c/Users/ansar/Desktop/VGGFace2_ArcFace_Project/data/aligned/train/n003620/0296_01.jpg,-0.0220852363854646,590.6080118582081,82.86304209183673,83.37710187774707,860.7971755237888,7.025988520408163,2.6447875385619852
random_impostor,/mnt/c/Users/ansar/Desktop/VGGFace2_ArcFace_Project/data/aligned/train/n009077/0075_01.jpg,/mnt/c/Users/ansar/Desktop/VGGFace2_ArcFace_Project/data/aligned/train/n004997/0312_01.jpg,0.0120137045159935,250.7987973023732,78.51490752551021,75.38196404299526,311.58117530883123,5.490752551020407,17.21048115506592
random_impostor,/mnt/c/Users/ansar/Desktop/VGGFace2_ArcFace_Project/data/aligned/train/n009226/0077_01.jpg,/mnt/c/Users/ansar/Desktop/VGGFace2_ArcFace_Project/data/aligned/train/n003840/0013_01.jpg,-0.126914381980896,687.613738282826,90.95336415816327,70.26240525451152,805.8283397034274,11.554846938775512,8.24582331734807
random_impostor,/mnt/c/Users/ansar/Desktop/VGGFace2_ArcFace_Project/data/aligned/train/n002843/0328_02.jpg,/mnt/c/Users/ansar/Desktop/VGGFace2_ArcFace_Project/data/aligned/train/n006829/0103_01.jpg,0.0117993941530585,1365.1191343587916,57.587810905612244,57.88539504144829,967.1028045311116,30.77798150510204,22.310758684861845
random_impostor,/mnt/c/Users/ansar/Desktop/VGGFace2_ArcFace_Project/data/aligned/train/n007129/0078_02.jpg,/mnt/c/Users/ansar/Desktop/VGGFace2_ArcFace_Project/data/aligned/train/n000835/0147_01.jpg,0.0438010916113853,2020.1893167873066,99.85698341836735,96.95920458732927,2222.4531149842346,2.2994260204081627,27.332038649674956
random_impostor,/mnt/c/Users/ansar/Desktop/VGGFace2_ArcFace_Project/data/aligned/train/n001088/0020_01.jpg,/mnt/c/Users/ansar/Desktop/VGGFace2_ArcFace_Project/data/aligned/train/n006469/0271_01.jpg,0.0119636068120598,922.3258411895231,70.66147161989795,70.31012362571325,135.5061587548563,18.34048150510204,21.460298265161605
random_impostor,/mnt/c/Users/ansar/Desktop/VGGFace2_ArcFace_Project/data/aligned/train/n003766/0178_01.jpg,/mnt/c/Users/ansar/Desktop/VGGFace2_ArcFace_Project/data/aligned/train/n003176/0195_01.jpg,0.0151381390169262,575.5508018121874,72.55592315051021,71.54523441375821,207.97611281376288,4.137994260204081,2.9033241216838803
random_impostor,/mnt/c/Users/ansar/Desktop/VGGFace2_ArcFace_Project/data/aligned/train/n002137/0427_01.jpg,/mnt/c/Users/ansar/Desktop/VGGFace2_ArcFace_Project/data/aligned/train/n007136/0132_01.jpg,0.0422033481299877,704.6046021416603,87.22847576530611,71.91861021115915,82.28986896608637,31.501753826530617,15.041681981166832
random_impostor,/mnt/c/Users/ansar/Desktop/VGGFace2_ArcFace_Project/data/aligned/train/n001484/0496_01.jpg,/mnt/c/Users/ansar/Desktop/VGGFace2_ArcFace_Project/data/aligned/train/n006338/0070_01.jpg,-0.0535169690847396,1604.5790053641285,84.81947544642857,77.6615162882836,956.0745932480934,12.537866709183675,1.4021967207310553
random_impostor,/mnt/c/Users/ansar/Desktop/VGGFace2_ArcFace_Project/data/aligned/train/n002323/0252_01.jpg,/mnt/c/Users/ansar/Desktop/VGGFace2_ArcFace_Project/data/aligned/train/n005130/0014_01.jpg,0.2407513856887817,608.4946582862508,79.9073262117347,63.36708651503422,914.1640878190402,31.022879464285708,16.584440135223893
random_impostor,/mnt/c/Users/ansar/Desktop/VGGFace2_ArcFace_Project/data/aligned/train/n000576/0154_01.jpg,/mnt/c/Users/ansar/Desktop/VGGFace2_ArcFace_Project/data/aligned/train/n000333/0148_01.jpg,0.0388104356825351,611.9003227484916,84.71831154336735,71.19040678697567,625.382866703337,25.232382015306115,22.533724848814316
random_impostor,/mnt/c/Users/ansar/Desktop/VGGFace2_ArcFace_Project/data/aligned/train/n001914/0307_01.jpg,/mnt/c/Users/ansar/Desktop/VGGFace2_ArcFace_Project/data/aligned/train/n004961/0063_01.jpg,0.1092236191034317,369.4322432454851,72.4652024872449,69.62321698624672,487.95598482499764,31.009805484693878,28.65402376474465
random_impostor,/mnt/c/Users/ansar/Desktop/VGGFace2_ArcFace_Project/data/aligned/train/n000011/0118_01.jpg,/mnt/c/Users/ansar/Desktop/VGGFace2_ArcFace_Project/data/aligned/train/n007224/0168_02.jpg,0.1018502339720726,482.20417642335207,87.15258290816327,73.35674201685237,653.1479033025688,16.177136479591837,8.818613182906475
random_impostor,/mnt/c/Users/ansar/Desktop/VGGFace2_ArcFace_Project/data/aligned/train/n000947/0170_01.jpg,/mnt/c/Users/ansar/Desktop/VGGFace2_ArcFace_Project/data/aligned/train/n006789/0396_01.jpg,0.208080843091011,369.1788342121192,73.11053093112244,71.28705600909508,503.0376305188897,18.522560586734684,14.908910504227237
random_impostor,/mnt/c/Users/ansar/Desktop/VGGFace2_ArcFace_Project/data/aligned/train/n008132/0072_01.jpg,/mnt/c/Users/ansar/Desktop/VGGFace2_ArcFace_Project/data/aligned/train/n005510/0507_02.jpg,0.0801026672124862,130.59263407474057,92.30739795918367,71.66530147020384,13.448121591589413,0.3139349489795933,5.542087063078142
random_impostor,/mnt/c/Users/ansar/Desktop/VGGFace2_ArcFace_Project/data/aligned/train/n004559/0195_01.jpg,/mnt/c/Users/ansar/Desktop/VGGFace2_ArcFace_Project/data/aligned/train/n001810/0100_03.jpg,0.146573930978775,905.7545934102774,98.23062818877551,72.35693119329456,762.4055915270085,19.52885841836735,16.903508731681136
random_impostor,/mnt/c/Users/ansar/Desktop/VGGFace2_ArcFace_Project/data/aligned/train/n005914/0064_01.jpg,/mnt/c/Users/ansar/Desktop/VGGFace2_ArcFace_Project/data/aligned/train/n001833/0460_01.jpg,0.1472301632165908,529.867359852503,70.97034438775509,67.50545262501382,278.3172912978967,17.446109693877546,11.57431889607956
random_impostor,/mnt/c/Users/ansar/Desktop/VGGFace2_ArcFace_Project/data/aligned/train/n008852/0460_01.jpg,/mnt/c/Users/ansar/Desktop/VGGFace2_ArcFace_Project/data/aligned/train/n003290/0192_01.jpg,0.077281504869461,621.3863304452766,69.57445790816327,69.69839852625435,1062.2609022808592,14.672193877551024,10.278718948255815
random_impostor,/mnt/c/Users/ansar/Desktop/VGGFace2_ArcFace_Project/data/aligned/train/n001339/0298_01.jpg,/mnt/c/Users/ansar/Desktop/VGGFace2_ArcFace_Project/data/aligned/train/n002777/0306_01.jpg,0.0880501419305801,998.8511791554952,79.40282206632654,73.86816261725433,738.4052628624792,22.88089923469387,21.6452196274904
random_impostor,/mnt/c/Users/ansar/Desktop/VGGFace2_ArcFace_Project/data/aligned/train/n008292/0202_01.jpg,/mnt/c/Users/ansar/Desktop/VGGFace2_ArcFace_Project/data/aligned/train/n003820/0189_01.jpg,0.074291855096817,804.5380931792286,78.78874362244898,78.52955141284096,1045.1413905133013,16.13504464285714,6.190822799649638
random_impostor,/mnt/c/Users/ansar/Desktop/VGGFace2_ArcFace_Project/data/aligned/train/n005991/0222_02.jpg,/mnt/c/Users/ansar/Desktop/VGGFace2_ArcFace_Project/data/aligned/train/n000764/0042_01.jpg,0.1040743365883827,178.68099084271836,59.93231823979592,57.091652290724575,213.64548843555383,7.258450255102041,15.387112064843578
random_impostor,/mnt/c/Users/ansar/Desktop/VGGFace2_ArcFace_Project/data/aligned/train/n001745/0343_01.jpg,/mnt/c/Users/ansar/Desktop/VGGFace2_ArcFace_Project/data/aligned/train/n005684/0309_02.jpg,0.3168733417987823,870.227945787715,82.2087850765306,68.46721165295222,370.1353316936629,37.719387755102034,13.514901779161335
random_impostor,/mnt/c/Users/ansar/Desktop/VGGFace2_ArcFace_Project/data/aligned/train/n007568/0408_02.jpg,/mnt/c/Users/ansar/Desktop/VGGFace2_ArcFace_Project/data/aligned/train/n007944/0302_01.jpg,0.1884921491146087,450.2848133212673,65.54823022959184,64.52964721255272,230.46082757443804,8.885044642857139,2.1357729511382573
random_impostor,/mnt/c/Users/ansar/Desktop/VGGFace2_ArcFace_Project/data/aligned/train/n006415/0209_02.jpg,/mnt/c/Users/ansar/Desktop/VGGFace2_ArcFace_Project/data/aligned/train/n002045/0340_01.jpg,0.072116695344448,590.4315845850159,84.93482940051021,74.34423420544567,277.16333056111876,4.197943239795919,16.219761778040436
random_impostor,/mnt/c/Users/ansar/Desktop/VGGFace2_ArcFace_Project/data/aligned/train/n005771/0269_01.jpg,/mnt/c/Users/ansar/Desktop/VGGFace2_ArcFace_Project/data/aligned/train/n005778/0124_02.jpg,0.0466888658702373,386.4379162071447,77.25374681122449,66.78428539458757,169.47002149372986,25.701211734693885,10.430244932756416
random_impostor,/mnt/c/Users/ansar/Desktop/VGGFace2_ArcFace_Project/data/aligned/train/n004323/0161_01.jpg,/mnt/c/Users/ansar/Desktop/VGGFace2_ArcFace_Project/data/aligned/train/n006509/0193_01.jpg,0.0190159119665622,860.3634699194296,68.41438137755102,65.74130179045544,1008.3642686989249,17.318239795918373,12.026258777801395
random_impostor,/mnt/c/Users/ansar/Desktop/VGGFace2_ArcFace_Project/data/aligned/train/n008291/0011_01.jpg,/mnt/c/Users/ansar/Desktop/VGGFace2_ArcFace_Project/data/aligned/train/n008414/0302_01.jpg,0.0120121845975518,235.24216758921858,77.96588010204081,71.9984203445959,239.2370459553799,37.92729591836734,9.3398691649883
random_impostor,/mnt/c/Users/ansar/Desktop/VGGFace2_ArcFace_Project/data/aligned/train/n003694/0299_03.jpg,/mnt/c/Users/ansar/Desktop/VGGFace2_ArcFace_Project/data/aligned/train/n004844/0037_01.jpg,0.0139648066833615,1584.904596655233,88.43191964285714,58.35474408671796,3042.2914942972175,98.4296875,46.889745084664376
random_impostor,/mnt/c/Users/ansar/Desktop/VGGFace2_ArcFace_Project/data/aligned/train/n009233/0243_01.jpg,/mnt/c/Users/ansar/Desktop/VGGFace2_ArcFace_Project/data/aligned/train/n007134/0324_01.jpg,0.1943332105875015,837.9582123953022,92.89405293367346,75.84172204772086,823.3660031040229,20.143335459183675,24.444368770664987
random_impostor,/mnt/c/Users/ansar/Desktop/VGGFace2_ArcFace_Project/data/aligned/train/n002950/0138_01.jpg,/mnt/c/Users/ansar/Desktop/VGGFace2_ArcFace_Project/data/aligned/train/n008780/0207_01.jpg,0.0133798234164714,416.99560169377264,72.62886639030613,56.57337889791529,322.9102146414011,66.52479272959184,38.138517735535636
random_impostor,/mnt/c/Users/ansar/Desktop/VGGFace2_ArcFace_Project/data/aligned/train/n002391/0107_01.jpg,/mnt/c/Users/ansar/Desktop/VGGFace2_ArcFace_Project/data/aligned/train/n008563/0406_01.jpg,0.0250071585178375,545.5950679850548,70.17024075255102,62.48367795678733,144.37877066221802,23.948899872448983,0.7421751675700676
random_impostor,/mnt/c/Users/ansar/Desktop/VGGFace2_ArcFace_Project/data/aligned/train/n007808/0202_01.jpg,/mnt/c/Users/ansar/Desktop/VGGFace2_ArcFace_Project/data/aligned/train/n003376/0004_01.jpg,0.0287570152431726,701.7024898092134,85.3773118622449,77.80605664406255,117.41053649953187,37.737085459183675,32.211936438612916
random_impostor,/mnt/c/Users/ansar/Desktop/VGGFace2_ArcFace_Project/data/aligned/train/n009061/0066_01.jpg,/mnt/c/Users/ansar/Desktop/VGGFace2_ArcFace_Project/data/aligned/train/n001427/0106_01.jpg,-0.0134830567985773,883.8568491651733,77.86144770408163,74.58760292246583,1097.138091214842,17.37707270408164,3.6473306616661034
random_impostor,/mnt/c/Users/ansar/Desktop/VGGFace2_ArcFace_Project/data/aligned/train/n005168/0070_01.jpg,/mnt/c/Users/ansar/Desktop/VGGFace2_ArcFace_Project/data/aligned/train/n009078/0073_01.jpg,0.0179601795971393,817.5765030148723,89.58227040816325,70.2222232764519,476.9309095567786,5.011798469387756,4.5248241225417445
random_impostor,/mnt/c/Users/ansar/Desktop/VGGFace2_ArcFace_Project/data/aligned/train/n000295/0100_01.jpg,/mnt/c/Users/ansar/Desktop/VGGFace2_ArcFace_Project/data/aligned/train/n000558/0383_01.jpg,0.2719180583953857,847.1019781542439,76.60267857142857,74.8298024981919,593.1216517857141,9.304846938775512,9.168187763635288
random_impostor,/mnt/c/Users/ansar/Desktop/VGGFace2_ArcFace_Project/data/aligned/train/n007137/0193_01.jpg,/mnt/c/Users/ansar/Desktop/VGGFace2_ArcFace_Project/data/aligned/train/n004913/0580_01.jpg,0.0185936614871025,847.1345147701265,78.24581473214286,77.87763576279986,41.2194320951985,18.709741709183675,19.78015467866176
random_impostor,/mnt/c/Users/ansar/Desktop/VGGFace2_ArcFace_Project/data/aligned/train/n005557/0130_01.jpg,/mnt/c/Users/ansar/Desktop/VGGFace2_ArcFace_Project/data/aligned/train/n000270/0334_01.jpg,0.1640971451997757,350.5040468234214,83.92386798469389,76.49109207910014,150.80870123517258,7.416135204081641,10.5241402672049
random_impostor,/mnt/c/Users/ansar/Desktop/VGGFace2_ArcFace_Project/data/aligned/train/n004623/0063_01.jpg,/mnt/c/Users/ansar/Desktop/VGGFace2_ArcFace_Project/data/aligned/train/n009248/0169_01.jpg,0.2161836326122284,615.5351196918226,75.29428411989795,68.28716875554802,567.4648847218505,8.379703443877546,0.04469230968146576
random_impostor,/mnt/c/Users/ansar/Desktop/VGGFace2_ArcFace_Project/data/aligned/train/n001201/0226_01.jpg,/mnt/c/Users/ansar/Desktop/VGGFace2_ArcFace_Project/data/aligned/train/n000989/0050_01.jpg,0.0563395544886589,213.61577455901147,46.80508609693878,46.53401075852331,227.28700118440236,10.70727040816326,2.3182341271201423
random_impostor,/mnt/c/Users/ansar/Desktop/VGGFace2_ArcFace_Project/data/aligned/train/n003870/0490_01.jpg,/mnt/c/Users/ansar/Desktop/VGGFace2_ArcFace_Project/data/aligned/train/n002584/0036_01.jpg,-0.1127141788601875,805.7731635503995,74.81732302295919,73.87168895036197,322.2983770406231,2.640864158163268,11.973509256229619
random_impostor,/mnt/c/Users/ansar/Desktop/VGGFace2_ArcFace_Project/data/aligned/train/n003328/0202_01.jpg,/mnt/c/Users/ansar/Desktop/VGGFace2_ArcFace_Project/data/aligned/train/n000580/0052_01.jpg,0.1370228081941604,1125.493922168838,63.68502869897959,53.747434006896306,470.80814590676516,39.9282525510204,12.894854329388394
random_impostor,/mnt/c/Users/ansar/Desktop/VGGFace2_ArcFace_Project/data/aligned/train/n005877/0057_02.jpg,/mnt/c/Users/ansar/Desktop/VGGFace2_ArcFace_Project/data/aligned/train/n003874/0272_01.jpg,-0.0354569479823112,263.5709600007717,68.5358737244898,57.667430271554636,357.30155365231724,38.03619260204082,20.234852704229986
random_impostor,/mnt/c/Users/ansar/Desktop/VGGFace2_ArcFace_Project/data/aligned/train/n001135/0140_01.jpg,/mnt/c/Users/ansar/Desktop/VGGFace2_ArcFace_Project/data/aligned/train/n004946/0285_01.jpg,0.1287314444780349,608.0406813138925,73.84171715561224,62.46035659474782,1100.5981793512856,37.32485650510204,22.028643568778477
random_impostor,/mnt/c/Users/ansar/Desktop/VGGFace2_ArcFace_Project/data/aligned/train/n003797/0022_01.jpg,/mnt/c/Users/ansar/Desktop/VGGFace2_ArcFace_Project/data/aligned/train/n000646/0298_01.jpg,0.1157402396202087,737.4255553964078,71.04476243622449,67.61152281375807,597.352087406157,27.230787627551024,18.015845010546037
random_impostor,/mnt/c/Users/ansar/Desktop/VGGFace2_ArcFace_Project/data/aligned/train/n005378/0423_01.jpg,/mnt/c/Users/ansar/Desktop/VGGFace2_ArcFace_Project/data/aligned/train/n002877/0131_01.jpg,0.0492585711181163,1276.5421050014913,67.0550462372449,58.28840338538923,2295.239095838007,50.49370216836734,42.96342042206323
random_impostor,/mnt/c/Users/ansar/Desktop/VGGFace2_ArcFace_Project/data/aligned/train/n004378/0148_01.jpg,/mnt/c/Users/ansar/Desktop/VGGFace2_ArcFace_Project/data/aligned/train/n000942/0248_01.jpg,0.0447490066289901,313.0844729041021,52.2723612882653,55.991272048405115,90.62095912185032,14.846699617346935,5.332950329730423
random_impostor,/mnt/c/Users/ansar/Desktop/VGGFace2_ArcFace_Project/data/aligned/train/n002915/0066_01.jpg,/mnt/c/Users/ansar/Desktop/VGGFace2_ArcFace_Project/data/aligned/train/n008350/0358_01.jpg,-0.0739292204380035,892.4158485472973,79.94220344387756,71.7061873866101,146.88188126264936,32.53236607142857,13.652083427520836
random_impostor,/mnt/c/Users/ansar/Desktop/VGGFace2_ArcFace_Project/data/aligned/train/n002829/0195_01.jpg,/mnt/c/Users/ansar/Desktop/VGGFace2_ArcFace_Project/data/aligned/train/n003586/0330_01.jpg,-0.0298519730567932,507.02627133548583,75.97855548469389,67.2842791178965,122.52213197427704,27.60650510204082,36.93086518855327
random_impostor,/mnt/c/Users/ansar/Desktop/VGGFace2_ArcFace_Project/data/aligned/train/n003866/0291_01.jpg,/mnt/c/Users/ansar/Desktop/VGGFace2_ArcFace_Project/data/aligned/train/n008632/0198_01.jpg,0.126322254538536,1055.3963444529847,79.04735331632654,74.23505611328773,1250.1649977792458,16.375,7.734520087231061
random_impostor,/mnt/c/Users/ansar/Desktop/VGGFace2_ArcFace_Project/data/aligned/train/n008206/0008_01.jpg,/mnt/c/Users/ansar/Desktop/VGGFace2_ArcFace_Project/data/aligned/train/n003562/0201_02.jpg,0.1097251027822494,289.3345819621819,66.08908641581633,53.047947481224426,42.55041213474493,28.929288903061227,9.61890026542438
random_impostor,/mnt/c/Users/ansar/Desktop/VGGFace2_ArcFace_Project/data/aligned/train/n000358/0304_01.jpg,/mnt/c/Users/ansar/Desktop/VGGFace2_ArcFace_Project/data/aligned/train/n009227/0065_01.jpg,0.0189300570636987,462.3955138975856,56.43634406887755,53.2834546851244,414.93657548007536,3.6027582908163254,16.451943285987696
random_impostor,/mnt/c/Users/ansar/Desktop/VGGFace2_ArcFace_Project/data/aligned/train/n001347/0016_01.jpg,/mnt/c/Users/ansar/Desktop/VGGFace2_ArcFace_Project/data/aligned/train/n008225/0451_01.jpg,0.2096839100122451,584.3281818121386,79.18686224489795,69.05345384424646,265.56157747560223,13.179049744897966,16.976463329020305
random_impostor,/mnt/c/Users/ansar/Desktop/VGGFace2_ArcFace_Project/data/aligned/train/n006510/0396_01.jpg,/mnt/c/Users/ansar/Desktop/VGGFace2_ArcFace_Project/data/aligned/train/n005358/0339_01.jpg,0.0137962661683559,462.7449985330972,81.62567761479592,66.15080923443794,660.3294463374128,1.4248246173469283,5.734811524478708
random_impostor,/mnt/c/Users/ansar/Desktop/VGGFace2_ArcFace_Project/data/aligned/train/n008292/0221_01.jpg,/mnt/c/Users/ansar/Desktop/VGGFace2_ArcFace_Project/data/aligned/train/n004141/0366_01.jpg,0.241434171795845,508.7306241405253,86.22476881377551,83.87521179113702,43.67765216438136,12.893893494897952,7.824797343183775
random_impostor,/mnt/c/Users/ansar/Desktop/VGGFace2_ArcFace_Project/data/aligned/train/n001557/0033_01.jpg,/mnt/c/Users/ansar/Desktop/VGGFace2_ArcFace_Project/data/aligned/train/n007477/0225_01.jpg,0.106457807123661,500.3580946439706,84.80680006377551,71.48285262597363,113.73925769175145,3.7508769132653015,0.2096116349742232
random_impostor,/mnt/c/Users/ansar/Desktop/VGGFace2_ArcFace_Project/data/aligned/train/n007209/0692_01.jpg,/mnt/c/Users/ansar/Desktop/VGGFace2_ArcFace_Project/data/aligned/train/n001748/0149_01.jpg,0.2306027859449386,514.6222504628097,83.41701211734693,82.43369271587558,673.4734055003938,27.847895408163268,3.0430095357781966
random_impostor,/mnt/c/Users/ansar/Desktop/VGGFace2_ArcFace_Project/data/aligned/train/n002971/0206_01.jpg,/mnt/c/Users/ansar/Desktop/VGGFace2_ArcFace_Project/data/aligned/train/n003287/0530_01.jpg,0.0917613580822944,263.1405575556439,61.634845344387756,58.654973431558275,16.669985178955756,14.243383290816325,8.752194215221202
random_impostor,/mnt/c/Users/ansar/Desktop/VGGFace2_ArcFace_Project/data/aligned/train/n006556/0316_01.jpg,/mnt/c/Users/ansar/Desktop/VGGFace2_ArcFace_Project/data/aligned/train/n001794/0158_01.jpg,0.0330410376191139,1248.4668763846669,76.3375318877551,68.47307817919217,973.0960565747347,27.29559948979591,7.216510451555848
random_impostor,/mnt/c/Users/ansar/Desktop/VGGFace2_ArcFace_Project/data/aligned/train/n008166/0341_01.jpg,/mnt/c/Users/ansar/Desktop/VGGFace2_ArcFace_Project/data/aligned/train/n007826/0115_01.jpg,-0.0246702451258897,2020.2926361961,80.84299266581633,79.63874585317092,377.7972096383992,4.14453125,5.6954835460800695
random_impostor,/mnt/c/Users/ansar/Desktop/VGGFace2_ArcFace_Project/data/aligned/train/n007058/0529_01.jpg,/mnt/c/Users/ansar/Desktop/VGGFace2_ArcFace_Project/data/aligned/train/n007828/0387_01.jpg,0.1660027652978897,766.5937275153703,70.25649713010205,67.71586460414358,438.45082638195186,1.5464764030612201,13.765157715777214
random_impostor,/mnt/c/Users/ansar/Desktop/VGGFace2_ArcFace_Project/data/aligned/train/n008301/0275_05.jpg,/mnt/c/Users/ansar/Desktop/VGGFace2_ArcFace_Project/data/aligned/train/n002053/0205_01.jpg,0.025526899844408,103.009478491577,76.03384088010205,72.2446881065006,3.2149087762097963,30.779416454081634,18.06535817534052
random_impostor,/mnt/c/Users/ansar/Desktop/VGGFace2_ArcFace_Project/data/aligned/train/n006634/0223_01.jpg,/mnt/c/Users/ansar/Desktop/VGGFace2_ArcFace_Project/data/aligned/train/n005060/0161_01.jpg,0.0943422988057136,1240.9204836952244,77.46500318877551,79.40994962993932,1532.6660731330307,13.362404336734699,4.888199901355534
random_impostor,/mnt/c/Users/ansar/Desktop/VGGFace2_ArcFace_Project/data/aligned/train/n002751/0041_01.jpg,/mnt/c/Users/ansar/Desktop/VGGFace2_ArcFace_Project/data/aligned/train/n008569/0336_01.jpg,0.1605766415596008,670.4729882160459,78.09494579081633,69.43755130374907,701.1931878804465,24.42841198979592,7.9855372781850775
random_impostor,/mnt/c/Users/ansar/Desktop/VGGFace2_ArcFace_Project/data/aligned/train/n000802/0102_01.jpg,/mnt/c/Users/ansar/Desktop/VGGFace2_ArcFace_Project/data/aligned/train/n005754/0002_01.jpg,0.1755637526512146,765.388503456354,72.11057079081633,77.02983412888514,1034.2265716006189,22.409757653061227,13.128875526749582
random_impostor,/mnt/c/Users/ansar/Desktop/VGGFace2_ArcFace_Project/data/aligned/train/n008618/0105_01.jpg,/mnt/c/Users/ansar/Desktop/VGGFace2_ArcFace_Project/data/aligned/train/n003712/0635_01.jpg,-0.0137403747066855,983.1493307015937,83.92586096938776,72.40307795899554,164.61161837881684,9.67426658163265,2.338743060057297
random_impostor,/mnt/c/Users/ansar/Desktop/VGGFace2_ArcFace_Project/data/aligned/train/n005338/0516_01.jpg,/mnt/c/Users/ansar/Desktop/VGGFace2_ArcFace_Project/data/aligned/train/n005840/0047_01.jpg,0.1036264151334762,689.9828282856336,74.30783641581633,62.97955721173901,1025.5311574876332,19.33442283163265,14.045367089582292
random_impostor,/mnt/c/Users/ansar/Desktop/VGGFace2_ArcFace_Project/data/aligned/train/n006064/0192_01.jpg,/mnt/c/Users/ansar/Desktop/VGGFace2_ArcFace_Project/data/aligned/train/n009141/0143_01.jpg,0.2101284563541412,625.6482162348482,84.50390625,75.22960065256154,295.1179714814567,24.370057397959187,26.588287265706896
random_impostor,/mnt/c/Users/ansar/Desktop/VGGFace2_ArcFace_Project/data/aligned/train/n007349/0372_02.jpg,/mnt/c/Users/ansar/Desktop/VGGFace2_ArcFace_Project/data/aligned/train/n000859/0132_01.jpg,-0.0159411467611789,542.2851747276881,45.00322863520408,55.38165470415025,478.72923039853794,14.00279017857143,11.437827653424776
random_impostor,/mnt/c/Users/ansar/Desktop/VGGFace2_ArcFace_Project/data/aligned/train/n009027/0223_02.jpg,/mnt/c/Users/ansar/Desktop/VGGFace2_ArcFace_Project/data/aligned/train/n006396/0429_01.jpg,0.0782096087932586,531.4433225149514,93.08721301020408,76.00772959936123,475.92301028949515,37.11336096938774,4.0409497224852515
random_impostor,/mnt/c/Users/ansar/Desktop/VGGFace2_ArcFace_Project/data/aligned/train/n000399/0308_01.jpg,/mnt/c/Users/ansar/Desktop/VGGFace2_ArcFace_Project/data/aligned/train/n007441/0145_01.jpg,-0.0011324650840833,1266.5113944514799,81.43941326530611,77.59012770442996,396.0734259793285,24.105389030612244,1.452053632235959
random_impostor,/mnt/c/Users/ansar/Desktop/VGGFace2_ArcFace_Project/data/aligned/train/n000033/0233_02.jpg,/mnt/c/Users/ansar/Desktop/VGGFace2_ArcFace_Project/data/aligned/train/n001957/0280_01.jpg,0.2794128656387329,295.91371766789064,67.08203125,60.053720581968165,188.10623401544927,12.255739795918373,6.845944356552927
random_impostor,/mnt/c/Users/ansar/Desktop/VGGFace2_ArcFace_Project/data/aligned/train/n000514/0221_01.jpg,/mnt/c/Users/ansar/Desktop/VGGFace2_ArcFace_Project/data/aligned/train/n007009/0165_01.jpg,0.2239625751972198,887.0728434857008,77.54787149234693,79.27492329283932,1184.9931866424572,3.697305484693871,20.77723685321928
random_impostor,/mnt/c/Users/ansar/Desktop/VGGFace2_ArcFace_Project/data/aligned/train/n005190/0320_02.jpg,/mnt/c/Users/ansar/Desktop/VGGFace2_ArcFace_Project/data/aligned/train/n006704/0012_01.jpg,0.1004697829484939,639.1940386040119,68.59654017857143,65.19034074875798,1219.3142806453934,9.484215561224488,9.685041304004734
random_impostor,/mnt/c/Users/ansar/Desktop/VGGFace2_ArcFace_Project/data/aligned/train/n008837/0118_01.jpg,/mnt/c/Users/ansar/Desktop/VGGFace2_ArcFace_Project/data/aligned/train/n008011/0004_16.jpg,0.0891058444976806,1730.6304478230252,82.33956473214286,72.36067925092853,3281.971448085647,21.39453125,9.249978141599541
random_impostor,/mnt/c/Users/ansar/Desktop/VGGFace2_ArcFace_Project/data/aligned/train/n006598/0203_01.jpg,/mnt/c/Users/ansar/Desktop/VGGFace2_ArcFace_Project/data/aligned/train/n007430/0008_01.jpg,-0.0632594302296638,431.7865936775001,88.15062978316327,79.20124391268257,551.2794313760461,1.1842315051020478,19.81767298058348
random_impostor,/mnt/c/Users/ansar/Desktop/VGGFace2_ArcFace_Project/data/aligned/train/n000468/0055_01.jpg,/mnt/c/Users/ansar/Desktop/VGGFace2_ArcFace_Project/data/aligned/train/n001052/0506_02.jpg,0.1147625967860221,229.68951891383148,90.1701211734694,76.16589430327815,36.04340151239063,16.618941326530617,12.847524881651566
random_impostor,/mnt/c/Users/ansar/Desktop/VGGFace2_ArcFace_Project/data/aligned/train/n006776/0118_01.jpg,/mnt/c/Users/ansar/Desktop/VGGFace2_ArcFace_Project/data/aligned/train/n000789/0080_01.jpg,0.1042591035366058,2300.592771556366,97.18658322704081,82.9768621706086,3330.4588740490613,3.1568080357142776,11.542574126235493
random_impostor,/mnt/c/Users/ansar/Desktop/VGGFace2_ArcFace_Project/data/aligned/train/n003464/0295_01.jpg,/mnt/c/Users/ansar/Desktop/VGGFace2_ArcFace_Project/data/aligned/train/n000195/0081_01.jpg,0.0158827565610408,841.1365235537999,65.98521205357143,63.96050716042695,1091.301602155057,45.60483099489796,30.964602105170584
random_impostor,/mnt/c/Users/ansar/Desktop/VGGFace2_ArcFace_Project/data/aligned/train/n004931/0017_02.jpg,/mnt/c/Users/ansar/Desktop/VGGFace2_ArcFace_Project/data/aligned/train/n003934/0114_01.jpg,0.2322976887226104,1327.6468952978119,65.97883450255102,67.19223396827782,59.78393560407176,1.7623565051020478,3.7764762073450413
random_impostor,/mnt/c/Users/ansar/Desktop/VGGFace2_ArcFace_Project/data/aligned/train/n007512/0069_01.jpg,/mnt/c/Users/ansar/Desktop/VGGFace2_ArcFace_Project/data/aligned/train/n008675/0366_01.jpg,-9.01306775631383e-05,1320.1764550230891,81.4025430484694,71.55924750217906,2408.3576755166205,19.877311862244895,7.28978191782052
random_impostor,/mnt/c/Users/ansar/Desktop/VGGFace2_ArcFace_Project/data/aligned/train/n007175/0258_01.jpg,/mnt/c/Users/ansar/Desktop/VGGFace2_ArcFace_Project/data/aligned/train/n003851/0040_01.jpg,0.1205529198050499,1524.5385717656502,76.01399075255102,62.20824159481842,107.08302329372009,59.826450892857146,22.086203354552765
random_impostor,/mnt/c/Users/ansar/Desktop/VGGFace2_ArcFace_Project/data/aligned/train/n003553/0157_01.jpg,/mnt/c/Users/ansar/Desktop/VGGFace2_ArcFace_Project/data/aligned/train/n006511/0012_01.jpg,0.0061788447201251,1060.7038388075503,84.99051339285714,71.0034833119875,1664.838661584691,18.139190051020407,4.294422697179158
random_impostor,/mnt/c/Users/ansar/Desktop/VGGFace2_ArcFace_Project/data/aligned/train/n004672/0399_02.jpg,/mnt/c/Users/ansar/Desktop/VGGFace2_ArcFace_Project/data/aligned/train/n001924/0201_01.jpg,0.1406673192977905,298.6012108170058,85.32358099489795,82.35385495463777,385.6429225503779,32.30963010204083,25.811838662987014
random_impostor,/mnt/c/Users/ansar/Desktop/VGGFace2_ArcFace_Project/data/aligned/train/n005305/0127_01.jpg,/mnt/c/Users/ansar/Desktop/VGGFace2_ArcFace_Project/data/aligned/train/n000199/0224_02.jpg,0.239200547337532,1333.5995008888863,81.2153619260204,70.09627345254518,1035.3312968262428,21.301419005102048,20.02763900148878
random_impostor,/mnt/c/Users/ansar/Desktop/VGGFace2_ArcFace_Project/data/aligned/train/n001895/0051_03.jpg,/mnt/c/Users/ansar/Desktop/VGGFace2_ArcFace_Project/data/aligned/train/n003168/0367_01.jpg,0.0361004099249839,429.88552964483387,84.41661352040816,72.59066227747395,31.39803849632972,26.745057397959187,9.265862030793215
random_impostor,/mnt/c/Users/ansar/Desktop/VGGFace2_ArcFace_Project/data/aligned/train/n002740/0504_02.jpg,/mnt/c/Users/ansar/Desktop/VGGFace2_ArcFace_Project/data/aligned/train/n000074/0192_01.jpg,0.0866729393601417,509.19595873926835,48.76694036989796,50.30656352042898,505.39931512504546,38.864875637755105,29.585918913138755
random_impostor,/mnt/c/Users/ansar/Desktop/VGGFace2_ArcFace_Project/data/aligned/train/n008847/0044_01.jpg,/mnt/c/Users/ansar/Desktop/VGGFace2_ArcFace_Project/data/aligned/train/n008647/0260_01.jpg,0.1767542064189911,897.7118657853691,98.53272480867346,83.58090226107676,575.0740312022599,7.8095503826530575,14.268435733107225
random_impostor,/mnt/c/Users/ansar/Desktop/VGGFace2_ArcFace_Project/data/aligned/train/n005403/0226_03.jpg,/mnt/c/Users/ansar/Desktop/VGGFace2_ArcFace_Project/data/aligned/train/n000344/0024_01.jpg,0.1524557024240493,548.4141545611487,81.09650031887756,73.51652564616381,950.2566513576292,2.477120535714292,5.70559065944353
random_impostor,/mnt/c/Users/ansar/Desktop/VGGFace2_ArcFace_Project/data/aligned/train/n005892/0042_01.jpg,/mnt/c/Users/ansar/Desktop/VGGFace2_ArcFace_Project/data/aligned/train/n006638/0154_01.jpg,0.0508816167712211,1678.197275049733,107.12954400510205,92.8142857062137,1601.2912174147002,19.678093112244895,19.75746197823888
random_impostor,/mnt/c/Users/ansar/Desktop/VGGFace2_ArcFace_Project/data/aligned/train/n002130/0235_01.jpg,/mnt/c/Users/ansar/Desktop/VGGFace2_ArcFace_Project/data/aligned/train/n008807/0026_01.jpg,0.2304439097642898,487.60719831245035,87.09976881377551,77.29721989490858,29.975739758295674,23.433115433673464,24.61396771812511
random_impostor,/mnt/c/Users/ansar/Desktop/VGGFace2_ArcFace_Project/data/aligned/train/n008546/0123_01.jpg,/mnt/c/Users/ansar/Desktop/VGGFace2_ArcFace_Project/data/aligned/train/n008934/0286_01.jpg,0.2821053266525268,1198.626199880375,101.48034917091837,85.21786021586331,392.01675810966833,6.616629464285708,5.375528537253913
random_impostor,/mnt/c/Users/ansar/Desktop/VGGFace2_ArcFace_Project/data/aligned/train/n000120/0337_01.jpg,/mnt/c/Users/ansar/Desktop/VGGFace2_ArcFace_Project/data/aligned/train/n006668/0041_01.jpg,0.1988795697689056,1386.8322860101318,91.57756696428572,80.4250088816971,1871.4838399446191,16.879623724489804,17.16762909479222
random_impostor,/mnt/c/Users/ansar/Desktop/VGGFace2_ArcFace_Project/data/aligned/train/n004235/0108_01.jpg,/mnt/c/Users/ansar/Desktop/VGGFace2_ArcFace_Project/data/aligned/train/n002652/0153_02.jpg,0.0150045938789844,826.344383621057,86.54755261479592,76.37098213009514,922.1054946982031,68.6354432397959,32.65710056406762
random_impostor,/mnt/c/Users/ansar/Desktop/VGGFace2_ArcFace_Project/data/aligned/train/n003265/0193_01.jpg,/mnt/c/Users/ansar/Desktop/VGGFace2_ArcFace_Project/data/aligned/train/n008607/0320_01.jpg,0.0170729979872703,1623.8215543499891,90.48708545918367,74.39627184642356,355.8695567177517,6.355707908163254,11.271929815565798
random_impostor,/mnt/c/Users/ansar/Desktop/VGGFace2_ArcFace_Project/data/aligned/train/n004282/0526_08.jpg,/mnt/c/Users/ansar/Desktop/VGGFace2_ArcFace_Project/data/aligned/train/n000608/0545_01.jpg,0.0785375908017158,1063.9610996015963,74.08984375,65.80332781732128,1815.3500602877868,9.220822704081627,6.389389486684934
random_impostor,/mnt/c/Users/ansar/Desktop/VGGFace2_ArcFace_Project/data/aligned/train/n006441/0129_01.jpg,/mnt/c/Users/ansar/Desktop/VGGFace2_ArcFace_Project/data/aligned/train/n003305/0453_01.jpg,-0.0145429298281669,90.48395994949817,72.44515306122449,64.06018792327848,25.81635373078599,3.332270408163268,10.88206347829609
random_impostor,/mnt/c/Users/ansar/Desktop/VGGFace2_ArcFace_Project/data/aligned/train/n004960/0283_01.jpg,/mnt/c/Users/ansar/Desktop/VGGFace2_ArcFace_Project/data/aligned/train/n002424/0055_01.jpg,0.0450026728212833,581.0089105608462,41.92032047193877,47.36803150183191,824.863991987998,16.579480229591837,5.2392552041349845
random_impostor,/mnt/c/Users/ansar/Desktop/VGGFace2_ArcFace_Project/data/aligned/train/n003355/0107_01.jpg,/mnt/c/Users/ansar/Desktop/VGGFace2_ArcFace_Project/data/aligned/train/n004975/0207_01.jpg,0.0381525456905365,378.0979422267801,73.5355149872449,63.21984276566636,42.46643854448672,24.46006058673469,8.458293527066338
random_impostor,/mnt/c/Users/ansar/Desktop/VGGFace2_ArcFace_Project/data/aligned/train/n007214/0362_02.jpg,/mnt/c/Users/ansar/Desktop/VGGFace2_ArcFace_Project/data/aligned/train/n003734/0120_01.jpg,0.1674913018941879,192.5027629116683,56.92378826530612,64.72386155980463,54.608242233511504,1.1584821428571388,22.81287106608903
random_impostor,/mnt/c/Users/ansar/Desktop/VGGFace2_ArcFace_Project/data/aligned/train/n007134/0237_01.jpg,/mnt/c/Users/ansar/Desktop/VGGFace2_ArcFace_Project/data/aligned/train/n007463/0004_01.jpg,0.2921555638313293,889.4252300365723,75.2057955994898,71.71044842359578,225.6151035408932,33.93311543367347,16.099657307267066
random_impostor,/mnt/c/Users/ansar/Desktop/VGGFace2_ArcFace_Project/data/aligned/train/n007718/0208_03.jpg,/mnt/c/Users/ansar/Desktop/VGGFace2_ArcFace_Project/data/aligned/train/n004980/0372_01.jpg,0.914865791797638,270.57378860276623,80.6766581632653,71.19615399741518,441.797989997403,19.09948979591836,8.03410541951851
random_impostor,/mnt/c/Users/ansar/Desktop/VGGFace2_ArcFace_Project/data/aligned/train/n004175/0094_01.jpg,/mnt/c/Users/ansar/Desktop/VGGFace2_ArcFace_Project/data/aligned/train/n006323/0027_01.jpg,-0.0148773323744535,457.70502119211295,59.791135204081634,60.435755009746146,45.48635625938539,19.16613520408164,13.432406266876235
random_impostor,/mnt/c/Users/ansar/Desktop/VGGFace2_ArcFace_Project/data/aligned/train/n002331/0178_01.jpg,/mnt/c/Users/ansar/Desktop/VGGFace2_ArcFace_Project/data/aligned/train/n007758/0082_04.jpg,0.020376706495881,415.3576613318568,103.31991390306123,76.54763559269328,187.46736914631924,10.088010204081641,5.2988096902027735
random_impostor,/mnt/c/Users/ansar/Desktop/VGGFace2_ArcFace_Project/data/aligned/train/n004388/0115_02.jpg,/mnt/c/Users/ansar/Desktop/VGGFace2_ArcFace_Project/data/aligned/train/n000798/0767_04.jpg,0.0696640685200691,689.8520651026498,54.413584183673464,57.148928506559855,551.5209488938224,18.015943877551017,13.355210883328269
random_impostor,/mnt/c/Users/ansar/Desktop/VGGFace2_ArcFace_Project/data/aligned/train/n004076/0007_01.jpg,/mnt/c/Users/ansar/Desktop/VGGFace2_ArcFace_Project/data/aligned/train/n004054/0259_01.jpg,0.1343229413032531,150.20653363616702,80.34327168367346,78.34330866642847,76.71736614031877,30.556441326530617,16.731933843515193
random_impostor,/mnt/c/Users/ansar/Desktop/VGGFace2_ArcFace_Project/data/aligned/train/n003916/0231_01.jpg,/mnt/c/Users/ansar/Desktop/VGGFace2_ArcFace_Project/data/aligned/train/n004126/0309_02.jpg,0.1625194251537323,994.5260329780754,80.66386320153062,78.2650916891655,1182.4101012967517,30.227917729591837,16.96076448117458
random_impostor,/mnt/c/Users/ansar/Desktop/VGGFace2_ArcFace_Project/data/aligned/train/n001430/0170_01.jpg,/mnt/c/Users/ansar/Desktop/VGGFace2_ArcFace_Project/data/aligned/train/n007160/0151_01.jpg,0.0143649755045771,1467.1944052185033,98.87288743622449,78.50929666659835,1703.9140223161917,67.3462213010204,31.059698091070068
random_impostor,/mnt/c/Users/ansar/Desktop/VGGFace2_ArcFace_Project/data/aligned/train/n003063/0272_01.jpg,/mnt/c/Users/ansar/Desktop/VGGFace2_ArcFace_Project/data/aligned/train/n008758/0249_02.jpg,0.1395231485366821,671.467261905821,83.92669802295919,78.74062840196808,771.3790566580633,44.716916454081634,19.653734557372005
random_impostor,/mnt/c/Users/ansar/Desktop/VGGFace2_ArcFace_Project/data/aligned/train/n007750/0080_01.jpg,/mnt/c/Users/ansar/Desktop/VGGFace2_ArcFace_Project/data/aligned/train/n003247/0226_02.jpg,0.2821899056434631,408.61811888987495,75.19622927295919,67.92170771320254,141.57568013653156,16.966757015306115,15.10346981194678
random_impostor,/mnt/c/Users/ansar/Desktop/VGGFace2_ArcFace_Project/data/aligned/train/n005292/0402_01.jpg,/mnt/c/Users/ansar/Desktop/VGGFace2_ArcFace_Project/data/aligned/train/n004627/0019_01.jpg,0.1579630970954895,507.4684816270707,80.86272321428572,69.49793758391883,475.8875521938287,6.4443558673469425,3.3066784518008774
random_impostor,/mnt/c/Users/ansar/Desktop/VGGFace2_ArcFace_Project/data/aligned/train/n004193/0475_01.jpg,/mnt/c/Users/ansar/Desktop/VGGFace2_ArcFace_Project/data/aligned/train/n005022/0378_01.jpg,0.0131144598126411,1029.7664918975006,77.32613201530611,72.6583582132179,291.0142092690869,62.25589923469387,41.27856647677281
random_impostor,/mnt/c/Users/ansar/Desktop/VGGFace2_ArcFace_Project/data/aligned/train/n000373/0202_01.jpg,/mnt/c/Users/ansar/Desktop/VGGFace2_ArcFace_Project/data/aligned/train/n005422/0197_01.jpg,0.1137207746505737,978.2123881049673,72.72010522959184,70.48204961220443,891.2737179350622,45.38217474489796,34.45017815370625
random_impostor,/mnt/c/Users/ansar/Desktop/VGGFace2_ArcFace_Project/data/aligned/train/n007759/0165_01.jpg,/mnt/c/Users/ansar/Desktop/VGGFace2_ArcFace_Project/data/aligned/train/n002237/0093_01.jpg,0.0929014384746551,1036.6054812156872,74.12687340561226,66.70699725213677,632.7167962331266,10.533880739795919,0.9038551156212691
random_impostor,/mnt/c/Users/ansar/Desktop/VGGFace2_ArcFace_Project/data/aligned/train/n002569/0004_01.jpg,/mnt/c/Users/ansar/Desktop/VGGFace2_ArcFace_Project/data/aligned/train/n001960/0444_01.jpg,-0.0310754645615816,1154.8014813812015,80.56202168367346,68.82664183707443,1172.107993231173,2.4296875,5.886474344758739
random_impostor,/mnt/c/Users/ansar/Desktop/VGGFace2_ArcFace_Project/data/aligned/train/n005439/0039_01.jpg,/mnt/c/Users/ansar/Desktop/VGGFace2_ArcFace_Project/data/aligned/train/n004244/0163_02.jpg,-0.0788798183202743,789.7671145399826,67.2847975127551,64.32247601020674,577.9225113061209,17.258211096938773,20.229780256400424
random_impostor,/mnt/c/Users/ansar/Desktop/VGGFace2_ArcFace_Project/data/aligned/train/n003407/0003_01.jpg,/mnt/c/Users/ansar/Desktop/VGGFace2_ArcFace_Project/data/aligned/train/n002695/0055_01.jpg,0.1446674019098281,391.80569705224354,79.0912786989796,65.734462910747,447.0220496301997,49.87276785714286,22.52943567864792
random_impostor,/mnt/c/Users/ansar/Desktop/VGGFace2_ArcFace_Project/data/aligned/train/n006850/0414_01.jpg,/mnt/c/Users/ansar/Desktop/VGGFace2_ArcFace_Project/data/aligned/train/n003975/0062_01.jpg,0.092355266213417,254.16928200362275,96.70567602040816,62.332520989442415,33.23667328757878,65.51929209183675,6.790269332239355
random_impostor,/mnt/c/Users/ansar/Desktop/VGGFace2_ArcFace_Project/data/aligned/train/n007361/0428_01.jpg,/mnt/c/Users/ansar/Desktop/VGGFace2_ArcFace_Project/data/aligned/train/n003033/0242_01.jpg,0.0322980470955371,458.08867875638975,85.7111367984694,81.77693917496848,57.52448582520145,1.6332110969387799,2.5398647223873496
random_impostor,/mnt/c/Users/ansar/Desktop/VGGFace2_ArcFace_Project/data/aligned/train/n008290/0019_01.jpg,/mnt/c/Users/ansar/Desktop/VGGFace2_ArcFace_Project/data/aligned/train/n004415/0090_01.jpg,0.1208018064498901,623.856552127201,81.29675542091837,80.48560826307815,366.4484816443566,14.081074617346943,14.2464632449108
random_impostor,/mnt/c/Users/ansar/Desktop/VGGFace2_ArcFace_Project/data/aligned/train/n008239/0062_01.jpg,/mnt/c/Users/ansar/Desktop/VGGFace2_ArcFace_Project/data/aligned/train/n000489/0022_01.jpg,0.0023374937009066,726.1867185669707,98.12938456632654,79.56204473338391,724.2900394692315,5.980229591836732,9.513794391980966
random_impostor,/mnt/c/Users/ansar/Desktop/VGGFace2_ArcFace_Project/data/aligned/train/n000883/0176_01.jpg,/mnt/c/Users/ansar/Desktop/VGGFace2_ArcFace_Project/data/aligned/train/n006290/0109_01.jpg,-0.1289579719305038,528.4920703327094,82.36854272959184,74.82989168062203,588.4415365502716,19.116709183673464,6.326025906365601
random_impostor,/mnt/c/Users/ansar/Desktop/VGGFace2_ArcFace_Project/data/aligned/train/n007634/0175_01.jpg,/mnt/c/Users/ansar/Desktop/VGGFace2_ArcFace_Project/data/aligned/train/n004261/0154_03.jpg,0.1082693189382553,701.2329013861005,64.01430963010205,73.9381738539175,1184.5450015943877,6.24258609693878,7.632156583628998
random_impostor,/mnt/c/Users/ansar/Desktop/VGGFace2_ArcFace_Project/data/aligned/train/n003057/0193_01.jpg,/mnt/c/Users/ansar/Desktop/VGGFace2_ArcFace_Project/data/aligned/train/n001882/0332_03.jpg,0.0386484265327453,1261.8826120925514,42.50366709183673,54.930157018447055,2125.0331243525343,24.271205357142858,17.22330566020156
random_impostor,/mnt/c/Users/ansar/Desktop/VGGFace2_ArcFace_Project/data/aligned/train/n008202/0242_01.jpg,/mnt/c/Users/ansar/Desktop/VGGFace2_ArcFace_Project/data/aligned/train/n004747/0098_01.jpg,0.0336107090115547,630.3988806435784,82.63452646683675,71.32690616466536,625.3871222976246,3.195073341836732,13.773989402238115
random_impostor,/mnt/c/Users/ansar/Desktop/VGGFace2_ArcFace_Project/data/aligned/train/n003942/0215_01.jpg,/mnt/c/Users/ansar/Desktop/VGGFace2_ArcFace_Project/data/aligned/train/n007026/0156_01.jpg,0.2043658345937729,659.194988509706,59.201490752551024,62.009113725446156,484.4601205224447,20.285634566326536,9.640712958170916
random_impostor,/mnt/c/Users/ansar/Desktop/VGGFace2_ArcFace_Project/data/aligned/train/n002079/0134_01.jpg,/mnt/c/Users/ansar/Desktop/VGGFace2_ArcFace_Project/data/aligned/train/n001942/0262_01.jpg,0.0334275737404823,338.63882342064096,77.52327806122449,67.59139423716515,105.07646647576041,8.363520408163268,22.73088983259381
random_impostor,/mnt/c/Users/ansar/Desktop/VGGFace2_ArcFace_Project/data/aligned/train/n001369/0489_02.jpg,/mnt/c/Users/ansar/Desktop/VGGFace2_ArcFace_Project/data/aligned/train/n005357/0016_01.jpg,-0.0391839630901813,393.69169664045313,56.625637755102034,54.29416462952838,576.4590811580482,37.13329081632653,32.406270313907385
random_impostor,/mnt/c/Users/ansar/Desktop/VGGFace2_ArcFace_Project/data/aligned/train/n007382/0269_01.jpg,/mnt/c/Users/ansar/Desktop/VGGFace2_ArcFace_Project/data/aligned/train/n001219/0074_01.jpg,0.0592552535235881,840.7761064439652,85.60618622448979,74.43183522282368,1076.833036633245,59.75908801020408,11.828440569913894
random_impostor,/mnt/c/Users/ansar/Desktop/VGGFace2_ArcFace_Project/data/aligned/train/n005395/0234_01.jpg,/mnt/c/Users/ansar/Desktop/VGGFace2_ArcFace_Project/data/aligned/train/n004958/0086_01.jpg,0.0044346135109663,698.799488780996,76.83960459183673,64.13093684808362,1153.1231276557028,44.071269132653065,13.440046655239115
random_impostor,/mnt/c/Users/ansar/Desktop/VGGFace2_ArcFace_Project/data/aligned/train/n000034/0343_01.jpg,/mnt/c/Users/ansar/Desktop/VGGFace2_ArcFace_Project/data/aligned/train/n005257/0011_01.jpg,0.1288238018751144,1126.4552799337657,53.12280771683673,50.90887354960803,553.0571741042958,44.49083227040816,40.68206288770907
random_impostor,/mnt/c/Users/ansar/Desktop/VGGFace2_ArcFace_Project/data/aligned/train/n008787/0095_01.jpg,/mnt/c/Users/ansar/Desktop/VGGFace2_ArcFace_Project/data/aligned/train/n008233/0298_01.jpg,0.039093043655157,572.9936688386217,73.46165497448979,64.98903238453829,532.8380126889574,7.614795918367335,4.294107499219422
random_impostor,/mnt/c/Users/ansar/Desktop/VGGFace2_ArcFace_Project/data/aligned/train/n005902/0542_01.jpg,/mnt/c/Users/ansar/Desktop/VGGFace2_ArcFace_Project/data/aligned/train/n001785/0295_01.jpg,0.1654153317213058,199.04926367095985,83.55723852040816,76.7996446610882,35.90177994378155,11.37420280612244,7.046263537969409
random_impostor,/mnt/c/Users/ansar/Desktop/VGGFace2_ArcFace_Project/data/aligned/train/n001675/0228_01.jpg,/mnt/c/Users/ansar/Desktop/VGGFace2_ArcFace_Project/data/aligned/train/n001163/0342_02.jpg,0.1354160904884338,395.1939046685768,83.21512276785714,69.80918103540816,518.5343310424855,11.24497767857143,11.239552538068253
random_impostor,/mnt/c/Users/ansar/Desktop/VGGFace2_ArcFace_Project/data/aligned/train/n005750/0394_01.jpg,/mnt/c/Users/ansar/Desktop/VGGFace2_ArcFace_Project/data/aligned/train/n005119/0014_02.jpg,0.0764341056346893,645.5663030291537,76.63743622448979,64.40255998724587,46.47287082632408,25.364955357142854,23.167062950981922
random_impostor,/mnt/c/Users/ansar/Desktop/VGGFace2_ArcFace_Project/data/aligned/train/n008469/0130_01.jpg,/mnt/c/Users/ansar/Desktop/VGGFace2_ArcFace_Project/data/aligned/train/n001722/0200_01.jpg,0.0645307302474975,4966.865741350014,54.70994100765306,62.35074568129554,9713.96876181428,9.149154974489797,5.668712916381267
random_impostor,/mnt/c/Users/ansar/Desktop/VGGFace2_ArcFace_Project/data/aligned/train/n001630/0132_01.jpg,/mnt/c/Users/ansar/Desktop/VGGFace2_ArcFace_Project/data/aligned/train/n006860/0412_01.jpg,0.0435710065066814,441.65880780774125,70.50841039540816,58.40549715976143,622.8832885793029,42.8069993622449,26.55549683040074
random_impostor,/mnt/c/Users/ansar/Desktop/VGGFace2_ArcFace_Project/data/aligned/train/n003409/0161_01.jpg,/mnt/c/Users/ansar/Desktop/VGGFace2_ArcFace_Project/data/aligned/train/n004310/0267_01.jpg,0.0212376788258552,920.1022761804468,96.70236766581633,71.89468389075067,654.6991459958903,92.65425701530613,37.357202889382116
random_impostor,/mnt/c/Users/ansar/Desktop/VGGFace2_ArcFace_Project/data/aligned/train/n004072/0358_01.jpg,/mnt/c/Users/ansar/Desktop/VGGFace2_ArcFace_Project/data/aligned/train/n001657/0617_02.jpg,0.0694403499364852,1109.5478739009607,87.4584661989796,79.83358108366679,1552.3053934334816,8.307716836734699,9.971122633519883
random_impostor,/mnt/c/Users/ansar/Desktop/VGGFace2_ArcFace_Project/data/aligned/train/n005420/0469_01.jpg,/mnt/c/Users/ansar/Desktop/VGGFace2_ArcFace_Project/data/aligned/train/n008043/0222_01.jpg,0.0532646663486957,238.18199821195716,77.07166772959184,70.57890741066667,66.23552010189445,9.83131377551021,12.002104129921747
random_impostor,/mnt/c/Users/ansar/Desktop/VGGFace2_ArcFace_Project/data/aligned/train/n007610/0402_01.jpg,/mnt/c/Users/ansar/Desktop/VGGFace2_ArcFace_Project/data/aligned/train/n004339/0068_01.jpg,0.0008344691595993,298.0324311071711,48.75330835459184,40.592994138303105,525.5693709481909,21.561782525510203,14.007382538040844
random_impostor,/mnt/c/Users/ansar/Desktop/VGGFace2_ArcFace_Project/data/aligned/train/n008341/0004_01.jpg,/mnt/c/Users/ansar/Desktop/VGGFace2_ArcFace_Project/data/aligned/train/n005177/0196_01.jpg,0.0214396752417087,764.7402140257111,112.203125,81.8168652616925,95.69557202016256,2.8877551020408134,4.877711708413557
random_impostor,/mnt/c/Users/ansar/Desktop/VGGFace2_ArcFace_Project/data/aligned/train/n000041/0110_01.jpg,/mnt/c/Users/ansar/Desktop/VGGFace2_ArcFace_Project/data/aligned/train/n006441/0204_02.jpg,0.0884208977222442,483.7192420911809,71.4793925382653,78.28513690904302,808.4306767665065,1.6166294642857082,25.961404019572782
random_impostor,/mnt/c/Users/ansar/Desktop/VGGFace2_ArcFace_Project/data/aligned/train/n002976/0046_01.jpg,/mnt/c/Users/ansar/Desktop/VGGFace2_ArcFace_Project/data/aligned/train/n007366/0243_02.jpg,0.0945271998643875,525.0789054130228,77.48812181122449,68.45426344269308,10.099385882357296,51.29193239795919,20.4650825733508
random_impostor,/mnt/c/Users/ansar/Desktop/VGGFace2_ArcFace_Project/data/aligned/train/n008531/0199_01.jpg,/mnt/c/Users/ansar/Desktop/VGGFace2_ArcFace_Project/data/aligned/train/n003735/0385_01.jpg,0.1721122115850448,777.138493100587,85.89329559948979,72.42875280302626,842.005228960132,1.798708545918359,12.36582371040575
random_impostor,/mnt/c/Users/ansar/Desktop/VGGFace2_ArcFace_Project/data/aligned/train/n006432/0062_02.jpg,/mnt/c/Users/ansar/Desktop/VGGFace2_ArcFace_Project/data/aligned/train/n008900/0406_01.jpg,0.063055895268917,445.46049872243066,100.03491709183673,80.7007599857818,585.1616247352686,26.979432397959187,2.378028683015998
random_impostor,/mnt/c/Users/ansar/Desktop/VGGFace2_ArcFace_Project/data/aligned/train/n004295/0156_01.jpg,/mnt/c/Users/ansar/Desktop/VGGFace2_ArcFace_Project/data/aligned/train/n000871/0054_01.jpg,0.0422378033399581,502.1888177689787,63.21049904336735,64.54254057551614,226.043095618474,34.18789859693877,27.595082139692565
random_impostor,/mnt/c/Users/ansar/Desktop/VGGFace2_ArcFace_Project/data/aligned/train/n006093/0081_01.jpg,/mnt/c/Users/ansar/Desktop/VGGFace2_ArcFace_Project/data/aligned/train/n006651/0293_01.jpg,-0.0737418457865715,564.6838135979465,73.68897480867346,65.34038812884583,116.49939796736913,2.5990911989795933,13.586485587200983
random_impostor,/mnt/c/Users/ansar/Desktop/VGGFace2_ArcFace_Project/data/aligned/train/n000276/0220_01.jpg,/mnt/c/Users/ansar/Desktop/VGGFace2_ArcFace_Project/data/aligned/train/n002872/0518_01.jpg,0.0399680659174919,1543.930577911669,107.06839923469387,88.60584138083473,2245.96668685411,56.08721301020407,27.74384348677151
random_impostor,/mnt/c/Users/ansar/Desktop/VGGFace2_ArcFace_Project/data/aligned/train/n009228/0010_01.jpg,/mnt/c/Users/ansar/Desktop/VGGFace2_ArcFace_Project/data/aligned/train/n002442/0010_02.jpg,0.1110306307673454,742.9401009212877,88.61017219387755,79.92865248519666,277.1723958197755,68.04432397959184,40.28712336962634
random_impostor,/mnt/c/Users/ansar/Desktop/VGGFace2_ArcFace_Project/data/aligned/train/n001883/0102_02.jpg,/mnt/c/Users/ansar/Desktop/VGGFace2_ArcFace_Project/data/aligned/train/n004450/0352_01.jpg,0.1132200807332992,392.881700279811,68.97891422193878,62.40441922945287,215.32713376974277,21.82692920918368,2.5611799014801946
random_impostor,/mnt/c/Users/ansar/Desktop/VGGFace2_ArcFace_Project/data/aligned/train/n000992/0043_01.jpg,/mnt/c/Users/ansar/Desktop/VGGFace2_ArcFace_Project/data/aligned/train/n005194/0150_01.jpg,0.1489258408546447,1437.3251893831161,100.57306281887756,82.50458986888755,619.724623051349,20.11200573979592,16.101871015420556
random_impostor,/mnt/c/Users/ansar/Desktop/VGGFace2_ArcFace_Project/data/aligned/train/n008949/0217_01.jpg,/mnt/c/Users/ansar/Desktop/VGGFace2_ArcFace_Project/data/aligned/train/n006006/0065_04.jpg,0.0809285342693328,1002.951974254705,84.041015625,77.9309108494339,867.2208804599644,14.269371811224488,21.50350766909783
random_impostor,/mnt/c/Users/ansar/Desktop/VGGFace2_ArcFace_Project/data/aligned/train/n006130/0469_01.jpg,/mnt/c/Users/ansar/Desktop/VGGFace2_ArcFace_Project/data/aligned/train/n008920/0101_01.jpg,0.0922801867127418,1755.5165704856659,69.59044164540816,73.72398255379933,1327.066624944481,1.648517219387756,10.976595587794662
random_impostor,/mnt/c/Users/ansar/Desktop/VGGFace2_ArcFace_Project/data/aligned/train/n005302/0011_01.jpg,/mnt/c/Users/ansar/Desktop/VGGFace2_ArcFace_Project/data/aligned/train/n008736/0171_01.jpg,0.0595080479979515,1376.245227942413,82.34626116071428,75.83726324694942,1333.7852827880047,27.256935586734684,4.688851747340522
random_impostor,/mnt/c/Users/ansar/Desktop/VGGFace2_ArcFace_Project/data/aligned/train/n006069/0039_01.jpg,/mnt/c/Users/ansar/Desktop/VGGFace2_ArcFace_Project/data/aligned/train/n001489/0303_01.jpg,0.0734641104936599,1081.7555877482182,98.30333227040816,75.76611302209807,91.46448089459795,23.44993622448979,18.81875369734918
random_impostor,/mnt/c/Users/ansar/Desktop/VGGFace2_ArcFace_Project/data/aligned/train/n007581/0192_01.jpg,/mnt/c/Users/ansar/Desktop/VGGFace2_ArcFace_Project/data/aligned/train/n002991/0013_01.jpg,0.1108278110623359,1882.6150010731358,66.81289859693878,66.61890239401468,1852.196891870463,40.02295918367347,42.4448089599618
random_impostor,/mnt/c/Users/ansar/Desktop/VGGFace2_ArcFace_Project/data/aligned/train/n005019/0229_01.jpg,/mnt/c/Users/ansar/Desktop/VGGFace2_ArcFace_Project/data/aligned/train/n007270/0010_03.jpg,0.1022509485483169,464.66226464159934,64.56026785714286,66.39758251073071,123.9079224865718,16.907844387755098,13.650750910024549
random_impostor,/mnt/c/Users/ansar/Desktop/VGGFace2_ArcFace_Project/data/aligned/train/n003095/0022_01.jpg,/mnt/c/Users/ansar/Desktop/VGGFace2_ArcFace_Project/data/aligned/train/n008677/0102_01.jpg,0.2187470942735672,1469.5112655938342,105.35682397959184,83.944478910057,1876.203003183895,4.575573979591837,8.114690822077549
random_impostor,/mnt/c/Users/ansar/Desktop/VGGFace2_ArcFace_Project/data/aligned/train/n007321/0093_01.jpg,/mnt/c/Users/ansar/Desktop/VGGFace2_ArcFace_Project/data/aligned/train/n007895/0044_01.jpg,0.1904029697179794,644.3349450717911,74.87846779336735,65.85665504154062,721.873931929252,3.490353954081627,0.5597751515001619
random_impostor,/mnt/c/Users/ansar/Desktop/VGGFace2_ArcFace_Project/data/aligned/train/n007087/0262_01.jpg,/mnt/c/Users/ansar/Desktop/VGGFace2_ArcFace_Project/data/aligned/train/n002995/0273_04.jpg,0.1695326864719391,201.34936409044246,83.06242028061224,74.71780033001993,122.16660741943465,16.9032206632653,21.49757260592323
random_impostor,/mnt/c/Users/ansar/Desktop/VGGFace2_ArcFace_Project/data/aligned/train/n008397/0200_02.jpg,/mnt/c/Users/ansar/Desktop/VGGFace2_ArcFace_Project/data/aligned/train/n000579/0351_01.jpg,-0.0762141719460487,311.4531211837139,55.27527104591837,59.172085981413986,471.15729742912083,4.107461734693878,5.590954470833026
random_impostor,/mnt/c/Users/ansar/Desktop/VGGFace2_ArcFace_Project/data/aligned/train/n008868/0209_01.jpg,/mnt/c/Users/ansar/Desktop/VGGFace2_ArcFace_Project/data/aligned/train/n008718/0070_01.jpg,0.201560840010643,188.79538241588588,86.00821109693877,78.41360006345633,76.21216323642818,2.784917091836732,9.483087233430112
random_impostor,/mnt/c/Users/ansar/Desktop/VGGFace2_ArcFace_Project/data/aligned/train/n008120/0055_01.jpg,/mnt/c/Users/ansar/Desktop/VGGFace2_ArcFace_Project/data/aligned/train/n003749/0175_01.jpg,-0.0195333342999219,1113.818371360871,104.71472417091837,82.13724181884427,1398.8169085889097,19.759486607142847,0.422538417943116
random_impostor,/mnt/c/Users/ansar/Desktop/VGGFace2_ArcFace_Project/data/aligned/train/n003374/0286_01.jpg,/mnt/c/Users/ansar/Desktop/VGGFace2_ArcFace_Project/data/aligned/train/n001238/0306_01.jpg,-0.0202322788536548,646.0063119623771,94.94060905612244,84.32719330960077,98.0187185939676,18.261798469387756,0.851235293826349
random_impostor,/mnt/c/Users/ansar/Desktop/VGGFace2_ArcFace_Project/data/aligned/train/n002217/0104_01.jpg,/mnt/c/Users/ansar/Desktop/VGGFace2_ArcFace_Project/data/aligned/train/n005267/0140_01.jpg,0.1908142119646072,279.855917079406,58.32928093112245,57.970448692329306,44.80826646454483,36.02096619897959,26.670605631873755
random_impostor,/mnt/c/Users/ansar/Desktop/VGGFace2_ArcFace_Project/data/aligned/train/n002423/0126_01.jpg,/mnt/c/Users/ansar/Desktop/VGGFace2_ArcFace_Project/data/aligned/train/n007380/0086_01.jpg,-0.0611725822091102,617.4023128384007,76.11941964285714,73.96866998782035,364.07713257496897,15.460778061224488,25.021747657104243
random_impostor,/mnt/c/Users/ansar/Desktop/VGGFace2_ArcFace_Project/data/aligned/train/n002143/0186_01.jpg,/mnt/c/Users/ansar/Desktop/VGGFace2_ArcFace_Project/data/aligned/train/n006160/0387_01.jpg,0.0646385625004768,412.2445134294376,42.741908482142854,37.39046673101167,72.38615978007414,10.446667729591837,1.882015891675728
random_impostor,/mnt/c/Users/ansar/Desktop/VGGFace2_ArcFace_Project/data/aligned/train/n000414/0105_03.jpg,/mnt/c/Users/ansar/Desktop/VGGFace2_ArcFace_Project/data/aligned/train/n000813/0257_01.jpg,-0.0117356367409229,535.7160100273568,99.87703284438774,77.30719444316229,2.2553733307736366,0.5053411989795933,3.079535269679752
random_impostor,/mnt/c/Users/ansar/Desktop/VGGFace2_ArcFace_Project/data/aligned/train/n001797/0326_03.jpg,/mnt/c/Users/ansar/Desktop/VGGFace2_ArcFace_Project/data/aligned/train/n002975/0429_02.jpg,0.013557257130742,235.43061184197947,68.21867028061224,58.77918957066325,7.498720422480176,14.28364158163265,6.172558706359958
random_impostor,/mnt/c/Users/ansar/Desktop/VGGFace2_ArcFace_Project/data/aligned/train/n002005/0531_02.jpg,/mnt/c/Users/ansar/Desktop/VGGFace2_ArcFace_Project/data/aligned/train/n006420/0017_01.jpg,0.0104982247576117,560.8023633436578,72.36084980867346,68.63688831869601,608.8417388458444,4.2138871173469425,12.921961922473557
random_impostor,/mnt/c/Users/ansar/Desktop/VGGFace2_ArcFace_Project/data/aligned/train/n002182/0151_02.jpg,/mnt/c/Users/ansar/Desktop/VGGFace2_ArcFace_Project/data/aligned/train/n006978/0206_01.jpg,0.0880810990929603,787.8378011122786,98.47249681122449,80.04283846412872,1083.5534857607345,34.538743622448976,31.689389425031848
random_impostor,/mnt/c/Users/ansar/Desktop/VGGFace2_ArcFace_Project/data/aligned/train/n009046/0271_01.jpg,/mnt/c/Users/ansar/Desktop/VGGFace2_ArcFace_Project/data/aligned/train/n004927/0448_01.jpg,0.1587593555450439,453.32858062515356,45.95679209183673,53.02623709646832,458.55797289332355,19.085140306122447,26.480425066561118
random_impostor,/mnt/c/Users/ansar/Desktop/VGGFace2_ArcFace_Project/data/aligned/train/n000141/0078_01.jpg,/mnt/c/Users/ansar/Desktop/VGGFace2_ArcFace_Project/data/aligned/train/n003908/0132_01.jpg,0.0440445654094219,1040.2166404454024,92.2152024872449,76.97242780030409,559.7990498254815,7.24609375,6.82981242917819
random_impostor,/mnt/c/Users/ansar/Desktop/VGGFace2_ArcFace_Project/data/aligned/train/n007394/0089_01.jpg,/mnt/c/Users/ansar/Desktop/VGGFace2_ArcFace_Project/data/aligned/train/n002603/0202_01.jpg,0.0825190693140029,1492.2746682284228,71.0033880739796,64.09029858860536,1488.9099418706867,46.14947385204081,46.92862478596786
random_impostor,/mnt/c/Users/ansar/Desktop/VGGFace2_ArcFace_Project/data/aligned/train/n001290/0037_02.jpg,/mnt/c/Users/ansar/Desktop/VGGFace2_ArcFace_Project/data/aligned/train/n007195/0242_02.jpg,0.0084279868751764,364.1240479367219,75.4575494260204,79.03152207422778,294.02249367939135,30.735570790816325,12.45043636607484
random_impostor,/mnt/c/Users/ansar/Desktop/VGGFace2_ArcFace_Project/data/aligned/train/n007247/0246_02.jpg,/mnt/c/Users/ansar/Desktop/VGGFace2_ArcFace_Project/data/aligned/train/n009234/0063_03.jpg,-0.1906972378492355,647.2034354982452,87.74952168367346,81.4957736679757,418.4306502018508,19.74808673469387,14.915035989867349
random_impostor,/mnt/c/Users/ansar/Desktop/VGGFace2_ArcFace_Project/data/aligned/train/n002428/0052_01.jpg,/mnt/c/Users/ansar/Desktop/VGGFace2_ArcFace_Project/data/aligned/train/n007446/0168_01.jpg,0.108269914984703,610.9231494806648,97.78348214285714,79.80438679079586,554.2647086591933,18.257334183673464,11.585444195764083
random_impostor,/mnt/c/Users/ansar/Desktop/VGGFace2_ArcFace_Project/data/aligned/train/n005170/0194_01.jpg,/mnt/c/Users/ansar/Desktop/VGGFace2_ArcFace_Project/data/aligned/train/n006948/0147_03.jpg,-0.1089954599738121,529.823180002056,92.90513392857143,75.72423094211194,181.68096107822907,5.578125,9.121549684793067
random_impostor,/mnt/c/Users/ansar/Desktop/VGGFace2_ArcFace_Project/data/aligned/train/n008905/0215_01.jpg,/mnt/c/Users/ansar/Desktop/VGGFace2_ArcFace_Project/data/aligned/train/n000723/0306_01.jpg,0.0360574424266815,772.8870620918194,39.22213807397959,49.23091805759861,1009.8629931124583,0.1300223214285694,12.142204168991427
random_impostor,/mnt/c/Users/ansar/Desktop/VGGFace2_ArcFace_Project/data/aligned/train/n007451/0088_01.jpg,/mnt/c/Users/ansar/Desktop/VGGFace2_ArcFace_Project/data/aligned/train/n007883/0140_01.jpg,0.0189294498413801,1062.8452121205548,66.65565210459184,66.75218760297274,385.1349772842958,23.193319515306122,20.866137652245044
random_impostor,/mnt/c/Users/ansar/Desktop/VGGFace2_ArcFace_Project/data/aligned/train/n008745/0049_01.jpg,/mnt/c/Users/ansar/Desktop/VGGFace2_ArcFace_Project/data/aligned/train/n009255/0111_01.jpg,0.0759665518999099,995.3858154087154,94.99601403061224,67.07506798502367,1628.6848705503057,31.189572704081627,23.912967566905508
random_impostor,/mnt/c/Users/ansar/Desktop/VGGFace2_ArcFace_Project/data/aligned/train/n005422/0208_01.jpg,/mnt/c/Users/ansar/Desktop/VGGFace2_ArcFace_Project/data/aligned/train/n000559/0293_02.jpg,0.1448312252759933,233.91890303465985,79.89676339285714,70.13061061195404,28.738721289072657,2.7979910714285694,4.314014223107364
random_impostor,/mnt/c/Users/ansar/Desktop/VGGFace2_ArcFace_Project/data/aligned/train/n005632/0101_02.jpg,/mnt/c/Users/ansar/Desktop/VGGFace2_ArcFace_Project/data/aligned/train/n008994/0105_01.jpg,-0.0017618042184039,972.9104392811539,92.81584821428572,74.46900590319522,701.5570830409102,6.181281887755105,2.2335854642583115
random_impostor,/mnt/c/Users/ansar/Desktop/VGGFace2_ArcFace_Project/data/aligned/train/n002358/0115_01.jpg,/mnt/c/Users/ansar/Desktop/VGGFace2_ArcFace_Project/data/aligned/train/n001855/0029_01.jpg,0.1820244640111923,238.19632098775065,48.06389508928571,52.90631332550114,108.36464014653117,24.43407206632653,17.247680862458594
random_impostor,/mnt/c/Users/ansar/Desktop/VGGFace2_ArcFace_Project/data/aligned/train/n004414/0005_01.jpg,/mnt/c/Users/ansar/Desktop/VGGFace2_ArcFace_Project/data/aligned/train/n000174/0014_01.jpg,0.1437761336565017,890.2843496599876,95.80117984693877,78.46527359435245,884.5371650654491,15.675223214285708,3.152971315570497
random_impostor,/mnt/c/Users/ansar/Desktop/VGGFace2_ArcFace_Project/data/aligned/train/n002099/0063_01.jpg,/mnt/c/Users/ansar/Desktop/VGGFace2_ArcFace_Project/data/aligned/train/n007473/0213_02.jpg,0.1010238230228424,260.66418191066936,56.84028220663265,57.29748262024122,195.56463277960563,27.023517219387763,41.81659142932021
random_impostor,/mnt/c/Users/ansar/Desktop/VGGFace2_ArcFace_Project/data/aligned/train/n006119/0038_01.jpg,/mnt/c/Users/ansar/Desktop/VGGFace2_ArcFace_Project/data/aligned/train/n008854/0381_01.jpg,-0.0405522547662258,361.1903577913398,62.302614795918366,66.40926562654846,93.41919311370913,5.912308673469383,5.240326401627357
random_impostor,/mnt/c/Users/ansar/Desktop/VGGFace2_ArcFace_Project/data/aligned/train/n003905/0300_01.jpg,/mnt/c/Users/ansar/Desktop/VGGFace2_ArcFace_Project/data/aligned/train/n006645/0200_01.jpg,0.0632646605372428,1389.3105170406038,61.13416772959184,65.71186862291907,1748.7050075252964,2.283482142857139,11.484822786433341
random_impostor,/mnt/c/Users/ansar/Desktop/VGGFace2_ArcFace_Project/data/aligned/train/n003983/0304_01.jpg,/mnt/c/Users/ansar/Desktop/VGGFace2_ArcFace_Project/data/aligned/train/n006766/0392_01.jpg,0.1637757718563079,1312.015228608309,100.58872767857142,85.79489059493659,2146.23785941852,0.31345663265305745,0.10239894055317222
random_impostor,/mnt/c/Users/ansar/Desktop/VGGFace2_ArcFace_Project/data/aligned/train/n006223/0085_01.jpg,/mnt/c/Users/ansar/Desktop/VGGFace2_ArcFace_Project/data/aligned/train/n001840/0044_01.jpg,0.2484398484230041,562.2966553395314,85.67936862244898,84.38253376630946,117.48799694463247,2.624681122448976,1.5081075311678376
random_impostor,/mnt/c/Users/ansar/Desktop/VGGFace2_ArcFace_Project/data/aligned/train/n004265/0005_01.jpg,/mnt/c/Users/ansar/Desktop/VGGFace2_ArcFace_Project/data/aligned/train/n007425/0317_01.jpg,0.068285547196865,1232.743178180534,83.49816645408163,76.36206849510316,792.6593905968846,25.435746173469383,4.687267607628144
random_impostor,/mnt/c/Users/ansar/Desktop/VGGFace2_ArcFace_Project/data/aligned/train/n009103/0297_01.jpg,/mnt/c/Users/ansar/Desktop/VGGFace2_ArcFace_Project/data/aligned/train/n007012/0205_01.jpg,0.099242091178894,442.5310722519486,78.09781568877551,73.54760268088629,465.8458614452637,22.475127551020407,21.255669973869104
random_impostor,/mnt/c/Users/ansar/Desktop/VGGFace2_ArcFace_Project/data/aligned/train/n002293/0043_01.jpg,/mnt/c/Users/ansar/Desktop/VGGFace2_ArcFace_Project/data/aligned/train/n006483/0355_01.jpg,0.0736462026834487,984.0303294743067,91.2384805484694,77.45141444145119,216.31554506580744,8.702885841836732,0.7693116828255882
random_impostor,/mnt/c/Users/ansar/Desktop/VGGFace2_ArcFace_Project/data/aligned/train/n000832/0176_01.jpg,/mnt/c/Users/ansar/Desktop/VGGFace2_ArcFace_Project/data/aligned/train/n002426/0582_01.jpg,0.0483642220497131,804.7600976959063,81.42598054846938,63.783810766988566,1248.5521885412327,12.946986607142861,16.98601081901389
random_impostor,/mnt/c/Users/ansar/Desktop/VGGFace2_ArcFace_Project/data/aligned/train/n005066/0122_01.jpg,/mnt/c/Users/ansar/Desktop/VGGFace2_ArcFace_Project/data/aligned/train/n007892/0333_01.jpg,0.0152403600513935,411.62235929210306,56.61268335459184,60.54650781048219,667.5089509480201,9.471859056122454,16.50635879062834
random_impostor,/mnt/c/Users/ansar/Desktop/VGGFace2_ArcFace_Project/data/aligned/train/n008701/0284_01.jpg,/mnt/c/Users/ansar/Desktop/VGGFace2_ArcFace_Project/data/aligned/train/n008193/0056_01.jpg,-0.0470200926065444,263.808399685022,98.68598533163265,66.70829685429429,6.942738810661979,4.290975765306115,23.726289544630646
random_impostor,/mnt/c/Users/ansar/Desktop/VGGFace2_ArcFace_Project/data/aligned/train/n009094/0315_01.jpg,/mnt/c/Users/ansar/Desktop/VGGFace2_ArcFace_Project/data/aligned/train/n005962/0032_02.jpg,0.0722231417894363,433.3701862238288,72.43578603316327,69.99325625829098,644.4012476084183,17.303332270408163,13.84520322554603
random_impostor,/mnt/c/Users/ansar/Desktop/VGGFace2_ArcFace_Project/data/aligned/train/n005118/0047_01.jpg,/mnt/c/Users/ansar/Desktop/VGGFace2_ArcFace_Project/data/aligned/train/n006176/0015_01.jpg,0.0172578748315572,146.28812345530974,82.29890784438776,72.04979344382971,77.95306988151705,26.24386160714286,22.22457889319422
random_impostor,/mnt/c/Users/ansar/Desktop/VGGFace2_ArcFace_Project/data/aligned/train/n008525/0118_01.jpg,/mnt/c/Users/ansar/Desktop/VGGFace2_ArcFace_Project/data/aligned/train/n004755/0103_02.jpg,0.1678191870450973,488.57354704234467,75.48907844387756,64.73663645043096,311.3628550652216,3.481026785714292,5.217007180193669
random_impostor,/mnt/c/Users/ansar/Desktop/VGGFace2_ArcFace_Project/data/aligned/train/n005381/0379_01.jpg,/mnt/c/Users/ansar/Desktop/VGGFace2_ArcFace_Project/data/aligned/train/n004862/0201_01.jpg,-0.0643318966031074,1412.5011970078335,100.65174585459184,83.55673532851674,1573.7767818439806,0.7269610969387656,13.380823103959585
random_impostor,/mnt/c/Users/ansar/Desktop/VGGFace2_ArcFace_Project/data/aligned/train/n005768/0097_01.jpg,/mnt/c/Users/ansar/Desktop/VGGFace2_ArcFace_Project/data/aligned/train/n007916/0092_01.jpg,0.1049921289086341,421.8589841150731,90.34733737244898,80.72694906010834,224.58501908104898,12.664700255102048,4.482153637919225
random_impostor,/mnt/c/Users/ansar/Desktop/VGGFace2_ArcFace_Project/data/aligned/train/n008939/0072_01.jpg,/mnt/c/Users/ansar/Desktop/VGGFace2_ArcFace_Project/data/aligned/train/n001232/0204_01.jpg,0.1102357134222984,642.9352531607873,92.55767697704081,81.66439849804675,315.9877558481389,10.572943239795919,2.0150742609900334
random_impostor,/mnt/c/Users/ansar/Desktop/VGGFace2_ArcFace_Project/data/aligned/train/n007132/0470_01.jpg,/mnt/c/Users/ansar/Desktop/VGGFace2_ArcFace_Project/data/aligned/train/n000116/0026_02.jpg,0.0313620008528232,387.69511968381505,77.42570153061224,68.94424374647306,437.37034211005835,15.976243622448976,13.142494135596877
random_impostor,/mnt/c/Users/ansar/Desktop/VGGFace2_ArcFace_Project/data/aligned/train/n005712/0208_01.jpg,/mnt/c/Users/ansar/Desktop/VGGFace2_ArcFace_Project/data/aligned/train/n003292/0227_01.jpg,0.1736400723457336,231.21011624540802,59.85088488520408,60.41272048094971,0.3737333616282683,35.542490433673464,21.198110118343962
random_impostor,/mnt/c/Users/ansar/Desktop/VGGFace2_ArcFace_Project/data/aligned/train/n001385/0115_02.jpg,/mnt/c/Users/ansar/Desktop/VGGFace2_ArcFace_Project/data/aligned/train/n004567/0236_01.jpg,0.0334271006286144,1277.2130133943824,102.552734375,83.03005825558739,2157.813168742963,16.881776147959187,0.6445971954305634
random_impostor,/mnt/c/Users/ansar/Desktop/VGGFace2_ArcFace_Project/data/aligned/train/n006890/0194_01.jpg,/mnt/c/Users/ansar/Desktop/VGGFace2_ArcFace_Project/data/aligned/train/n006268/0375_01.jpg,0.1037693321704864,864.8464128398141,68.33171237244898,69.49498340473593,1311.4842777403132,27.235331632653065,3.0641925849630525
random_impostor,/mnt/c/Users/ansar/Desktop/VGGFace2_ArcFace_Project/data/aligned/train/n008398/0224_02.jpg,/mnt/c/Users/ansar/Desktop/VGGFace2_ArcFace_Project/data/aligned/train/n001073/0158_01.jpg,0.0380301587283611,1657.32201375012,81.25187340561224,74.35509184724665,1981.0723906949584,6.869977678571416,10.93451108050273
random_impostor,/mnt/c/Users/ansar/Desktop/VGGFace2_ArcFace_Project/data/aligned/train/n008477/0050_01.jpg,/mnt/c/Users/ansar/Desktop/VGGFace2_ArcFace_Project/data/aligned/train/n000764/0374_01.jpg,0.037110585719347,964.2936155644122,66.45001594387756,70.77925173977596,1585.4527704635298,1.167889030612244,7.68744082665323
random_impostor,/mnt/c/Users/ansar/Desktop/VGGFace2_ArcFace_Project/data/aligned/train/n000618/0249_01.jpg,/mnt/c/Users/ansar/Desktop/VGGFace2_ArcFace_Project/data/aligned/train/n002755/0073_01.jpg,0.1812454164028167,493.43826621554877,66.18973214285714,68.38483929240175,220.68381086204107,13.324139030612244,3.0093123058667146
random_impostor,/mnt/c/Users/ansar/Desktop/VGGFace2_ArcFace_Project/data/aligned/train/n004238/0129_01.jpg,/mnt/c/Users/ansar/Desktop/VGGFace2_ArcFace_Project/data/aligned/train/n007536/0079_01.jpg,0.0106244720518589,982.5530216514146,108.3716119260204,89.2739518104134,1611.5448305192763,34.386240433673464,5.026923888614661
random_impostor,/mnt/c/Users/ansar/Desktop/VGGFace2_ArcFace_Project/data/aligned/train/n003448/0269_02.jpg,/mnt/c/Users/ansar/Desktop/VGGFace2_ArcFace_Project/data/aligned/train/n000240/0395_02.jpg,0.039553765207529,128.75437926292818,55.98852040816327,57.710325735230725,40.13325504301386,0.7782206632653086,6.525770610310715
random_impostor,/mnt/c/Users/ansar/Desktop/VGGFace2_ArcFace_Project/data/aligned/train/n003734/0254_01.jpg,/mnt/c/Users/ansar/Desktop/VGGFace2_ArcFace_Project/data/aligned/train/n007179/0205_01.jpg,0.0314462855458259,519.590614805019,60.25562021683673,63.500172107292045,506.5758594034713,29.207190688775512,30.71733554828689
random_impostor,/mnt/c/Users/ansar/Desktop/VGGFace2_ArcFace_Project/data/aligned/train/n006293/0256_01.jpg,/mnt/c/Users/ansar/Desktop/VGGFace2_ArcFace_Project/data/aligned/train/n004646/0111_01.jpg,0.1498272567987442,220.3423264331492,81.04380580357143,74.87814372237528,152.35264084707546,38.11041135204081,29.041664439861698
random_impostor,/mnt/c/Users/ansar/Desktop/VGGFace2_ArcFace_Project/data/aligned/train/n007969/0042_02.jpg,/mnt/c/Users/ansar/Desktop/VGGFace2_ArcFace_Project/data/aligned/train/n004732/0007_01.jpg,0.0100910989567637,545.3046719806485,106.57772640306122,84.16150108967364,471.948563174971,28.336256377551024,25.53843860266771
random_impostor,/mnt/c/Users/ansar/Desktop/VGGFace2_ArcFace_Project/data/aligned/train/n003355/0537_01.jpg,/mnt/c/Users/ansar/Desktop/VGGFace2_ArcFace_Project/data/aligned/train/n000948/0225_01.jpg,0.6542245149612427,123.64730283013488,81.56317761479592,80.23152429015101,47.31584550062351,2.3482940051020478,5.093907489208874
random_impostor,/mnt/c/Users/ansar/Desktop/VGGFace2_ArcFace_Project/data/aligned/train/n008963/0042_01.jpg,/mnt/c/Users/ansar/Desktop/VGGFace2_ArcFace_Project/data/aligned/train/n008898/0079_01.jpg,0.0451437272131443,340.7547534591503,77.60702327806122,67.02852706525627,100.03901610718026,37.990832270408156,19.002977240312248
random_impostor,/mnt/c/Users/ansar/Desktop/VGGFace2_ArcFace_Project/data/aligned/train/n000199/0182_01.jpg,/mnt/c/Users/ansar/Desktop/VGGFace2_ArcFace_Project/data/aligned/train/n002764/0066_01.jpg,0.0125839207321405,861.5044556903322,92.50314891581633,79.4094317871697,283.4698488933748,61.1493144132653,36.89407801158893
random_impostor,/mnt/c/Users/ansar/Desktop/VGGFace2_ArcFace_Project/data/aligned/train/n006542/0082_01.jpg,/mnt/c/Users/ansar/Desktop/VGGFace2_ArcFace_Project/data/aligned/train/n002985/0365_01.jpg,0.047404333949089,293.36340346965926,77.47704081632654,75.25053269123475,201.5998190387692,30.560905612244895,27.344307054716133
random_impostor,/mnt/c/Users/ansar/Desktop/VGGFace2_ArcFace_Project/data/aligned/train/n002790/0042_05.jpg,/mnt/c/Users/ansar/Desktop/VGGFace2_ArcFace_Project/data/aligned/train/n008600/0401_01.jpg,-0.0052365502342581,974.8824839498639,85.35774075255102,74.52699214199504,731.967794358755,5.852917729591837,6.469988912540671
random_impostor,/mnt/c/Users/ansar/Desktop/VGGFace2_ArcFace_Project/data/aligned/train/n007069/0308_02.jpg,/mnt/c/Users/ansar/Desktop/VGGFace2_ArcFace_Project/data/aligned/train/n001235/0333_01.jpg,0.1442549973726272,391.0918076756297,64.96902901785714,60.50398486926543,530.0172688501272,42.35259885204081,29.686322759668244
random_impostor,/mnt/c/Users/ansar/Desktop/VGGFace2_ArcFace_Project/data/aligned/train/n000496/0026_03.jpg,/mnt/c/Users/ansar/Desktop/VGGFace2_ArcFace_Project/data/aligned/train/n001373/0004_01.jpg,-0.0028428428340703,770.4966420336893,89.67821269132654,76.49913886425017,1073.3071661920958,10.861049107142847,1.0934154243878282
random_impostor,/mnt/c/Users/ansar/Desktop/VGGFace2_ArcFace_Project/data/aligned/train/n008845/0147_01.jpg,/mnt/c/Users/ansar/Desktop/VGGFace2_ArcFace_Project/data/aligned/train/n007988/0011_01.jpg,0.0469346828758716,290.8035055475898,76.50550063775509,70.89666185118317,196.69550536067123,16.665656887755105,18.05025031341401
random_impostor,/mnt/c/Users/ansar/Desktop/VGGFace2_ArcFace_Project/data/aligned/train/n006702/0085_02.jpg,/mnt/c/Users/ansar/Desktop/VGGFace2_ArcFace_Project/data/aligned/train/n005271/0084_01.jpg,0.1466317176818847,550.3510145531352,101.33697385204081,77.56528646153092,319.06399428730253,32.32174744897959,13.142805329135484
random_impostor,/mnt/c/Users/ansar/Desktop/VGGFace2_ArcFace_Project/data/aligned/train/n008704/0115_01.jpg,/mnt/c/Users/ansar/Desktop/VGGFace2_ArcFace_Project/data/aligned/train/n004599/0023_01.jpg,0.1587667763233184,502.3867152927817,54.25980548469387,54.06034945880562,62.58808463595915,3.388711734693878,1.1060216586256715
random_impostor,/mnt/c/Users/ansar/Desktop/VGGFace2_ArcFace_Project/data/aligned/train/n005394/0079_01.jpg,/mnt/c/Users/ansar/Desktop/VGGFace2_ArcFace_Project/data/aligned/train/n004308/0399_01.jpg,0.1978617161512375,633.8368150710265,64.41481983418367,54.040243034567055,1059.5071661082072,26.77176339285714,17.760016917420153
random_impostor,/mnt/c/Users/ansar/Desktop/VGGFace2_ArcFace_Project/data/aligned/train/n007991/0343_01.jpg,/mnt/c/Users/ansar/Desktop/VGGFace2_ArcFace_Project/data/aligned/train/n003553/0046_01.jpg,0.0398800857365131,804.0841444238729,96.79041772959184,84.36588030737589,24.28248687070493,30.566007653061234,11.234156455671155
random_impostor,/mnt/c/Users/ansar/Desktop/VGGFace2_ArcFace_Project/data/aligned/train/n004138/0174_01.jpg,/mnt/c/Users/ansar/Desktop/VGGFace2_ArcFace_Project/data/aligned/train/n007880/0033_01.jpg,0.2333557307720184,797.3559479147431,81.85279815051021,75.26704788165006,1170.613985588331,39.824856505102034,19.132840114096368
random_impostor,/mnt/c/Users/ansar/Desktop/VGGFace2_ArcFace_Project/data/aligned/train/n008819/0107_01.jpg,/mnt/c/Users/ansar/Desktop/VGGFace2_ArcFace_Project/data/aligned/train/n006017/0116_01.jpg,-0.0215397961437702,553.9062863198582,89.42964764030611,78.00556895839613,396.96383378466976,15.618223852040828,10.262183981123002
random_impostor,/mnt/c/Users/ansar/Desktop/VGGFace2_ArcFace_Project/data/aligned/train/n008411/0110_01.jpg,/mnt/c/Users/ansar/Desktop/VGGFace2_ArcFace_Project/data/aligned/train/n002485/0167_01.jpg,0.0298837684094905,210.24297675943433,55.653938137755105,55.2982935597003,155.69002052189558,6.564413265306122,15.83414310324131
random_impostor,/mnt/c/Users/ansar/Desktop/VGGFace2_ArcFace_Project/data/aligned/train/n004930/0059_02.jpg,/mnt/c/Users/ansar/Desktop/VGGFace2_ArcFace_Project/data/aligned/train/n006564/0285_02.jpg,0.0747340247035026,375.2783625553867,88.03168845663265,81.88985512664482,37.300641842754374,9.81752232142857,4.158264695212182
random_impostor,/mnt/c/Users/ansar/Desktop/VGGFace2_ArcFace_Project/data/aligned/train/n003875/0190_01.jpg,/mnt/c/Users/ansar/Desktop/VGGFace2_ArcFace_Project/data/aligned/train/n002164/0374_03.jpg,0.1657039374113083,591.2071640955214,84.75681600765307,79.51789394643987,917.9355695439298,39.895169005102034,26.73416935096195
random_impostor,/mnt/c/Users/ansar/Desktop/VGGFace2_ArcFace_Project/data/aligned/train/n001709/0002_01.jpg,/mnt/c/Users/ansar/Desktop/VGGFace2_ArcFace_Project/data/aligned/train/n003633/0051_02.jpg,-0.1201217100024223,466.3880428010749,58.25442442602041,55.34834955687795,89.02484934154228,51.64979272959184,43.48698291773325
random_impostor,/mnt/c/Users/ansar/Desktop/VGGFace2_ArcFace_Project/data/aligned/train/n002656/0131_03.jpg,/mnt/c/Users/ansar/Desktop/VGGFace2_ArcFace_Project/data/aligned/train/n004492/0053_01.jpg,0.105972982943058,864.4949943926969,74.97540656887755,72.9472054548251,1239.6969432139683,19.858179209183675,3.17149451913059
random_impostor,/mnt/c/Users/ansar/Desktop/VGGFace2_ArcFace_Project/data/aligned/train/n006926/0156_20.jpg,/mnt/c/Users/ansar/Desktop/VGGFace2_ArcFace_Project/data/aligned/train/n008611/0580_03.jpg,0.1209661960601806,403.1105343057235,78.00219228316327,66.1748177538152,515.591555123923,5.907924107142861,1.2754872525760135
random_impostor,/mnt/c/Users/ansar/Desktop/VGGFace2_ArcFace_Project/data/aligned/train/n002750/0134_01.jpg,/mnt/c/Users/ansar/Desktop/VGGFace2_ArcFace_Project/data/aligned/train/n008527/0012_02.jpg,-0.0983601510524749,888.2076014813063,73.51785714285714,68.57724225726491,615.4927108618481,20.68797831632653,12.468926464029472
random_impostor,/mnt/c/Users/ansar/Desktop/VGGFace2_ArcFace_Project/data/aligned/train/n007652/0020_02.jpg,/mnt/c/Users/ansar/Desktop/VGGFace2_ArcFace_Project/data/aligned/train/n006280/1009_01.jpg,0.0076702833175659,146.76393491593265,55.5946269132653,62.75873574702075,222.13543370702476,15.769929846938773,25.122729889264527
random_impostor,/mnt/c/Users/ansar/Desktop/VGGFace2_ArcFace_Project/data/aligned/train/n006334/0133_01.jpg,/mnt/c/Users/ansar/Desktop/VGGFace2_ArcFace_Project/data/aligned/train/n001033/0149_01.jpg,0.0771382898092269,149.0774012815451,80.0792012117347,68.93127591956822,151.42643388258023,36.48238201530612,12.318726104530064
random_impostor,/mnt/c/Users/ansar/Desktop/VGGFace2_ArcFace_Project/data/aligned/train/n004312/0215_01.jpg,/mnt/c/Users/ansar/Desktop/VGGFace2_ArcFace_Project/data/aligned/train/n008592/0316_01.jpg,0.230447307229042,382.12012312323884,78.51219706632654,69.42137770394345,491.37648037581175,48.15736607142857,38.35515186186397
random_impostor,/mnt/c/Users/ansar/Desktop/VGGFace2_ArcFace_Project/data/aligned/train/n009158/0274_01.jpg,/mnt/c/Users/ansar/Desktop/VGGFace2_ArcFace_Project/data/aligned/train/n007592/0299_01.jpg,-0.0188831482082605,1002.6846397809811,89.45129145408163,78.16777906251716,1417.4351893071084,12.22225765306122,5.1000014642154525
random_impostor,/mnt/c/Users/ansar/Desktop/VGGFace2_ArcFace_Project/data/aligned/train/n008502/0032_09.jpg,/mnt/c/Users/ansar/Desktop/VGGFace2_ArcFace_Project/data/aligned/train/n006938/0838_03.jpg,0.2121384590864181,422.36530294740066,89.10415338010205,80.87751333167932,299.78384075299846,6.962771045918359,3.2752145912051986
random_impostor,/mnt/c/Users/ansar/Desktop/VGGFace2_ArcFace_Project/data/aligned/train/n009063/0577_02.jpg,/mnt/c/Users/ansar/Desktop/VGGFace2_ArcFace_Project/data/aligned/train/n008576/0059_01.jpg,0.0996251106262207,1063.2079928746475,73.2745137117347,63.465691918352825,82.22390626957429,35.00821109693877,9.130057462867839
random_impostor,/mnt/c/Users/ansar/Desktop/VGGFace2_ArcFace_Project/data/aligned/train/n008656/0052_04.jpg,/mnt/c/Users/ansar/Desktop/VGGFace2_ArcFace_Project/data/aligned/train/n007921/0176_03.jpg,0.2541105151176452,188.14223504374294,81.70093271683675,61.44406379706868,138.90174789460485,46.69029017857143,13.868731735366332
random_impostor,/mnt/c/Users/ansar/Desktop/VGGFace2_ArcFace_Project/data/aligned/train/n009051/0318_01.jpg,/mnt/c/Users/ansar/Desktop/VGGFace2_ArcFace_Project/data/aligned/train/n003057/0131_01.jpg,0.1623106747865677,782.7150857425739,35.91924426020408,51.36028974977989,620.9279280046483,4.724011479591837,9.316819376044364
random_impostor,/mnt/c/Users/ansar/Desktop/VGGFace2_ArcFace_Project/data/aligned/train/n006452/0032_01.jpg,/mnt/c/Users/ansar/Desktop/VGGFace2_ArcFace_Project/data/aligned/train/n008448/0222_01.jpg,0.0865016356110572,1213.000668304456,73.77272002551021,71.35492299865606,1317.7165698171011,41.23134566326531,57.31339543767255
random_impostor,/mnt/c/Users/ansar/Desktop/VGGFace2_ArcFace_Project/data/aligned/train/n006199/0041_01.jpg,/mnt/c/Users/ansar/Desktop/VGGFace2_ArcFace_Project/data/aligned/train/n003575/0100_01.jpg,0.0812442973256111,671.6488054586123,72.82505580357143,65.61559697181164,304.5533037483566,22.747688137755098,1.348596174289824
random_impostor,/mnt/c/Users/ansar/Desktop/VGGFace2_ArcFace_Project/data/aligned/train/n005363/0279_02.jpg,/mnt/c/Users/ansar/Desktop/VGGFace2_ArcFace_Project/data/aligned/train/n008865/0140_01.jpg,0.0946267768740654,314.03635998161474,88.27024872448979,70.15516922898529,148.78381939323577,45.612563775510196,16.950220678822056
random_impostor,/mnt/c/Users/ansar/Desktop/VGGFace2_ArcFace_Project/data/aligned/train/n002356/0046_01.jpg,/mnt/c/Users/ansar/Desktop/VGGFace2_ArcFace_Project/data/aligned/train/n002988/0395_01.jpg,0.0082500642165541,592.2699275018771,88.32908163265307,71.44757334210206,250.33140945911208,23.68399234693878,0.4433569663395076
random_impostor,/mnt/c/Users/ansar/Desktop/VGGFace2_ArcFace_Project/data/aligned/train/n007946/0125_01.jpg,/mnt/c/Users/ansar/Desktop/VGGFace2_ArcFace_Project/data/aligned/train/n000549/0214_01.jpg,0.1178715676069259,850.0581995222481,71.91258769132654,70.17200195884118,86.51996910289051,2.7299904336734784,9.544729747299584
random_impostor,/mnt/c/Users/ansar/Desktop/VGGFace2_ArcFace_Project/data/aligned/train/n001347/0196_01.jpg,/mnt/c/Users/ansar/Desktop/VGGFace2_ArcFace_Project/data/aligned/train/n007195/0119_01.jpg,0.0191843584179878,1252.321072144292,82.02634725765307,73.28071835529545,573.9612167784196,18.211495535714292,2.2679754207201483
random_impostor,/mnt/c/Users/ansar/Desktop/VGGFace2_ArcFace_Project/data/aligned/train/n006848/0209_04.jpg,/mnt/c/Users/ansar/Desktop/VGGFace2_ArcFace_Project/data/aligned/train/n001980/0424_01.jpg,0.0056549841538071,591.5931593717411,62.31947544642857,69.81494952366128,249.33539399858427,32.44379783163265,36.60354615752795
random_impostor,/mnt/c/Users/ansar/Desktop/VGGFace2_ArcFace_Project/data/aligned/train/n003521/0369_01.jpg,/mnt/c/Users/ansar/Desktop/VGGFace2_ArcFace_Project/data/aligned/train/n008368/0156_01.jpg,0.2226205468177795,676.5733272801931,83.94893973214286,70.06495118959256,370.3422347024697,4.547911352040813,17.16188255341322
random_impostor,/mnt/c/Users/ansar/Desktop/VGGFace2_ArcFace_Project/data/aligned/train/n007015/0217_01.jpg,/mnt/c/Users/ansar/Desktop/VGGFace2_ArcFace_Project/data/aligned/train/n007657/0345_01.jpg,0.0372277982532978,351.98635328833825,74.6026387117347,66.12026190552703,57.238702515868624,56.82389987244898,28.23398415628285
random_impostor,/mnt/c/Users/ansar/Desktop/VGGFace2_ArcFace_Project/data/aligned/train/n003424/0007_01.jpg,/mnt/c/Users/ansar/Desktop/VGGFace2_ArcFace_Project/data/aligned/train/n001070/0540_01.jpg,0.086163654923439,1178.954824295902,67.39465082908163,61.6755820121254,902.3669588596612,42.09159757653062,30.934845313124292
random_impostor,/mnt/c/Users/ansar/Desktop/VGGFace2_ArcFace_Project/data/aligned/train/n008646/0075_01.jpg,/mnt/c/Users/ansar/Desktop/VGGFace2_ArcFace_Project/data/aligned/train/n001622/0032_01.jpg,0.2305828481912613,856.346589062622,52.23182397959184,46.63315523096776,575.3887273938592,4.599649234693878,5.762934077632146
random_impostor,/mnt/c/Users/ansar/Desktop/VGGFace2_ArcFace_Project/data/aligned/train/n006744/0207_01.jpg,/mnt/c/Users/ansar/Desktop/VGGFace2_ArcFace_Project/data/aligned/train/n004976/0130_01.jpg,0.03435680270195,789.7391901806661,69.27375637755102,65.18208144555592,205.69458666209232,6.784598214285708,13.437908541195341
random_impostor,/mnt/c/Users/ansar/Desktop/VGGFace2_ArcFace_Project/data/aligned/train/n003310/0230_01.jpg,/mnt/c/Users/ansar/Desktop/VGGFace2_ArcFace_Project/data/aligned/train/n003274/0362_02.jpg,-0.0815561562776565,740.817822228765,73.46037946428572,70.41723233308046,1127.911815308075,58.39795918367348,38.72504226958956
random_impostor,/mnt/c/Users/ansar/Desktop/VGGFace2_ArcFace_Project/data/aligned/train/n005478/0248_01.jpg,/mnt/c/Users/ansar/Desktop/VGGFace2_ArcFace_Project/data/aligned/train/n003459/0147_01.jpg,0.0674946904182434,1004.7888503386447,73.26554528061224,64.78910206983616,1635.1918141000817,62.268335459183675,30.36890111472853
random_impostor,/mnt/c/Users/ansar/Desktop/VGGFace2_ArcFace_Project/data/aligned/train/n007870/0443_03.jpg,/mnt/c/Users/ansar/Desktop/VGGFace2_ArcFace_Project/data/aligned/train/n004190/0054_01.jpg,0.0676530078053474,500.35280180791676,62.095703125,59.906399045464454,828.4176319699047,65.16988201530611,50.50087248208956
random_impostor,/mnt/c/Users/ansar/Desktop/VGGFace2_ArcFace_Project/data/aligned/train/n000233/0276_01.jpg,/mnt/c/Users/ansar/Desktop/VGGFace2_ArcFace_Project/data/aligned/train/n005717/0266_01.jpg,0.0408615507185459,1699.9506481000653,69.341796875,63.77388264922736,2483.181213048437,12.36742665816326,2.859573174233212
random_impostor,/mnt/c/Users/ansar/Desktop/VGGFace2_ArcFace_Project/data/aligned/train/n005403/0136_01.jpg,/mnt/c/Users/ansar/Desktop/VGGFace2_ArcFace_Project/data/aligned/train/n006876/0247_01.jpg,0.1136099994182586,695.8454690732244,69.63930963010205,75.2873496674759,191.95028971871034,22.443000637755105,16.608460273184605
random_impostor,/mnt/c/Users/ansar/Desktop/VGGFace2_ArcFace_Project/data/aligned/train/n005817/0069_02.jpg,/mnt/c/Users/ansar/Desktop/VGGFace2_ArcFace_Project/data/aligned/train/n006179/0201_01.jpg,0.0912446156144142,514.8216394299718,75.09442761479592,67.37411957251183,386.4596032679255,9.934072066326536,13.965658046736948
random_impostor,/mnt/c/Users/ansar/Desktop/VGGFace2_ArcFace_Project/data/aligned/train/n008100/0100_01.jpg,/mnt/c/Users/ansar/Desktop/VGGFace2_ArcFace_Project/data/aligned/train/n000694/0091_01.jpg,0.0501029640436172,497.65354627413035,88.21424585459184,77.96763175884547,374.5805009669536,14.964524872448976,13.007079252923248
random_impostor,/mnt/c/Users/ansar/Desktop/VGGFace2_ArcFace_Project/data/aligned/train/n002313/0019_01.jpg,/mnt/c/Users/ansar/Desktop/VGGFace2_ArcFace_Project/data/aligned/train/n007859/0130_01.jpg,-0.0514682121574878,799.326074075123,75.6161112882653,63.22048667013634,1102.4545281730757,5.394371811224488,0.6628686711089387
random_impostor,/mnt/c/Users/ansar/Desktop/VGGFace2_ArcFace_Project/data/aligned/train/n003634/0047_01.jpg,/mnt/c/Users/ansar/Desktop/VGGFace2_ArcFace_Project/data/aligned/train/n003038/0104_01.jpg,-0.1112751811742782,812.5095787064228,85.03966039540816,74.07249681298057,241.7780559369794,5.599728954081627,11.875512836125566
random_impostor,/mnt/c/Users/ansar/Desktop/VGGFace2_ArcFace_Project/data/aligned/train/n003735/0493_01.jpg,/mnt/c/Users/ansar/Desktop/VGGFace2_ArcFace_Project/data/aligned/train/n004030/0300_03.jpg,0.0021862958092242,306.22865704048274,49.811104910714285,49.25396432831491,21.786545034946414,17.513472576530617,7.939727031559833
random_impostor,/mnt/c/Users/ansar/Desktop/VGGFace2_ArcFace_Project/data/aligned/train/n003125/0071_01.jpg,/mnt/c/Users/ansar/Desktop/VGGFace2_ArcFace_Project/data/aligned/train/n004280/0253_01.jpg,0.3200497627258301,730.3541659570049,57.10897640306123,69.61603458288184,7.845601696314816,1.8724489795918373,10.58439661978744
random_impostor,/mnt/c/Users/ansar/Desktop/VGGFace2_ArcFace_Project/data/aligned/train/n005647/0127_01.jpg,/mnt/c/Users/ansar/Desktop/VGGFace2_ArcFace_Project/data/aligned/train/n008456/0528_01.jpg,0.1314340084791183,474.5737503159796,71.91003667091837,62.842315076717824,241.93534315332477,6.69889987244899,9.961344631945735
random_impostor,/mnt/c/Users/ansar/Desktop/VGGFace2_ArcFace_Project/data/aligned/train/n007416/0042_01.jpg,/mnt/c/Users/ansar/Desktop/VGGFace2_ArcFace_Project/data/aligned/train/n003471/0026_01.jpg,0.0572405904531478,694.8637010351115,64.72333386479592,58.5423622912441,923.250771442685,24.791533801020414,28.935824170041826
random_impostor,/mnt/c/Users/ansar/Desktop/VGGFace2_ArcFace_Project/data/aligned/train/n006432/0151_01.jpg,/mnt/c/Users/ansar/Desktop/VGGFace2_ArcFace_Project/data/aligned/train/n001555/0049_02.jpg,0.1860367059707641,822.2677464101871,82.90421715561224,76.71102011144276,861.5372061771136,49.3506855867347,24.795973085513722
random_impostor,/mnt/c/Users/ansar/Desktop/VGGFace2_ArcFace_Project/data/aligned/train/n002978/0021_01.jpg,/mnt/c/Users/ansar/Desktop/VGGFace2_ArcFace_Project/data/aligned/train/n002162/0026_01.jpg,0.0832154378294944,1056.1651632935739,120.39106345663265,87.20779070143058,274.6164321994738,34.67004145408163,20.75690643303564
random_impostor,/mnt/c/Users/ansar/Desktop/VGGFace2_ArcFace_Project/data/aligned/train/n001367/0061_01.jpg,/mnt/c/Users/ansar/Desktop/VGGFace2_ArcFace_Project/data/aligned/train/n005606/0224_01.jpg,0.0176222939044237,992.125649305643,82.6100526147959,67.64807233511428,288.567598412008,6.583306760204081,1.2797992501634923
random_impostor,/mnt/c/Users/ansar/Desktop/VGGFace2_ArcFace_Project/data/aligned/train/n001666/0227_02.jpg,/mnt/c/Users/ansar/Desktop/VGGFace2_ArcFace_Project/data/aligned/train/n005618/0317_01.jpg,-0.0262560416013002,427.8443345971924,55.681720344387756,50.13931933128731,267.96053113067507,6.792171556122447,6.529397064920303
random_impostor,/mnt/c/Users/ansar/Desktop/VGGFace2_ArcFace_Project/data/aligned/train/n004966/0161_01.jpg,/mnt/c/Users/ansar/Desktop/VGGFace2_ArcFace_Project/data/aligned/train/n008294/0195_01.jpg,0.1112862303853035,876.5584476825248,48.409598214285715,61.44107806634648,963.5788694204564,3.640943877551024,4.837440195375663
random_impostor,/mnt/c/Users/ansar/Desktop/VGGFace2_ArcFace_Project/data/aligned/train/n004502/0212_01.jpg,/mnt/c/Users/ansar/Desktop/VGGFace2_ArcFace_Project/data/aligned/train/n009177/0399_01.jpg,-0.0237871892750263,958.1531666060976,85.25167410714286,67.8083170315517,1403.2987432452055,36.96316964285714,10.996569966352432
random_impostor,/mnt/c/Users/ansar/Desktop/VGGFace2_ArcFace_Project/data/aligned/train/n008759/0109_01.jpg,/mnt/c/Users/ansar/Desktop/VGGFace2_ArcFace_Project/data/aligned/train/n006587/0103_02.jpg,0.1008243486285209,839.5624367119322,96.34526466836735,80.39935275912381,793.2769695887314,15.94610969387756,19.206766647523636
random_impostor,/mnt/c/Users/ansar/Desktop/VGGFace2_ArcFace_Project/data/aligned/train/n007481/0321_01.jpg,/mnt/c/Users/ansar/Desktop/VGGFace2_ArcFace_Project/data/aligned/train/n006588/0131_01.jpg,0.1048296988010406,1729.8923362913056,92.32836415816327,77.81432124450437,1823.8886352183172,39.67442602040816,22.647705758475638
random_impostor,/mnt/c/Users/ansar/Desktop/VGGFace2_ArcFace_Project/data/aligned/train/n001515/0101_01.jpg,/mnt/c/Users/ansar/Desktop/VGGFace2_ArcFace_Project/data/aligned/train/n001986/0380_01.jpg,0.0046759503893554,378.42460930064436,67.91346460459184,59.11078904653344,54.53480716627473,4.630341198979579,9.31543168432085
random_impostor,/mnt/c/Users/ansar/Desktop/VGGFace2_ArcFace_Project/data/aligned/train/n007885/0129_01.jpg,/mnt/c/Users/ansar/Desktop/VGGFace2_ArcFace_Project/data/aligned/train/n004872/0156_02.jpg,0.1888902932405471,1284.9336885883629,63.20643335459184,68.23661245835123,654.7767318731943,13.657286352040813,2.863957255066751
random_impostor,/mnt/c/Users/ansar/Desktop/VGGFace2_ArcFace_Project/data/aligned/train/n007982/0264_01.jpg,/mnt/c/Users/ansar/Desktop/VGGFace2_ArcFace_Project/data/aligned/train/n003503/0131_01.jpg,0.128678560256958,823.8028094042644,50.55560427295918,54.599166058462586,4.072840311288019,37.543765943877546,24.12672318275437
random_impostor,/mnt/c/Users/ansar/Desktop/VGGFace2_ArcFace_Project/data/aligned/train/n000513/0080_01.jpg,/mnt/c/Users/ansar/Desktop/VGGFace2_ArcFace_Project/data/aligned/train/n007526/0003_01.jpg,0.1682291030883789,1138.9795891103622,83.37308673469389,67.66940634613559,409.84073576317473,17.40832270408164,14.415201327774561
random_impostor,/mnt/c/Users/ansar/Desktop/VGGFace2_ArcFace_Project/data/aligned/train/n005472/0144_01.jpg,/mnt/c/Users/ansar/Desktop/VGGFace2_ArcFace_Project/data/aligned/train/n006401/0151_01.jpg,0.0542417876422405,943.6980064357135,104.55464764030611,88.27389831534975,104.2582325520292,15.227598852040828,18.49088107403874
random_impostor,/mnt/c/Users/ansar/Desktop/VGGFace2_ArcFace_Project/data/aligned/train/n004690/0368_01.jpg,/mnt/c/Users/ansar/Desktop/VGGFace2_ArcFace_Project/data/aligned/train/n007869/0047_01.jpg,0.0877243056893348,529.7916688549672,79.08669483418367,68.38963316173577,928.5778974845279,18.68821747448979,25.690642524568865
random_impostor,/mnt/c/Users/ansar/Desktop/VGGFace2_ArcFace_Project/data/aligned/train/n000386/0145_01.jpg,/mnt/c/Users/ansar/Desktop/VGGFace2_ArcFace_Project/data/aligned/train/n006286/0196_01.jpg,0.0441748276352882,666.2098751552697,80.53683035714286,81.17933493567185,308.8164439489324,41.054528061224495,13.086345997298267
random_impostor,/mnt/c/Users/ansar/Desktop/VGGFace2_ArcFace_Project/data/aligned/train/n000907/0379_01.jpg,/mnt/c/Users/ansar/Desktop/VGGFace2_ArcFace_Project/data/aligned/train/n001445/0092_01.jpg,0.106889508664608,860.7284770299872,95.95627391581633,75.00720790673265,911.6672394802947,17.28276466836735,6.068440064256649
random_impostor,/mnt/c/Users/ansar/Desktop/VGGFace2_ArcFace_Project/data/aligned/train/n003605/0219_01.jpg,/mnt/c/Users/ansar/Desktop/VGGFace2_ArcFace_Project/data/aligned/train/n004944/0157_03.jpg,-0.0370900519192218,323.1415406766905,66.18989158163265,67.4321968061961,172.57740533297283,15.03730867346939,25.66606518831974
random_impostor,/mnt/c/Users/ansar/Desktop/VGGFace2_ArcFace_Project/data/aligned/train/n000263/0109_01.jpg,/mnt/c/Users/ansar/Desktop/VGGFace2_ArcFace_Project/data/aligned/train/n007386/0028_01.jpg,-0.1474704891443252,728.0381515452088,92.30600286989795,68.88581316457396,324.81522566713113,21.30428890306122,3.927480256563129
random_impostor,/mnt/c/Users/ansar/Desktop/VGGFace2_ArcFace_Project/data/aligned/train/n008836/0037_01.jpg,/mnt/c/Users/ansar/Desktop/VGGFace2_ArcFace_Project/data/aligned/train/n005162/0133_01.jpg,0.0237217023968696,1113.493442406708,92.39676339285714,69.87206948309228,351.8630059689891,37.64700255102041,15.288109992110385
random_impostor,/mnt/c/Users/ansar/Desktop/VGGFace2_ArcFace_Project/data/aligned/train/n000022/0253_01.jpg,/mnt/c/Users/ansar/Desktop/VGGFace2_ArcFace_Project/data/aligned/train/n003005/0112_02.jpg,0.2898218333721161,148.84036502417104,77.57079081632654,65.54459539034606,101.08664164767566,9.584661989795919,5.815460723061072
random_impostor,/mnt/c/Users/ansar/Desktop/VGGFace2_ArcFace_Project/data/aligned/train/n001908/0070_01.jpg,/mnt/c/Users/ansar/Desktop/VGGFace2_ArcFace_Project/data/aligned/train/n003681/0127_01.jpg,0.0522205233573913,249.7018330934295,88.27196269132654,65.76843282173834,226.92537309486934,10.925621811224488,15.250355313961705
random_impostor,/mnt/c/Users/ansar/Desktop/VGGFace2_ArcFace_Project/data/aligned/train/n007888/0325_01.jpg,/mnt/c/Users/ansar/Desktop/VGGFace2_ArcFace_Project/data/aligned/train/n000963/0447_01.jpg,0.1080117002129554,660.450131071155,87.83163265306123,74.40178805713019,368.3701256843766,27.070950255102034,19.93074143808755
random_impostor,/mnt/c/Users/ansar/Desktop/VGGFace2_ArcFace_Project/data/aligned/train/n008774/0447_01.jpg,/mnt/c/Users/ansar/Desktop/VGGFace2_ArcFace_Project/data/aligned/train/n005022/0054_01.jpg,-0.0194177255034446,897.8724134382433,105.34239477040816,75.7910818467803,1566.4108862378407,30.42506377551021,12.976836638879917
random_impostor,/mnt/c/Users/ansar/Desktop/VGGFace2_ArcFace_Project/data/aligned/train/n004602/0182_01.jpg,/mnt/c/Users/ansar/Desktop/VGGFace2_ArcFace_Project/data/aligned/train/n003164/0166_01.jpg,0.0277276709675788,549.288262811714,101.51004464285714,73.53357806993063,416.5183337242193,14.402264030612244,11.154873452381153
random_impostor,/mnt/c/Users/ansar/Desktop/VGGFace2_ArcFace_Project/data/aligned/train/n004895/0031_01.jpg,/mnt/c/Users/ansar/Desktop/VGGFace2_ArcFace_Project/data/aligned/train/n007736/0171_02.jpg,0.0860329121351242,1080.8069472179866,81.97134088010205,77.55461612829123,101.59157586723313,6.76953125,2.2447840215303216
random_impostor,/mnt/c/Users/ansar/Desktop/VGGFace2_ArcFace_Project/data/aligned/train/n007623/0237_01.jpg,/mnt/c/Users/ansar/Desktop/VGGFace2_ArcFace_Project/data/aligned/train/n004835/0419_02.jpg,0.026715600863099,1093.4313722933794,71.60782047193877,72.92932219184398,462.89394040248726,34.559390943877546,21.722083844626347
random_impostor,/mnt/c/Users/ansar/Desktop/VGGFace2_ArcFace_Project/data/aligned/train/n008193/0162_01.jpg,/mnt/c/Users/ansar/Desktop/VGGFace2_ArcFace_Project/data/aligned/train/n000671/0288_02.jpg,0.0407115966081619,465.6006067761378,83.13448660714286,72.0777796102503,664.3680769202612,32.303093112244895,37.48370408678084
random_impostor,/mnt/c/Users/ansar/Desktop/VGGFace2_ArcFace_Project/data/aligned/train/n001765/0470_01.jpg,/mnt/c/Users/ansar/Desktop/VGGFace2_ArcFace_Project/data/aligned/train/n003052/0047_01.jpg,0.0672526657581329,1459.556003413266,84.38791454081633,80.17311215690762,443.0445648472987,3.1653380102040813,3.672574010379705
random_impostor,/mnt/c/Users/ansar/Desktop/VGGFace2_ArcFace_Project/data/aligned/train/n001069/0035_01.jpg,/mnt/c/Users/ansar/Desktop/VGGFace2_ArcFace_Project/data/aligned/train/n007738/0299_01.jpg,0.1752378642559051,899.3949370092275,86.30121970663265,74.78342194877544,186.82826450892833,37.177375637755105,29.84874736610213
random_impostor,/mnt/c/Users/ansar/Desktop/VGGFace2_ArcFace_Project/data/aligned/train/n003871/0019_01.jpg,/mnt/c/Users/ansar/Desktop/VGGFace2_ArcFace_Project/data/aligned/train/n001009/0134_01.jpg,0.130754679441452,526.4708995954139,89.19579081632654,74.5628185597833,709.4151836047317,64.42649872448979,48.7006677029553
random_impostor,/mnt/c/Users/ansar/Desktop/VGGFace2_ArcFace_Project/data/aligned/train/n005812/0398_01.jpg,/mnt/c/Users/ansar/Desktop/VGGFace2_ArcFace_Project/data/aligned/train/n009092/0164_01.jpg,-0.0691723152995109,1219.7984450950767,78.33191167091837,70.45468763352183,215.71368199117683,7.609135841836732,16.966474411276003
random_impostor,/mnt/c/Users/ansar/Desktop/VGGFace2_ArcFace_Project/data/aligned/train/n002445/0039_02.jpg,/mnt/c/Users/ansar/Desktop/VGGFace2_ArcFace_Project/data/aligned/train/n002553/0406_01.jpg,0.1012166887521743,130.5773590704343,69.61758609693878,70.8485664067822,63.98511107610396,0.9819834183673493,6.238935791966938
random_impostor,/mnt/c/Users/ansar/Desktop/VGGFace2_ArcFace_Project/data/aligned/train/n008395/0247_01.jpg,/mnt/c/Users/ansar/Desktop/VGGFace2_ArcFace_Project/data/aligned/train/n005031/0409_01.jpg,0.0225475393235683,629.7900425800925,70.07238520408163,69.97829563016853,149.94967283402207,20.230707908163268,6.755378478002129
random_impostor,/mnt/c/Users/ansar/Desktop/VGGFace2_ArcFace_Project/data/aligned/train/n007285/0001_01.jpg,/mnt/c/Users/ansar/Desktop/VGGFace2_ArcFace_Project/data/aligned/train/n008578/0231_01.jpg,0.0935391411185264,285.2764646092438,87.17291135204081,72.53915446179127,176.8385064865043,29.110331632653057,5.615192192587571
random_impostor,/mnt/c/Users/ansar/Desktop/VGGFace2_ArcFace_Project/data/aligned/train/n000880/0466_01.jpg,/mnt/c/Users/ansar/Desktop/VGGFace2_ArcFace_Project/data/aligned/train/n004560/0054_01.jpg,0.2822842895984649,1469.8189132099399,91.23844068877551,84.10501329049822,874.9872181045171,32.45025510204081,7.788571780539158
random_impostor,/mnt/c/Users/ansar/Desktop/VGGFace2_ArcFace_Project/data/aligned/train/n004973/0210_01.jpg,/mnt/c/Users/ansar/Desktop/VGGFace2_ArcFace_Project/data/aligned/train/n008432/0533_04.jpg,0.107865072786808,1236.0298631343182,83.40581154336735,67.84281523326106,2218.925445925241,18.409199617346943,4.3185639407136875
random_impostor,/mnt/c/Users/ansar/Desktop/VGGFace2_ArcFace_Project/data/aligned/train/n001148/0387_01.jpg,/mnt/c/Users/ansar/Desktop/VGGFace2_ArcFace_Project/data/aligned/train/n000778/0005_01.jpg,0.0134090073406696,988.734549049336,80.26713966836735,69.46585087549494,695.9261481727176,6.694196428571431,0.28396836780737544
random_impostor,/mnt/c/Users/ansar/Desktop/VGGFace2_ArcFace_Project/data/aligned/train/n006154/0339_01.jpg,/mnt/c/Users/ansar/Desktop/VGGFace2_ArcFace_Project/data/aligned/train/n000373/0184_02.jpg,0.0084030395373702,615.3450171944501,71.02172353316327,72.99662581919145,228.54420069543994,5.253427933673464,13.905522153451841
random_impostor,/mnt/c/Users/ansar/Desktop/VGGFace2_ArcFace_Project/data/aligned/train/n001246/0334_01.jpg,/mnt/c/Users/ansar/Desktop/VGGFace2_ArcFace_Project/data/aligned/train/n005045/0026_02.jpg,0.1276009380817413,518.8671011585138,76.96416613520408,65.0608236110983,795.2380491842184,3.1558514030612344,9.257288815743884
random_impostor,/mnt/c/Users/ansar/Desktop/VGGFace2_ArcFace_Project/data/aligned/train/n007993/0550_01.jpg,/mnt/c/Users/ansar/Desktop/VGGFace2_ArcFace_Project/data/aligned/train/n001720/0293_01.jpg,0.0460075065493583,122.77753332504278,42.32963966836735,52.474580861472205,130.47440710230603,14.069515306122447,6.88662598358524
random_impostor,/mnt/c/Users/ansar/Desktop/VGGFace2_ArcFace_Project/data/aligned/train/n001064/0028_02.jpg,/mnt/c/Users/ansar/Desktop/VGGFace2_ArcFace_Project/data/aligned/train/n005144/0035_01.jpg,-0.0098603684455156,168.20987442442402,55.09351084183674,54.92472178393043,91.75617891348985,31.108418367346943,38.62864167305578
random_impostor,/mnt/c/Users/ansar/Desktop/VGGFace2_ArcFace_Project/data/aligned/train/n005722/0399_01.jpg,/mnt/c/Users/ansar/Desktop/VGGFace2_ArcFace_Project/data/aligned/train/n003619/0075_01.jpg,-0.0011833972530439,1032.90948578796,78.42358896683673,67.19122336432962,442.08670390302666,0.5923947704081627,20.968376652923247
random_impostor,/mnt/c/Users/ansar/Desktop/VGGFace2_ArcFace_Project/data/aligned/train/n002444/0288_01.jpg,/mnt/c/Users/ansar/Desktop/VGGFace2_ArcFace_Project/data/aligned/train/n005470/0159_01.jpg,0.0410901308059692,642.9956074738095,79.8140943877551,68.42752047071738,1042.1747762734867,69.31218112244898,43.67683768212848
random_impostor,/mnt/c/Users/ansar/Desktop/VGGFace2_ArcFace_Project/data/aligned/train/n005115/0485_01.jpg,/mnt/c/Users/ansar/Desktop/VGGFace2_ArcFace_Project/data/aligned/train/n006852/0165_01.jpg,0.0533441118896007,1041.1915125435762,78.87488042091837,72.59147412255501,782.5703443076798,31.942841198979593,3.314964185639667
random_impostor,/mnt/c/Users/ansar/Desktop/VGGFace2_ArcFace_Project/data/aligned/train/n009257/0154_01.jpg,/mnt/c/Users/ansar/Desktop/VGGFace2_ArcFace_Project/data/aligned/train/n002634/0276_01.jpg,-0.061710137873888,2065.2708287332416,86.38592155612244,77.75531916754682,3964.949413911246,39.952487244897966,29.34817921120397
random_impostor,/mnt/c/Users/ansar/Desktop/VGGFace2_ArcFace_Project/data/aligned/train/n004176/0043_01.jpg,/mnt/c/Users/ansar/Desktop/VGGFace2_ArcFace_Project/data/aligned/train/n004515/0383_01.jpg,0.1350377202033996,545.9449556121127,105.27136479591837,84.56316492297574,622.1816629443949,5.920758928571431,12.132111060790876
random_impostor,/mnt/c/Users/ansar/Desktop/VGGFace2_ArcFace_Project/data/aligned/train/n008911/0275_01.jpg,/mnt/c/Users/ansar/Desktop/VGGFace2_ArcFace_Project/data/aligned/train/n002836/0335_02.jpg,0.0821410417556762,951.045555178298,75.24637276785714,60.42976965519904,1733.2576145806047,1.6231664540816269,2.618930909033253
random_impostor,/mnt/c/Users/ansar/Desktop/VGGFace2_ArcFace_Project/data/aligned/train/n001493/0060_01.jpg,/mnt/c/Users/ansar/Desktop/VGGFace2_ArcFace_Project/data/aligned/train/n002276/0025_02.jpg,0.1305621266365051,1556.2092905866757,112.99107142857142,81.02329223356298,1322.2276255946417,3.629145408163268,1.524888193332842
random_impostor,/mnt/c/Users/ansar/Desktop/VGGFace2_ArcFace_Project/data/aligned/train/n008275/0014_02.jpg,/mnt/c/Users/ansar/Desktop/VGGFace2_ArcFace_Project/data/aligned/train/n001792/0085_01.jpg,-0.0626750886440277,622.9717103925558,72.00474330357143,68.6089737368306,1026.6184796925534,31.05556441326531,24.765827075965632
random_impostor,/mnt/c/Users/ansar/Desktop/VGGFace2_ArcFace_Project/data/aligned/train/n001572/0116_01.jpg,/mnt/c/Users/ansar/Desktop/VGGFace2_ArcFace_Project/data/aligned/train/n008262/0259_01.jpg,0.2096507847309112,98.69355607737803,67.27319834183673,69.32286269590537,121.51065524227167,7.1608737244897895,18.291436963605868
random_impostor,/mnt/c/Users/ansar/Desktop/VGGFace2_ArcFace_Project/data/aligned/train/n003120/0008_01.jpg,/mnt/c/Users/ansar/Desktop/VGGFace2_ArcFace_Project/data/aligned/train/n001716/0420_01.jpg,0.0745057836174964,780.0096185597614,61.83111447704081,59.079733662417524,650.0169213043557,25.01299426020409,15.7278229974184
random_impostor,/mnt/c/Users/ansar/Desktop/VGGFace2_ArcFace_Project/data/aligned/train/n006643/0137_02.jpg,/mnt/c/Users/ansar/Desktop/VGGFace2_ArcFace_Project/data/aligned/train/n004234/0156_04.jpg,0.2738894820213318,825.9670780981048,77.08023756377551,67.58213723101426,891.9382599270974,39.53946109693877,16.48310539952233
random_impostor,/mnt/c/Users/ansar/Desktop/VGGFace2_ArcFace_Project/data/aligned/train/n008991/0212_01.jpg,/mnt/c/Users/ansar/Desktop/VGGFace2_ArcFace_Project/data/aligned/train/n006509/0168_01.jpg,0.1131267473101615,212.34984325518562,92.08713329081633,79.3464537383332,9.752128356399737,16.193239795918373,9.505743458195028
random_impostor,/mnt/c/Users/ansar/Desktop/VGGFace2_ArcFace_Project/data/aligned/train/n006704/0072_01.jpg,/mnt/c/Users/ansar/Desktop/VGGFace2_ArcFace_Project/data/aligned/train/n008633/0117_01.jpg,0.124184064567089,719.8089890136465,79.46843112244898,69.00273107528375,1221.9628286429217,42.618781887755105,18.238000763806617
random_impostor,/mnt/c/Users/ansar/Desktop/VGGFace2_ArcFace_Project/data/aligned/train/n006277/0087_01.jpg,/mnt/c/Users/ansar/Desktop/VGGFace2_ArcFace_Project/data/aligned/train/n000565/0034_01.jpg,0.0549229234457016,936.363048110193,110.07796556122449,83.58460603457682,782.7884367943207,37.23198341836735,1.9135832266063346
random_impostor,/mnt/c/Users/ansar/Desktop/VGGFace2_ArcFace_Project/data/aligned/train/n005341/0246_01.jpg,/mnt/c/Users/ansar/Desktop/VGGFace2_ArcFace_Project/data/aligned/train/n007268/0165_01.jpg,-0.0535385385155677,279.0162256885101,84.4184869260204,71.51367373583516,197.98799583247578,15.196348852040813,7.362949939478256
random_impostor,/mnt/c/Users/ansar/Desktop/VGGFace2_ArcFace_Project/data/aligned/train/n004028/0080_01.jpg,/mnt/c/Users/ansar/Desktop/VGGFace2_ArcFace_Project/data/aligned/train/n007455/0051_01.jpg,-0.0735758990049362,366.32589991774876,62.25916772959184,60.39615771217032,368.97939233489956,25.535873724489797,19.623512892757027
random_impostor,/mnt/c/Users/ansar/Desktop/VGGFace2_ArcFace_Project/data/aligned/train/n000179/0207_01.jpg,/mnt/c/Users/ansar/Desktop/VGGFace2_ArcFace_Project/data/aligned/train/n000084/0132_01.jpg,0.0894060730934143,1108.3089284328858,87.41155133928571,73.90506586753588,532.2936715821531,57.12970344387755,26.663428677221106
random_impostor,/mnt/c/Users/ansar/Desktop/VGGFace2_ArcFace_Project/data/aligned/train/n009244/0030_02.jpg,/mnt/c/Users/ansar/Desktop/VGGFace2_ArcFace_Project/data/aligned/train/n004025/0288_01.jpg,0.0395853668451309,145.97392423567004,44.06058673469388,47.02490318055855,28.038091631741963,20.7235331632653,22.79040369086143
random_impostor,/mnt/c/Users/ansar/Desktop/VGGFace2_ArcFace_Project/data/aligned/train/n000590/0351_01.jpg,/mnt/c/Users/ansar/Desktop/VGGFace2_ArcFace_Project/data/aligned/train/n008472/0098_01.jpg,0.0348126478493213,800.100430807537,83.72688137755102,80.92867876036026,738.9621936141923,5.2936862244897895,10.282348327715226
random_impostor,/mnt/c/Users/ansar/Desktop/VGGFace2_ArcFace_Project/data/aligned/train/n002318/0294_01.jpg,/mnt/c/Users/ansar/Desktop/VGGFace2_ArcFace_Project/data/aligned/train/n009229/0242_01.jpg,0.1352239251136779,1147.8603972562498,67.91761001275509,62.57497380476278,3.5479604902984647,8.356425382653057,6.641093249134322
random_impostor,/mnt/c/Users/ansar/Desktop/VGGFace2_ArcFace_Project/data/aligned/train/n002020/0364_01.jpg,/mnt/c/Users/ansar/Desktop/VGGFace2_ArcFace_Project/data/aligned/train/n007834/0403_02.jpg,0.0816458612680435,525.8055992333009,74.54177295918367,71.74400164863869,572.8355344290139,7.738042091836746,24.236688156436536
random_impostor,/mnt/c/Users/ansar/Desktop/VGGFace2_ArcFace_Project/data/aligned/train/n003924/0195_01.jpg,/mnt/c/Users/ansar/Desktop/VGGFace2_ArcFace_Project/data/aligned/train/n003562/0187_03.jpg,0.1335999965667724,1508.0216463908014,88.2847975127551,70.8937764570982,2745.3103651486053,51.25103635204082,20.472191086975535
random_impostor,/mnt/c/Users/ansar/Desktop/VGGFace2_ArcFace_Project/data/aligned/train/n005479/0354_01.jpg,/mnt/c/Users/ansar/Desktop/VGGFace2_ArcFace_Project/data/aligned/train/n008664/0087_01.jpg,0.0642110556364059,1230.7750017355997,94.13022161989795,73.7005627191445,1138.2706767014297,15.971699617346943,11.73051804031688
random_impostor,/mnt/c/Users/ansar/Desktop/VGGFace2_ArcFace_Project/data/aligned/train/n002823/0082_01.jpg,/mnt/c/Users/ansar/Desktop/VGGFace2_ArcFace_Project/data/aligned/train/n007013/0135_01.jpg,0.0535758882761001,809.48083065848,73.201171875,64.78818773908155,602.7675468575106,5.423389668367349,6.510560931106426
random_impostor,/mnt/c/Users/ansar/Desktop/VGGFace2_ArcFace_Project/data/aligned/train/n000815/0954_01.jpg,/mnt/c/Users/ansar/Desktop/VGGFace2_ArcFace_Project/data/aligned/train/n004645/0056_01.jpg,0.1547954082489013,711.22304996616,61.77339764030612,60.3551455404143,1136.8020421178676,45.98923788265306,25.64116828409812
random_impostor,/mnt/c/Users/ansar/Desktop/VGGFace2_ArcFace_Project/data/aligned/train/n001965/0282_01.jpg,/mnt/c/Users/ansar/Desktop/VGGFace2_ArcFace_Project/data/aligned/train/n005506/0047_01.jpg,0.2155391424894333,597.8451329318249,91.47006536989795,74.7017767481963,858.6436455920059,0.14469068877549773,5.196439299772251
random_impostor,/mnt/c/Users/ansar/Desktop/VGGFace2_ArcFace_Project/data/aligned/train/n005321/0370_02.jpg,/mnt/c/Users/ansar/Desktop/VGGFace2_ArcFace_Project/data/aligned/train/n008103/0375_01.jpg,0.1320613622665405,725.4616956158709,71.27419483418367,61.396830796403755,555.2469191608802,27.396444515306122,7.574450049815127
random_impostor,/mnt/c/Users/ansar/Desktop/VGGFace2_ArcFace_Project/data/aligned/train/n000888/0136_01.jpg,/mnt/c/Users/ansar/Desktop/VGGFace2_ArcFace_Project/data/aligned/train/n007244/0170_02.jpg,0.1110658943653106,475.2975455732556,86.8524394132653,71.60600445138076,646.720223385113,14.005102040816325,13.233527142843101
random_impostor,/mnt/c/Users/ansar/Desktop/VGGFace2_ArcFace_Project/data/aligned/train/n004377/0085_01.jpg,/mnt/c/Users/ansar/Desktop/VGGFace2_ArcFace_Project/data/aligned/train/n001461/0461_01.jpg,-0.0643042400479316,1705.7372679386672,71.21061862244898,69.60394923103196,1979.2240763850532,48.72082270408163,18.055629386639367
random_impostor,/mnt/c/Users/ansar/Desktop/VGGFace2_ArcFace_Project/data/aligned/train/n007447/0113_01.jpg,/mnt/c/Users/ansar/Desktop/VGGFace2_ArcFace_Project/data/aligned/train/n006456/0060_01.jpg,0.0458888374269008,760.1337473439158,71.85216039540816,64.97178464363515,578.1916416903825,18.937579719387763,7.6955785961045535
random_impostor,/mnt/c/Users/ansar/Desktop/VGGFace2_ArcFace_Project/data/aligned/train/n002004/0004_01.jpg,/mnt/c/Users/ansar/Desktop/VGGFace2_ArcFace_Project/data/aligned/train/n007482/0237_01.jpg,-0.0937619060277938,772.227571899719,59.97540656887755,55.383075840526985,81.78179715564465,4.19921875,3.226973352238666
random_impostor,/mnt/c/Users/ansar/Desktop/VGGFace2_ArcFace_Project/data/aligned/train/n008520/0460_02.jpg,/mnt/c/Users/ansar/Desktop/VGGFace2_ArcFace_Project/data/aligned/train/n002970/0208_01.jpg,0.0262446366250515,748.8439754023744,68.17681760204081,66.12979368003207,839.5141882779251,3.7669005102040813,7.087929157977705
random_impostor,/mnt/c/Users/ansar/Desktop/VGGFace2_ArcFace_Project/data/aligned/train/n001262/0100_07.jpg,/mnt/c/Users/ansar/Desktop/VGGFace2_ArcFace_Project/data/aligned/train/n005523/0282_01.jpg,0.1330151706933975,358.76458120922007,79.46914859693877,75.23387838197542,394.01430045957613,5.5226403061224545,1.8901382123880097
random_impostor,/mnt/c/Users/ansar/Desktop/VGGFace2_ArcFace_Project/data/aligned/train/n001111/0352_03.jpg,/mnt/c/Users/ansar/Desktop/VGGFace2_ArcFace_Project/data/aligned/train/n009047/0265_02.jpg,0.0093326466158032,592.4264156368563,64.0486288265306,46.26396064470881,150.5932491354921,32.56377551020408,13.900949273220107
random_impostor,/mnt/c/Users/ansar/Desktop/VGGFace2_ArcFace_Project/data/aligned/train/n005658/0084_01.jpg,/mnt/c/Users/ansar/Desktop/VGGFace2_ArcFace_Project/data/aligned/train/n003376/0139_02.jpg,0.1206178963184356,335.25683826985136,67.39492984693877,65.12480252088399,220.49089988953168,15.373405612244895,4.1556111990185585
random_impostor,/mnt/c/Users/ansar/Desktop/VGGFace2_ArcFace_Project/data/aligned/train/n002297/0484_01.jpg,/mnt/c/Users/ansar/Desktop/VGGFace2_ArcFace_Project/data/aligned/train/n000134/0559_03.jpg,-0.0974592491984367,784.6559282721504,73.90744579081633,71.2553057522092,658.0807874585032,1.689094387755091,1.506249764584794
random_impostor,/mnt/c/Users/ansar/Desktop/VGGFace2_ArcFace_Project/data/aligned/train/n002993/0059_01.jpg,/mnt/c/Users/ansar/Desktop/VGGFace2_ArcFace_Project/data/aligned/train/n007505/0046_01.jpg,0.0673165246844291,406.7852480061001,64.75510204081633,69.86275617022838,243.01225088199743,33.09119897959184,15.984351777863324
random_impostor,/mnt/c/Users/ansar/Desktop/VGGFace2_ArcFace_Project/data/aligned/train/n005005/0270_01.jpg,/mnt/c/Users/ansar/Desktop/VGGFace2_ArcFace_Project/data/aligned/train/n000376/0212_01.jpg,0.0929936617612838,1089.840289038452,103.93112244897958,85.32837476182996,434.83424798789883,28.26450892857143,14.958135117373615
random_impostor,/mnt/c/Users/ansar/Desktop/VGGFace2_ArcFace_Project/data/aligned/train/n006052/0303_01.jpg,/mnt/c/Users/ansar/Desktop/VGGFace2_ArcFace_Project/data/aligned/train/n005158/0246_01.jpg,0.0499095097184181,669.6985473601036,76.60204081632654,77.6691175302933,665.0017068935206,18.266422193877546,18.67184756608495
random_impostor,/mnt/c/Users/ansar/Desktop/VGGFace2_ArcFace_Project/data/aligned/train/n002498/0153_01.jpg,/mnt/c/Users/ansar/Desktop/VGGFace2_ArcFace_Project/data/aligned/train/n004583/0207_01.jpg,0.0687909945845604,301.78248203759,70.25852997448979,69.84703699136324,477.0227941459838,41.13807397959183,30.50967361847887
random_impostor,/mnt/c/Users/ansar/Desktop/VGGFace2_ArcFace_Project/data/aligned/train/n008469/0022_01.jpg,/mnt/c/Users/ansar/Desktop/VGGFace2_ArcFace_Project/data/aligned/train/n006864/0105_01.jpg,0.0497285388410091,641.9729644095386,67.68191964285714,59.78872738628719,489.16645838409,44.9094387755102,8.026774084319236
random_impostor,/mnt/c/Users/ansar/Desktop/VGGFace2_ArcFace_Project/data/aligned/train/n005250/0289_01.jpg,/mnt/c/Users/ansar/Desktop/VGGFace2_ArcFace_Project/data/aligned/train/n008131/0084_01.jpg,0.1055381074547767,732.5634614053938,67.86842315051021,67.56913946291613,826.1305927624558,57.66733099489796,36.87233983720829
random_impostor,/mnt/c/Users/ansar/Desktop/VGGFace2_ArcFace_Project/data/aligned/train/n001435/0350_01.jpg,/mnt/c/Users/ansar/Desktop/VGGFace2_ArcFace_Project/data/aligned/train/n004139/0120_01.jpg,0.0204469133168458,198.58234191347984,70.49282525510205,63.76495146819224,142.74203522351326,10.24250637755101,2.8626812302738003
random_impostor,/mnt/c/Users/ansar/Desktop/VGGFace2_ArcFace_Project/data/aligned/train/n006156/0035_01.jpg,/mnt/c/Users/ansar/Desktop/VGGFace2_ArcFace_Project/data/aligned/train/n003778/0306_01.jpg,-0.0133258951827883,457.3799206131153,91.16059470663265,73.09526613044201,758.8999139355998,57.46149553571428,25.620401902655736
random_impostor,/mnt/c/Users/ansar/Desktop/VGGFace2_ArcFace_Project/data/aligned/train/n007281/0351_01.jpg,/mnt/c/Users/ansar/Desktop/VGGFace2_ArcFace_Project/data/aligned/train/n003313/0005_01.jpg,-0.0149423312395811,954.7486495939902,74.21755420918367,81.57545801474431,809.4102324104864,19.612723214285722,12.461978303508658
random_impostor,/mnt/c/Users/ansar/Desktop/VGGFace2_ArcFace_Project/data/aligned/train/n006146/0101_01.jpg,/mnt/c/Users/ansar/Desktop/VGGFace2_ArcFace_Project/data/aligned/train/n007090/0027_01.jpg,0.3461939990520477,1551.8036685325562,98.81158322704081,91.73037906482413,129.4450855374289,11.107382015306115,0.8666927724806044
random_impostor,/mnt/c/Users/ansar/Desktop/VGGFace2_ArcFace_Project/data/aligned/train/n002173/0213_01.jpg,/mnt/c/Users/ansar/Desktop/VGGFace2_ArcFace_Project/data/aligned/train/n000558/0127_01.jpg,0.1225527077913284,674.7984247712084,89.26000478316327,78.63282180493292,667.6614339527414,6.4147799744897895,14.414479366403711
random_impostor,/mnt/c/Users/ansar/Desktop/VGGFace2_ArcFace_Project/data/aligned/train/n005096/0064_01.jpg,/mnt/c/Users/ansar/Desktop/VGGFace2_ArcFace_Project/data/aligned/train/n001770/0039_01.jpg,0.018370147794485,682.2453121008946,77.87583705357142,74.0541339243954,525.4364236103203,11.447783801020407,18.12924629708428
random_impostor,/mnt/c/Users/ansar/Desktop/VGGFace2_ArcFace_Project/data/aligned/train/n001253/0329_01.jpg,/mnt/c/Users/ansar/Desktop/VGGFace2_ArcFace_Project/data/aligned/train/n006306/0249_01.jpg,0.4745023548603058,892.1701650464599,49.77694515306122,66.65536688221056,1651.3416399719417,7.143654336734691,3.617988011864938
random_impostor,/mnt/c/Users/ansar/Desktop/VGGFace2_ArcFace_Project/data/aligned/train/n005483/0339_03.jpg,/mnt/c/Users/ansar/Desktop/VGGFace2_ArcFace_Project/data/aligned/train/n007666/0092_01.jpg,0.1300038546323776,1233.14085200388,77.13488520408163,78.73123218709,1981.243461681971,51.75302933673469,23.89297238443038
random_impostor,/mnt/c/Users/ansar/Desktop/VGGFace2_ArcFace_Project/data/aligned/train/n001400/0142_03.jpg,/mnt/c/Users/ansar/Desktop/VGGFace2_ArcFace_Project/data/aligned/train/n001512/0044_01.jpg,0.0080832988023757,615.7699330594826,95.84319196428572,82.15763385251276,848.2669713132732,35.74186862244899,21.641693295767624
random_impostor,/mnt/c/Users/ansar/Desktop/VGGFace2_ArcFace_Project/data/aligned/train/n008901/0281_01.jpg,/mnt/c/Users/ansar/Desktop/VGGFace2_ArcFace_Project/data/aligned/train/n007325/0481_01.jpg,0.1512755006551742,1448.4727973699669,110.4930644132653,83.72578857800983,2464.306945286012,0.36176658163265074,7.401408145304217
random_impostor,/mnt/c/Users/ansar/Desktop/VGGFace2_ArcFace_Project/data/aligned/train/n001393/0290_01.jpg,/mnt/c/Users/ansar/Desktop/VGGFace2_ArcFace_Project/data/aligned/train/n009245/0306_03.jpg,0.1224735751748085,414.7374801286207,96.76626275510205,78.43527414538029,408.1296085991595,4.880739795918359,4.522905941217516
random_impostor,/mnt/c/Users/ansar/Desktop/VGGFace2_ArcFace_Project/data/aligned/train/n006821/0158_01.jpg,/mnt/c/Users/ansar/Desktop/VGGFace2_ArcFace_Project/data/aligned/train/n007353/0518_01.jpg,-0.0030191694386303,317.15601342839534,79.36136798469389,59.920716649244696,42.78973106501854,29.87452168367348,11.429706078358635
random_impostor,/mnt/c/Users/ansar/Desktop/VGGFace2_ArcFace_Project/data/aligned/train/n001225/0423_01.jpg,/mnt/c/Users/ansar/Desktop/VGGFace2_ArcFace_Project/data/aligned/train/n000467/0074_12.jpg,0.2720503211021423,1279.992007972498,105.25318877551021,89.45113824022977,1250.7580364057294,6.349011479591837,16.94715256664209
random_impostor,/mnt/c/Users/ansar/Desktop/VGGFace2_ArcFace_Project/data/aligned/train/n000282/0394_01.jpg,/mnt/c/Users/ansar/Desktop/VGGFace2_ArcFace_Project/data/aligned/train/n000071/0037_01.jpg,0.1070527732372284,995.4681487427013,89.05261479591837,77.57287954742483,1435.344423750846,18.56297831632652,6.651169621753695
random_impostor,/mnt/c/Users/ansar/Desktop/VGGFace2_ArcFace_Project/data/aligned/train/n004735/0350_03.jpg,/mnt/c/Users/ansar/Desktop/VGGFace2_ArcFace_Project/data/aligned/train/n004443/0045_02.jpg,0.1188705116510391,969.2267881820023,76.96548150510205,66.80194175231436,1672.4185244406526,86.17299107142857,47.12368880388349
random_impostor,/mnt/c/Users/ansar/Desktop/VGGFace2_ArcFace_Project/data/aligned/train/n002932/0271_01.jpg,/mnt/c/Users/ansar/Desktop/VGGFace2_ArcFace_Project/data/aligned/train/n005447/0492_01.jpg,0.1844923049211502,257.4913525277503,65.1051100127551,68.04335619796079,173.30710176327287,36.716278698979586,43.83598842593663
random_impostor,/mnt/c/Users/ansar/Desktop/VGGFace2_ArcFace_Project/data/aligned/train/n001712/0448_01.jpg,/mnt/c/Users/ansar/Desktop/VGGFace2_ArcFace_Project/data/aligned/train/n009002/0044_01.jpg,0.1225239336490631,496.71518366319935,69.3022161989796,58.56861149382577,318.4065434314072,69.98788265306123,38.65445868597525
random_impostor,/mnt/c/Users/ansar/Desktop/VGGFace2_ArcFace_Project/data/aligned/train/n007899/0189_02.jpg,/mnt/c/Users/ansar/Desktop/VGGFace2_ArcFace_Project/data/aligned/train/n007248/0252_01.jpg,0.0751522704958915,521.7017097711464,62.685467155612244,69.62027522047275,713.5340078434116,23.097975127551024,18.078200011237357
random_impostor,/mnt/c/Users/ansar/Desktop/VGGFace2_ArcFace_Project/data/aligned/train/n001193/0094_02.jpg,/mnt/c/Users/ansar/Desktop/VGGFace2_ArcFace_Project/data/aligned/train/n005333/0328_01.jpg,0.1281370222568512,1567.1256401923138,82.74453922193877,82.8310302012081,2735.4698319123318,12.398995535714292,16.12262658068903
random_impostor,/mnt/c/Users/ansar/Desktop/VGGFace2_ArcFace_Project/data/aligned/train/n000895/0304_01.jpg,/mnt/c/Users/ansar/Desktop/VGGFace2_ArcFace_Project/data/aligned/train/n006174/0260_01.jpg,0.1261216402053833,632.6548372528446,74.01415019132654,78.73190560868817,76.85060761502177,2.488121811224488,12.589493614191326
random_impostor,/mnt/c/Users/ansar/Desktop/VGGFace2_ArcFace_Project/data/aligned/train/n007751/0097_01.jpg,/mnt/c/Users/ansar/Desktop/VGGFace2_ArcFace_Project/data/aligned/train/n000831/0072_01.jpg,0.1401822119951248,249.72025467166796,71.55648118622449,62.177475547115165,33.86895703653755,6.920200892857139,7.035805003574872
random_impostor,/mnt/c/Users/ansar/Desktop/VGGFace2_ArcFace_Project/data/aligned/train/n006926/0553_01.jpg,/mnt/c/Users/ansar/Desktop/VGGFace2_ArcFace_Project/data/aligned/train/n000297/0171_01.jpg,0.0831286311149597,796.78436661561,108.18335459183673,92.57195826453952,1108.4252653936205,0.9679528061224403,21.003696254709027
random_impostor,/mnt/c/Users/ansar/Desktop/VGGFace2_ArcFace_Project/data/aligned/train/n003052/0002_01.jpg,/mnt/c/Users/ansar/Desktop/VGGFace2_ArcFace_Project/data/aligned/train/n003380/0152_01.jpg,0.125653401017189,451.4434179792996,67.28260522959184,63.380960672144056,491.840042927721,25.650988520408163,16.35566648745509
random_impostor,/mnt/c/Users/ansar/Desktop/VGGFace2_ArcFace_Project/data/aligned/train/n002569/0384_01.jpg,/mnt/c/Users/ansar/Desktop/VGGFace2_ArcFace_Project/data/aligned/train/n001667/0091_01.jpg,-0.0209228470921516,705.1586398117147,73.97620376275509,69.56072150841193,187.0942118119218,45.06194196428571,16.028132354717833
random_impostor,/mnt/c/Users/ansar/Desktop/VGGFace2_ArcFace_Project/data/aligned/train/n004367/0136_01.jpg,/mnt/c/Users/ansar/Desktop/VGGFace2_ArcFace_Project/data/aligned/train/n007614/0019_01.jpg,0.1406354755163192,932.2065579669767,63.38149713010204,65.20380305461742,271.3369743604551,38.857063137755105,14.491404616979182
random_impostor,/mnt/c/Users/ansar/Desktop/VGGFace2_ArcFace_Project/data/aligned/train/n002096/0443_02.jpg,/mnt/c/Users/ansar/Desktop/VGGFace2_ArcFace_Project/data/aligned/train/n008760/0382_01.jpg,-0.0025524438824504,1134.48558761298,97.68714126275509,76.57309305256402,33.96597598900826,20.083466198979593,2.5904735973610826
random_impostor,/mnt/c/Users/ansar/Desktop/VGGFace2_ArcFace_Project/data/aligned/train/n003266/0262_01.jpg,/mnt/c/Users/ansar/Desktop/VGGFace2_ArcFace_Project/data/aligned/train/n002334/0175_01.jpg,0.0913875550031662,269.75142873996793,72.82856345663265,62.485303354694615,186.05325438131248,20.31863839285714,0.8742811811191018
random_impostor,/mnt/c/Users/ansar/Desktop/VGGFace2_ArcFace_Project/data/aligned/train/n004072/0643_02.jpg,/mnt/c/Users/ansar/Desktop/VGGFace2_ArcFace_Project/data/aligned/train/n003968/0277_01.jpg,0.0734144523739814,480.25891580387037,111.1333306760204,96.72200598110507,483.81447305484687,37.83904655612244,6.289145450939273
random_impostor,/mnt/c/Users/ansar/Desktop/VGGFace2_ArcFace_Project/data/aligned/train/n004625/0019_01.jpg,/mnt/c/Users/ansar/Desktop/VGGFace2_ArcFace_Project/data/aligned/train/n005232/0205_02.jpg,0.1315484195947647,752.330710077822,83.96177455357143,79.30324619995457,1217.9862292892285,19.435507015306115,6.319837882849711
random_impostor,/mnt/c/Users/ansar/Desktop/VGGFace2_ArcFace_Project/data/aligned/train/n002247/0188_03.jpg,/mnt/c/Users/ansar/Desktop/VGGFace2_ArcFace_Project/data/aligned/train/n001487/0013_01.jpg,-0.0181328579783439,1278.3012723656605,99.49509725765306,85.53160255618958,2197.956581023572,34.47791772959184,1.2363605134277975
random_impostor,/mnt/c/Users/ansar/Desktop/VGGFace2_ArcFace_Project/data/aligned/train/n004126/0213_02.jpg,/mnt/c/Users/ansar/Desktop/VGGFace2_ArcFace_Project/data/aligned/train/n003923/0482_01.jpg,0.1141526624560356,864.3248149867061,75.8213887117347,71.0408729084013,329.9189177055947,36.64931441326531,20.280482322122808
random_impostor,/mnt/c/Users/ansar/Desktop/VGGFace2_ArcFace_Project/data/aligned/train/n001383/0448_01.jpg,/mnt/c/Users/ansar/Desktop/VGGFace2_ArcFace_Project/data/aligned/train/n006326/0144_01.jpg,0.2023393511772155,1077.3670312833012,66.8110650510204,59.52856330608398,1285.379277036668,5.450255102040813,0.18276724006774003
random_impostor,/mnt/c/Users/ansar/Desktop/VGGFace2_ArcFace_Project/data/aligned/train/n003409/0226_01.jpg,/mnt/c/Users/ansar/Desktop/VGGFace2_ArcFace_Project/data/aligned/train/n000367/0013_01.jpg,0.161294400691986,570.8677570004604,98.71655771683675,77.72688983550654,66.96537636499124,3.413823341836732,3.3965667785918754
random_impostor,/mnt/c/Users/ansar/Desktop/VGGFace2_ArcFace_Project/data/aligned/train/n002549/0149_01.jpg,/mnt/c/Users/ansar/Desktop/VGGFace2_ArcFace_Project/data/aligned/train/n000561/0232_01.jpg,0.1634699404239654,798.5029695567266,64.83422353316327,62.1032297198158,299.5382397519405,16.08936543367347,11.010992341317198
random_impostor,/mnt/c/Users/ansar/Desktop/VGGFace2_ArcFace_Project/data/aligned/train/n006160/0315_01.jpg,/mnt/c/Users/ansar/Desktop/VGGFace2_ArcFace_Project/data/aligned/train/n003760/0120_02.jpg,0.1597502529621124,429.4606794510619,82.6866230867347,67.64868540317906,112.2587670545089,37.597735969387756,22.396000687392373
random_impostor,/mnt/c/Users/ansar/Desktop/VGGFace2_ArcFace_Project/data/aligned/train/n006972/0147_06.jpg,/mnt/c/Users/ansar/Desktop/VGGFace2_ArcFace_Project/data/aligned/train/n006372/0337_01.jpg,0.0418431051075458,96.97951486278504,77.72628348214286,69.37789458060149,51.123684630102034,6.543606505102034,2.821310824845966
random_impostor,/mnt/c/Users/ansar/Desktop/VGGFace2_ArcFace_Project/data/aligned/train/n002711/0423_01.jpg,/mnt/c/Users/ansar/Desktop/VGGFace2_ArcFace_Project/data/aligned/train/n006263/0152_01.jpg,-0.0358516871929168,1553.1782286904943,72.89576690051021,65.64030118206962,1174.3311493733386,7.721540178571431,9.810111127794357
random_impostor,/mnt/c/Users/ansar/Desktop/VGGFace2_ArcFace_Project/data/aligned/train/n007821/0072_01.jpg,/mnt/c/Users/ansar/Desktop/VGGFace2_ArcFace_Project/data/aligned/train/n004487/0166_01.jpg,0.0597316585481166,399.85680452956103,74.99996014030613,67.50751150207361,336.9304978554569,40.94650829081633,39.78379083301117
random_impostor,/mnt/c/Users/ansar/Desktop/VGGFace2_ArcFace_Project/data/aligned/train/n005401/0466_01.jpg,/mnt/c/Users/ansar/Desktop/VGGFace2_ArcFace_Project/data/aligned/train/n006949/0091_01.jpg,0.0536889173090457,1109.4542747125781,82.20495854591837,67.9502520340767,382.2175202661633,1.7767857142857082,1.4805273931551284
random_impostor,/mnt/c/Users/ansar/Desktop/VGGFace2_ArcFace_Project/data/aligned/train/n005684/0312_02.jpg,/mnt/c/Users/ansar/Desktop/VGGFace2_ArcFace_Project/data/aligned/train/n001903/0453_01.jpg,0.1049871817231178,823.2521843010562,104.36945950255102,71.5817625344513,378.1765187560195,0.5396205357142918,13.943401318145732
random_impostor,/mnt/c/Users/ansar/Desktop/VGGFace2_ArcFace_Project/data/aligned/train/n001388/0381_01.jpg,/mnt/c/Users/ansar/Desktop/VGGFace2_ArcFace_Project/data/aligned/train/n002977/0197_01.jpg,0.161800667643547,793.3690741942952,90.00649713010205,86.6079474512841,1008.7296788264491,46.788982780612244,13.033801224206186
random_impostor,/mnt/c/Users/ansar/Desktop/VGGFace2_ArcFace_Project/data/aligned/train/n007138/0214_03.jpg,/mnt/c/Users/ansar/Desktop/VGGFace2_ArcFace_Project/data/aligned/train/n005530/0189_02.jpg,-0.0663378909230232,676.2830535367548,79.701171875,74.7164824396985,464.00651683116246,5.6944355867346985,7.4644536620961475
random_impostor,/mnt/c/Users/ansar/Desktop/VGGFace2_ArcFace_Project/data/aligned/train/n007222/0152_03.jpg,/mnt/c/Users/ansar/Desktop/VGGFace2_ArcFace_Project/data/aligned/train/n006578/0368_01.jpg,0.1362454444169998,226.0827489151452,92.71663743622449,88.48680030203286,208.36466695903889,21.226482780612244,28.055338183236657
random_impostor,/mnt/c/Users/ansar/Desktop/VGGFace2_ArcFace_Project/data/aligned/train/n006712/0102_01.jpg,/mnt/c/Users/ansar/Desktop/VGGFace2_ArcFace_Project/data/aligned/train/n002672/0311_01.jpg,0.014488186687231,2482.514692208808,86.67338966836735,77.02625466375798,3503.6907364584317,66.50366709183673,50.442318287962784
random_impostor,/mnt/c/Users/ansar/Desktop/VGGFace2_ArcFace_Project/data/aligned/train/n001844/0175_01.jpg,/mnt/c/Users/ansar/Desktop/VGGFace2_ArcFace_Project/data/aligned/train/n009233/0162_02.jpg,0.0140404729172587,533.2094611533728,87.60845822704081,75.59794264974126,269.4639064625172,28.172911352040813,25.30337526032588
random_impostor,/mnt/c/Users/ansar/Desktop/VGGFace2_ArcFace_Project/data/aligned/train/n006774/0196_01.jpg,/mnt/c/Users/ansar/Desktop/VGGFace2_ArcFace_Project/data/aligned/train/n001346/0062_01.jpg,0.0823441743850708,1496.7986870495192,125.5855787627551,96.59376913769415,2089.4522909651396,22.527503188775512,15.621324892562555
random_impostor,/mnt/c/Users/ansar/Desktop/VGGFace2_ArcFace_Project/data/aligned/train/n005069/0156_01.jpg,/mnt/c/Users/ansar/Desktop/VGGFace2_ArcFace_Project/data/aligned/train/n007860/0099_01.jpg,0.0280106347054243,1434.785652055784,70.64325573979592,70.49961058144675,115.85670033319411,1.03125,17.60470925649689
random_impostor,/mnt/c/Users/ansar/Desktop/VGGFace2_ArcFace_Project/data/aligned/train/n005958/0163_01.jpg,/mnt/c/Users/ansar/Desktop/VGGFace2_ArcFace_Project/data/aligned/train/n004277/0182_01.jpg,0.1519005745649337,642.9397619740757,76.85407366071428,66.21011553209657,813.1969667535582,33.08490114795918,26.265074016696452
random_impostor,/mnt/c/Users/ansar/Desktop/VGGFace2_ArcFace_Project/data/aligned/train/n004562/0228_02.jpg,/mnt/c/Users/ansar/Desktop/VGGFace2_ArcFace_Project/data/aligned/train/n003427/0151_01.jpg,0.6900041103363037,778.4614605504441,72.80632174744898,80.98079075097633,963.7268869701102,49.89485012755102,28.35509230193189
random_impostor,/mnt/c/Users/ansar/Desktop/VGGFace2_ArcFace_Project/data/aligned/train/n001232/0229_01.jpg,/mnt/c/Users/ansar/Desktop/VGGFace2_ArcFace_Project/data/aligned/train/n004722/0161_01.jpg,0.1905757635831833,626.4274873618332,52.489038584183675,52.467162253965,1084.9499433422923,1.3841677295918373,2.654168144260119
random_impostor,/mnt/c/Users/ansar/Desktop/VGGFace2_ArcFace_Project/data/aligned/train/n000988/0057_01.jpg,/mnt/c/Users/ansar/Desktop/VGGFace2_ArcFace_Project/data/aligned/train/n002543/0172_01.jpg,-0.0105618070811033,712.7534812854162,75.28679049744898,84.37067038766808,520.5296983699012,28.11152742346939,28.822194475070688
random_impostor,/mnt/c/Users/ansar/Desktop/VGGFace2_ArcFace_Project/data/aligned/train/n005970/0022_01.jpg,/mnt/c/Users/ansar/Desktop/VGGFace2_ArcFace_Project/data/aligned/train/n008746/0627_01.jpg,0.0967188850045204,1110.4881435713635,91.34259406887756,81.67380434428986,606.5793333994948,22.073421556122454,11.4102460766602
random_impostor,/mnt/c/Users/ansar/Desktop/VGGFace2_ArcFace_Project/data/aligned/train/n008297/0310_01.jpg,/mnt/c/Users/ansar/Desktop/VGGFace2_ArcFace_Project/data/aligned/train/n007935/0187_01.jpg,0.0331822782754898,432.28718877345113,75.66398278061224,72.37226296898658,724.050732664643,30.889668367346935,4.457035768247536
random_impostor,/mnt/c/Users/ansar/Desktop/VGGFace2_ArcFace_Project/data/aligned/train/n005335/0328_01.jpg,/mnt/c/Users/ansar/Desktop/VGGFace2_ArcFace_Project/data/aligned/train/n001804/0024_01.jpg,0.117165483534336,502.2141692746634,60.501594387755105,61.428832282317,8.355364397931567,26.752232142857146,16.2266064413892
random_impostor,/mnt/c/Users/ansar/Desktop/VGGFace2_ArcFace_Project/data/aligned/train/n008990/0055_01.jpg,/mnt/c/Users/ansar/Desktop/VGGFace2_ArcFace_Project/data/aligned/train/n002572/0210_01.jpg,0.0183205809444189,857.9741278270642,96.01438934948979,88.06665754051178,373.31985558156714,9.476004464285708,5.827897536605761
random_impostor,/mnt/c/Users/ansar/Desktop/VGGFace2_ArcFace_Project/data/aligned/train/n003821/0248_01.jpg,/mnt/c/Users/ansar/Desktop/VGGFace2_ArcFace_Project/data/aligned/train/n006842/0079_01.jpg,0.249475359916687,1139.2963068817912,78.26514668367346,64.94118234827764,533.1485991948646,9.53013392857143,2.3382971820767864
random_impostor,/mnt/c/Users/ansar/Desktop/VGGFace2_ArcFace_Project/data/aligned/train/n000546/0070_02.jpg,/mnt/c/Users/ansar/Desktop/VGGFace2_ArcFace_Project/data/aligned/train/n005410/0383_01.jpg,-0.0886448249220848,530.9507470152766,77.83868781887756,70.42381743384563,81.13237776114812,28.724888392857153,13.765249418260481
random_impostor,/mnt/c/Users/ansar/Desktop/VGGFace2_ArcFace_Project/data/aligned/train/n008453/0083_01.jpg,/mnt/c/Users/ansar/Desktop/VGGFace2_ArcFace_Project/data/aligned/train/n000144/0213_02.jpg,-0.0587134473025798,1490.4528910213091,84.16131218112244,75.4451178599804,2438.570775868942,19.768096301020407,8.514137513604382
random_impostor,/mnt/c/Users/ansar/Desktop/VGGFace2_ArcFace_Project/data/aligned/train/n004293/0202_01.jpg,/mnt/c/Users/ansar/Desktop/VGGFace2_ArcFace_Project/data/aligned/train/n004517/0034_01.jpg,-0.0422973446547985,195.63217817669556,59.39556760204081,55.32449357855617,140.63901515644523,16.291135204081627,20.42612321137279
random_impostor,/mnt/c/Users/ansar/Desktop/VGGFace2_ArcFace_Project/data/aligned/train/n001124/0099_05.jpg,/mnt/c/Users/ansar/Desktop/VGGFace2_ArcFace_Project/data/aligned/train/n005924/0193_01.jpg,0.102358840405941,1173.117159276642,77.92263233418367,77.32478027853114,384.8169544224735,4.560347576530603,13.498497973379585
random_impostor,/mnt/c/Users/ansar/Desktop/VGGFace2_ArcFace_Project/data/aligned/train/n008545/0048_01.jpg,/mnt/c/Users/ansar/Desktop/VGGFace2_ArcFace_Project/data/aligned/train/n005132/0363_01.jpg,0.1281830370426178,724.3686277968642,88.1518255739796,79.78356974196284,958.7449839511348,20.137356505102048,4.334498395819736
random_impostor,/mnt/c/Users/ansar/Desktop/VGGFace2_ArcFace_Project/data/aligned/train/n003034/0098_03.jpg,/mnt/c/Users/ansar/Desktop/VGGFace2_ArcFace_Project/data/aligned/train/n005497/0405_01.jpg,0.1627567857503891,479.64070733772223,52.987802933673464,62.748801876825205,668.1007177185288,0.17123724489795933,8.85668081326672
random_impostor,/mnt/c/Users/ansar/Desktop/VGGFace2_ArcFace_Project/data/aligned/train/n004105/0014_01.jpg,/mnt/c/Users/ansar/Desktop/VGGFace2_ArcFace_Project/data/aligned/train/n005917/0106_01.jpg,-0.0155390491709113,599.9980141521742,52.500079719387756,55.15810022495674,465.83816928696706,18.5360331632653,19.034385573638694
random_impostor,/mnt/c/Users/ansar/Desktop/VGGFace2_ArcFace_Project/data/aligned/train/n002133/0554_01.jpg,/mnt/c/Users/ansar/Desktop/VGGFace2_ArcFace_Project/data/aligned/train/n001581/0140_01.jpg,0.2542327344417572,708.4364197082392,79.97285554846938,78.66061524670484,590.1864847725801,62.77303890306123,46.340760591631074
random_impostor,/mnt/c/Users/ansar/Desktop/VGGFace2_ArcFace_Project/data/aligned/train/n001991/0310_01.jpg,/mnt/c/Users/ansar/Desktop/VGGFace2_ArcFace_Project/data/aligned/train/n005450/0159_02.jpg,-0.0061217616312205,557.4095502898674,76.03643176020408,77.25190224505633,773.0616136810672,26.544961734693878,1.303977855324547
random_impostor,/mnt/c/Users/ansar/Desktop/VGGFace2_ArcFace_Project/data/aligned/train/n002094/0394_01.jpg,/mnt/c/Users/ansar/Desktop/VGGFace2_ArcFace_Project/data/aligned/train/n004226/0335_01.jpg,0.0696034058928489,1015.4738504901521,87.74832589285714,83.15994018773772,1550.328697474685,79.37627551020408,56.010321231066165
random_impostor,/mnt/c/Users/ansar/Desktop/VGGFace2_ArcFace_Project/data/aligned/train/n006780/0430_04.jpg,/mnt/c/Users/ansar/Desktop/VGGFace2_ArcFace_Project/data/aligned/train/n007575/0360_01.jpg,0.1920375525951385,338.28199354026384,91.63524394132654,91.29911040694687,419.996907092392,28.575972576530617,24.332678341112114
random_impostor,/mnt/c/Users/ansar/Desktop/VGGFace2_ArcFace_Project/data/aligned/train/n007946/0430_01.jpg,/mnt/c/Users/ansar/Desktop/VGGFace2_ArcFace_Project/data/aligned/train/n005806/0330_01.jpg,0.0170824527740478,1139.7358165806108,76.01478794642858,71.8191063459145,184.12699241908263,16.72393176020408,19.638501944837152
random_impostor,/mnt/c/Users/ansar/Desktop/VGGFace2_ArcFace_Project/data/aligned/train/n007848/0323_01.jpg,/mnt/c/Users/ansar/Desktop/VGGFace2_ArcFace_Project/data/aligned/train/n003099/0160_01.jpg,0.1184057071805,1472.888434823579,57.21588010204081,55.87531704679001,2714.844463261005,26.345663265306115,26.617521123057045
random_impostor,/mnt/c/Users/ansar/Desktop/VGGFace2_ArcFace_Project/data/aligned/train/n008908/0096_01.jpg,/mnt/c/Users/ansar/Desktop/VGGFace2_ArcFace_Project/data/aligned/train/n007283/0257_01.jpg,0.0477936752140522,563.7918307627305,62.070631377551024,54.85910625245137,716.6253370724336,60.37037627551021,40.5671135690537
random_impostor,/mnt/c/Users/ansar/Desktop/VGGFace2_ArcFace_Project/data/aligned/train/n000701/0038_02.jpg,/mnt/c/Users/ansar/Desktop/VGGFace2_ArcFace_Project/data/aligned/train/n000539/0341_01.jpg,0.0002251307741971,404.9225070195514,52.26283482142857,53.66883140777081,519.7164723349829,30.544323979591837,34.665791615259366
random_impostor,/mnt/c/Users/ansar/Desktop/VGGFace2_ArcFace_Project/data/aligned/train/n008016/0057_01.jpg,/mnt/c/Users/ansar/Desktop/VGGFace2_ArcFace_Project/data/aligned/train/n007113/0024_01.jpg,0.2380664497613906,1839.6060653171753,81.17506377551021,86.25714493900317,2190.8766109620665,6.478635204081641,13.378527850135072
random_impostor,/mnt/c/Users/ansar/Desktop/VGGFace2_ArcFace_Project/data/aligned/train/n005608/0105_01.jpg,/mnt/c/Users/ansar/Desktop/VGGFace2_ArcFace_Project/data/aligned/train/n002460/0016_01.jpg,0.1385738104581833,454.9927091014629,75.41509885204081,63.38473425191303,390.1977015904019,7.355707908163268,0.1642529016449501
random_impostor,/mnt/c/Users/ansar/Desktop/VGGFace2_ArcFace_Project/data/aligned/train/n005040/0130_01.jpg,/mnt/c/Users/ansar/Desktop/VGGFace2_ArcFace_Project/data/aligned/train/n005199/0133_01.jpg,-0.0065927268005907,1560.4969201999522,89.08996332908163,69.57189929374458,2855.178089712223,50.936144770408156,27.29558233638182
random_impostor,/mnt/c/Users/ansar/Desktop/VGGFace2_ArcFace_Project/data/aligned/train/n003294/0475_01.jpg,/mnt/c/Users/ansar/Desktop/VGGFace2_ArcFace_Project/data/aligned/train/n004022/0189_03.jpg,0.1010703518986702,269.76370948495986,77.11077008928572,68.78557647328319,271.835475020784,29.26905293367348,10.233870672976849
random_impostor,/mnt/c/Users/ansar/Desktop/VGGFace2_ArcFace_Project/data/aligned/train/n003839/0457_01.jpg,/mnt/c/Users/ansar/Desktop/VGGFace2_ArcFace_Project/data/aligned/train/n003351/0315_01.jpg,0.0839318484067916,1645.574833813929,57.60259885204081,62.70690146243328,566.5575124731863,4.1434948979591795,9.225317026710464
random_impostor,/mnt/c/Users/ansar/Desktop/VGGFace2_ArcFace_Project/data/aligned/train/n001473/0216_01.jpg,/mnt/c/Users/ansar/Desktop/VGGFace2_ArcFace_Project/data/aligned/train/n004717/0394_01.jpg,0.1083593219518661,153.6343456333451,68.89249840561224,66.52700309726762,25.683030051819628,22.32182716836735,22.642898772096643
random_impostor,/mnt/c/Users/ansar/Desktop/VGGFace2_ArcFace_Project/data/aligned/train/n007622/0332_01.jpg,/mnt/c/Users/ansar/Desktop/VGGFace2_ArcFace_Project/data/aligned/train/n008397/0042_03.jpg,0.0224635414779186,449.62849121856374,84.31437340561224,79.82712757085494,441.84346378807834,9.872050382653072,19.029133419115155
random_impostor,/mnt/c/Users/ansar/Desktop/VGGFace2_ArcFace_Project/data/aligned/train/n002418/0021_02.jpg,/mnt/c/Users/ansar/Desktop/VGGFace2_ArcFace_Project/data/aligned/train/n005562/0177_01.jpg,0.0611630231142044,537.6841254339572,78.4241868622449,70.35736459999968,190.98078378266655,44.447225765306115,41.670113538473714
random_impostor,/mnt/c/Users/ansar/Desktop/VGGFace2_ArcFace_Project/data/aligned/train/n006540/0058_01.jpg,/mnt/c/Users/ansar/Desktop/VGGFace2_ArcFace_Project/data/aligned/train/n000450/0176_01.jpg,0.2505943775177002,1190.1112080851676,97.14927455357142,88.84260231858605,655.4485426668025,11.419563137755105,5.844587412799385
random_impostor,/mnt/c/Users/ansar/Desktop/VGGFace2_ArcFace_Project/data/aligned/train/n000436/0721_01.jpg,/mnt/c/Users/ansar/Desktop/VGGFace2_ArcFace_Project/data/aligned/train/n000924/0534_02.jpg,0.0222884137183427,228.17722625923076,60.521364795918366,59.78303634047268,384.52075744400116,69.78029336734694,66.77489758468138
random_impostor,/mnt/c/Users/ansar/Desktop/VGGFace2_ArcFace_Project/data/aligned/train/n008415/0492_01.jpg,/mnt/c/Users/ansar/Desktop/VGGFace2_ArcFace_Project/data/aligned/train/n008482/0159_04.jpg,-0.0340664535760879,198.8484969228469,79.19092793367346,68.77120081822778,31.00313918603453,17.268973214285708,18.220053701584995
random_impostor,/mnt/c/Users/ansar/Desktop/VGGFace2_ArcFace_Project/data/aligned/train/n000317/0123_01.jpg,/mnt/c/Users/ansar/Desktop/VGGFace2_ArcFace_Project/data/aligned/train/n007736/0441_01.jpg,0.0923926383256912,562.6919157797969,75.54268973214286,64.53190869288662,368.02625452921023,3.427694515306129,6.167241405217425
random_impostor,/mnt/c/Users/ansar/Desktop/VGGFace2_ArcFace_Project/data/aligned/train/n008386/0035_01.jpg,/mnt/c/Users/ansar/Desktop/VGGFace2_ArcFace_Project/data/aligned/train/n004451/0197_04.jpg,0.0358782671391963,442.9748191912936,63.065648915816325,68.71497867437128,660.3112511307138,3.1957110969387728,5.388634159739794
random_impostor,/mnt/c/Users/ansar/Desktop/VGGFace2_ArcFace_Project/data/aligned/train/n005520/0489_01.jpg,/mnt/c/Users/ansar/Desktop/VGGFace2_ArcFace_Project/data/aligned/train/n007303/0226_01.jpg,0.2525750994682312,266.6762862294875,70.96488360969389,75.61005811731675,353.0181595922659,34.380978954081634,33.725061606567955
random_impostor,/mnt/c/Users/ansar/Desktop/VGGFace2_ArcFace_Project/data/aligned/train/n007550/0174_01.jpg,/mnt/c/Users/ansar/Desktop/VGGFace2_ArcFace_Project/data/aligned/train/n005405/0395_01.jpg,0.0929214805364608,932.1919463386837,73.86180644132654,77.54946140171562,1297.4615751534193,3.984933035714292,16.25519686275456
random_impostor,/mnt/c/Users/ansar/Desktop/VGGFace2_ArcFace_Project/data/aligned/train/n000822/0101_01.jpg,/mnt/c/Users/ansar/Desktop/VGGFace2_ArcFace_Project/data/aligned/train/n009053/0335_01.jpg,0.0015419323462992,668.0738617286539,72.55831473214286,64.39173925937975,555.5666447726453,39.51171875000001,31.46937577289936
random_impostor,/mnt/c/Users/ansar/Desktop/VGGFace2_ArcFace_Project/data/aligned/train/n008254/0237_02.jpg,/mnt/c/Users/ansar/Desktop/VGGFace2_ArcFace_Project/data/aligned/train/n003332/0090_01.jpg,0.969086766242981,292.7698018027563,49.328005420918366,54.29934810845727,298.34296561816694,17.497688137755105,0.32982455704534885
random_impostor,/mnt/c/Users/ansar/Desktop/VGGFace2_ArcFace_Project/data/aligned/train/n004616/0116_01.jpg,/mnt/c/Users/ansar/Desktop/VGGFace2_ArcFace_Project/data/aligned/train/n004889/0191_02.jpg,0.1847398579120636,1202.6276710920163,70.44734534438776,75.02022803686339,1900.1877772066305,3.8369738520408134,7.144255837332409
random_impostor,/mnt/c/Users/ansar/Desktop/VGGFace2_ArcFace_Project/data/aligned/train/n001779/0401_01.jpg,/mnt/c/Users/ansar/Desktop/VGGFace2_ArcFace_Project/data/aligned/train/n002672/0076_01.jpg,0.0491627939045429,434.37632774343496,99.99709024234693,82.0503579796694,274.5338175438782,4.281808035714292,0.5901762160959834
random_impostor,/mnt/c/Users/ansar/Desktop/VGGFace2_ArcFace_Project/data/aligned/train/n000407/0257_01.jpg,/mnt/c/Users/ansar/Desktop/VGGFace2_ArcFace_Project/data/aligned/train/n002990/0045_04.jpg,0.1322371512651443,359.8722138093045,71.53109056122449,75.74699686888864,200.33901792603308,9.656728316326536,7.725385285203913
random_impostor,/mnt/c/Users/ansar/Desktop/VGGFace2_ArcFace_Project/data/aligned/train/n003779/0123_01.jpg,/mnt/c/Users/ansar/Desktop/VGGFace2_ArcFace_Project/data/aligned/train/n003045/0160_04.jpg,0.1211088150739669,411.54778704152704,101.42231345663265,77.05945724437073,246.79511599399706,3.810666454081627,1.2682915343632715
random_impostor,/mnt/c/Users/ansar/Desktop/VGGFace2_ArcFace_Project/data/aligned/train/n005905/0172_01.jpg,/mnt/c/Users/ansar/Desktop/VGGFace2_ArcFace_Project/data/aligned/train/n003315/0345_01.jpg,0.096935860812664,1331.1242009218115,88.50577965561224,84.89304998197491,2182.0889834046916,1.9780771683673493,32.78855596784459
random_impostor,/mnt/c/Users/ansar/Desktop/VGGFace2_ArcFace_Project/data/aligned/train/n007935/0103_01.jpg,/mnt/c/Users/ansar/Desktop/VGGFace2_ArcFace_Project/data/aligned/train/n002733/0179_02.jpg,0.0617671459913253,431.3473685604987,87.90421715561224,86.75323149035688,284.963172343809,16.827885841836746,18.292835905636323
random_impostor,/mnt/c/Users/ansar/Desktop/VGGFace2_ArcFace_Project/data/aligned/train/n007161/0336_01.jpg,/mnt/c/Users/ansar/Desktop/VGGFace2_ArcFace_Project/data/aligned/train/n007163/0221_01.jpg,0.0177705138921737,633.0446138107891,94.33717315051021,76.35865031547453,820.3769349428277,50.357063137755105,27.202922359681367
random_impostor,/mnt/c/Users/ansar/Desktop/VGGFace2_ArcFace_Project/data/aligned/train/n006322/0078_01.jpg,/mnt/c/Users/ansar/Desktop/VGGFace2_ArcFace_Project/data/aligned/train/n000423/0200_01.jpg,-0.0459445901215076,650.3869148835894,70.04432397959184,73.99628719887343,615.888984422791,13.87818877551021,33.92606433832545
random_impostor,/mnt/c/Users/ansar/Desktop/VGGFace2_ArcFace_Project/data/aligned/train/n005850/0214_01.jpg,/mnt/c/Users/ansar/Desktop/VGGFace2_ArcFace_Project/data/aligned/train/n005775/0209_01.jpg,0.1257834583520889,946.4546326872013,92.86734693877551,78.20746725269333,317.95950856937657,20.68207908163265,19.48042559078452
random_impostor,/mnt/c/Users/ansar/Desktop/VGGFace2_ArcFace_Project/data/aligned/train/n008903/0309_01.jpg,/mnt/c/Users/ansar/Desktop/VGGFace2_ArcFace_Project/data/aligned/train/n000206/0234_02.jpg,0.0775152817368507,829.8877730681369,55.476921237244895,55.318511737156804,625.2038862489751,9.481265943877553,15.569878765663773
random_impostor,/mnt/c/Users/ansar/Desktop/VGGFace2_ArcFace_Project/data/aligned/train/n007485/0008_01.jpg,/mnt/c/Users/ansar/Desktop/VGGFace2_ArcFace_Project/data/aligned/train/n004340/0114_01.jpg,0.049841970205307,1295.103188803473,59.60758131377551,64.34510751085176,1946.243674942773,35.72042410714286,4.107727353555255
random_impostor,/mnt/c/Users/ansar/Desktop/VGGFace2_ArcFace_Project/data/aligned/train/n001954/0380_01.jpg,/mnt/c/Users/ansar/Desktop/VGGFace2_ArcFace_Project/data/aligned/train/n001450/0012_01.jpg,-0.0388915948569774,91.2643291881709,39.222337372448976,38.7468066518132,93.7289486733738,33.20982142857143,29.504227019150683
random_impostor,/mnt/c/Users/ansar/Desktop/VGGFace2_ArcFace_Project/data/aligned/train/n002465/0223_02.jpg,/mnt/c/Users/ansar/Desktop/VGGFace2_ArcFace_Project/data/aligned/train/n005797/0137_02.jpg,0.1416231095790863,845.282286412415,74.44503348214286,65.20742971418963,586.60357802652,67.87699298469387,48.11125610575805
random_impostor,/mnt/c/Users/ansar/Desktop/VGGFace2_ArcFace_Project/data/aligned/train/n001006/0216_01.jpg,/mnt/c/Users/ansar/Desktop/VGGFace2_ArcFace_Project/data/aligned/train/n005018/0136_01.jpg,0.0874704718589782,864.405716863884,98.11479591836735,80.39447575319338,1165.4269882513554,29.793207908163268,14.701819307596281
random_impostor,/mnt/c/Users/ansar/Desktop/VGGFace2_ArcFace_Project/data/aligned/train/n001120/0221_01.jpg,/mnt/c/Users/ansar/Desktop/VGGFace2_ArcFace_Project/data/aligned/train/n004697/0008_01.jpg,0.102184846997261,245.34091765798166,64.900390625,65.23528295116542,191.57102476959668,18.707190688775512,7.399014866031962
random_impostor,/mnt/c/Users/ansar/Desktop/VGGFace2_ArcFace_Project/data/aligned/train/n005410/0220_01.jpg,/mnt/c/Users/ansar/Desktop/VGGFace2_ArcFace_Project/data/aligned/train/n006470/0066_01.jpg,0.0708547905087471,1136.2903450199685,78.9964524872449,66.86888519905175,1198.6216938824318,13.19682716836735,5.89507669171217
random_impostor,/mnt/c/Users/ansar/Desktop/VGGFace2_ArcFace_Project/data/aligned/train/n008085/0210_01.jpg,/mnt/c/Users/ansar/Desktop/VGGFace2_ArcFace_Project/data/aligned/train/n002367/0536_01.jpg,0.1901725083589553,978.7689737195226,91.2700494260204,70.91702058363683,231.95280713292277,5.7883450255102105,5.219901826885803
random_impostor,/mnt/c/Users/ansar/Desktop/VGGFace2_ArcFace_Project/data/aligned/train/n007743/0145_01.jpg,/mnt/c/Users/ansar/Desktop/VGGFace2_ArcFace_Project/data/aligned/train/n009146/0089_01.jpg,-0.0301274452358484,1330.7041363316941,95.11790497448979,89.27577822567629,1658.4202299741644,12.759885204081641,5.508410434550456
random_impostor,/mnt/c/Users/ansar/Desktop/VGGFace2_ArcFace_Project/data/aligned/train/n001047/0124_04.jpg,/mnt/c/Users/ansar/Desktop/VGGFace2_ArcFace_Project/data/aligned/train/n002426/0466_01.jpg,0.0688719451427459,777.9884535198855,90.78878348214286,74.52270692898597,197.38092775674545,26.924984056122454,9.443301276970544
random_impostor,/mnt/c/Users/ansar/Desktop/VGGFace2_ArcFace_Project/data/aligned/train/n006303/0054_01.jpg,/mnt/c/Users/ansar/Desktop/VGGFace2_ArcFace_Project/data/aligned/train/n009243/0197_01.jpg,0.1091228127479553,359.3774644596683,85.08426339285714,72.26120746005489,296.4556723026274,20.114636479591837,13.949622535398063
random_impostor,/mnt/c/Users/ansar/Desktop/VGGFace2_ArcFace_Project/data/aligned/train/n008302/0480_10.jpg,/mnt/c/Users/ansar/Desktop/VGGFace2_ArcFace_Project/data/aligned/train/n000080/0246_01.jpg,0.0953190773725509,772.4630123108241,111.14692283163265,84.18027805628176,1122.763388643658,13.048309948979593,2.199162529953469
random_impostor,/mnt/c/Users/ansar/Desktop/VGGFace2_ArcFace_Project/data/aligned/train/n008545/0650_01.jpg,/mnt/c/Users/ansar/Desktop/VGGFace2_ArcFace_Project/data/aligned/train/n003732/0266_02.jpg,0.1237792819738388,744.7515674417886,71.92964764030611,61.02829626875122,1082.9894965639317,5.249920280612244,4.013977932532278
random_impostor,/mnt/c/Users/ansar/Desktop/VGGFace2_ArcFace_Project/data/aligned/train/n008296/0606_02.jpg,/mnt/c/Users/ansar/Desktop/VGGFace2_ArcFace_Project/data/aligned/train/n002697/0049_01.jpg,0.0006903504254296,476.84860333399394,95.95448022959184,80.68587254174994,20.31249844298077,13.440210459183675,2.8529941226107525
random_impostor,/mnt/c/Users/ansar/Desktop/VGGFace2_ArcFace_Project/data/aligned/train/n005713/0277_01.jpg,/mnt/c/Users/ansar/Desktop/VGGFace2_ArcFace_Project/data/aligned/train/n004311/0048_01.jpg,0.1645013689994812,1025.9128788825326,84.87472098214286,68.320792730215,1124.0638186809472,12.201291454081627,1.9994750651993485
random_impostor,/mnt/c/Users/ansar/Desktop/VGGFace2_ArcFace_Project/data/aligned/train/n003440/0125_03.jpg,/mnt/c/Users/ansar/Desktop/VGGFace2_ArcFace_Project/data/aligned/train/n005942/0239_02.jpg,0.0933519527316093,410.7323641667808,75.49426020408163,68.37986136016316,756.745807709668,72.06935586734694,46.67899519922679
random_impostor,/mnt/c/Users/ansar/Desktop/VGGFace2_ArcFace_Project/data/aligned/train/n006028/0104_02.jpg,/mnt/c/Users/ansar/Desktop/VGGFace2_ArcFace_Project/data/aligned/train/n004825/0212_01.jpg,0.1826674938201904,1011.1190679916389,64.31847895408163,64.29351892175423,1412.9372131017187,45.55452806122448,18.70750517150308
random_impostor,/mnt/c/Users/ansar/Desktop/VGGFace2_ArcFace_Project/data/aligned/train/n002845/0058_02.jpg,/mnt/c/Users/ansar/Desktop/VGGFace2_ArcFace_Project/data/aligned/train/n005394/0335_01.jpg,0.2160134017467498,657.5737151495866,100.3686224489796,80.45777818741517,539.98059231378,50.99840561224491,13.369582359466108
random_impostor,/mnt/c/Users/ansar/Desktop/VGGFace2_ArcFace_Project/data/aligned/train/n001194/0171_01.jpg,/mnt/c/Users/ansar/Desktop/VGGFace2_ArcFace_Project/data/aligned/train/n001551/0096_01.jpg,-0.001408529933542,445.0690439232982,81.90310108418367,80.40681943379941,223.70913491652237,18.285794005102048,8.253471021929784
random_impostor,/mnt/c/Users/ansar/Desktop/VGGFace2_ArcFace_Project/data/aligned/train/n004250/0084_04.jpg,/mnt/c/Users/ansar/Desktop/VGGFace2_ArcFace_Project/data/aligned/train/n005966/0170_01.jpg,0.029785381630063,670.2513700085648,70.89409279336735,65.01862622886404,928.3351505570292,8.358816964285722,8.96484644631336
random_impostor,/mnt/c/Users/ansar/Desktop/VGGFace2_ArcFace_Project/data/aligned/train/n001491/0184_01.jpg,/mnt/c/Users/ansar/Desktop/VGGFace2_ArcFace_Project/data/aligned/train/n006035/0481_01.jpg,0.0246929489076137,725.8357562979079,81.58179209183673,74.50449803754444,555.2474851850569,16.16485969387756,25.204846415786783
random_impostor,/mnt/c/Users/ansar/Desktop/VGGFace2_ArcFace_Project/data/aligned/train/n007962/0134_01.jpg,/mnt/c/Users/ansar/Desktop/VGGFace2_ArcFace_Project/data/aligned/train/n008783/0172_01.jpg,0.0740517973899841,747.0978963709731,60.687619579081634,62.60722986508146,624.0409118131219,14.461654974489804,19.5983213787449
random_impostor,/mnt/c/Users/ansar/Desktop/VGGFace2_ArcFace_Project/data/aligned/train/n005896/0040_01.jpg,/mnt/c/Users/ansar/Desktop/VGGFace2_ArcFace_Project/data/aligned/train/n009275/0381_01.jpg,0.2094882577657699,555.8130120337381,58.22755899234694,67.74670555526804,862.9655148253148,20.94858099489796,6.648293969472888
random_impostor,/mnt/c/Users/ansar/Desktop/VGGFace2_ArcFace_Project/data/aligned/train/n007891/0253_01.jpg,/mnt/c/Users/ansar/Desktop/VGGFace2_ArcFace_Project/data/aligned/train/n006795/0105_02.jpg,0.1497826129198074,1050.4817079435236,75.71205357142857,67.18802837901853,798.9626187440109,4.693239795918373,14.977483046498328
random_impostor,/mnt/c/Users/ansar/Desktop/VGGFace2_ArcFace_Project/data/aligned/train/n003197/0203_01.jpg,/mnt/c/Users/ansar/Desktop/VGGFace2_ArcFace_Project/data/aligned/train/n008612/0154_02.jpg,0.2608938813209533,1068.8807698146147,86.48102678571428,76.89711197873541,172.4583604932576,25.853954081632665,0.6225501521061148
random_impostor,/mnt/c/Users/ansar/Desktop/VGGFace2_ArcFace_Project/data/aligned/train/n001937/0012_02.jpg,/mnt/c/Users/ansar/Desktop/VGGFace2_ArcFace_Project/data/aligned/train/n000959/0444_01.jpg,0.052159484475851,545.544890362836,72.31756218112245,75.73762089156531,20.343442580839906,18.636718750000007,11.71890773840407
random_impostor,/mnt/c/Users/ansar/Desktop/VGGFace2_ArcFace_Project/data/aligned/train/n006636/0052_01.jpg,/mnt/c/Users/ansar/Desktop/VGGFace2_ArcFace_Project/data/aligned/train/n006584/0208_09.jpg,0.0467845425009727,317.6304957760418,61.48305963010205,67.22533884698203,512.5460532497038,5.928013392857146,20.050415001672462
random_impostor,/mnt/c/Users/ansar/Desktop/VGGFace2_ArcFace_Project/data/aligned/train/n001157/0462_01.jpg,/mnt/c/Users/ansar/Desktop/VGGFace2_ArcFace_Project/data/aligned/train/n004460/0118_01.jpg,-0.0267056003212928,324.17848642167326,63.20356345663265,59.50890470043076,158.116787276135,47.78754783163265,27.37463186369544
random_impostor,/mnt/c/Users/ansar/Desktop/VGGFace2_ArcFace_Project/data/aligned/train/n007783/0352_01.jpg,/mnt/c/Users/ansar/Desktop/VGGFace2_ArcFace_Project/data/aligned/train/n008485/0141_01.jpg,0.2045538276433944,477.1919848129482,91.80149872448979,83.90411627540016,213.48154615650867,9.967952806122454,4.641922282342847
random_impostor,/mnt/c/Users/ansar/Desktop/VGGFace2_ArcFace_Project/data/aligned/train/n004705/0043_01.jpg,/mnt/c/Users/ansar/Desktop/VGGFace2_ArcFace_Project/data/aligned/train/n003698/0150_02.jpg,0.124573215842247,429.51070312538127,58.861328125,55.89161688588909,229.34523699155505,21.028459821428577,9.684456547433761
random_impostor,/mnt/c/Users/ansar/Desktop/VGGFace2_ArcFace_Project/data/aligned/train/n006407/0209_01.jpg,/mnt/c/Users/ansar/Desktop/VGGFace2_ArcFace_Project/data/aligned/train/n005861/0311_01.jpg,0.0271162781864404,858.6662736326296,77.39616549744898,66.54707311864804,614.1974270211714,46.13655931122449,20.946915309263716
random_impostor,/mnt/c/Users/ansar/Desktop/VGGFace2_ArcFace_Project/data/aligned/train/n007072/0156_02.jpg,/mnt/c/Users/ansar/Desktop/VGGFace2_ArcFace_Project/data/aligned/train/n005406/0029_01.jpg,0.0621105916798114,214.15650376872387,60.51255580357143,63.439249306169714,265.8690210967598,28.6118463010204,16.133490766354953
random_impostor,/mnt/c/Users/ansar/Desktop/VGGFace2_ArcFace_Project/data/aligned/train/n008255/0117_01.jpg,/mnt/c/Users/ansar/Desktop/VGGFace2_ArcFace_Project/data/aligned/train/n003046/0022_01.jpg,0.0463600233197212,929.1861750687326,90.8520806760204,74.12158934720048,504.8976683642459,9.09064094387756,1.347621528236985
random_impostor,/mnt/c/Users/ansar/Desktop/VGGFace2_ArcFace_Project/data/aligned/train/n000304/0054_02.jpg,/mnt/c/Users/ansar/Desktop/VGGFace2_ArcFace_Project/data/aligned/train/n008261/0385_01.jpg,0.2509331703186035,292.48965067388815,53.285913584183675,55.40130957326145,192.38490632234738,39.42354910714286,38.18110536708865
random_impostor,/mnt/c/Users/ansar/Desktop/VGGFace2_ArcFace_Project/data/aligned/train/n007374/0055_01.jpg,/mnt/c/Users/ansar/Desktop/VGGFace2_ArcFace_Project/data/aligned/train/n002548/0158_01.jpg,0.2060890793800354,2132.0245080905775,80.80010363520408,67.6868346361826,3809.0463078700222,41.76187818877551,42.85949145508125
random_impostor,/mnt/c/Users/ansar/Desktop/VGGFace2_ArcFace_Project/data/aligned/train/n003386/0205_04.jpg,/mnt/c/Users/ansar/Desktop/VGGFace2_ArcFace_Project/data/aligned/train/n001903/0312_01.jpg,0.0842344090342521,509.0008737293198,72.8543925382653,59.792165799563115,906.4924358604651,36.49848533163265,25.574702486710137
random_impostor,/mnt/c/Users/ansar/Desktop/VGGFace2_ArcFace_Project/data/aligned/train/n002941/0108_03.jpg,/mnt/c/Users/ansar/Desktop/VGGFace2_ArcFace_Project/data/aligned/train/n002729/0052_01.jpg,0.0573969408869743,925.5704717735407,80.3428730867347,81.61171891333437,371.72417079126353,28.48676658163265,6.527833768398949
random_impostor,/mnt/c/Users/ansar/Desktop/VGGFace2_ArcFace_Project/data/aligned/train/n005501/0315_02.jpg,/mnt/c/Users/ansar/Desktop/VGGFace2_ArcFace_Project/data/aligned/train/n006380/0109_01.jpg,-0.058773323893547,1241.9674532348936,76.80998883928572,75.69621903102278,150.9387950396747,2.3231026785714306,11.66052499813705
random_impostor,/mnt/c/Users/ansar/Desktop/VGGFace2_ArcFace_Project/data/aligned/train/n008370/0296_02.jpg,/mnt/c/Users/ansar/Desktop/VGGFace2_ArcFace_Project/data/aligned/train/n005041/0511_01.jpg,0.0241520330309867,917.447845252441,91.46588010204081,75.53029199231152,1156.2505713371077,25.485809948979593,27.011532396960554
random_impostor,/mnt/c/Users/ansar/Desktop/VGGFace2_ArcFace_Project/data/aligned/train/n000647/0311_01.jpg,/mnt/c/Users/ansar/Desktop/VGGFace2_ArcFace_Project/data/aligned/train/n002280/0382_04.jpg,0.2920074462890625,264.15970985892415,94.9288105867347,73.51471773250731,111.1612857372152,28.33354591836735,8.593809951010755
random_impostor,/mnt/c/Users/ansar/Desktop/VGGFace2_ArcFace_Project/data/aligned/train/n007273/0617_01.jpg,/mnt/c/Users/ansar/Desktop/VGGFace2_ArcFace_Project/data/aligned/train/n007936/0007_01.jpg,0.2880311012268066,778.3774205072381,63.23062818877551,64.32698487073597,916.98792567128,30.372289540816325,12.803516379883263
random_impostor,/mnt/c/Users/ansar/Desktop/VGGFace2_ArcFace_Project/data/aligned/train/n006009/0215_01.jpg,/mnt/c/Users/ansar/Desktop/VGGFace2_ArcFace_Project/data/aligned/train/n002403/0171_01.jpg,0.1291639804840088,1406.8676955935262,110.14644451530611,88.46205517494377,1660.3368345655435,22.331792091836732,13.191149274011693
random_impostor,/mnt/c/Users/ansar/Desktop/VGGFace2_ArcFace_Project/data/aligned/train/n001829/0154_01.jpg,/mnt/c/Users/ansar/Desktop/VGGFace2_ArcFace_Project/data/aligned/train/n009201/0501_01.jpg,0.1816102862358093,911.8530156247965,104.72951211734694,81.29759801476823,327.65148046224226,59.05006377551021,9.444844621036879
random_impostor,/mnt/c/Users/ansar/Desktop/VGGFace2_ArcFace_Project/data/aligned/train/n007329/0069_01.jpg,/mnt/c/Users/ansar/Desktop/VGGFace2_ArcFace_Project/data/aligned/train/n001350/0162_01.jpg,-0.0188902411609888,866.3826088386991,72.49760841836735,72.23588954983269,964.2529098911118,19.610809948979586,23.43611144921804
random_impostor,/mnt/c/Users/ansar/Desktop/VGGFace2_ArcFace_Project/data/aligned/train/n002287/0208_01.jpg,/mnt/c/Users/ansar/Desktop/VGGFace2_ArcFace_Project/data/aligned/train/n008197/0120_01.jpg,0.0649948194622993,2291.394250700544,96.46603954081633,75.57219725862848,4126.130272766393,11.361926020408163,6.768831386347145
random_impostor,/mnt/c/Users/ansar/Desktop/VGGFace2_ArcFace_Project/data/aligned/train/n005782/0067_01.jpg,/mnt/c/Users/ansar/Desktop/VGGFace2_ArcFace_Project/data/aligned/train/n001880/0193_01.jpg,-0.0499746352434158,450.1239319928037,77.9547193877551,64.41631215404747,34.14428461814413,25.882334183673464,17.39513654654135
random_impostor,/mnt/c/Users/ansar/Desktop/VGGFace2_ArcFace_Project/data/aligned/train/n003742/0211_01.jpg,/mnt/c/Users/ansar/Desktop/VGGFace2_ArcFace_Project/data/aligned/train/n001423/0365_02.jpg,0.0326670594513416,305.3266474172901,67.02937659438776,53.002111019916455,344.5065332720152,56.13448660714286,38.713453601655864
random_impostor,/mnt/c/Users/ansar/Desktop/VGGFace2_ArcFace_Project/data/aligned/train/n002319/0379_01.jpg,/mnt/c/Users/ansar/Desktop/VGGFace2_ArcFace_Project/data/aligned/train/n006397/0077_01.jpg,-0.1053308397531509,640.4988002181301,85.18152104591837,78.83910446137257,526.0951432589935,28.894610969387756,32.86865262719666
random_impostor,/mnt/c/Users/ansar/Desktop/VGGFace2_ArcFace_Project/data/aligned/train/n009093/0073_01.jpg,/mnt/c/Users/ansar/Desktop/VGGFace2_ArcFace_Project/data/aligned/train/n007283/0273_01.jpg,0.1235744282603263,765.1709113194515,83.05201690051021,73.32776696095253,311.97779911649775,50.39341517857143,34.11046303758289
random_impostor,/mnt/c/Users/ansar/Desktop/VGGFace2_ArcFace_Project/data/aligned/train/n002608/0171_01.jpg,/mnt/c/Users/ansar/Desktop/VGGFace2_ArcFace_Project/data/aligned/train/n001028/0623_01.jpg,0.1873327195644378,1129.0575765492965,92.35224011479592,80.99998149389006,864.8508241614518,59.22249681122449,25.70270068074558
random_impostor,/mnt/c/Users/ansar/Desktop/VGGFace2_ArcFace_Project/data/aligned/train/n001908/0215_01.jpg,/mnt/c/Users/ansar/Desktop/VGGFace2_ArcFace_Project/data/aligned/train/n007595/0141_01.jpg,0.1564902365207672,793.3958584913756,100.51841517857143,80.14493700694614,279.27921085127286,5.513073979591837,5.528201444086022
random_impostor,/mnt/c/Users/ansar/Desktop/VGGFace2_ArcFace_Project/data/aligned/train/n000314/0047_01.jpg,/mnt/c/Users/ansar/Desktop/VGGFace2_ArcFace_Project/data/aligned/train/n004294/0361_01.jpg,0.1207635924220085,1121.8491754686768,73.44451530612245,64.31284709979882,1486.1855003042351,34.14811862244898,10.936163099563807
random_impostor,/mnt/c/Users/ansar/Desktop/VGGFace2_ArcFace_Project/data/aligned/train/n001224/0020_01.jpg,/mnt/c/Users/ansar/Desktop/VGGFace2_ArcFace_Project/data/aligned/train/n008403/0220_02.jpg,0.0354923121631145,709.3339645817894,80.50115593112244,80.07084041845047,141.87240212284394,35.67402742346938,18.419513052280323
random_impostor,/mnt/c/Users/ansar/Desktop/VGGFace2_ArcFace_Project/data/aligned/train/n007298/0031_01.jpg,/mnt/c/Users/ansar/Desktop/VGGFace2_ArcFace_Project/data/aligned/train/n000755/0284_01.jpg,0.1169666722416877,1253.8649883119328,81.09167729591837,85.10607496079272,364.08836805795636,10.332908163265316,7.52724936709896
random_impostor,/mnt/c/Users/ansar/Desktop/VGGFace2_ArcFace_Project/data/aligned/train/n006746/0334_01.jpg,/mnt/c/Users/ansar/Desktop/VGGFace2_ArcFace_Project/data/aligned/train/n002352/0266_01.jpg,0.0196780003607273,1015.2827687325055,76.3125,64.28571504695331,100.29413343220631,18.211415816326536,9.753753914758903
random_impostor,/mnt/c/Users/ansar/Desktop/VGGFace2_ArcFace_Project/data/aligned/train/n004747/0098_01.jpg,/mnt/c/Users/ansar/Desktop/VGGFace2_ArcFace_Project/data/aligned/train/n008428/0053_02.jpg,-0.0005052265478298,695.7196893910476,76.28878348214286,63.04081287270068,494.74550480268636,15.886559311224488,2.7981971816912647
random_impostor,/mnt/c/Users/ansar/Desktop/VGGFace2_ArcFace_Project/data/aligned/train/n001082/0003_01.jpg,/mnt/c/Users/ansar/Desktop/VGGFace2_ArcFace_Project/data/aligned/train/n008798/0160_01.jpg,0.1375893950462341,539.0326701414084,53.675422512755105,49.24780748402733,92.42344485675727,46.11758609693877,38.96199662747988
random_impostor,/mnt/c/Users/ansar/Desktop/VGGFace2_ArcFace_Project/data/aligned/train/n002750/0024_01.jpg,/mnt/c/Users/ansar/Desktop/VGGFace2_ArcFace_Project/data/aligned/train/n005026/0289_01.jpg,0.1689145267009735,761.9074060677589,63.99589445153062,62.58334224256733,1084.6013856543843,21.691406250000007,16.70277649455805
random_impostor,/mnt/c/Users/ansar/Desktop/VGGFace2_ArcFace_Project/data/aligned/train/n008212/0328_01.jpg,/mnt/c/Users/ansar/Desktop/VGGFace2_ArcFace_Project/data/aligned/train/n000041/0329_02.jpg,0.0397352389991283,649.6159834061398,78.35475127551021,69.62630948565999,537.0188612423552,41.012276785714285,9.51533596939339
random_impostor,/mnt/c/Users/ansar/Desktop/VGGFace2_ArcFace_Project/data/aligned/train/n003607/0238_02.jpg,/mnt/c/Users/ansar/Desktop/VGGFace2_ArcFace_Project/data/aligned/train/n003210/0405_01.jpg,0.1437898278236389,265.154700946927,85.3453443877551,66.71642566821468,32.92816674972457,8.187818877551024,0.9181392944073821
random_impostor,/mnt/c/Users/ansar/Desktop/VGGFace2_ArcFace_Project/data/aligned/train/n000581/0015_01.jpg,/mnt/c/Users/ansar/Desktop/VGGFace2_ArcFace_Project/data/aligned/train/n002412/0238_01.jpg,0.0518188364803791,247.39251305748155,73.14473054846938,60.56380158846745,320.904125571102,36.83011798469388,29.651844015781634
random_impostor,/mnt/c/Users/ansar/Desktop/VGGFace2_ArcFace_Project/data/aligned/train/n005548/0240_01.jpg,/mnt/c/Users/ansar/Desktop/VGGFace2_ArcFace_Project/data/aligned/train/n008738/0022_01.jpg,0.1718905717134475,810.524838436052,62.85682397959184,63.61617557411523,597.3549128496265,26.368303571428577,24.991620080349996
random_impostor,/mnt/c/Users/ansar/Desktop/VGGFace2_ArcFace_Project/data/aligned/train/n001517/0023_01.jpg,/mnt/c/Users/ansar/Desktop/VGGFace2_ArcFace_Project/data/aligned/train/n000984/0316_02.jpg,0.1551324874162674,919.3489402952118,84.83294802295919,71.80610144999062,661.3372450403152,46.6148756377551,15.875001280679278
random_impostor,/mnt/c/Users/ansar/Desktop/VGGFace2_ArcFace_Project/data/aligned/train/n006504/0177_01.jpg,/mnt/c/Users/ansar/Desktop/VGGFace2_ArcFace_Project/data/aligned/train/n002981/0150_01.jpg,0.0442117676138877,787.0223101163497,54.47488839285714,66.2011662818484,1027.6350444394916,5.94355867346939,7.059010830260107
random_impostor,/mnt/c/Users/ansar/Desktop/VGGFace2_ArcFace_Project/data/aligned/train/n001651/0044_01.jpg,/mnt/c/Users/ansar/Desktop/VGGFace2_ArcFace_Project/data/aligned/train/n002041/0150_01.jpg,-0.086044080555439,558.0887207132932,80.59913105867346,68.99512252879028,96.4607446075529,35.275271045918366,15.658693857104417
random_impostor,/mnt/c/Users/ansar/Desktop/VGGFace2_ArcFace_Project/data/aligned/train/n004030/0420_01.jpg,/mnt/c/Users/ansar/Desktop/VGGFace2_ArcFace_Project/data/aligned/train/n000852/0106_01.jpg,-0.0071086948737502,636.1947673525923,76.62918526785714,71.12115161650456,393.8634563479409,20.211176658163268,11.279321365319916
random_impostor,/mnt/c/Users/ansar/Desktop/VGGFace2_ArcFace_Project/data/aligned/train/n004260/0123_01.jpg,/mnt/c/Users/ansar/Desktop/VGGFace2_ArcFace_Project/data/aligned/train/n005732/0022_01.jpg,0.0623834393918514,454.1476701850049,56.575693558673464,63.122598501038546,104.6866487298891,17.933912627551017,17.71566784183311
random_impostor,/mnt/c/Users/ansar/Desktop/VGGFace2_ArcFace_Project/data/aligned/train/n004578/0207_01.jpg,/mnt/c/Users/ansar/Desktop/VGGFace2_ArcFace_Project/data/aligned/train/n001950/0211_02.jpg,0.0019133994355797,440.43112062822036,87.2237324617347,79.31732428572616,224.30403055860717,17.51124043367348,9.469756362488965
random_impostor,/mnt/c/Users/ansar/Desktop/VGGFace2_ArcFace_Project/data/aligned/train/n003640/0042_01.jpg,/mnt/c/Users/ansar/Desktop/VGGFace2_ArcFace_Project/data/aligned/train/n000876/0013_01.jpg,0.1118190512061119,844.6117904516917,68.97859534438776,67.12743706800909,1032.7639246586712,34.73748405612245,34.57297794631299
random_impostor,/mnt/c/Users/ansar/Desktop/VGGFace2_ArcFace_Project/data/aligned/train/n007226/0047_01.jpg,/mnt/c/Users/ansar/Desktop/VGGFace2_ArcFace_Project/data/aligned/train/n007999/0325_02.jpg,-0.0762776285409927,494.2654683511489,97.41378348214286,75.05548582296183,74.22970521315989,4.357541454081627,5.929838506941849
random_impostor,/mnt/c/Users/ansar/Desktop/VGGFace2_ArcFace_Project/data/aligned/train/n001083/0229_01.jpg,/mnt/c/Users/ansar/Desktop/VGGFace2_ArcFace_Project/data/aligned/train/n001614/0229_04.jpg,0.0118690030649304,320.3632996990898,74.9461894132653,70.59461713825601,9.861644155429985,7.973214285714292,2.3552087580932977
random_impostor,/mnt/c/Users/ansar/Desktop/VGGFace2_ArcFace_Project/data/aligned/train/n008497/0225_01.jpg,/mnt/c/Users/ansar/Desktop/VGGFace2_ArcFace_Project/data/aligned/train/n001457/0077_01.jpg,0.1872533857822418,812.5791542215279,78.99489795918367,70.82405979357225,591.2986544251988,33.991230867346935,18.92696484224929
random_impostor,/mnt/c/Users/ansar/Desktop/VGGFace2_ArcFace_Project/data/aligned/train/n005929/0037_01.jpg,/mnt/c/Users/ansar/Desktop/VGGFace2_ArcFace_Project/data/aligned/train/n006080/0117_01.jpg,0.0344727337360382,2177.8580072316363,99.85941485969389,90.74722258309805,156.41389538416615,9.428810586734684,15.15898719078119
random_impostor,/mnt/c/Users/ansar/Desktop/VGGFace2_ArcFace_Project/data/aligned/train/n007084/0221_02.jpg,/mnt/c/Users/ansar/Desktop/VGGFace2_ArcFace_Project/data/aligned/train/n006661/0142_01.jpg,0.0093829352408647,1358.5433793550528,66.20308514030611,67.94703691039831,2268.880917607521,7.65585140306122,4.76751318476434
random_impostor,/mnt/c/Users/ansar/Desktop/VGGFace2_ArcFace_Project/data/aligned/train/n007063/0208_02.jpg,/mnt/c/Users/ansar/Desktop/VGGFace2_ArcFace_Project/data/aligned/train/n004579/0006_01.jpg,0.104030504822731,318.97105833829715,98.26897321428572,81.50081188183579,5.510308529028862,1.5095663265306172,14.466348585921509
random_impostor,/mnt/c/Users/ansar/Desktop/VGGFace2_ArcFace_Project/data/aligned/train/n006422/0154_01.jpg,/mnt/c/Users/ansar/Desktop/VGGFace2_ArcFace_Project/data/aligned/train/n008719/0139_01.jpg,0.2995604276657104,1188.9320412301759,93.0946269132653,70.97154776977929,1740.364757278868,2.6265943877551052,5.937352128162274
random_impostor,/mnt/c/Users/ansar/Desktop/VGGFace2_ArcFace_Project/data/aligned/train/n006578/0384_01.jpg,/mnt/c/Users/ansar/Desktop/VGGFace2_ArcFace_Project/data/aligned/train/n000917/0050_01.jpg,0.1397231370210647,1010.6193511276533,90.8460618622449,81.97128829385628,661.6747025470345,23.6015625,22.198229572004337
random_impostor,/mnt/c/Users/ansar/Desktop/VGGFace2_ArcFace_Project/data/aligned/train/n009041/0106_01.jpg,/mnt/c/Users/ansar/Desktop/VGGFace2_ArcFace_Project/data/aligned/train/n003366/0181_01.jpg,0.0944320186972618,382.9782368994812,70.80859375,63.29519471474552,254.56123808988278,23.663584183673464,32.54880164753245
random_impostor,/mnt/c/Users/ansar/Desktop/VGGFace2_ArcFace_Project/data/aligned/train/n004301/0105_01.jpg,/mnt/c/Users/ansar/Desktop/VGGFace2_ArcFace_Project/data/aligned/train/n005785/0177_01.jpg,-0.0044682170264422,1749.8450684902914,99.32577327806123,76.58381612030284,1152.4608792865436,8.429767219387756,6.6139517316434535
random_impostor,/mnt/c/Users/ansar/Desktop/VGGFace2_ArcFace_Project/data/aligned/train/n006018/0042_01.jpg,/mnt/c/Users/ansar/Desktop/VGGFace2_ArcFace_Project/data/aligned/train/n003037/0080_01.jpg,-0.0051691294647753,1021.2918740796429,101.50653698979592,75.05940314147948,971.2224617242715,27.773596938775512,16.15386104052567
random_impostor,/mnt/c/Users/ansar/Desktop/VGGFace2_ArcFace_Project/data/aligned/train/n004373/0397_01.jpg,/mnt/c/Users/ansar/Desktop/VGGFace2_ArcFace_Project/data/aligned/train/n000550/0316_02.jpg,0.0215159468352794,1196.8362672798637,76.2217793367347,70.7881787916397,1870.7042672611285,21.96763392857143,24.769775401257824
random_impostor,/mnt/c/Users/ansar/Desktop/VGGFace2_ArcFace_Project/data/aligned/train/n000439/0102_01.jpg,/mnt/c/Users/ansar/Desktop/VGGFace2_ArcFace_Project/data/aligned/train/n006127/0389_02.jpg,0.0818748101592063,454.7868918721153,54.53750797193878,60.02404647421281,664.3751893399011,7.121890943877553,24.119489758984606
random_impostor,/mnt/c/Users/ansar/Desktop/VGGFace2_ArcFace_Project/data/aligned/train/n001718/0103_03.jpg,/mnt/c/Users/ansar/Desktop/VGGFace2_ArcFace_Project/data/aligned/train/n003647/0111_01.jpg,-0.0836628451943397,773.1519183532639,94.19559151785714,78.82538516722163,740.996367175298,15.700653698979593,7.319889888462768
random_impostor,/mnt/c/Users/ansar/Desktop/VGGFace2_ArcFace_Project/data/aligned/train/n006115/0170_01.jpg,/mnt/c/Users/ansar/Desktop/VGGFace2_ArcFace_Project/data/aligned/train/n004950/0378_01.jpg,0.1486196517944336,154.33929254610504,84.65234375,68.78385769801523,80.67046450575606,12.031887755102048,1.029157981008666
random_impostor,/mnt/c/Users/ansar/Desktop/VGGFace2_ArcFace_Project/data/aligned/train/n008485/0055_01.jpg,/mnt/c/Users/ansar/Desktop/VGGFace2_ArcFace_Project/data/aligned/train/n004072/0093_02.jpg,0.0777586847543716,329.2703176591358,76.07649075255102,73.94810156354137,2.850676943688825,40.88257334183673,6.64999731986309
random_impostor,/mnt/c/Users/ansar/Desktop/VGGFace2_ArcFace_Project/data/aligned/train/n004287/0377_01.jpg,/mnt/c/Users/ansar/Desktop/VGGFace2_ArcFace_Project/data/aligned/train/n009113/0117_01.jpg,0.1900283545255661,491.90004731813406,70.19742506377551,67.07820896210316,531.4182136024053,22.954958545918373,2.597883263564725
random_impostor,/mnt/c/Users/ansar/Desktop/VGGFace2_ArcFace_Project/data/aligned/train/n001237/0243_01.jpg,/mnt/c/Users/ansar/Desktop/VGGFace2_ArcFace_Project/data/aligned/train/n000155/0009_01.jpg,0.0712719410657882,1727.5494165607215,86.25151466836735,75.15837998559266,2094.4006281498823,32.78140943877551,1.8018193440519639
random_impostor,/mnt/c/Users/ansar/Desktop/VGGFace2_ArcFace_Project/data/aligned/train/n007209/0196_02.jpg,/mnt/c/Users/ansar/Desktop/VGGFace2_ArcFace_Project/data/aligned/train/n006580/0079_01.jpg,0.1225103214383125,146.22068854303768,50.45715082908163,56.64357372731324,20.334800920403012,14.242745535714285,1.5507841837770755
random_impostor,/mnt/c/Users/ansar/Desktop/VGGFace2_ArcFace_Project/data/aligned/train/n008676/0102_01.jpg,/mnt/c/Users/ansar/Desktop/VGGFace2_ArcFace_Project/data/aligned/train/n008138/0125_01.jpg,0.0588515847921371,1793.5929943149858,72.73022959183675,72.65267792752971,2517.5035383168088,16.71444515306122,1.3539843667256974
random_impostor,/mnt/c/Users/ansar/Desktop/VGGFace2_ArcFace_Project/data/aligned/train/n002227/0127_01.jpg,/mnt/c/Users/ansar/Desktop/VGGFace2_ArcFace_Project/data/aligned/train/n004498/0167_02.jpg,0.1417957991361618,468.88804948354755,77.19682716836735,74.78048935290516,198.11165825757627,5.794483418367349,14.47373346835927
random_impostor,/mnt/c/Users/ansar/Desktop/VGGFace2_ArcFace_Project/data/aligned/train/n005880/0144_02.jpg,/mnt/c/Users/ansar/Desktop/VGGFace2_ArcFace_Project/data/aligned/train/n007998/0308_01.jpg,0.064458429813385,368.12319656175055,96.81118463010205,82.48071125383112,243.86958281212375,22.959422831632665,1.6853052200361418
random_impostor,/mnt/c/Users/ansar/Desktop/VGGFace2_ArcFace_Project/data/aligned/train/n005995/0121_03.jpg,/mnt/c/Users/ansar/Desktop/VGGFace2_ArcFace_Project/data/aligned/train/n000370/0341_01.jpg,0.0281431544572114,1831.978917698223,51.58115433673469,63.253520730224814,2955.9998482382834,1.667889030612244,13.67117462221806
random_impostor,/mnt/c/Users/ansar/Desktop/VGGFace2_ArcFace_Project/data/aligned/train/n002950/0377_01.jpg,/mnt/c/Users/ansar/Desktop/VGGFace2_ArcFace_Project/data/aligned/train/n006209/0196_01.jpg,0.0623149536550045,1330.1894959557408,93.0998086734694,86.20696082968168,1056.3644610194053,18.438456632653057,19.198768992220124
random_impostor,/mnt/c/Users/ansar/Desktop/VGGFace2_ArcFace_Project/data/aligned/train/n007332/0229_01.jpg,/mnt/c/Users/ansar/Desktop/VGGFace2_ArcFace_Project/data/aligned/train/n001235/0520_01.jpg,0.0859396830201149,634.0725202262525,68.41617506377551,67.82933749775532,14.05391880275306,28.316565688775512,35.27376412137261
random_impostor,/mnt/c/Users/ansar/Desktop/VGGFace2_ArcFace_Project/data/aligned/train/n002151/0189_01.jpg,/mnt/c/Users/ansar/Desktop/VGGFace2_ArcFace_Project/data/aligned/train/n005113/0272_01.jpg,0.1479457467794418,269.7338022139111,69.44846141581633,65.89626553745539,250.5841822499089,27.582350127551024,22.50308250129938
random_impostor,/mnt/c/Users/ansar/Desktop/VGGFace2_ArcFace_Project/data/aligned/train/n002932/0214_01.jpg,/mnt/c/Users/ansar/Desktop/VGGFace2_ArcFace_Project/data/aligned/train/n008823/0072_01.jpg,0.0637639090418815,1054.3897609750413,76.32425860969387,72.46594101524704,1859.9658916938906,29.095424107142854,0.2202860843692207
random_impostor,/mnt/c/Users/ansar/Desktop/VGGFace2_ArcFace_Project/data/aligned/train/n005760/0023_01.jpg,/mnt/c/Users/ansar/Desktop/VGGFace2_ArcFace_Project/data/aligned/train/n001808/0166_01.jpg,0.0803438499569892,1553.251859824591,100.09984853316327,85.47964271525592,158.4037703609822,55.99864477040816,36.168460809716905
random_impostor,/mnt/c/Users/ansar/Desktop/VGGFace2_ArcFace_Project/data/aligned/train/n006880/0119_01.jpg,/mnt/c/Users/ansar/Desktop/VGGFace2_ArcFace_Project/data/aligned/train/n002767/0336_02.jpg,-0.0319571569561958,563.1738247027351,64.88408801020408,64.67083679438191,145.59194097872427,41.929368622448976,32.013234265364
random_impostor,/mnt/c/Users/ansar/Desktop/VGGFace2_ArcFace_Project/data/aligned/train/n006877/0223_01.jpg,/mnt/c/Users/ansar/Desktop/VGGFace2_ArcFace_Project/data/aligned/train/n008754/0001_01.jpg,-0.1543310135602951,1044.3136042507922,93.97169961734693,74.83599244720432,182.46918235565897,23.813456632653057,0.7875429884625618
random_impostor,/mnt/c/Users/ansar/Desktop/VGGFace2_ArcFace_Project/data/aligned/train/n008880/0003_01.jpg,/mnt/c/Users/ansar/Desktop/VGGFace2_ArcFace_Project/data/aligned/train/n003398/0056_01.jpg,0.2230289727449417,1907.1819474404178,79.43634406887756,72.88658719183832,880.2359477547197,18.835060586734684,0.16935863457611333
random_impostor,/mnt/c/Users/ansar/Desktop/VGGFace2_ArcFace_Project/data/aligned/train/n009155/0155_03.jpg,/mnt/c/Users/ansar/Desktop/VGGFace2_ArcFace_Project/data/aligned/train/n005132/0360_01.jpg,0.2640312016010284,947.3022105524013,82.24573501275509,83.2657775915985,949.1116281975708,7.9093590561224545,2.0749996447374883
random_impostor,/mnt/c/Users/ansar/Desktop/VGGFace2_ArcFace_Project/data/aligned/train/n008232/0077_01.jpg,/mnt/c/Users/ansar/Desktop/VGGFace2_ArcFace_Project/data/aligned/train/n006829/0160_01.jpg,-0.0040921275503933,725.4333921731983,63.09247448979592,65.16028276032026,466.52813481112815,22.013552295918373,10.820155339469565
random_impostor,/mnt/c/Users/ansar/Desktop/VGGFace2_ArcFace_Project/data/aligned/train/n005837/0267_01.jpg,/mnt/c/Users/ansar/Desktop/VGGFace2_ArcFace_Project/data/aligned/train/n005342/0069_01.jpg,0.1837148368358612,1254.9869388006766,77.54356664540816,72.53522672717811,1752.5142903611936,30.549984056122447,13.281871686149998
random_impostor,/mnt/c/Users/ansar/Desktop/VGGFace2_ArcFace_Project/data/aligned/train/n009129/0071_06.jpg,/mnt/c/Users/ansar/Desktop/VGGFace2_ArcFace_Project/data/aligned/train/n009253/0274_01.jpg,0.2115145027637481,869.6416391692824,94.49091198979592,97.1865936233228,1024.1471957675817,23.132174744897952,0.9142318447072029
random_impostor,/mnt/c/Users/ansar/Desktop/VGGFace2_ArcFace_Project/data/aligned/train/n002498/0421_01.jpg,/mnt/c/Users/ansar/Desktop/VGGFace2_ArcFace_Project/data/aligned/train/n007278/0225_02.jpg,0.0492620430886745,350.68183910682865,67.40796396683673,66.92381778441106,8.579571534474155,10.147879464285715,5.035041265941672
random_impostor,/mnt/c/Users/ansar/Desktop/VGGFace2_ArcFace_Project/data/aligned/train/n000301/0365_01.jpg,/mnt/c/Users/ansar/Desktop/VGGFace2_ArcFace_Project/data/aligned/train/n003226/0049_02.jpg,-0.0357996299862861,723.337915658057,89.91968271683673,64.6756526679758,1200.5517768780423,4.9772799744897895,22.19418373793895
random_impostor,/mnt/c/Users/ansar/Desktop/VGGFace2_ArcFace_Project/data/aligned/train/n002766/0388_02.jpg,/mnt/c/Users/ansar/Desktop/VGGFace2_ArcFace_Project/data/aligned/train/n001093/0070_01.jpg,-0.0803673416376113,245.49651282333127,48.04986447704081,53.87125382392557,5.098385595967528,19.018574617346935,12.165851957493238
random_impostor,/mnt/c/Users/ansar/Desktop/VGGFace2_ArcFace_Project/data/aligned/train/n006784/0091_01.jpg,/mnt/c/Users/ansar/Desktop/VGGFace2_ArcFace_Project/data/aligned/train/n009110/0259_01.jpg,0.2329367250204086,927.9111637940064,87.03946109693877,69.60913400866914,573.3725065829505,45.73772321428571,18.869901819364358
random_impostor,/mnt/c/Users/ansar/Desktop/VGGFace2_ArcFace_Project/data/aligned/train/n003811/0184_01.jpg,/mnt/c/Users/ansar/Desktop/VGGFace2_ArcFace_Project/data/aligned/train/n007620/0434_01.jpg,-0.0058498359285295,771.1458528575079,91.7118144132653,83.46496781273166,157.69772897487576,4.942920918367349,17.454922854544947
random_impostor,/mnt/c/Users/ansar/Desktop/VGGFace2_ArcFace_Project/data/aligned/train/n004703/0410_02.jpg,/mnt/c/Users/ansar/Desktop/VGGFace2_ArcFace_Project/data/aligned/train/n002006/0163_07.jpg,-0.0498071871697902,567.7739432166884,73.96990593112245,66.79812001584153,892.2186941697368,40.6257174744898,25.416199751029907
random_impostor,/mnt/c/Users/ansar/Desktop/VGGFace2_ArcFace_Project/data/aligned/train/n004728/0440_01.jpg,/mnt/c/Users/ansar/Desktop/VGGFace2_ArcFace_Project/data/aligned/train/n003456/0153_01.jpg,0.0211123693734407,196.837509104432,60.74980070153062,65.35555310200265,221.42405741992266,11.292490433673471,9.558612165793214
random_impostor,/mnt/c/Users/ansar/Desktop/VGGFace2_ArcFace_Project/data/aligned/train/n007174/0378_06.jpg,/mnt/c/Users/ansar/Desktop/VGGFace2_ArcFace_Project/data/aligned/train/n007075/0124_01.jpg,0.0078240223228931,164.35917009626115,57.383370535714285,54.17046104078523,42.36442597058354,28.57940051020408,20.240932980921123
random_impostor,/mnt/c/Users/ansar/Desktop/VGGFace2_ArcFace_Project/data/aligned/train/n000935/0118_01.jpg,/mnt/c/Users/ansar/Desktop/VGGFace2_ArcFace_Project/data/aligned/train/n004244/0232_01.jpg,-0.0925608426332473,519.639678001801,88.12707270408163,80.74714041576463,331.99126442270153,18.58386479591836,20.29027546318244
random_impostor,/mnt/c/Users/ansar/Desktop/VGGFace2_ArcFace_Project/data/aligned/train/n002190/0022_01.jpg,/mnt/c/Users/ansar/Desktop/VGGFace2_ArcFace_Project/data/aligned/train/n001124/0217_01.jpg,0.094983272254467,358.59384711669514,88.6912069515306,79.22791781951992,555.4615363423301,6.35116390306122,15.146372100290804
random_impostor,/mnt/c/Users/ansar/Desktop/VGGFace2_ArcFace_Project/data/aligned/train/n003312/0138_01.jpg,/mnt/c/Users/ansar/Desktop/VGGFace2_ArcFace_Project/data/aligned/train/n002301/0030_01.jpg,0.1529652327299118,838.964382433782,90.04504145408163,75.7727086066423,718.7136086587457,1.7075892857142918,0.2287825842210225
random_impostor,/mnt/c/Users/ansar/Desktop/VGGFace2_ArcFace_Project/data/aligned/train/n000517/0097_01.jpg,/mnt/c/Users/ansar/Desktop/VGGFace2_ArcFace_Project/data/aligned/train/n001617/0082_01.jpg,-0.0085790930315852,713.6150084101921,88.56349649234694,79.63783213618026,244.5035096867192,31.64453125,5.653110453271054
random_impostor,/mnt/c/Users/ansar/Desktop/VGGFace2_ArcFace_Project/data/aligned/train/n005079/0133_02.jpg,/mnt/c/Users/ansar/Desktop/VGGFace2_ArcFace_Project/data/aligned/train/n003044/0021_01.jpg,-0.0332292690873146,202.6165206985442,81.12647480867346,64.77207931086454,65.46918955607893,23.062260841836732,4.843941611152985
random_impostor,/mnt/c/Users/ansar/Desktop/VGGFace2_ArcFace_Project/data/aligned/train/n000276/0220_01.jpg,/mnt/c/Users/ansar/Desktop/VGGFace2_ArcFace_Project/data/aligned/train/n000650/0285_01.jpg,0.2086701542139053,829.4885717421361,77.34028220663265,75.29871896385393,817.0826745150437,3.369021045918373,1.1295986528098894
random_impostor,/mnt/c/Users/ansar/Desktop/VGGFace2_ArcFace_Project/data/aligned/train/n003562/0071_01.jpg,/mnt/c/Users/ansar/Desktop/VGGFace2_ArcFace_Project/data/aligned/train/n005277/0269_01.jpg,0.0794055312871933,1894.690202667732,118.52770248724491,85.54714664882876,2714.0028642799793,1.7473692602040813,12.202579636682827
random_impostor,/mnt/c/Users/ansar/Desktop/VGGFace2_ArcFace_Project/data/aligned/train/n008148/0209_01.jpg,/mnt/c/Users/ansar/Desktop/VGGFace2_ArcFace_Project/data/aligned/train/n003866/0371_02.jpg,0.0961069613695144,940.3106997647617,92.09235491071429,72.53486763740135,1028.5654207076295,83.48748405612244,46.10647015552255
random_impostor,/mnt/c/Users/ansar/Desktop/VGGFace2_ArcFace_Project/data/aligned/train/n006262/0286_01.jpg,/mnt/c/Users/ansar/Desktop/VGGFace2_ArcFace_Project/data/aligned/train/n008045/0170_01.jpg,0.0691263526678085,252.31941589520704,79.9477838010204,68.78637235908029,20.996549168610187,11.953762755102048,18.307973808386492
random_impostor,/mnt/c/Users/ansar/Desktop/VGGFace2_ArcFace_Project/data/aligned/train/n000321/0373_01.jpg,/mnt/c/Users/ansar/Desktop/VGGFace2_ArcFace_Project/data/aligned/train/n001567/0086_02.jpg,0.2502815723419189,1486.17730576572,69.57521524234693,73.99590439249968,472.5656491382474,23.090640943877546,7.621446641704324
random_impostor,/mnt/c/Users/ansar/Desktop/VGGFace2_ArcFace_Project/data/aligned/train/n007552/0027_01.jpg,/mnt/c/Users/ansar/Desktop/VGGFace2_ArcFace_Project/data/aligned/train/n002175/0354_02.jpg,0.1155935078859329,284.60337412689984,92.07282366071428,77.06176924985085,131.17222204371225,31.518574617346943,19.6511664919349
random_impostor,/mnt/c/Users/ansar/Desktop/VGGFace2_ArcFace_Project/data/aligned/train/n000269/0208_03.jpg,/mnt/c/Users/ansar/Desktop/VGGFace2_ArcFace_Project/data/aligned/train/n000733/0339_01.jpg,0.0441324263811111,199.94649450642922,57.36858258928572,57.99074559074599,276.07764149784595,47.54264987244898,22.92755934558182
random_impostor,/mnt/c/Users/ansar/Desktop/VGGFace2_ArcFace_Project/data/aligned/train/n008759/0223_01.jpg,/mnt/c/Users/ansar/Desktop/VGGFace2_ArcFace_Project/data/aligned/train/n006133/0018_01.jpg,0.0065554045140743,562.0483837040301,84.27782206632654,75.30822892982785,925.9100479767849,40.62850765306122,31.184220071652042
random_impostor,/mnt/c/Users/ansar/Desktop/VGGFace2_ArcFace_Project/data/aligned/train/n003449/0448_02.jpg,/mnt/c/Users/ansar/Desktop/VGGFace2_ArcFace_Project/data/aligned/train/n008905/0226_02.jpg,0.1768063455820083,989.4125615429351,57.50294961734694,63.75948563875913,1723.403031348785,41.3639987244898,44.9596237031929
random_impostor,/mnt/c/Users/ansar/Desktop/VGGFace2_ArcFace_Project/data/aligned/train/n001102/0003_01.jpg,/mnt/c/Users/ansar/Desktop/VGGFace2_ArcFace_Project/data/aligned/train/n003625/0173_01.jpg,0.0480344146490097,605.1303519106368,100.25414540816327,80.34725650479018,862.2591839162374,4.598852040816325,14.409705228867438
random_impostor,/mnt/c/Users/ansar/Desktop/VGGFace2_ArcFace_Project/data/aligned/train/n009174/0263_01.jpg,/mnt/c/Users/ansar/Desktop/VGGFace2_ArcFace_Project/data/aligned/train/n005251/0059_01.jpg,-0.0406341142952442,280.36538139575225,62.32752710459184,64.59447233458918,371.8825550134954,8.643096301020414,17.07213901739638
random_impostor,/mnt/c/Users/ansar/Desktop/VGGFace2_ArcFace_Project/data/aligned/train/n008267/0368_01.jpg,/mnt/c/Users/ansar/Desktop/VGGFace2_ArcFace_Project/data/aligned/train/n000881/0006_01.jpg,0.0984712690114975,794.5796275553928,87.14405293367346,79.40594246331658,737.2043892996653,22.082270408163268,6.318827066482498
random_impostor,/mnt/c/Users/ansar/Desktop/VGGFace2_ArcFace_Project/data/aligned/train/n000637/0433_01.jpg,/mnt/c/Users/ansar/Desktop/VGGFace2_ArcFace_Project/data/aligned/train/n001038/0235_01.jpg,0.1912105977535247,460.91833818301416,69.86188616071428,58.53963880086864,494.77722706888085,11.34654017857143,13.923059793788312
random_impostor,/mnt/c/Users/ansar/Desktop/VGGFace2_ArcFace_Project/data/aligned/train/n001958/0317_02.jpg,/mnt/c/Users/ansar/Desktop/VGGFace2_ArcFace_Project/data/aligned/train/n006790/0031_01.jpg,0.1006921529769897,545.0550405144047,99.0095663265306,79.46316976902776,181.06770947514758,14.961894132653057,7.657113523449667
random_impostor,/mnt/c/Users/ansar/Desktop/VGGFace2_ArcFace_Project/data/aligned/train/n006205/0392_01.jpg,/mnt/c/Users/ansar/Desktop/VGGFace2_ArcFace_Project/data/aligned/train/n006941/0439_02.jpg,0.0023780462797731,1194.8158050371874,92.8700175382653,65.57727925150111,2139.9478911018928,84.22967155612245,14.821708440920304
random_impostor,/mnt/c/Users/ansar/Desktop/VGGFace2_ArcFace_Project/data/aligned/train/n004872/0188_01.jpg,/mnt/c/Users/ansar/Desktop/VGGFace2_ArcFace_Project/data/aligned/train/n002120/0335_01.jpg,-0.1463080644607544,2732.421019869117,102.42251275510205,97.21115282382263,1913.0110936480628,50.036033163265316,25.365204526320397
random_impostor,/mnt/c/Users/ansar/Desktop/VGGFace2_ArcFace_Project/data/aligned/train/n007024/0173_01.jpg,/mnt/c/Users/ansar/Desktop/VGGFace2_ArcFace_Project/data/aligned/train/n007613/0115_01.jpg,0.1298176050186157,300.6274712755997,69.17757493622449,62.05018979682178,423.130383499063,35.15298150510204,15.468022064033448
random_impostor,/mnt/c/Users/ansar/Desktop/VGGFace2_ArcFace_Project/data/aligned/train/n004547/0146_01.jpg,/mnt/c/Users/ansar/Desktop/VGGFace2_ArcFace_Project/data/aligned/train/n004377/0163_01.jpg,0.0105286482721567,962.1431435930983,81.7918925382653,85.59303586524416,916.0241768045358,34.16621492346938,17.756285314495855
random_impostor,/mnt/c/Users/ansar/Desktop/VGGFace2_ArcFace_Project/data/aligned/train/n007262/0217_01.jpg,/mnt/c/Users/ansar/Desktop/VGGFace2_ArcFace_Project/data/aligned/train/n002518/0024_01.jpg,0.0356518477201461,416.4925992998269,73.18722098214286,59.68519108334439,648.3912753828463,22.346221301020407,5.3590859282535135
random_impostor,/mnt/c/Users/ansar/Desktop/VGGFace2_ArcFace_Project/data/aligned/train/n000139/0312_01.jpg,/mnt/c/Users/ansar/Desktop/VGGFace2_ArcFace_Project/data/aligned/train/n008113/0015_01.jpg,0.0637158751487732,693.5669223764746,88.38855229591837,82.93467097777815,106.31959663337102,53.18718112244898,32.66404179711566
random_impostor,/mnt/c/Users/ansar/Desktop/VGGFace2_ArcFace_Project/data/aligned/train/n003878/0080_01.jpg,/mnt/c/Users/ansar/Desktop/VGGFace2_ArcFace_Project/data/aligned/train/n005936/0299_01.jpg,0.0780762657523155,665.8948922210909,64.13679846938776,60.916171449303974,1082.220294162761,34.750478316326536,21.990267625374408
random_impostor,/mnt/c/Users/ansar/Desktop/VGGFace2_ArcFace_Project/data/aligned/train/n008202/0017_01.jpg,/mnt/c/Users/ansar/Desktop/VGGFace2_ArcFace_Project/data/aligned/train/n007712/0003_01.jpg,0.1719275116920471,1177.924166722677,80.65051020408163,82.1770825097704,339.0845150580162,38.33641581632653,11.542188974875756
random_impostor,/mnt/c/Users/ansar/Desktop/VGGFace2_ArcFace_Project/data/aligned/train/n001895/0253_02.jpg,/mnt/c/Users/ansar/Desktop/VGGFace2_ArcFace_Project/data/aligned/train/n002337/0052_01.jpg,0.0548203587532043,1106.3089482006753,114.6306600765306,82.3866936279054,1089.106943539608,31.206154336734684,26.097537819303668
random_impostor,/mnt/c/Users/ansar/Desktop/VGGFace2_ArcFace_Project/data/aligned/train/n009153/0087_01.jpg,/mnt/c/Users/ansar/Desktop/VGGFace2_ArcFace_Project/data/aligned/train/n004042/0154_01.jpg,0.2819189131259918,438.1799588598643,81.18602519132654,73.85237007979279,492.6195787257425,15.631776147959187,17.623448791628263
random_impostor,/mnt/c/Users/ansar/Desktop/VGGFace2_ArcFace_Project/data/aligned/train/n000204/0042_03.jpg,/mnt/c/Users/ansar/Desktop/VGGFace2_ArcFace_Project/data/aligned/train/n008697/0274_04.jpg,0.0986247286200523,141.71400879999345,72.87077487244898,61.778693016727026,112.48287309283572,17.007971938775512,17.974695551449898
random_impostor,/mnt/c/Users/ansar/Desktop/VGGFace2_ArcFace_Project/data/aligned/train/n000824/0068_01.jpg,/mnt/c/Users/ansar/Desktop/VGGFace2_ArcFace_Project/data/aligned/train/n006391/0131_01.jpg,0.0391552075743675,772.8615402069156,99.87647480867346,79.84955687741325,971.1659337257853,15.665736607142847,13.992004833128988
random_impostor,/mnt/c/Users/ansar/Desktop/VGGFace2_ArcFace_Project/data/aligned/train/n006690/0297_01.jpg,/mnt/c/Users/ansar/Desktop/VGGFace2_ArcFace_Project/data/aligned/train/n000196/0089_01.jpg,0.0855346843600273,427.2612210567272,60.968670280612244,56.27834920523189,291.25847303206996,29.077965561224488,1.262835261548993
random_impostor,/mnt/c/Users/ansar/Desktop/VGGFace2_ArcFace_Project/data/aligned/train/n001843/0345_03.jpg,/mnt/c/Users/ansar/Desktop/VGGFace2_ArcFace_Project/data/aligned/train/n002039/0097_01.jpg,0.0662178695201873,377.54763996993336,79.2292330994898,70.46153006147662,247.14748520793535,30.620934311224495,25.209540198105145
random_impostor,/mnt/c/Users/ansar/Desktop/VGGFace2_ArcFace_Project/data/aligned/train/n008745/0074_01.jpg,/mnt/c/Users/ansar/Desktop/VGGFace2_ArcFace_Project/data/aligned/train/n008855/0138_02.jpg,0.1019767820835113,588.5582024615192,76.43881536989795,78.07967245562634,5.128850146463947,3.8274075255101963,25.422506546014816
random_impostor,/mnt/c/Users/ansar/Desktop/VGGFace2_ArcFace_Project/data/aligned/train/n006195/0260_01.jpg,/mnt/c/Users/ansar/Desktop/VGGFace2_ArcFace_Project/data/aligned/train/n000407/0208_02.jpg,0.0005914453649893,692.5920796996105,59.86224489795919,59.0087119123078,1130.3792686478293,0.36320153061224403,8.144619516371158
random_impostor,/mnt/c/Users/ansar/Desktop/VGGFace2_ArcFace_Project/data/aligned/train/n002974/0086_02.jpg,/mnt/c/Users/ansar/Desktop/VGGFace2_ArcFace_Project/data/aligned/train/n005095/0004_02.jpg,-0.0125761358067393,129.6247994146065,82.52834024234694,69.1721032227661,82.88812490365544,34.56066645408163,23.964608497672252
random_impostor,/mnt/c/Users/ansar/Desktop/VGGFace2_ArcFace_Project/data/aligned/train/n001045/0052_01.jpg,/mnt/c/Users/ansar/Desktop/VGGFace2_ArcFace_Project/data/aligned/train/n000034/0067_01.jpg,0.009413325227797,510.51549090250785,62.11049107142857,57.00013541383547,477.6325730939847,55.597895408163275,43.024369285980455
random_impostor,/mnt/c/Users/ansar/Desktop/VGGFace2_ArcFace_Project/data/aligned/train/n001560/0500_01.jpg,/mnt/c/Users/ansar/Desktop/VGGFace2_ArcFace_Project/data/aligned/train/n006069/0119_01.jpg,0.1129052191972732,1387.4836388253907,80.20575573979592,75.70009409937992,1241.056870904976,19.55325255102042,7.900726951254072
random_impostor,/mnt/c/Users/ansar/Desktop/VGGFace2_ArcFace_Project/data/aligned/train/n007442/0619_01.jpg,/mnt/c/Users/ansar/Desktop/VGGFace2_ArcFace_Project/data/aligned/train/n003067/0102_01.jpg,0.1452814638614654,389.86274189851724,48.13735650510205,50.11433203998254,61.83655532525512,34.820153061224495,25.180856135338225
random_impostor,/mnt/c/Users/ansar/Desktop/VGGFace2_ArcFace_Project/data/aligned/train/n006333/0206_01.jpg,/mnt/c/Users/ansar/Desktop/VGGFace2_ArcFace_Project/data/aligned/train/n003684/0185_01.jpg,0.177412524819374,1185.0383156327991,90.51100127551021,82.36385041965539,1150.4640654691407,11.551498724489804,11.672413947491961
random_impostor,/mnt/c/Users/ansar/Desktop/VGGFace2_ArcFace_Project/data/aligned/train/n006474/0261_03.jpg,/mnt/c/Users/ansar/Desktop/VGGFace2_ArcFace_Project/data/aligned/train/n001886/0178_01.jpg,0.2438012361526489,194.24665299002106,81.80333227040816,66.35602669321166,0.9322222702108718,4.404655612244909,16.512706253896674
random_impostor,/mnt/c/Users/ansar/Desktop/VGGFace2_ArcFace_Project/data/aligned/train/n001738/0065_01.jpg,/mnt/c/Users/ansar/Desktop/VGGFace2_ArcFace_Project/data/aligned/train/n005479/0209_01.jpg,0.2961837947368622,1303.095753534294,86.09195631377551,64.20582056611013,1843.5854860279571,31.205117984693885,13.077556487024985
random_impostor,/mnt/c/Users/ansar/Desktop/VGGFace2_ArcFace_Project/data/aligned/train/n002868/0138_01.jpg,/mnt/c/Users/ansar/Desktop/VGGFace2_ArcFace_Project/data/aligned/train/n002433/0083_01.jpg,-0.0144997192546725,659.8389629410088,80.6573262117347,73.59681579349964,267.1618474907102,14.893096301020407,0.9794400308912827
random_impostor,/mnt/c/Users/ansar/Desktop/VGGFace2_ArcFace_Project/data/aligned/train/n002072/0262_01.jpg,/mnt/c/Users/ansar/Desktop/VGGFace2_ArcFace_Project/data/aligned/train/n007540/0406_01.jpg,0.0268346220254898,218.8140074711251,76.81517059948979,79.10352068714583,265.71833142872805,49.46293048469388,38.07130273610567
random_impostor,/mnt/c/Users/ansar/Desktop/VGGFace2_ArcFace_Project/data/aligned/train/n008019/0309_01.jpg,/mnt/c/Users/ansar/Desktop/VGGFace2_ArcFace_Project/data/aligned/train/n005278/0098_04.jpg,0.1217348799109458,315.7608441341325,75.35451211734694,71.06921478989003,83.5707463109955,6.546396683673464,14.207065124212235
random_impostor,/mnt/c/Users/ansar/Desktop/VGGFace2_ArcFace_Project/data/aligned/train/n004326/0123_01.jpg,/mnt/c/Users/ansar/Desktop/VGGFace2_ArcFace_Project/data/aligned/train/n007907/0232_01.jpg,0.1639933288097381,1369.5913028931527,58.11312181122449,66.47707265144413,1625.829035366937,7.437659438775512,18.913825847373452
random_impostor,/mnt/c/Users/ansar/Desktop/VGGFace2_ArcFace_Project/data/aligned/train/n001693/0022_01.jpg,/mnt/c/Users/ansar/Desktop/VGGFace2_ArcFace_Project/data/aligned/train/n008542/0167_01.jpg,0.0611144490540027,336.51144282076075,85.3512037627551,70.58311268380604,291.59878358280895,8.454958545918373,22.768016617103385
random_impostor,/mnt/c/Users/ansar/Desktop/VGGFace2_ArcFace_Project/data/aligned/train/n003492/0004_01.jpg,/mnt/c/Users/ansar/Desktop/VGGFace2_ArcFace_Project/data/aligned/train/n000076/0171_01.jpg,0.0619465485215187,706.188711230728,54.81812021683673,62.00323782640124,35.834711223381646,40.259008290816325,32.94385749638094
random_impostor,/mnt/c/Users/ansar/Desktop/VGGFace2_ArcFace_Project/data/aligned/train/n004734/0006_01.jpg,/mnt/c/Users/ansar/Desktop/VGGFace2_ArcFace_Project/data/aligned/train/n007486/0178_01.jpg,0.0382031723856925,476.8628605084337,76.12767059948979,78.61378715060229,444.7981018612951,17.806202168367335,10.42640811363934
random_impostor,/mnt/c/Users/ansar/Desktop/VGGFace2_ArcFace_Project/data/aligned/train/n008127/0237_01.jpg,/mnt/c/Users/ansar/Desktop/VGGFace2_ArcFace_Project/data/aligned/train/n003814/0220_01.jpg,0.1557413637638092,656.1469209219008,81.13807397959184,72.23691883188182,433.8711526815914,3.296715561224488,6.670919162804779
random_impostor,/mnt/c/Users/ansar/Desktop/VGGFace2_ArcFace_Project/data/aligned/train/n008737/0331_08.jpg,/mnt/c/Users/ansar/Desktop/VGGFace2_ArcFace_Project/data/aligned/train/n005800/0060_01.jpg,0.092670053243637,272.4862848811723,71.1727519132653,70.8182594235278,256.20539775881747,12.235809948979593,6.229839416170506
random_impostor,/mnt/c/Users/ansar/Desktop/VGGFace2_ArcFace_Project/data/aligned/train/n000294/0086_01.jpg,/mnt/c/Users/ansar/Desktop/VGGFace2_ArcFace_Project/data/aligned/train/n005451/0258_01.jpg,-0.0331415757536888,601.8015183238672,50.24107142857143,52.564545816221376,881.7041961275899,9.188297193877553,10.857729728976324
random_impostor,/mnt/c/Users/ansar/Desktop/VGGFace2_ArcFace_Project/data/aligned/train/n007201/0182_01.jpg,/mnt/c/Users/ansar/Desktop/VGGFace2_ArcFace_Project/data/aligned/train/n003829/0361_01.jpg,0.0045612431131303,783.0231763465562,77.18335459183673,67.28011467725007,546.7144532368513,30.298947704081627,17.643373375760653
random_impostor,/mnt/c/Users/ansar/Desktop/VGGFace2_ArcFace_Project/data/aligned/train/n006755/0141_01.jpg,/mnt/c/Users/ansar/Desktop/VGGFace2_ArcFace_Project/data/aligned/train/n002809/0027_01.jpg,0.059940043836832,983.939335566866,103.83250956632654,80.80431707935881,894.8069351240775,51.81696428571429,16.359408469970262
random_impostor,/mnt/c/Users/ansar/Desktop/VGGFace2_ArcFace_Project/data/aligned/train/n001602/0079_01.jpg,/mnt/c/Users/ansar/Desktop/VGGFace2_ArcFace_Project/data/aligned/train/n001394/0032_02.jpg,0.0841129794716835,1198.3338111963235,90.93351403061226,84.21257125686584,1344.5165513565719,19.871173469387756,13.447492353645316
random_impostor,/mnt/c/Users/ansar/Desktop/VGGFace2_ArcFace_Project/data/aligned/train/n003591/0072_01.jpg,/mnt/c/Users/ansar/Desktop/VGGFace2_ArcFace_Project/data/aligned/train/n003745/0209_01.jpg,0.0655413120985031,844.5884126586151,93.22620376275509,72.76629486355625,283.7422608133654,40.875079719387756,26.335661226278845
random_impostor,/mnt/c/Users/ansar/Desktop/VGGFace2_ArcFace_Project/data/aligned/train/n004666/0211_04.jpg,/mnt/c/Users/ansar/Desktop/VGGFace2_ArcFace_Project/data/aligned/train/n008967/0136_01.jpg,0.1984892934560775,179.1314820301925,83.46906887755102,66.99516879979107,13.529617277794415,9.160395408163268,30.98797687022133
random_impostor,/mnt/c/Users/ansar/Desktop/VGGFace2_ArcFace_Project/data/aligned/train/n000310/0105_03.jpg,/mnt/c/Users/ansar/Desktop/VGGFace2_ArcFace_Project/data/aligned/train/n001700/0123_01.jpg,0.217610165476799,537.7390805220216,66.19056919642857,53.30627732576805,797.6924029457125,72.21037946428572,49.49525691186542
random_impostor,/mnt/c/Users/ansar/Desktop/VGGFace2_ArcFace_Project/data/aligned/train/n007191/0732_01.jpg,/mnt/c/Users/ansar/Desktop/VGGFace2_ArcFace_Project/data/aligned/train/n006511/0127_01.jpg,0.0718921869993209,1081.6233746339162,80.71233258928571,69.8355695170574,751.0823864092785,40.892299107142854,1.5213883456888766
random_impostor,/mnt/c/Users/ansar/Desktop/VGGFace2_ArcFace_Project/data/aligned/train/n006101/0249_01.jpg,/mnt/c/Users/ansar/Desktop/VGGFace2_ArcFace_Project/data/aligned/train/n006004/0302_01.jpg,0.1370877623558044,191.6890198414845,39.73425542091837,33.182676100225265,151.39040315334915,2.41191007653061,5.907764727180815
random_impostor,/mnt/c/Users/ansar/Desktop/VGGFace2_ArcFace_Project/data/aligned/train/n003311/0222_01.jpg,/mnt/c/Users/ansar/Desktop/VGGFace2_ArcFace_Project/data/aligned/train/n006165/0252_01.jpg,0.1629607379436493,882.1544448935157,86.23927774234693,79.39626353108072,1170.9779519458855,5.419084821428569,13.890091176651566
random_impostor,/mnt/c/Users/ansar/Desktop/VGGFace2_ArcFace_Project/data/aligned/train/n000359/0369_02.jpg,/mnt/c/Users/ansar/Desktop/VGGFace2_ArcFace_Project/data/aligned/train/n004827/0027_01.jpg,0.0415256731212139,269.9721857060596,68.64413265306123,61.41055074695068,41.605527319346066,17.806122448979593,8.543285081530271
random_impostor,/mnt/c/Users/ansar/Desktop/VGGFace2_ArcFace_Project/data/aligned/train/n000688/0242_01.jpg,/mnt/c/Users/ansar/Desktop/VGGFace2_ArcFace_Project/data/aligned/train/n007403/0091_01.jpg,0.0562100708484649,522.2015401037074,76.38360969387756,73.81984399676388,329.3517216146613,12.590401785714292,32.02678742052529
random_impostor,/mnt/c/Users/ansar/Desktop/VGGFace2_ArcFace_Project/data/aligned/train/n000863/0172_01.jpg,/mnt/c/Users/ansar/Desktop/VGGFace2_ArcFace_Project/data/aligned/train/n007479/0126_01.jpg,0.0634269565343856,239.3443099136702,76.03419961734693,63.8616799414161,302.4997420241465,57.21189413265306,38.9913061006846
random_impostor,/mnt/c/Users/ansar/Desktop/VGGFace2_ArcFace_Project/data/aligned/train/n008268/0046_01.jpg,/mnt/c/Users/ansar/Desktop/VGGFace2_ArcFace_Project/data/aligned/train/n005222/0313_01.jpg,0.0415847152471542,2435.6416674530146,88.61069036989795,74.12344800943751,2350.910450723657,23.51139987244899,10.46422133706271
random_impostor,/mnt/c/Users/ansar/Desktop/VGGFace2_ArcFace_Project/data/aligned/train/n001483/0071_01.jpg,/mnt/c/Users/ansar/Desktop/VGGFace2_ArcFace_Project/data/aligned/train/n002804/0381_01.jpg,-0.0148043856024742,653.7557876218314,66.01554528061224,75.968036822365,1023.2425217126023,48.3938137755102,45.03774494255243
random_impostor,/mnt/c/Users/ansar/Desktop/VGGFace2_ArcFace_Project/data/aligned/train/n007047/0249_01.jpg,/mnt/c/Users/ansar/Desktop/VGGFace2_ArcFace_Project/data/aligned/train/n005265/0255_01.jpg,0.1497762948274612,208.03840069689386,56.424984056122454,50.43126084699742,156.5696331565949,29.278698979591844,28.122812915290403
random_impostor,/mnt/c/Users/ansar/Desktop/VGGFace2_ArcFace_Project/data/aligned/train/n006895/0033_01.jpg,/mnt/c/Users/ansar/Desktop/VGGFace2_ArcFace_Project/data/aligned/train/n000506/0117_01.jpg,-0.0380594804883003,1073.4596155175363,70.1104512117347,70.33770167105308,1316.3568811317327,55.75087691326531,35.78388810432871
random_impostor,/mnt/c/Users/ansar/Desktop/VGGFace2_ArcFace_Project/data/aligned/train/n006789/0128_06.jpg,/mnt/c/Users/ansar/Desktop/VGGFace2_ArcFace_Project/data/aligned/train/n001224/0478_02.jpg,0.1087151318788528,368.13841770589977,78.10164221938776,78.47858809364686,111.29182448698947,35.18399234693877,27.19769642955555
random_impostor,/mnt/c/Users/ansar/Desktop/VGGFace2_ArcFace_Project/data/aligned/train/n008170/0537_01.jpg,/mnt/c/Users/ansar/Desktop/VGGFace2_ArcFace_Project/data/aligned/train/n006175/0269_01.jpg,0.2757881879806518,1140.2635778056142,75.99756855867346,75.54097576138093,1843.5234039192248,36.69826211734694,29.27086596724287
random_impostor,/mnt/c/Users/ansar/Desktop/VGGFace2_ArcFace_Project/data/aligned/train/n008636/0072_02.jpg,/mnt/c/Users/ansar/Desktop/VGGFace2_ArcFace_Project/data/aligned/train/n008880/0129_01.jpg,0.0601666383445262,641.3557270626782,74.85331632653062,68.98587980998855,608.5040488856774,0.5913584183673493,2.114921507753891
random_impostor,/mnt/c/Users/ansar/Desktop/VGGFace2_ArcFace_Project/data/aligned/train/n008344/0070_01.jpg,/mnt/c/Users/ansar/Desktop/VGGFace2_ArcFace_Project/data/aligned/train/n007844/0066_01.jpg,0.1091395318508148,632.2841179119652,90.75139508928571,75.8279991588729,686.0725457550138,7.037707270408163,11.6072678721643
random_impostor,/mnt/c/Users/ansar/Desktop/VGGFace2_ArcFace_Project/data/aligned/train/n001119/0213_01.jpg,/mnt/c/Users/ansar/Desktop/VGGFace2_ArcFace_Project/data/aligned/train/n007695/0329_01.jpg,0.0723114982247352,1228.947689121537,69.3043287627551,63.65978012219048,1239.0246672783232,28.406648596938773,20.714401990324767
random_impostor,/mnt/c/Users/ansar/Desktop/VGGFace2_ArcFace_Project/data/aligned/train/n007111/0370_01.jpg,/mnt/c/Users/ansar/Desktop/VGGFace2_ArcFace_Project/data/aligned/train/n005443/0131_01.jpg,0.0384889133274555,1386.5319101698246,111.07944036989795,89.21178461570338,346.8033002402972,15.933115433673478,5.935404007611027
random_impostor,/mnt/c/Users/ansar/Desktop/VGGFace2_ArcFace_Project/data/aligned/train/n004230/0293_01.jpg,/mnt/c/Users/ansar/Desktop/VGGFace2_ArcFace_Project/data/aligned/train/n002290/0272_01.jpg,0.0304614230990409,425.57153673342793,87.90760522959184,75.03033718524347,151.97283201523504,13.182716836734699,5.533934770264082
random_impostor,/mnt/c/Users/ansar/Desktop/VGGFace2_ArcFace_Project/data/aligned/train/n004649/0030_01.jpg,/mnt/c/Users/ansar/Desktop/VGGFace2_ArcFace_Project/data/aligned/train/n009202/0145_01.jpg,0.2799800932407379,499.2417123453759,58.1432955994898,53.34197826930915,775.3390671659737,38.15377869897959,36.20002961036325
random_impostor,/mnt/c/Users/ansar/Desktop/VGGFace2_ArcFace_Project/data/aligned/train/n000424/0007_03.jpg,/mnt/c/Users/ansar/Desktop/VGGFace2_ArcFace_Project/data/aligned/train/n006413/0109_04.jpg,0.2046262770891189,1302.971089580366,114.35682397959184,94.80241586967699,1969.8336498700594,3.8233418367346985,5.890513298677362
random_impostor,/mnt/c/Users/ansar/Desktop/VGGFace2_ArcFace_Project/data/aligned/train/n005647/0083_01.jpg,/mnt/c/Users/ansar/Desktop/VGGFace2_ArcFace_Project/data/aligned/train/n008114/0246_01.jpg,0.2690258324146271,921.2431741672375,104.28954081632654,81.51704977908554,926.2957183316769,20.83721301020408,19.903221144612743
random_impostor,/mnt/c/Users/ansar/Desktop/VGGFace2_ArcFace_Project/data/aligned/train/n007335/0090_01.jpg,/mnt/c/Users/ansar/Desktop/VGGFace2_ArcFace_Project/data/aligned/train/n001445/0054_04.jpg,0.1276531964540481,802.398495046162,94.04691485969389,78.38539658167232,144.58528561097603,42.62077487244899,27.443712883916774
random_impostor,/mnt/c/Users/ansar/Desktop/VGGFace2_ArcFace_Project/data/aligned/train/n008582/0134_01.jpg,/mnt/c/Users/ansar/Desktop/VGGFace2_ArcFace_Project/data/aligned/train/n003650/0113_02.jpg,0.0320817492902278,401.48900786323975,70.7999043367347,69.64280446237673,190.98455846135886,36.19897959183673,8.627507028432632
random_impostor,/mnt/c/Users/ansar/Desktop/VGGFace2_ArcFace_Project/data/aligned/train/n006940/0465_01.jpg,/mnt/c/Users/ansar/Desktop/VGGFace2_ArcFace_Project/data/aligned/train/n002816/0226_01.jpg,0.0452993884682655,924.1670547065909,60.55703922193878,58.87841276585656,1592.5218258070875,4.118702168367342,6.280842500486159
random_impostor,/mnt/c/Users/ansar/Desktop/VGGFace2_ArcFace_Project/data/aligned/train/n009163/0277_01.jpg,/mnt/c/Users/ansar/Desktop/VGGFace2_ArcFace_Project/data/aligned/train/n004903/0083_01.jpg,0.0215123668313026,332.0338347759508,72.49226721938776,72.33464015681966,238.96167062729995,33.94116709183674,9.563898043898462
random_impostor,/mnt/c/Users/ansar/Desktop/VGGFace2_ArcFace_Project/data/aligned/train/n008641/0208_01.jpg,/mnt/c/Users/ansar/Desktop/VGGFace2_ArcFace_Project/data/aligned/train/n000723/0087_01.jpg,0.1091241985559463,492.67386289419414,71.12683354591837,63.50555424294605,791.0943221696364,2.6868622448979664,11.82439434351128
random_impostor,/mnt/c/Users/ansar/Desktop/VGGFace2_ArcFace_Project/data/aligned/train/n004691/0033_01.jpg,/mnt/c/Users/ansar/Desktop/VGGFace2_ArcFace_Project/data/aligned/train/n005092/0079_01.jpg,0.2981118261814117,999.1931245478925,89.56086575255102,74.75473608202978,419.58620001345287,14.903619260204081,3.2023045208874237
random_impostor,/mnt/c/Users/ansar/Desktop/VGGFace2_ArcFace_Project/data/aligned/train/n001103/0130_01.jpg,/mnt/c/Users/ansar/Desktop/VGGFace2_ArcFace_Project/data/aligned/train/n001206/0303_01.jpg,0.1505611091852188,2710.6788689908462,91.6638632015306,90.01266851524217,1312.5892595563619,29.689652423469383,14.632123965609452
random_impostor,/mnt/c/Users/ansar/Desktop/VGGFace2_ArcFace_Project/data/aligned/train/n004644/0098_01.jpg,/mnt/c/Users/ansar/Desktop/VGGFace2_ArcFace_Project/data/aligned/train/n004944/0095_01.jpg,0.0776806995272636,1065.3727483181394,71.80500637755102,71.40015320388679,293.6380495947632,28.254623724489797,29.212490430738242
random_impostor,/mnt/c/Users/ansar/Desktop/VGGFace2_ArcFace_Project/data/aligned/train/n007536/0071_02.jpg,/mnt/c/Users/ansar/Desktop/VGGFace2_ArcFace_Project/data/aligned/train/n000223/0034_01.jpg,0.0150957433506846,1415.4251747306116,88.81628667091837,73.16414447953409,160.84086927281282,39.57071109693878,27.60937251336331
random_impostor,/mnt/c/Users/ansar/Desktop/VGGFace2_ArcFace_Project/data/aligned/train/n003687/0097_01.jpg,/mnt/c/Users/ansar/Desktop/VGGFace2_ArcFace_Project/data/aligned/train/n008911/0268_01.jpg,0.1185714453458786,1054.1215817770428,74.71468431122449,69.93146123479153,582.8613924902711,21.276147959183675,19.150716526130637
random_impostor,/mnt/c/Users/ansar/Desktop/VGGFace2_ArcFace_Project/data/aligned/train/n002787/0137_02.jpg,/mnt/c/Users/ansar/Desktop/VGGFace2_ArcFace_Project/data/aligned/train/n008865/0275_01.jpg,0.0107210241258144,235.10372281342632,73.17709661989795,45.826998271688744,181.18972072259723,80.51602359693878,6.032117650659998
random_impostor,/mnt/c/Users/ansar/Desktop/VGGFace2_ArcFace_Project/data/aligned/train/n001007/0355_01.jpg,/mnt/c/Users/ansar/Desktop/VGGFace2_ArcFace_Project/data/aligned/train/n006534/0010_01.jpg,0.0260543618351221,778.8350375015406,58.89146205357143,69.12731062371073,992.806474481509,15.859933035714285,24.85005435717803
random_impostor,/mnt/c/Users/ansar/Desktop/VGGFace2_ArcFace_Project/data/aligned/train/n004625/0204_01.jpg,/mnt/c/Users/ansar/Desktop/VGGFace2_ArcFace_Project/data/aligned/train/n007946/0167_01.jpg,0.1126564815640449,1110.9944524610107,80.56317761479592,81.95909215362147,401.8440902309585,51.760762117346935,25.404192566325975
random_impostor,/mnt/c/Users/ansar/Desktop/VGGFace2_ArcFace_Project/data/aligned/train/n007597/0139_01.jpg,/mnt/c/Users/ansar/Desktop/VGGFace2_ArcFace_Project/data/aligned/train/n006122/0213_01.jpg,0.0467063710093498,2800.9165071823454,89.75023915816327,78.7341854241736,270.4828317015431,82.65672831632654,21.258044479870705
random_impostor,/mnt/c/Users/ansar/Desktop/VGGFace2_ArcFace_Project/data/aligned/train/n002350/0571_01.jpg,/mnt/c/Users/ansar/Desktop/VGGFace2_ArcFace_Project/data/aligned/train/n005529/0035_02.jpg,0.1552600562572479,405.57235270050955,85.40589126275509,74.70114327310799,90.23172160398462,8.216278698979593,16.22247137679952
random_impostor,/mnt/c/Users/ansar/Desktop/VGGFace2_ArcFace_Project/data/aligned/train/n005085/0174_02.jpg,/mnt/c/Users/ansar/Desktop/VGGFace2_ArcFace_Project/data/aligned/train/n001550/0418_01.jpg,0.0274442378431558,724.0721113434536,74.05261479591837,71.96592629500532,928.5879201702354,2.4556760204081627,13.536116058220415
random_impostor,/mnt/c/Users/ansar/Desktop/VGGFace2_ArcFace_Project/data/aligned/train/n001546/0071_01.jpg,/mnt/c/Users/ansar/Desktop/VGGFace2_ArcFace_Project/data/aligned/train/n004659/0472_01.jpg,-0.0818877890706062,424.7110549310305,84.84107940051021,78.31795572528637,375.7550839158407,16.093191964285708,2.397795927300294
random_impostor,/mnt/c/Users/ansar/Desktop/VGGFace2_ArcFace_Project/data/aligned/train/n005516/0265_01.jpg,/mnt/c/Users/ansar/Desktop/VGGFace2_ArcFace_Project/data/aligned/train/n002495/0142_01.jpg,-0.0338881276547908,277.9119512453917,33.91597576530612,34.50409273840697,513.6069551251026,7.6493941326530575,22.275948844553408
random_impostor,/mnt/c/Users/ansar/Desktop/VGGFace2_ArcFace_Project/data/aligned/train/n004532/0123_01.jpg,/mnt/c/Users/ansar/Desktop/VGGFace2_ArcFace_Project/data/aligned/train/n003080/0144_01.jpg,0.0428577065467834,143.01617304537012,62.575414540816325,44.837193174695514,103.80472980008332,24.88105867346939,12.678385237302699
random_impostor,/mnt/c/Users/ansar/Desktop/VGGFace2_ArcFace_Project/data/aligned/train/n001699/0346_01.jpg,/mnt/c/Users/ansar/Desktop/VGGFace2_ArcFace_Project/data/aligned/train/n006709/0229_01.jpg,0.096513532102108,213.56907015748448,73.67617984693878,63.140841485379106,285.4241864046719,22.476403061224495,11.930641726477532
random_impostor,/mnt/c/Users/ansar/Desktop/VGGFace2_ArcFace_Project/data/aligned/train/n007590/0296_01.jpg,/mnt/c/Users/ansar/Desktop/VGGFace2_ArcFace_Project/data/aligned/train/n006914/0197_01.jpg,0.0167252644896507,469.1262277414877,81.11312181122449,63.573716088829364,170.60815362958095,74.78922193877551,39.523964146525074
random_impostor,/mnt/c/Users/ansar/Desktop/VGGFace2_ArcFace_Project/data/aligned/train/n002560/0472_01.jpg,/mnt/c/Users/ansar/Desktop/VGGFace2_ArcFace_Project/data/aligned/train/n003235/0122_01.jpg,0.0354631468653678,773.2058717790419,61.12838807397959,66.24709606293194,821.0971246009964,5.0810746173469425,12.551146480453
random_impostor,/mnt/c/Users/ansar/Desktop/VGGFace2_ArcFace_Project/data/aligned/train/n002432/0016_01.jpg,/mnt/c/Users/ansar/Desktop/VGGFace2_ArcFace_Project/data/aligned/train/n002293/0150_01.jpg,0.0237989239394664,533.6952812579312,68.34769610969387,66.56733663275213,420.8550687295007,18.222815688775505,15.173972493913581
random_impostor,/mnt/c/Users/ansar/Desktop/VGGFace2_ArcFace_Project/data/aligned/train/n001048/0033_01.jpg,/mnt/c/Users/ansar/Desktop/VGGFace2_ArcFace_Project/data/aligned/train/n001450/0092_01.jpg,-0.0025014702696353,376.14380043916333,69.30731823979592,61.29882772826684,639.3140689860975,50.485809948979586,40.12643684893114
random_impostor,/mnt/c/Users/ansar/Desktop/VGGFace2_ArcFace_Project/data/aligned/train/n006919/0115_01.jpg,/mnt/c/Users/ansar/Desktop/VGGFace2_ArcFace_Project/data/aligned/train/n006462/0097_01.jpg,0.0786096230149269,364.03161239465146,72.37958386479592,57.03187931724338,338.9112796362417,33.726004464285715,23.559223021489082
random_impostor,/mnt/c/Users/ansar/Desktop/VGGFace2_ArcFace_Project/data/aligned/train/n004507/0423_01.jpg,/mnt/c/Users/ansar/Desktop/VGGFace2_ArcFace_Project/data/aligned/train/n008855/0677_01.jpg,0.0391754955053329,1082.6124368625499,75.55616230867346,68.73474733657807,1876.2437623392188,57.690609056122454,43.95772886392265
random_impostor,/mnt/c/Users/ansar/Desktop/VGGFace2_ArcFace_Project/data/aligned/train/n005749/0189_01.jpg,/mnt/c/Users/ansar/Desktop/VGGFace2_ArcFace_Project/data/aligned/train/n001606/0298_01.jpg,0.5185967087745667,1663.3335569191852,86.5626992984694,91.48487539944823,2315.943461108734,26.57613201530613,18.473559066420137
random_impostor,/mnt/c/Users/ansar/Desktop/VGGFace2_ArcFace_Project/data/aligned/train/n007336/0033_01.jpg,/mnt/c/Users/ansar/Desktop/VGGFace2_ArcFace_Project/data/aligned/train/n003564/0265_02.jpg,-0.0180195178836584,588.1661181308885,63.02323820153061,69.31147207000737,216.70101399324386,17.02080676020408,9.219325431158751
random_impostor,/mnt/c/Users/ansar/Desktop/VGGFace2_ArcFace_Project/data/aligned/train/n003598/0122_01.jpg,/mnt/c/Users/ansar/Desktop/VGGFace2_ArcFace_Project/data/aligned/train/n003532/0191_01.jpg,-0.2091853320598602,729.7692560325409,90.73218271683673,72.71821167028925,715.5972475610341,11.47807716836735,22.416976704024982
random_impostor,/mnt/c/Users/ansar/Desktop/VGGFace2_ArcFace_Project/data/aligned/train/n005842/0079_02.jpg,/mnt/c/Users/ansar/Desktop/VGGFace2_ArcFace_Project/data/aligned/train/n005557/0149_04.jpg,0.1078383773565292,195.19952655364847,79.9900350765306,70.62687817818697,186.20579939353271,16.44180484693878,9.194326359601376
random_impostor,/mnt/c/Users/ansar/Desktop/VGGFace2_ArcFace_Project/data/aligned/train/n002871/0384_02.jpg,/mnt/c/Users/ansar/Desktop/VGGFace2_ArcFace_Project/data/aligned/train/n002407/0104_01.jpg,-0.0274766348302364,563.109591934096,85.5902024872449,67.9621853885715,157.57684349050527,12.87348533163265,1.6394010644723664
random_impostor,/mnt/c/Users/ansar/Desktop/VGGFace2_ArcFace_Project/data/aligned/train/n001148/0255_01.jpg,/mnt/c/Users/ansar/Desktop/VGGFace2_ArcFace_Project/data/aligned/train/n004225/0150_02.jpg,-0.0217195954173803,564.1365812111775,97.8687818877551,81.54658363994099,378.13746055212204,8.302455357142861,20.45885189412978
random_impostor,/mnt/c/Users/ansar/Desktop/VGGFace2_ArcFace_Project/data/aligned/train/n002967/0208_01.jpg,/mnt/c/Users/ansar/Desktop/VGGFace2_ArcFace_Project/data/aligned/train/n005498/0190_01.jpg,0.2301742285490036,749.040608038658,48.58442283163265,59.93627594272433,793.6370201063176,12.86894132653061,2.959028358829997
random_impostor,/mnt/c/Users/ansar/Desktop/VGGFace2_ArcFace_Project/data/aligned/train/n006049/0249_01.jpg,/mnt/c/Users/ansar/Desktop/VGGFace2_ArcFace_Project/data/aligned/train/n003321/0136_01.jpg,0.0299418363720178,591.3996048577376,52.740353954081634,61.316815613402724,823.020122103868,9.3671875,12.294055667781741
random_impostor,/mnt/c/Users/ansar/Desktop/VGGFace2_ArcFace_Project/data/aligned/train/n003391/0237_01.jpg,/mnt/c/Users/ansar/Desktop/VGGFace2_ArcFace_Project/data/aligned/train/n008201/0082_01.jpg,0.03162432461977,631.443589877407,93.88372927295919,80.70112477130144,167.63032388746717,19.750079719387756,13.318690527675741
random_impostor,/mnt/c/Users/ansar/Desktop/VGGFace2_ArcFace_Project/data/aligned/train/n009246/0065_01.jpg,/mnt/c/Users/ansar/Desktop/VGGFace2_ArcFace_Project/data/aligned/train/n006883/0030_01.jpg,0.0182683635503053,1352.4142653923243,93.19714604591837,75.08320065238077,1840.1732521104793,3.753667091836732,4.125347240986883
random_impostor,/mnt/c/Users/ansar/Desktop/VGGFace2_ArcFace_Project/data/aligned/train/n003282/0065_01.jpg,/mnt/c/Users/ansar/Desktop/VGGFace2_ArcFace_Project/data/aligned/train/n003113/0395_01.jpg,0.1451856791973114,940.4884744188976,95.49613360969389,79.76513206357761,1032.6463299631728,20.506297831632665,20.67602930649261
random_impostor,/mnt/c/Users/ansar/Desktop/VGGFace2_ArcFace_Project/data/aligned/train/n001855/0170_01.jpg,/mnt/c/Users/ansar/Desktop/VGGFace2_ArcFace_Project/data/aligned/train/n003400/0016_01.jpg,0.1523184180259704,1018.4353599278244,82.41183035714286,73.15498976074393,1886.8346549800315,64.05548469387755,44.14500086057223
random_impostor,/mnt/c/Users/ansar/Desktop/VGGFace2_ArcFace_Project/data/aligned/train/n000085/0236_01.jpg,/mnt/c/Users/ansar/Desktop/VGGFace2_ArcFace_Project/data/aligned/train/n005665/0236_01.jpg,0.0647618174552917,764.8156019065441,66.13038105867346,65.05921018967294,335.0012327525477,5.325972576530617,2.2792401664665505
random_impostor,/mnt/c/Users/ansar/Desktop/VGGFace2_ArcFace_Project/data/aligned/train/n008624/0245_01.jpg,/mnt/c/Users/ansar/Desktop/VGGFace2_ArcFace_Project/data/aligned/train/n000192/0493_01.jpg,0.0025076144374907,1426.528992944834,59.596022002551024,58.09642616687694,53.04683514030603,45.71229272959184,27.6369273257694
random_impostor,/mnt/c/Users/ansar/Desktop/VGGFace2_ArcFace_Project/data/aligned/train/n008641/0010_01.jpg,/mnt/c/Users/ansar/Desktop/VGGFace2_ArcFace_Project/data/aligned/train/n005277/0115_01.jpg,0.0439342260360717,1271.2660962175894,87.20001594387755,72.88554384947821,2183.555625575525,8.226403061224488,13.449935818892541
random_impostor,/mnt/c/Users/ansar/Desktop/VGGFace2_ArcFace_Project/data/aligned/train/n003796/0361_01.jpg,/mnt/c/Users/ansar/Desktop/VGGFace2_ArcFace_Project/data/aligned/train/n005362/0124_01.jpg,0.0385668724775314,574.8190909802343,66.35786033163265,59.35645969567318,438.048253826378,12.324776785714278,19.61082701230012
random_impostor,/mnt/c/Users/ansar/Desktop/VGGFace2_ArcFace_Project/data/aligned/train/n003275/0138_01.jpg,/mnt/c/Users/ansar/Desktop/VGGFace2_ArcFace_Project/data/aligned/train/n000708/0365_01.jpg,0.1384108364582061,559.57780774302,92.01630261479592,75.73615659443664,993.3594675314321,57.569754464285715,51.46237877781715
random_impostor,/mnt/c/Users/ansar/Desktop/VGGFace2_ArcFace_Project/data/aligned/train/n004936/0324_01.jpg,/mnt/c/Users/ansar/Desktop/VGGFace2_ArcFace_Project/data/aligned/train/n002448/0493_01.jpg,0.0151578597724437,581.6205867686306,87.17247289540816,75.25277279830293,632.552218709276,15.859614158163254,13.666674298628891
random_impostor,/mnt/c/Users/ansar/Desktop/VGGFace2_ArcFace_Project/data/aligned/train/n001919/0241_01.jpg,/mnt/c/Users/ansar/Desktop/VGGFace2_ArcFace_Project/data/aligned/train/n006602/0283_01.jpg,0.1429188102483749,263.67698348179204,47.07358099489796,49.340887102216634,184.91439366211551,2.205357142857139,15.846144896676236
random_impostor,/mnt/c/Users/ansar/Desktop/VGGFace2_ArcFace_Project/data/aligned/train/n000173/0163_02.jpg,/mnt/c/Users/ansar/Desktop/VGGFace2_ArcFace_Project/data/aligned/train/n002144/0123_01.jpg,0.0778044015169143,474.73840036833104,69.0692362882653,61.214232816338566,883.4737984602872,50.6429368622449,33.208775870301004
random_impostor,/mnt/c/Users/ansar/Desktop/VGGFace2_ArcFace_Project/data/aligned/train/n006819/0004_01.jpg,/mnt/c/Users/ansar/Desktop/VGGFace2_ArcFace_Project/data/aligned/train/n006316/0156_01.jpg,-0.0426766201853752,679.2063130097108,59.53256536989796,64.7614695230442,172.19198839091507,21.628109056122454,37.36264677641473
random_impostor,/mnt/c/Users/ansar/Desktop/VGGFace2_ArcFace_Project/data/aligned/train/n004217/0261_01.jpg,/mnt/c/Users/ansar/Desktop/VGGFace2_ArcFace_Project/data/aligned/train/n004401/0355_02.jpg,0.1795166581869125,1081.393486248558,69.66127232142857,65.44147238659087,1539.6534392814842,3.607621173469397,4.489794082354614
random_impostor,/mnt/c/Users/ansar/Desktop/VGGFace2_ArcFace_Project/data/aligned/train/n000790/0166_01.jpg,/mnt/c/Users/ansar/Desktop/VGGFace2_ArcFace_Project/data/aligned/train/n003615/0420_01.jpg,0.0774181634187698,379.8369770010329,90.87711256377551,81.43993326467373,1.5537501807413605,24.91238839285714,6.341775433367417
random_impostor,/mnt/c/Users/ansar/Desktop/VGGFace2_ArcFace_Project/data/aligned/train/n006115/0208_01.jpg,/mnt/c/Users/ansar/Desktop/VGGFace2_ArcFace_Project/data/aligned/train/n006309/0051_01.jpg,0.0514904037117958,414.84102158107544,93.91314572704081,81.23022656473381,396.49097226233044,2.9147799744897895,4.729239780049298
random_impostor,/mnt/c/Users/ansar/Desktop/VGGFace2_ArcFace_Project/data/aligned/train/n000742/0148_01.jpg,/mnt/c/Users/ansar/Desktop/VGGFace2_ArcFace_Project/data/aligned/train/n001123/0198_01.jpg,0.1721536815166473,1251.8080061626952,71.16868622448979,74.85524491409726,1854.5551069165112,17.81457270408164,10.191088109158287
random_impostor,/mnt/c/Users/ansar/Desktop/VGGFace2_ArcFace_Project/data/aligned/train/n003002/0074_01.jpg,/mnt/c/Users/ansar/Desktop/VGGFace2_ArcFace_Project/data/aligned/train/n000878/0614_05.jpg,0.1201227158308029,133.21362525530031,54.62751116071429,53.89874674261975,44.41527063893261,36.453683035714285,34.47836508041564
random_impostor,/mnt/c/Users/ansar/Desktop/VGGFace2_ArcFace_Project/data/aligned/train/n001679/0051_01.jpg,/mnt/c/Users/ansar/Desktop/VGGFace2_ArcFace_Project/data/aligned/train/n003346/0281_01.jpg,-0.0981124117970466,455.1928744842389,77.50964604591837,71.80049407880921,63.05284492336972,8.057397959183675,12.689720260184814
random_impostor,/mnt/c/Users/ansar/Desktop/VGGFace2_ArcFace_Project/data/aligned/train/n002991/0214_02.jpg,/mnt/c/Users/ansar/Desktop/VGGFace2_ArcFace_Project/data/aligned/train/n005102/0052_01.jpg,0.0598093383014202,246.1460840971159,47.854990433673464,47.05144007997848,39.30693683362114,16.17251275510204,3.496711994312868
random_impostor,/mnt/c/Users/ansar/Desktop/VGGFace2_ArcFace_Project/data/aligned/train/n000839/0305_01.jpg,/mnt/c/Users/ansar/Desktop/VGGFace2_ArcFace_Project/data/aligned/train/n000565/0156_01.jpg,0.1615257561206817,1879.6878538056244,94.58916613520408,95.70041147492859,2369.898406690083,27.18439094387756,0.7456640066494202
random_impostor,/mnt/c/Users/ansar/Desktop/VGGFace2_ArcFace_Project/data/aligned/train/n004691/0237_01.jpg,/mnt/c/Users/ansar/Desktop/VGGFace2_ArcFace_Project/data/aligned/train/n007814/0400_01.jpg,0.0923803746700286,445.80675630835583,63.08553890306122,72.86390189426085,267.73077588317693,21.367506377551017,25.418114913332197
random_impostor,/mnt/c/Users/ansar/Desktop/VGGFace2_ArcFace_Project/data/aligned/train/n000728/0155_02.jpg,/mnt/c/Users/ansar/Desktop/VGGFace2_ArcFace_Project/data/aligned/train/n007754/0037_01.jpg,0.1283353567123413,1030.6083268718091,97.75928730867346,82.07832242801771,1290.198424352402,33.19347895408164,14.372644800944087
random_impostor,/mnt/c/Users/ansar/Desktop/VGGFace2_ArcFace_Project/data/aligned/train/n001179/0246_01.jpg,/mnt/c/Users/ansar/Desktop/VGGFace2_ArcFace_Project/data/aligned/train/n002179/0038_03.jpg,0.1474734246730804,137.78158859132182,40.345703125,42.06236530477933,200.8602807657861,4.027184311224488,12.563780898827702
random_impostor,/mnt/c/Users/ansar/Desktop/VGGFace2_ArcFace_Project/data/aligned/train/n003477/0034_01.jpg,/mnt/c/Users/ansar/Desktop/VGGFace2_ArcFace_Project/data/aligned/train/n002772/0126_01.jpg,0.0029645315371453,750.324070159518,87.07672991071428,68.31907767210478,665.6992126998679,1.6371970663265216,3.588501752516521
random_impostor,/mnt/c/Users/ansar/Desktop/VGGFace2_ArcFace_Project/data/aligned/train/n000092/0059_02.jpg,/mnt/c/Users/ansar/Desktop/VGGFace2_ArcFace_Project/data/aligned/train/n008692/0043_01.jpg,0.0423515848815441,304.41744364365496,77.62571747448979,75.31472254221231,98.5645495013166,23.36686862244899,11.097265921316122
random_impostor,/mnt/c/Users/ansar/Desktop/VGGFace2_ArcFace_Project/data/aligned/train/n000929/0163_01.jpg,/mnt/c/Users/ansar/Desktop/VGGFace2_ArcFace_Project/data/aligned/train/n005555/0014_02.jpg,0.1291640847921371,708.9228816828793,50.06796077806122,53.49442648482225,1299.9196420881658,29.546157525510203,40.05496884355689
random_impostor,/mnt/c/Users/ansar/Desktop/VGGFace2_ArcFace_Project/data/aligned/train/n002213/0063_01.jpg,/mnt/c/Users/ansar/Desktop/VGGFace2_ArcFace_Project/data/aligned/train/n007859/0250_01.jpg,0.0921395793557167,1257.89809440921,86.71480389030611,72.42900398992545,1358.5362710758127,40.42849170918366,36.701396173980186
random_impostor,/mnt/c/Users/ansar/Desktop/VGGFace2_ArcFace_Project/data/aligned/train/n005346/0209_01.jpg,/mnt/c/Users/ansar/Desktop/VGGFace2_ArcFace_Project/data/aligned/train/n004692/0067_01.jpg,-0.0196736436337232,243.01246498803806,61.244260204081634,63.54621316286055,47.784914880233856,18.395248724489804,1.1837347761207226
random_impostor,/mnt/c/Users/ansar/Desktop/VGGFace2_ArcFace_Project/data/aligned/train/n003556/0261_01.jpg,/mnt/c/Users/ansar/Desktop/VGGFace2_ArcFace_Project/data/aligned/train/n002918/0074_01.jpg,-0.0323857180774211,393.1544390658148,92.38516422193877,85.7550037589736,177.40339624420005,26.213887117346943,27.616971970105
random_impostor,/mnt/c/Users/ansar/Desktop/VGGFace2_ArcFace_Project/data/aligned/train/n006433/0130_02.jpg,/mnt/c/Users/ansar/Desktop/VGGFace2_ArcFace_Project/data/aligned/train/n009141/0146_01.jpg,0.115161545574665,460.54852860532964,80.89748086734693,75.15019736914994,825.7551184371827,16.343112244897966,9.07859001977586
random_impostor,/mnt/c/Users/ansar/Desktop/VGGFace2_ArcFace_Project/data/aligned/train/n002220/0088_01.jpg,/mnt/c/Users/ansar/Desktop/VGGFace2_ArcFace_Project/data/aligned/train/n001667/0168_01.jpg,0.0207755845040082,333.9270762547211,72.20882493622449,72.90094116719516,70.28053888704613,22.23732461734693,20.246271451686617
random_impostor,/mnt/c/Users/ansar/Desktop/VGGFace2_ArcFace_Project/data/aligned/train/n004041/0035_01.jpg,/mnt/c/Users/ansar/Desktop/VGGFace2_ArcFace_Project/data/aligned/train/n007536/0145_01.jpg,-0.010053813457489,1373.6673179508894,77.79308832908163,68.71684994377014,218.0228655782155,24.59175701530613,14.05295582845342
random_impostor,/mnt/c/Users/ansar/Desktop/VGGFace2_ArcFace_Project/data/aligned/train/n008326/0010_01.jpg,/mnt/c/Users/ansar/Desktop/VGGFace2_ArcFace_Project/data/aligned/train/n006193/0411_01.jpg,0.1632093489170074,632.452550996894,74.46671715561224,69.9954891812219,571.7722571586282,38.73461415816326,12.709258653455905
random_impostor,/mnt/c/Users/ansar/Desktop/VGGFace2_ArcFace_Project/data/aligned/train/n002811/0170_01.jpg,/mnt/c/Users/ansar/Desktop/VGGFace2_ArcFace_Project/data/aligned/train/n008908/0068_01.jpg,0.1114185526967048,400.0073564998908,51.156170280612244,42.90693037929047,213.95668379320102,0.3767538265306172,0.7918369254595419
random_impostor,/mnt/c/Users/ansar/Desktop/VGGFace2_ArcFace_Project/data/aligned/train/n007538/0026_01.jpg,/mnt/c/Users/ansar/Desktop/VGGFace2_ArcFace_Project/data/aligned/train/n006024/0142_01.jpg,0.1218550577759742,798.052491832703,56.91187021683673,66.79110806777015,499.9999234772682,18.493542729591837,12.478188075638997
random_impostor,/mnt/c/Users/ansar/Desktop/VGGFace2_ArcFace_Project/data/aligned/train/n007140/0095_01.jpg,/mnt/c/Users/ansar/Desktop/VGGFace2_ArcFace_Project/data/aligned/train/n004653/0429_01.jpg,0.0518635287880897,1146.3619248224566,88.37292729591837,75.14898135690385,796.5856777574062,33.08227040816327,26.319626316568147
random_impostor,/mnt/c/Users/ansar/Desktop/VGGFace2_ArcFace_Project/data/aligned/train/n002471/0054_01.jpg,/mnt/c/Users/ansar/Desktop/VGGFace2_ArcFace_Project/data/aligned/train/n005317/0060_02.jpg,0.1878457516431808,784.3743733251556,95.45663265306123,78.79152175980255,474.7081257583002,4.563775510204081,5.149497080447745
random_impostor,/mnt/c/Users/ansar/Desktop/VGGFace2_ArcFace_Project/data/aligned/train/n003067/0153_01.jpg,/mnt/c/Users/ansar/Desktop/VGGFace2_ArcFace_Project/data/aligned/train/n000163/0342_01.jpg,0.065785028040409,813.3040029199259,79.7274394132653,68.95132498727129,398.32008727239304,26.34502551020408,17.888080605568383
random_impostor,/mnt/c/Users/ansar/Desktop/VGGFace2_ArcFace_Project/data/aligned/train/n005138/0208_01.jpg,/mnt/c/Users/ansar/Desktop/VGGFace2_ArcFace_Project/data/aligned/train/n008748/0176_01.jpg,0.0863032564520835,1017.1756934309344,70.31760204081633,63.93758634654498,1399.9858460273408,41.66996173469388,30.602274879524188
random_impostor,/mnt/c/Users/ansar/Desktop/VGGFace2_ArcFace_Project/data/aligned/train/n004595/0254_01.jpg,/mnt/c/Users/ansar/Desktop/VGGFace2_ArcFace_Project/data/aligned/train/n005526/0373_05.jpg,0.1728802025318145,547.4802854761189,87.56859853316327,68.39970198626405,244.48751621969217,13.401705994897952,9.992570231218671
random_impostor,/mnt/c/Users/ansar/Desktop/VGGFace2_ArcFace_Project/data/aligned/train/n007912/0011_02.jpg,/mnt/c/Users/ansar/Desktop/VGGFace2_ArcFace_Project/data/aligned/train/n003918/0308_01.jpg,0.1752901524305343,556.7806302141717,77.5555644132653,71.84391320224788,247.68407273362055,20.085618622448976,13.236478400083541
random_impostor,/mnt/c/Users/ansar/Desktop/VGGFace2_ArcFace_Project/data/aligned/train/n000372/0080_03.jpg,/mnt/c/Users/ansar/Desktop/VGGFace2_ArcFace_Project/data/aligned/train/n006030/0205_01.jpg,0.065188318490982,427.3379319018992,65.99960140306122,67.37346666528636,674.861302500911,55.245535714285715,38.97949122179788
random_impostor,/mnt/c/Users/ansar/Desktop/VGGFace2_ArcFace_Project/data/aligned/train/n007447/0179_01.jpg,/mnt/c/Users/ansar/Desktop/VGGFace2_ArcFace_Project/data/aligned/train/n006975/0639_01.jpg,0.1183270812034607,843.5400128124259,73.93259725765307,68.22336231707624,195.58053486548772,16.490035076530617,32.41750755839296
random_impostor,/mnt/c/Users/ansar/Desktop/VGGFace2_ArcFace_Project/data/aligned/train/n005663/0395_01.jpg,/mnt/c/Users/ansar/Desktop/VGGFace2_ArcFace_Project/data/aligned/train/n003880/0255_01.jpg,0.0140446908771991,424.35433791866404,54.91820790816327,58.31561125808901,447.96570173118164,14.039859693877553,20.42177538268937
random_impostor,/mnt/c/Users/ansar/Desktop/VGGFace2_ArcFace_Project/data/aligned/train/n005408/0305_01.jpg,/mnt/c/Users/ansar/Desktop/VGGFace2_ArcFace_Project/data/aligned/train/n008760/0068_01.jpg,0.0574197508394718,1262.8651856371184,116.06927614795919,91.10522696971913,129.32796835750423,11.639668367346943,15.488163214653355
random_impostor,/mnt/c/Users/ansar/Desktop/VGGFace2_ArcFace_Project/data/aligned/train/n005466/0445_01.jpg,/mnt/c/Users/ansar/Desktop/VGGFace2_ArcFace_Project/data/aligned/train/n000510/0153_02.jpg,-0.0579081550240516,743.8900072510071,84.45236766581633,74.75323932011696,831.3202683696248,63.94698660714286,37.45323532582247
random_impostor,/mnt/c/Users/ansar/Desktop/VGGFace2_ArcFace_Project/data/aligned/train/n002107/0392_01.jpg,/mnt/c/Users/ansar/Desktop/VGGFace2_ArcFace_Project/data/aligned/train/n000193/0087_03.jpg,0.1122788488864898,631.823962934908,83.40896045918367,67.40092473270052,513.2901206630212,30.628507653061234,11.58404479448081
random_impostor,/mnt/c/Users/ansar/Desktop/VGGFace2_ArcFace_Project/data/aligned/train/n000020/0024_02.jpg,/mnt/c/Users/ansar/Desktop/VGGFace2_ArcFace_Project/data/aligned/train/n004062/0105_01.jpg,0.2096333354711532,1102.5560407340652,107.6330117984694,78.58959443386755,213.3675199267965,9.102279974489804,6.794615308063825
random_impostor,/mnt/c/Users/ansar/Desktop/VGGFace2_ArcFace_Project/data/aligned/train/n006068/0058_01.jpg,/mnt/c/Users/ansar/Desktop/VGGFace2_ArcFace_Project/data/aligned/train/n007355/0103_03.jpg,-0.0350936613976955,487.8870594861953,72.66234853316327,68.46948564751585,200.83159034662276,18.753109056122447,12.205952292469561
random_impostor,/mnt/c/Users/ansar/Desktop/VGGFace2_ArcFace_Project/data/aligned/train/n007777/0534_02.jpg,/mnt/c/Users/ansar/Desktop/VGGFace2_ArcFace_Project/data/aligned/train/n004761/0383_01.jpg,0.1285879909992218,820.3348445582519,70.05564413265306,71.81607029054922,1452.857597678366,13.081313775510203,28.670163750338936
random_impostor,/mnt/c/Users/ansar/Desktop/VGGFace2_ArcFace_Project/data/aligned/train/n004150/0238_01.jpg,/mnt/c/Users/ansar/Desktop/VGGFace2_ArcFace_Project/data/aligned/train/n009166/0233_01.jpg,-0.0083458311855793,1282.424121858278,84.46173469387756,75.54075364611435,869.1363588497569,9.71444515306122,5.239932347569322
random_impostor,/mnt/c/Users/ansar/Desktop/VGGFace2_ArcFace_Project/data/aligned/train/n006006/0060_01.jpg,/mnt/c/Users/ansar/Desktop/VGGFace2_ArcFace_Project/data/aligned/train/n007993/0305_01.jpg,0.0252001285552978,843.6479907911651,73.38384885204081,61.52548058375953,260.4554228490713,12.999840561224488,15.066131060863505
random_impostor,/mnt/c/Users/ansar/Desktop/VGGFace2_ArcFace_Project/data/aligned/train/n001792/0171_01.jpg,/mnt/c/Users/ansar/Desktop/VGGFace2_ArcFace_Project/data/aligned/train/n006086/0351_02.jpg,0.1395183950662613,232.96241736421976,45.23262117346938,52.53798943394402,90.46739857716142,4.113998724489797,2.221740774681521
random_impostor,/mnt/c/Users/ansar/Desktop/VGGFace2_ArcFace_Project/data/aligned/train/n007460/0304_01.jpg,/mnt/c/Users/ansar/Desktop/VGGFace2_ArcFace_Project/data/aligned/train/n006145/0151_01.jpg,0.0591362081468105,875.7650437996517,95.50286989795919,80.64119190030013,1270.874389241706,34.195631377551024,5.561859556751571
random_impostor,/mnt/c/Users/ansar/Desktop/VGGFace2_ArcFace_Project/data/aligned/train/n007924/0118_01.jpg,/mnt/c/Users/ansar/Desktop/VGGFace2_ArcFace_Project/data/aligned/train/n004834/0145_01.jpg,-0.0403266847133636,1119.9032392903002,62.690250318877546,60.20115557547257,624.1466408141301,3.556521045918366,6.698122634410417
random_impostor,/mnt/c/Users/ansar/Desktop/VGGFace2_ArcFace_Project/data/aligned/train/n007302/0592_04.jpg,/mnt/c/Users/ansar/Desktop/VGGFace2_ArcFace_Project/data/aligned/train/n001367/0194_01.jpg,0.2343082875013351,896.7572685823197,88.783203125,77.03073803755863,835.66983135816,8.008370535714278,7.047507475230418
random_impostor,/mnt/c/Users/ansar/Desktop/VGGFace2_ArcFace_Project/data/aligned/train/n007906/0347_01.jpg,/mnt/c/Users/ansar/Desktop/VGGFace2_ArcFace_Project/data/aligned/train/n009221/0152_01.jpg,0.1311209499835968,1085.696154815661,68.89979272959184,63.323387908102134,1701.3270719719646,6.707270408163254,5.0402919804101955
random_impostor,/mnt/c/Users/ansar/Desktop/VGGFace2_ArcFace_Project/data/aligned/train/n004104/0250_01.jpg,/mnt/c/Users/ansar/Desktop/VGGFace2_ArcFace_Project/data/aligned/train/n005530/0056_01.jpg,0.0067405235022306,1393.3359648240996,76.80919164540816,72.88638075957908,1685.203605407181,24.452726403061234,6.328993430664639
random_impostor,/mnt/c/Users/ansar/Desktop/VGGFace2_ArcFace_Project/data/aligned/train/n001799/0419_01.jpg,/mnt/c/Users/ansar/Desktop/VGGFace2_ArcFace_Project/data/aligned/train/n001509/0246_01.jpg,0.0401879474520683,1086.4910195194548,86.98505261479592,71.68657038464929,1844.26730286941,10.87890625,5.834043919210288
random_impostor,/mnt/c/Users/ansar/Desktop/VGGFace2_ArcFace_Project/data/aligned/train/n000748/0128_01.jpg,/mnt/c/Users/ansar/Desktop/VGGFace2_ArcFace_Project/data/aligned/train/n007462/0003_01.jpg,0.1635932922363281,1156.4154163028538,62.51558514030612,60.937152216858564,652.301110492851,42.582669005102034,28.273017310100585
random_impostor,/mnt/c/Users/ansar/Desktop/VGGFace2_ArcFace_Project/data/aligned/train/n004399/0260_01.jpg,/mnt/c/Users/ansar/Desktop/VGGFace2_ArcFace_Project/data/aligned/train/n006867/0179_01.jpg,0.0427169948816299,516.8830790076838,102.0703125,71.29237232362925,357.60138883197476,3.750318877551024,13.405619947988455
random_impostor,/mnt/c/Users/ansar/Desktop/VGGFace2_ArcFace_Project/data/aligned/train/n003376/0220_01.jpg,/mnt/c/Users/ansar/Desktop/VGGFace2_ArcFace_Project/data/aligned/train/n003526/0168_01.jpg,0.2616885006427765,783.9612521418231,61.765983737244895,61.18226246081676,949.6368007890289,10.055883290816325,0.3519295202579755
random_impostor,/mnt/c/Users/ansar/Desktop/VGGFace2_ArcFace_Project/data/aligned/train/n000978/0366_01.jpg,/mnt/c/Users/ansar/Desktop/VGGFace2_ArcFace_Project/data/aligned/train/n006016/0037_01.jpg,-0.0057625994086265,1038.43453146328,63.86080994897959,59.94804447915895,708.1561588921286,64.87930484693877,32.858205711132136
random_impostor,/mnt/c/Users/ansar/Desktop/VGGFace2_ArcFace_Project/data/aligned/train/n004903/0083_01.jpg,/mnt/c/Users/ansar/Desktop/VGGFace2_ArcFace_Project/data/aligned/train/n000282/0494_01.jpg,-0.0048493398353457,685.232161001184,88.9581074617347,73.92102883737425,467.43498182316625,1.0094866071428612,6.391120682789264
random_impostor,/mnt/c/Users/ansar/Desktop/VGGFace2_ArcFace_Project/data/aligned/train/n005563/0009_01.jpg,/mnt/c/Users/ansar/Desktop/VGGFace2_ArcFace_Project/data/aligned/train/n005539/0317_01.jpg,0.0400728471577167,403.6210117427472,88.01514668367346,74.03306242776735,301.45800201657516,1.4749681122448948,5.915437018036101
random_impostor,/mnt/c/Users/ansar/Desktop/VGGFace2_ArcFace_Project/data/aligned/train/n004188/0400_02.jpg,/mnt/c/Users/ansar/Desktop/VGGFace2_ArcFace_Project/data/aligned/train/n000488/0235_01.jpg,0.0455210581421852,1690.5466759652704,68.1885762117347,69.00448205849446,220.5022087875675,33.00023915816326,15.941087579757358
random_impostor,/mnt/c/Users/ansar/Desktop/VGGFace2_ArcFace_Project/data/aligned/train/n001349/0383_01.jpg,/mnt/c/Users/ansar/Desktop/VGGFace2_ArcFace_Project/data/aligned/train/n007563/0031_02.jpg,0.1875667870044708,1255.1609489666528,94.38337053571428,86.250255081421,1220.3774397729685,5.89030612244899,2.977577782704941
random_impostor,/mnt/c/Users/ansar/Desktop/VGGFace2_ArcFace_Project/data/aligned/train/n002042/0391_01.jpg,/mnt/c/Users/ansar/Desktop/VGGFace2_ArcFace_Project/data/aligned/train/n001876/0106_08.jpg,-0.0470751374959945,264.64671691742006,49.85367506377551,48.831559107094286,418.3278050039372,16.500717474489797,11.073907806256457
random_impostor,/mnt/c/Users/ansar/Desktop/VGGFace2_ArcFace_Project/data/aligned/train/n001067/0221_03.jpg,/mnt/c/Users/ansar/Desktop/VGGFace2_ArcFace_Project/data/aligned/train/n009113/0423_01.jpg,0.1863835006952285,227.01662641125688,61.311543367346935,62.963188723652095,100.48757381669591,7.845025510204081,1.2320153768775057
random_impostor,/mnt/c/Users/ansar/Desktop/VGGFace2_ArcFace_Project/data/aligned/train/n008850/0284_01.jpg,/mnt/c/Users/ansar/Desktop/VGGFace2_ArcFace_Project/data/aligned/train/n004646/0142_01.jpg,0.3173455893993377,2171.883866087291,90.42869100765307,78.85655920185658,1538.667963360807,11.247050382653057,19.186858017002535
random_impostor,/mnt/c/Users/ansar/Desktop/VGGFace2_ArcFace_Project/data/aligned/train/n000626/0036_04.jpg,/mnt/c/Users/ansar/Desktop/VGGFace2_ArcFace_Project/data/aligned/train/n009194/0092_01.jpg,0.0861085206270217,620.8653698642768,76.9294882015306,73.7640875085383,582.4578464353945,24.242107780612244,12.059146207235017
random_impostor,/mnt/c/Users/ansar/Desktop/VGGFace2_ArcFace_Project/data/aligned/train/n000143/0049_02.jpg,/mnt/c/Users/ansar/Desktop/VGGFace2_ArcFace_Project/data/aligned/train/n001724/0217_01.jpg,0.0670573189854621,713.8880868265899,74.34673947704081,67.74915983193483,1026.9578165279136,5.7961575255102105,4.0323977060486556
random_impostor,/mnt/c/Users/ansar/Desktop/VGGFace2_ArcFace_Project/data/aligned/train/n006902/0200_01.jpg,/mnt/c/Users/ansar/Desktop/VGGFace2_ArcFace_Project/data/aligned/train/n000619/0135_01.jpg,0.0759856551885604,409.98569910191634,75.9826211734694,69.31450252552887,515.6632519094014,9.224968112244895,9.769003432958115
random_impostor,/mnt/c/Users/ansar/Desktop/VGGFace2_ArcFace_Project/data/aligned/train/n004312/0215_01.jpg,/mnt/c/Users/ansar/Desktop/VGGFace2_ArcFace_Project/data/aligned/train/n006151/0069_01.jpg,0.1447803676128387,1177.3699960164456,88.39106345663265,77.01439372704976,1099.123265410602,28.399633290816325,23.16911981565137
random_impostor,/mnt/c/Users/ansar/Desktop/VGGFace2_ArcFace_Project/data/aligned/train/n006069/0119_01.jpg,/mnt/c/Users/ansar/Desktop/VGGFace2_ArcFace_Project/data/aligned/train/n003509/0322_01.jpg,0.2203109115362167,607.3168638992786,89.43586575255102,77.68936919169832,319.27667894724846,1.0930325255102105,11.879277135890831
random_impostor,/mnt/c/Users/ansar/Desktop/VGGFace2_ArcFace_Project/data/aligned/train/n006166/0173_01.jpg,/mnt/c/Users/ansar/Desktop/VGGFace2_ArcFace_Project/data/aligned/train/n004385/0148_01.jpg,0.1125976219773292,696.6742421491401,74.65369897959184,65.82209154865177,1000.1732967874001,33.3671875,21.70589192203858
random_impostor,/mnt/c/Users/ansar/Desktop/VGGFace2_ArcFace_Project/data/aligned/train/n003231/0142_01.jpg,/mnt/c/Users/ansar/Desktop/VGGFace2_ArcFace_Project/data/aligned/train/n007592/0391_02.jpg,0.002513677580282,1224.4067197463653,61.097775829081634,55.070193052971064,1819.221373564797,20.34654017857143,7.227687959835784
random_impostor,/mnt/c/Users/ansar/Desktop/VGGFace2_ArcFace_Project/data/aligned/train/n004027/0260_01.jpg,/mnt/c/Users/ansar/Desktop/VGGFace2_ArcFace_Project/data/aligned/train/n005072/0115_01.jpg,0.056805569678545,467.3117210963328,72.16206951530611,64.38268915898689,314.219020857805,20.266422193877546,28.69704459713722
random_impostor,/mnt/c/Users/ansar/Desktop/VGGFace2_ArcFace_Project/data/aligned/train/n001399/0227_02.jpg,/mnt/c/Users/ansar/Desktop/VGGFace2_ArcFace_Project/data/aligned/train/n005914/0137_01.jpg,0.0186816528439521,554.1271495223293,95.40553252551021,80.87757636297005,305.771877995832,5.618463010204081,6.646001653894686
random_impostor,/mnt/c/Users/ansar/Desktop/VGGFace2_ArcFace_Project/data/aligned/train/n008168/0244_01.jpg,/mnt/c/Users/ansar/Desktop/VGGFace2_ArcFace_Project/data/aligned/train/n005471/0231_01.jpg,-0.1452201753854751,1051.391042090515,71.97572544642858,73.03467383178025,1679.0032290165152,4.455436862244895,14.087577545294423
random_impostor,/mnt/c/Users/ansar/Desktop/VGGFace2_ArcFace_Project/data/aligned/train/n004838/0071_01.jpg,/mnt/c/Users/ansar/Desktop/VGGFace2_ArcFace_Project/data/aligned/train/n005729/0236_01.jpg,-0.0215452089905738,270.43585735735724,80.42841198979592,63.095484305364685,385.32824071513176,58.74936224489796,16.341892843686438
random_impostor,/mnt/c/Users/ansar/Desktop/VGGFace2_ArcFace_Project/data/aligned/train/n000577/0454_01.jpg,/mnt/c/Users/ansar/Desktop/VGGFace2_ArcFace_Project/data/aligned/train/n008129/0402_01.jpg,0.0612264797091484,1503.1447499063502,93.63177614795919,77.32380645659126,853.2126703035926,28.840880102040813,18.757659876833273
random_impostor,/mnt/c/Users/ansar/Desktop/VGGFace2_ArcFace_Project/data/aligned/train/n003764/0013_01.jpg,/mnt/c/Users/ansar/Desktop/VGGFace2_ArcFace_Project/data/aligned/train/n001743/0038_01.jpg,-0.0628539621829986,1328.7983376925213,80.51139987244898,70.62144165160636,526.1983802538027,35.343431122448976,22.03415252400712
random_impostor,/mnt/c/Users/ansar/Desktop/VGGFace2_ArcFace_Project/data/aligned/train/n002699/0130_02.jpg,/mnt/c/Users/ansar/Desktop/VGGFace2_ArcFace_Project/data/aligned/train/n000407/0037_02.jpg,0.1345826983451843,612.3878153078459,96.73070790816327,75.42287851429649,543.144992960239,7.669961734693885,12.618877744717366
random_impostor,/mnt/c/Users/ansar/Desktop/VGGFace2_ArcFace_Project/data/aligned/train/n004308/0028_01.jpg,/mnt/c/Users/ansar/Desktop/VGGFace2_ArcFace_Project/data/aligned/train/n006642/0086_02.jpg,-0.0133603913709521,845.1013662869708,82.3680644132653,70.17573941189383,923.1701705087378,16.008450255102034,10.452112066683426
random_impostor,/mnt/c/Users/ansar/Desktop/VGGFace2_ArcFace_Project/data/aligned/train/n003795/0232_01.jpg,/mnt/c/Users/ansar/Desktop/VGGFace2_ArcFace_Project/data/aligned/train/n004063/0021_02.jpg,0.0956736207008361,864.1745693869315,96.61375956632654,79.80297519972574,595.5397036106376,17.149234693877546,6.3820872901482915
random_impostor,/mnt/c/Users/ansar/Desktop/VGGFace2_ArcFace_Project/data/aligned/train/n000732/0014_01.jpg,/mnt/c/Users/ansar/Desktop/VGGFace2_ArcFace_Project/data/aligned/train/n002999/0488_01.jpg,-0.0297064762562513,746.9440692836471,105.30568399234694,76.93185384625916,40.97093859080337,44.881616709183675,18.622318292107906
random_impostor,/mnt/c/Users/ansar/Desktop/VGGFace2_ArcFace_Project/data/aligned/train/n005270/0341_01.jpg,/mnt/c/Users/ansar/Desktop/VGGFace2_ArcFace_Project/data/aligned/train/n002152/0215_01.jpg,0.1441452354192733,976.826995503252,83.3680644132653,78.94282760318448,223.44214061020523,13.158003826530617,11.760488419729683
random_impostor,/mnt/c/Users/ansar/Desktop/VGGFace2_ArcFace_Project/data/aligned/train/n001340/0328_01.jpg,/mnt/c/Users/ansar/Desktop/VGGFace2_ArcFace_Project/data/aligned/train/n008134/0034_01.jpg,0.1129838824272155,220.70102706585064,93.5401387117347,89.5225326098269,202.8771451277218,13.50980548469387,1.1823112332032792
random_impostor,/mnt/c/Users/ansar/Desktop/VGGFace2_ArcFace_Project/data/aligned/train/n006414/0066_01.jpg,/mnt/c/Users/ansar/Desktop/VGGFace2_ArcFace_Project/data/aligned/train/n002983/0105_01.jpg,0.2261650115251541,1504.6136823477023,91.04575892857142,82.98120861034957,1591.0013228626558,27.347417091836732,1.0624894652724208
random_impostor,/mnt/c/Users/ansar/Desktop/VGGFace2_ArcFace_Project/data/aligned/train/n003617/0121_02.jpg,/mnt/c/Users/ansar/Desktop/VGGFace2_ArcFace_Project/data/aligned/train/n001438/0024_01.jpg,0.0141412885859608,3109.5586171116447,93.26789700255102,76.33161463764505,1921.073411794565,11.623804209183675,4.8106136298996205
random_impostor,/mnt/c/Users/ansar/Desktop/VGGFace2_ArcFace_Project/data/aligned/train/n006118/0211_01.jpg,/mnt/c/Users/ansar/Desktop/VGGFace2_ArcFace_Project/data/aligned/train/n000235/0167_01.jpg,-0.0153913823887705,497.2074635643504,76.30030293367346,67.67231904932332,537.1547458748776,32.074298469387756,26.762662680408198
random_impostor,/mnt/c/Users/ansar/Desktop/VGGFace2_ArcFace_Project/data/aligned/train/n006080/0078_01.jpg,/mnt/c/Users/ansar/Desktop/VGGFace2_ArcFace_Project/data/aligned/train/n006711/0001_01.jpg,0.1233766600489616,973.0790626910366,71.236328125,69.45093052947414,855.0498339149763,6.470264668367349,7.5219596197154885
random_impostor,/mnt/c/Users/ansar/Desktop/VGGFace2_ArcFace_Project/data/aligned/train/n004873/0061_01.jpg,/mnt/c/Users/ansar/Desktop/VGGFace2_ArcFace_Project/data/aligned/train/n008657/0156_01.jpg,0.1336547881364822,987.5151561115842,49.04296875,52.793908094723,952.9419863953885,11.971301020408163,8.953597993536277
random_impostor,/mnt/c/Users/ansar/Desktop/VGGFace2_ArcFace_Project/data/aligned/train/n002055/0256_01.jpg,/mnt/c/Users/ansar/Desktop/VGGFace2_ArcFace_Project/data/aligned/train/n002132/0273_01.jpg,0.0323530137538909,555.8139313837232,85.95105229591837,76.84622154892912,771.8540288185587,34.61575255102041,36.05542347749475
random_impostor,/mnt/c/Users/ansar/Desktop/VGGFace2_ArcFace_Project/data/aligned/train/n004213/0633_01.jpg,/mnt/c/Users/ansar/Desktop/VGGFace2_ArcFace_Project/data/aligned/train/n001245/0392_01.jpg,0.13724285364151,511.3560641382893,82.88604113520408,72.31610924251923,77.75934880775793,3.16015625,19.00012329413849
random_impostor,/mnt/c/Users/ansar/Desktop/VGGFace2_ArcFace_Project/data/aligned/train/n000968/0346_01.jpg,/mnt/c/Users/ansar/Desktop/VGGFace2_ArcFace_Project/data/aligned/train/n000879/0039_02.jpg,0.1207760125398635,294.61167564535083,68.06843909438776,53.66502307867079,359.46394878802124,9.965800382653065,4.004986321707747
random_impostor,/mnt/c/Users/ansar/Desktop/VGGFace2_ArcFace_Project/data/aligned/train/n000519/0226_01.jpg,/mnt/c/Users/ansar/Desktop/VGGFace2_ArcFace_Project/data/aligned/train/n006841/0108_02.jpg,0.0164861101657152,1282.9429005913216,65.39377391581633,65.32597987913276,480.6319534130171,31.105149872448976,18.16265801585675
random_impostor,/mnt/c/Users/ansar/Desktop/VGGFace2_ArcFace_Project/data/aligned/train/n005825/0208_01.jpg,/mnt/c/Users/ansar/Desktop/VGGFace2_ArcFace_Project/data/aligned/train/n008515/0216_01.jpg,0.116423062980175,1502.4789814025548,72.7400350765306,70.65631407608026,2098.265868988101,15.935905612244895,9.408232570633302
random_impostor,/mnt/c/Users/ansar/Desktop/VGGFace2_ArcFace_Project/data/aligned/train/n007770/0081_03.jpg,/mnt/c/Users/ansar/Desktop/VGGFace2_ArcFace_Project/data/aligned/train/n002088/0019_02.jpg,0.1444627046585083,1633.3818744721386,91.5784837372449,80.25011613352778,3016.3131995719455,43.378587372448976,30.799450768424947
random_impostor,/mnt/c/Users/ansar/Desktop/VGGFace2_ArcFace_Project/data/aligned/train/n005096/0070_01.jpg,/mnt/c/Users/ansar/Desktop/VGGFace2_ArcFace_Project/data/aligned/train/n008371/0167_01.jpg,0.0731800720095634,617.3354175635944,66.55225605867346,57.21803626690978,712.0759174135612,59.920519770408156,43.025459084957504
random_impostor,/mnt/c/Users/ansar/Desktop/VGGFace2_ArcFace_Project/data/aligned/train/n008918/0218_01.jpg,/mnt/c/Users/ansar/Desktop/VGGFace2_ArcFace_Project/data/aligned/train/n006172/0227_01.jpg,0.0986308678984642,546.5193429428157,80.7308274872449,71.34226778154088,484.9828937535284,14.548230229591837,15.362880966485356
random_impostor,/mnt/c/Users/ansar/Desktop/VGGFace2_ArcFace_Project/data/aligned/train/n001347/0309_01.jpg,/mnt/c/Users/ansar/Desktop/VGGFace2_ArcFace_Project/data/aligned/train/n007450/0277_01.jpg,0.0907977893948555,783.350332378497,70.96564094387755,62.90152542365574,1220.3917753639842,48.72146045918367,29.730553612316534
random_impostor,/mnt/c/Users/ansar/Desktop/VGGFace2_ArcFace_Project/data/aligned/train/n003966/0074_01.jpg,/mnt/c/Users/ansar/Desktop/VGGFace2_ArcFace_Project/data/aligned/train/n004948/0670_01.jpg,0.0898167043924331,836.094868302097,90.73696588010205,82.55758211324024,319.4532272929898,4.047751913265316,8.701518773470397
random_impostor,/mnt/c/Users/ansar/Desktop/VGGFace2_ArcFace_Project/data/aligned/train/n004434/0396_02.jpg,/mnt/c/Users/ansar/Desktop/VGGFace2_ArcFace_Project/data/aligned/train/n002485/0281_03.jpg,0.056163839995861,342.5871556546975,78.90931919642857,68.8852406259688,63.08590119920734,30.27558992346939,11.859209563673673
random_impostor,/mnt/c/Users/ansar/Desktop/VGGFace2_ArcFace_Project/data/aligned/train/n006782/0256_01.jpg,/mnt/c/Users/ansar/Desktop/VGGFace2_ArcFace_Project/data/aligned/train/n003086/0066_02.jpg,0.11774343252182,1158.028626870533,92.03156887755102,76.06657337061627,963.8038807288648,11.525191326530617,7.5414092088977895
random_impostor,/mnt/c/Users/ansar/Desktop/VGGFace2_ArcFace_Project/data/aligned/train/n006604/0012_01.jpg,/mnt/c/Users/ansar/Desktop/VGGFace2_ArcFace_Project/data/aligned/train/n008849/0093_01.jpg,0.0908119231462478,1296.958223933133,66.35391422193877,59.837361064338474,685.3375363618022,6.593829719387756,3.3087685391453476
random_impostor,/mnt/c/Users/ansar/Desktop/VGGFace2_ArcFace_Project/data/aligned/train/n001767/0131_02.jpg,/mnt/c/Users/ansar/Desktop/VGGFace2_ArcFace_Project/data/aligned/train/n002627/0286_01.jpg,0.0749032646417617,671.8310897109013,97.1342474489796,78.06707954579055,1012.3385572580437,20.427614795918373,8.818925030754485
random_impostor,/mnt/c/Users/ansar/Desktop/VGGFace2_ArcFace_Project/data/aligned/train/n008154/0226_01.jpg,/mnt/c/Users/ansar/Desktop/VGGFace2_ArcFace_Project/data/aligned/train/n004405/0085_03.jpg,-0.0803093686699867,1547.9093927226925,67.7959980867347,70.56886814684734,2926.8062084027993,2.0943877551020336,12.477175073820504
hard_genuine,/mnt/c/Users/ansar/Desktop/VGGFace2_ArcFace_Project/data/aligned/train/n000671/0015_01.jpg,/mnt/c/Users/ansar/Desktop/VGGFace2_ArcFace_Project/data/aligned/train/n000671/0205_01.jpg,-0.1236684545874595,490.5298594546685,72.48078762755102,67.44504439605431,471.2560317783442,30.32589285714286,25.372772100464356
hard_genuine,/mnt/c/Users/ansar/Desktop/VGGFace2_ArcFace_Project/data/aligned/train/n006986/0096_02.jpg,/mnt/c/Users/ansar/Desktop/VGGFace2_ArcFace_Project/data/aligned/train/n006986/0233_01.jpg,-0.1194331422448158,226.3881232417757,71.83725286989797,60.2532176781224,280.4481513910322,51.756138392857146,27.536275592382324
hard_genuine,/mnt/c/Users/ansar/Desktop/VGGFace2_ArcFace_Project/data/aligned/train/n006315/0055_02.jpg,/mnt/c/Users/ansar/Desktop/VGGFace2_ArcFace_Project/data/aligned/train/n006315/0287_09.jpg,-0.1058736070990562,254.86005238283175,77.63125797193878,68.52654219838244,191.9196702543272,6.457350127551024,27.522477948957125
hard_genuine,/mnt/c/Users/ansar/Desktop/VGGFace2_ArcFace_Project/data/aligned/train/n006859/0096_01.jpg,/mnt/c/Users/ansar/Desktop/VGGFace2_ArcFace_Project/data/aligned/train/n006859/0155_01.jpg,-0.0931354239583015,510.959504788044,78.03894292091837,72.74154142221843,236.6087880863442,57.20511798469387,27.74589925863624
hard_genuine,/mnt/c/Users/ansar/Desktop/VGGFace2_ArcFace_Project/data/aligned/train/n006387/0061_01.jpg,/mnt/c/Users/ansar/Desktop/VGGFace2_ArcFace_Project/data/aligned/train/n006387/0244_01.jpg,-0.0924214646220207,444.7026290893554,90.83816964285714,79.99892460615038,362.1625730553452,26.492506377551024,18.075249739291664
hard_genuine,/mnt/c/Users/ansar/Desktop/VGGFace2_ArcFace_Project/data/aligned/train/n002613/0007_01.jpg,/mnt/c/Users/ansar/Desktop/VGGFace2_ArcFace_Project/data/aligned/train/n002613/0144_05.jpg,-0.0893449783325195,408.2494466003901,96.5988919005102,77.16929260080484,466.22933766127926,13.424027423469385,9.219338316937892
hard_genuine,/mnt/c/Users/ansar/Desktop/VGGFace2_ArcFace_Project/data/aligned/train/n006652/0100_01.jpg,/mnt/c/Users/ansar/Desktop/VGGFace2_ArcFace_Project/data/aligned/train/n006652/0469_04.jpg,-0.0807012021541595,971.2709282553726,79.55775669642857,70.58429642405193,1209.0083772658509,3.9516103316326503,2.5734276385627624
hard_genuine,/mnt/c/Users/ansar/Desktop/VGGFace2_ArcFace_Project/data/aligned/train/n004715/0189_01.jpg,/mnt/c/Users/ansar/Desktop/VGGFace2_ArcFace_Project/data/aligned/train/n004715/0236_01.jpg,-0.0771741718053817,1678.6865779840166,84.54834980867346,78.47236322851857,1505.749445014772,31.86120854591836,28.808767381370217
hard_genuine,/mnt/c/Users/ansar/Desktop/VGGFace2_ArcFace_Project/data/aligned/train/n006305/0144_01.jpg,/mnt/c/Users/ansar/Desktop/VGGFace2_ArcFace_Project/data/aligned/train/n006305/0349_01.jpg,-0.0764254927635192,416.4361174399533,85.95109215561224,77.06134819382025,339.27148453387963,18.720583545918373,18.46729024752534
hard_genuine,/mnt/c/Users/ansar/Desktop/VGGFace2_ArcFace_Project/data/aligned/train/n005939/0084_01.jpg,/mnt/c/Users/ansar/Desktop/VGGFace2_ArcFace_Project/data/aligned/train/n005939/0126_01.jpg,-0.0714274495840072,832.3929021883787,73.60275829081633,67.47797284778285,1612.3663781041755,42.1267538265306,31.097058057933225
hard_genuine,/mnt/c/Users/ansar/Desktop/VGGFace2_ArcFace_Project/data/aligned/train/n006101/0204_06.jpg,/mnt/c/Users/ansar/Desktop/VGGFace2_ArcFace_Project/data/aligned/train/n006101/0249_01.jpg,-0.0659487023949623,198.7319446136335,74.45252710459184,63.44582479954448,165.4762526976471,67.02463329081633,54.618532671457615
hard_genuine,/mnt/c/Users/ansar/Desktop/VGGFace2_ArcFace_Project/data/aligned/train/n001313/0101_02.jpg,/mnt/c/Users/ansar/Desktop/VGGFace2_ArcFace_Project/data/aligned/train/n001313/0257_10.jpg,-0.0650929063558578,127.24010993420508,80.72911352040816,76.8185075121329,95.81585639975856,26.8485331632653,13.36811070733016
hard_genuine,/mnt/c/Users/ansar/Desktop/VGGFace2_ArcFace_Project/data/aligned/train/n002535/0054_01.jpg,/mnt/c/Users/ansar/Desktop/VGGFace2_ArcFace_Project/data/aligned/train/n002535/0061_01.jpg,-0.0645223036408424,901.1844000699172,94.73700573979592,85.98419479519254,670.73554069268,3.8871173469387656,2.153255429819353
hard_genuine,/mnt/c/Users/ansar/Desktop/VGGFace2_ArcFace_Project/data/aligned/train/n007088/0017_08.jpg,/mnt/c/Users/ansar/Desktop/VGGFace2_ArcFace_Project/data/aligned/train/n007088/0191_02.jpg,-0.0554107688367366,126.44631558902458,47.25605867346938,51.78402825018139,125.4540049891728,6.721779336734691,4.000847076977635
hard_genuine,/mnt/c/Users/ansar/Desktop/VGGFace2_ArcFace_Project/data/aligned/train/n008821/0012_01.jpg,/mnt/c/Users/ansar/Desktop/VGGFace2_ArcFace_Project/data/aligned/train/n008821/0278_03.jpg,-0.0552130304276943,687.6182372455843,92.4879225127551,71.96701612849809,922.3551727066136,16.395169005102048,16.504731894522514
hard_genuine,/mnt/c/Users/ansar/Desktop/VGGFace2_ArcFace_Project/data/aligned/train/n005247/0182_01.jpg,/mnt/c/Users/ansar/Desktop/VGGFace2_ArcFace_Project/data/aligned/train/n005247/0241_02.jpg,-0.0513730123639106,312.3217903941138,79.9984056122449,71.96312778654408,12.08185664140791,4.653380102040813,22.57053671756124
hard_genuine,/mnt/c/Users/ansar/Desktop/VGGFace2_ArcFace_Project/data/aligned/train/n003414/0063_01.jpg,/mnt/c/Users/ansar/Desktop/VGGFace2_ArcFace_Project/data/aligned/train/n003414/0309_02.jpg,-0.0497582741081714,593.4171990105034,70.52706473214286,61.64952411671809,239.1128700443824,27.002790178571423,4.800227232704444
hard_genuine,/mnt/c/Users/ansar/Desktop/VGGFace2_ArcFace_Project/data/aligned/train/n000949/0099_01.jpg,/mnt/c/Users/ansar/Desktop/VGGFace2_ArcFace_Project/data/aligned/train/n000949/0212_01.jpg,-0.0493413545191288,231.8975869607349,64.01849489795919,70.37587773539398,204.6902731721076,7.870216836734698,7.128650520423946
hard_genuine,/mnt/c/Users/ansar/Desktop/VGGFace2_ArcFace_Project/data/aligned/train/n008328/0277_02.jpg,/mnt/c/Users/ansar/Desktop/VGGFace2_ArcFace_Project/data/aligned/train/n008328/0420_02.jpg,-0.0459673963487148,726.8539166813937,92.2855149872449,79.4694056452172,1032.1276655661864,23.988600127551024,13.733525582881114
hard_genuine,/mnt/c/Users/ansar/Desktop/VGGFace2_ArcFace_Project/data/aligned/train/n006633/0222_02.jpg,/mnt/c/Users/ansar/Desktop/VGGFace2_ArcFace_Project/data/aligned/train/n006633/0610_01.jpg,-0.0447289980947971,916.5623277873112,94.28970025510203,79.961792361687,1477.578539179842,17.860012755102034,6.5008025712483
hard_genuine,/mnt/c/Users/ansar/Desktop/VGGFace2_ArcFace_Project/data/aligned/train/n001737/0031_01.jpg,/mnt/c/Users/ansar/Desktop/VGGFace2_ArcFace_Project/data/aligned/train/n001737/0402_01.jpg,-0.0418309085071086,697.2788096201116,108.51518654336736,78.33939289339428,395.3054811032004,23.08091517857143,5.085412916969574
hard_genuine,/mnt/c/Users/ansar/Desktop/VGGFace2_ArcFace_Project/data/aligned/train/n004139/0002_01.jpg,/mnt/c/Users/ansar/Desktop/VGGFace2_ArcFace_Project/data/aligned/train/n004139/0246_01.jpg,-0.0356775186955928,608.6129985143621,63.16745057397959,57.92900999965152,983.9853608156432,36.02016900510205,35.3528005601663
hard_genuine,/mnt/c/Users/ansar/Desktop/VGGFace2_ArcFace_Project/data/aligned/train/n007784/0196_01.jpg,/mnt/c/Users/ansar/Desktop/VGGFace2_ArcFace_Project/data/aligned/train/n007784/0362_03.jpg,-0.0337491258978843,477.58193756828007,90.19104751275508,78.91230908758762,231.49974391163505,3.130500637755105,15.20181483924202
hard_genuine,/mnt/c/Users/ansar/Desktop/VGGFace2_ArcFace_Project/data/aligned/train/n001724/0217_01.jpg,/mnt/c/Users/ansar/Desktop/VGGFace2_ArcFace_Project/data/aligned/train/n001724/0334_01.jpg,-0.025833923369646,790.0682208193485,82.71189413265307,76.63838399248053,874.5975485423962,10.934151785714292,21.81084602714003
hard_genuine,/mnt/c/Users/ansar/Desktop/VGGFace2_ArcFace_Project/data/aligned/train/n007492/0023_01.jpg,/mnt/c/Users/ansar/Desktop/VGGFace2_ArcFace_Project/data/aligned/train/n007492/0351_01.jpg,-0.0250787828117609,1109.0995371674358,90.94547193877553,71.06599186569157,26.021905316754555,3.3254145408163254,17.722934149386013
hard_genuine,/mnt/c/Users/ansar/Desktop/VGGFace2_ArcFace_Project/data/aligned/train/n004451/0137_02.jpg,/mnt/c/Users/ansar/Desktop/VGGFace2_ArcFace_Project/data/aligned/train/n004451/0296_01.jpg,-0.0220198296010494,218.60283626888457,84.92530293367346,86.7026346094201,30.390342499503816,3.160873724489804,0.3392782192565988
hard_genuine,/mnt/c/Users/ansar/Desktop/VGGFace2_ArcFace_Project/data/aligned/train/n002333/0058_03.jpg,/mnt/c/Users/ansar/Desktop/VGGFace2_ArcFace_Project/data/aligned/train/n002333/0160_02.jpg,-0.0197605993598699,421.34734733419486,100.47297512755102,81.3419198381603,119.05186681020564,9.395727040816324,8.979805783170264
hard_genuine,/mnt/c/Users/ansar/Desktop/VGGFace2_ArcFace_Project/data/aligned/train/n001166/0044_01.jpg,/mnt/c/Users/ansar/Desktop/VGGFace2_ArcFace_Project/data/aligned/train/n001166/0089_01.jpg,-0.0181712694466114,476.1593535239375,91.56752232142856,66.27138657801186,390.2859566659542,61.09008290816328,40.47029577712773
hard_genuine,/mnt/c/Users/ansar/Desktop/VGGFace2_ArcFace_Project/data/aligned/train/n004848/0008_01.jpg,/mnt/c/Users/ansar/Desktop/VGGFace2_ArcFace_Project/data/aligned/train/n004848/0208_02.jpg,-0.0159866288304328,342.4199238165078,94.29017857142856,77.63886528642604,237.5775711650602,25.78045280612244,14.84283249021506
hard_genuine,/mnt/c/Users/ansar/Desktop/VGGFace2_ArcFace_Project/data/aligned/train/n007404/0087_01.jpg,/mnt/c/Users/ansar/Desktop/VGGFace2_ArcFace_Project/data/aligned/train/n007404/0314_01.jpg,-0.0154342884197831,161.9118641762374,69.68040497448979,55.52983729553692,71.85505371220853,35.914859693877546,23.7589058939732
hard_genuine,/mnt/c/Users/ansar/Desktop/VGGFace2_ArcFace_Project/data/aligned/train/n006850/0247_01.jpg,/mnt/c/Users/ansar/Desktop/VGGFace2_ArcFace_Project/data/aligned/train/n006850/0414_01.jpg,-0.0148596409708261,442.1778214250888,115.09343112244898,70.89153334497226,342.7804055553533,28.743781887755105,23.908294043299044
hard_genuine,/mnt/c/Users/ansar/Desktop/VGGFace2_ArcFace_Project/data/aligned/train/n005659/0102_02.jpg,/mnt/c/Users/ansar/Desktop/VGGFace2_ArcFace_Project/data/aligned/train/n005659/0229_04.jpg,-0.0141025157645344,287.5751125521582,55.02873883928571,56.342985653308645,109.5375304120821,10.268734056122447,26.782784664125494
hard_genuine,/mnt/c/Users/ansar/Desktop/VGGFace2_ArcFace_Project/data/aligned/train/n006637/0253_01.jpg,/mnt/c/Users/ansar/Desktop/VGGFace2_ArcFace_Project/data/aligned/train/n006637/0286_01.jpg,-0.0136537766084074,164.12999364367528,62.70894451530612,57.92892181425397,159.10000044104956,3.69180484693878,3.888975151285408
hard_genuine,/mnt/c/Users/ansar/Desktop/VGGFace2_ArcFace_Project/data/aligned/train/n000093/0010_01.jpg,/mnt/c/Users/ansar/Desktop/VGGFace2_ArcFace_Project/data/aligned/train/n000093/0189_02.jpg,-0.0124561302363872,687.1766146270993,90.193359375,77.79899231686889,912.47443449949,5.533083545918373,0.6913031109327648
hard_genuine,/mnt/c/Users/ansar/Desktop/VGGFace2_ArcFace_Project/data/aligned/train/n003182/0234_02.jpg,/mnt/c/Users/ansar/Desktop/VGGFace2_ArcFace_Project/data/aligned/train/n003182/0825_02.jpg,-0.0122702773660421,1031.182283197329,85.78770727040816,69.96676248972268,1654.8853081286525,0.9539221938775596,14.244141904856043
hard_genuine,/mnt/c/Users/ansar/Desktop/VGGFace2_ArcFace_Project/data/aligned/train/n008349/0035_01.jpg,/mnt/c/Users/ansar/Desktop/VGGFace2_ArcFace_Project/data/aligned/train/n008349/0267_02.jpg,-0.0063892086036503,1550.8574202448965,89.1697225765306,70.86441154418122,205.22253911766305,1.3509247448979664,2.021056402681708
hard_genuine,/mnt/c/Users/ansar/Desktop/VGGFace2_ArcFace_Project/data/aligned/train/n008156/0199_01.jpg,/mnt/c/Users/ansar/Desktop/VGGFace2_ArcFace_Project/data/aligned/train/n008156/0314_02.jpg,-0.0055064996704459,680.8853550775506,85.8400430484694,79.28761043128037,979.9035657686476,6.554926658163268,0.6240117419404925
hard_genuine,/mnt/c/Users/ansar/Desktop/VGGFace2_ArcFace_Project/data/aligned/train/n007309/0115_01.jpg,/mnt/c/Users/ansar/Desktop/VGGFace2_ArcFace_Project/data/aligned/train/n007309/0317_01.jpg,-0.0055004903115332,625.5916445254287,76.27758290816325,79.7327636903303,1077.6412370738165,15.82461734693878,8.746430138726225
hard_genuine,/mnt/c/Users/ansar/Desktop/VGGFace2_ArcFace_Project/data/aligned/train/n003182/0234_02.jpg,/mnt/c/Users/ansar/Desktop/VGGFace2_ArcFace_Project/data/aligned/train/n003182/0359_02.jpg,-0.0054942802526056,424.5934217517349,69.08063616071428,58.50360029332564,441.7075852374642,32.4602200255102,8.682182487938036
hard_genuine,/mnt/c/Users/ansar/Desktop/VGGFace2_ArcFace_Project/data/aligned/train/n000423/0060_02.jpg,/mnt/c/Users/ansar/Desktop/VGGFace2_ArcFace_Project/data/aligned/train/n000423/0099_02.jpg,-0.0051999166607856,768.5160582453844,91.81309789540816,72.9389445999403,743.2730147025329,2.8371332908163254,9.480582125354688
hard_genuine,/mnt/c/Users/ansar/Desktop/VGGFace2_ArcFace_Project/data/aligned/train/n001593/0545_04.jpg,/mnt/c/Users/ansar/Desktop/VGGFace2_ArcFace_Project/data/aligned/train/n001593/0846_03.jpg,-0.0039798612706363,629.016268589158,90.78966039540816,82.60519761519242,1097.8252302151527,9.87970344387756,1.300939417380491
hard_genuine,/mnt/c/Users/ansar/Desktop/VGGFace2_ArcFace_Project/data/aligned/train/n006926/0090_01.jpg,/mnt/c/Users/ansar/Desktop/VGGFace2_ArcFace_Project/data/aligned/train/n006926/0417_01.jpg,-0.0025017017032951,2775.222367149648,64.13464604591837,79.86456040500792,5021.535286181671,7.4756058673469425,17.434222185989412
hard_genuine,/mnt/c/Users/ansar/Desktop/VGGFace2_ArcFace_Project/data/aligned/train/n001685/0001_01.jpg,/mnt/c/Users/ansar/Desktop/VGGFace2_ArcFace_Project/data/aligned/train/n001685/0052_01.jpg,-0.0022751162759959,768.6901319472803,93.19419642857142,87.15533036846847,50.67157323059587,18.21460459183673,23.53305922210211
hard_genuine,/mnt/c/Users/ansar/Desktop/VGGFace2_ArcFace_Project/data/aligned/train/n000484/0160_01.jpg,/mnt/c/Users/ansar/Desktop/VGGFace2_ArcFace_Project/data/aligned/train/n000484/0242_01.jpg,-0.0008724731160327,632.5940616517104,104.82485650510203,88.63691241258952,880.4141273736852,55.70471938775509,19.441702624791645
hard_genuine,/mnt/c/Users/ansar/Desktop/VGGFace2_ArcFace_Project/data/aligned/train/n008418/0086_02.jpg,/mnt/c/Users/ansar/Desktop/VGGFace2_ArcFace_Project/data/aligned/train/n008418/0093_01.jpg,-0.0005792069132439,231.72021084951888,69.84773596938774,64.37197102640856,172.30798391320718,2.6002869897959187,7.04051535486618
hard_genuine,/mnt/c/Users/ansar/Desktop/VGGFace2_ArcFace_Project/data/aligned/train/n009085/0086_02.jpg,/mnt/c/Users/ansar/Desktop/VGGFace2_ArcFace_Project/data/aligned/train/n009085/0190_01.jpg,0.0008782155346125,288.0053478464987,75.98070790816327,62.01138587888967,418.4708492178959,10.94993622448979,15.42424719788341
hard_genuine,/mnt/c/Users/ansar/Desktop/VGGFace2_ArcFace_Project/data/aligned/train/n003582/0209_04.jpg,/mnt/c/Users/ansar/Desktop/VGGFace2_ArcFace_Project/data/aligned/train/n003582/0247_06.jpg,0.0021190380211919,339.42648802236533,78.28188775510205,66.76881890971755,267.10586633010985,11.775988520408175,13.710225827779844
hard_genuine,/mnt/c/Users/ansar/Desktop/VGGFace2_ArcFace_Project/data/aligned/train/n003682/0340_01.jpg,/mnt/c/Users/ansar/Desktop/VGGFace2_ArcFace_Project/data/aligned/train/n003682/0365_01.jpg,0.0027495624963194,420.7581610530677,78.77889827806123,85.18696345563089,508.46696808992544,21.7961575255102,0.9678601907888122
hard_genuine,/mnt/c/Users/ansar/Desktop/VGGFace2_ArcFace_Project/data/aligned/train/n000256/0022_03.jpg,/mnt/c/Users/ansar/Desktop/VGGFace2_ArcFace_Project/data/aligned/train/n000256/0406_01.jpg,0.0045749605633318,1084.365219945562,82.84638073979592,67.5480888257424,1222.6599341046558,36.3624043367347,21.64747971652499
hard_genuine,/mnt/c/Users/ansar/Desktop/VGGFace2_ArcFace_Project/data/aligned/train/n004809/0033_01.jpg,/mnt/c/Users/ansar/Desktop/VGGFace2_ArcFace_Project/data/aligned/train/n004809/0235_01.jpg,0.005641100462526,346.4002462734237,61.63871173469388,62.82928569034257,1.5732144026496258,45.45471938775511,25.83192408631348
hard_genuine,/mnt/c/Users/ansar/Desktop/VGGFace2_ArcFace_Project/data/aligned/train/n009101/0229_01.jpg,/mnt/c/Users/ansar/Desktop/VGGFace2_ArcFace_Project/data/aligned/train/n009101/0302_02.jpg,0.0058653983287513,425.6924002860695,90.58203125,76.50365315766634,340.9173586717102,6.83673469387756,4.109299647444033
hard_genuine,/mnt/c/Users/ansar/Desktop/VGGFace2_ArcFace_Project/data/aligned/train/n000697/0322_01.jpg,/mnt/c/Users/ansar/Desktop/VGGFace2_ArcFace_Project/data/aligned/train/n000697/0336_05.jpg,0.0062646730802953,777.6502332802565,54.16517857142857,61.0354079913013,506.4708395516658,19.4108737244898,18.68810665213161
hard_genuine,/mnt/c/Users/ansar/Desktop/VGGFace2_ArcFace_Project/data/aligned/train/n007875/0079_01.jpg,/mnt/c/Users/ansar/Desktop/VGGFace2_ArcFace_Project/data/aligned/train/n007875/0162_05.jpg,0.0070287995040416,626.1521181665029,67.8934550382653,54.93150649348524,1095.0069678202117,43.44156568877551,29.07387656514417
hard_genuine,/mnt/c/Users/ansar/Desktop/VGGFace2_ArcFace_Project/data/aligned/train/n001215/0002_01.jpg,/mnt/c/Users/ansar/Desktop/VGGFace2_ArcFace_Project/data/aligned/train/n001215/0227_01.jpg,0.0079140029847621,141.15072950230496,50.63352997448979,43.5973620703028,153.98304920760552,40.81808035714285,31.63269593292942
hard_genuine,/mnt/c/Users/ansar/Desktop/VGGFace2_ArcFace_Project/data/aligned/train/n000700/0059_01.jpg,/mnt/c/Users/ansar/Desktop/VGGFace2_ArcFace_Project/data/aligned/train/n000700/0069_02.jpg,0.0079238368198275,389.18576515957193,90.62336575255102,71.60683911072164,737.9762837427052,50.89405293367346,18.04144237007993
hard_genuine,/mnt/c/Users/ansar/Desktop/VGGFace2_ArcFace_Project/data/aligned/train/n004191/0072_01.jpg,/mnt/c/Users/ansar/Desktop/VGGFace2_ArcFace_Project/data/aligned/train/n004191/0241_03.jpg,0.0080991415306925,773.9285514574158,78.4877630739796,81.86798755887463,373.1476431850192,7.165736607142861,21.17008516328825
hard_genuine,/mnt/c/Users/ansar/Desktop/VGGFace2_ArcFace_Project/data/aligned/train/n006885/0301_01.jpg,/mnt/c/Users/ansar/Desktop/VGGFace2_ArcFace_Project/data/aligned/train/n006885/0653_01.jpg,0.0081443870440125,528.7889474426295,64.61750637755102,65.88489221382557,912.6592119146216,17.963329081632658,4.420382915384167
hard_genuine,/mnt/c/Users/ansar/Desktop/VGGFace2_ArcFace_Project/data/aligned/train/n001078/0132_02.jpg,/mnt/c/Users/ansar/Desktop/VGGFace2_ArcFace_Project/data/aligned/train/n001078/0214_01.jpg,0.0084872618317604,559.9390398062849,76.88699776785714,77.92512486432284,269.46214951559267,9.45145089285714,5.585285252101656
hard_genuine,/mnt/c/Users/ansar/Desktop/VGGFace2_ArcFace_Project/data/aligned/train/n004512/0411_01.jpg,/mnt/c/Users/ansar/Desktop/VGGFace2_ArcFace_Project/data/aligned/train/n004512/0430_02.jpg,0.0092112310230731,1730.8483834574492,96.1904894770408,70.35910262593336,2896.677475026427,30.829161352040813,1.6889896414330678
hard_genuine,/mnt/c/Users/ansar/Desktop/VGGFace2_ArcFace_Project/data/aligned/train/n002099/0139_04.jpg,/mnt/c/Users/ansar/Desktop/VGGFace2_ArcFace_Project/data/aligned/train/n002099/0149_02.jpg,0.0093338079750537,432.09822716766575,77.9302056760204,73.23218977033802,165.5492924599289,44.8993144132653,15.91926890829268
hard_genuine,/mnt/c/Users/ansar/Desktop/VGGFace2_ArcFace_Project/data/aligned/train/n004227/0002_01.jpg,/mnt/c/Users/ansar/Desktop/VGGFace2_ArcFace_Project/data/aligned/train/n004227/0273_02.jpg,0.0095894150435924,508.8215659545491,49.06242028061224,51.05801808709862,789.5393428715106,25.2217793367347,21.3417527476147
hard_genuine,/mnt/c/Users/ansar/Desktop/VGGFace2_ArcFace_Project/data/aligned/train/n001820/0066_01.jpg,/mnt/c/Users/ansar/Desktop/VGGFace2_ArcFace_Project/data/aligned/train/n001820/0171_01.jpg,0.0101760867983102,644.447342455958,83.23373724489797,73.22080055370644,782.7125660849829,67.60921556122449,50.37252420428192
hard_genuine,/mnt/c/Users/ansar/Desktop/VGGFace2_ArcFace_Project/data/aligned/train/n001023/0022_03.jpg,/mnt/c/Users/ansar/Desktop/VGGFace2_ArcFace_Project/data/aligned/train/n001023/0163_01.jpg,0.0123047763481736,224.89548078391613,83.19355867346938,66.26126429514646,124.06657204395628,34.94770408163265,9.208205214394106
hard_genuine,/mnt/c/Users/ansar/Desktop/VGGFace2_ArcFace_Project/data/aligned/train/n002979/0100_01.jpg,/mnt/c/Users/ansar/Desktop/VGGFace2_ArcFace_Project/data/aligned/train/n002979/0830_04.jpg,0.0126047143712639,980.29412802077,80.98102678571429,74.02437124326292,889.8036671947907,44.97576530612245,1.7073601142064805
hard_genuine,/mnt/c/Users/ansar/Desktop/VGGFace2_ArcFace_Project/data/aligned/train/n001561/0168_02.jpg,/mnt/c/Users/ansar/Desktop/VGGFace2_ArcFace_Project/data/aligned/train/n001561/0345_01.jpg,0.0141333928331732,1681.052299512222,88.54966517857142,83.9981881578421,493.6813218300663,30.98054846938776,4.691846370685354
hard_genuine,/mnt/c/Users/ansar/Desktop/VGGFace2_ArcFace_Project/data/aligned/train/n004072/0174_07.jpg,/mnt/c/Users/ansar/Desktop/VGGFace2_ArcFace_Project/data/aligned/train/n004072/0178_01.jpg,0.0146866748109459,991.9940074394764,88.0180963010204,71.83320958598937,1923.976774051258,40.817602040816325,20.682550564936207
hard_genuine,/mnt/c/Users/ansar/Desktop/VGGFace2_ArcFace_Project/data/aligned/train/n003175/0007_01.jpg,/mnt/c/Users/ansar/Desktop/VGGFace2_ArcFace_Project/data/aligned/train/n003175/0182_02.jpg,0.0146929528564214,553.141425037821,62.4053730867347,62.34594524412148,928.2284920409244,51.7374043367347,24.14107785107234
hard_genuine,/mnt/c/Users/ansar/Desktop/VGGFace2_ArcFace_Project/data/aligned/train/n008781/0166_01.jpg,/mnt/c/Users/ansar/Desktop/VGGFace2_ArcFace_Project/data/aligned/train/n008781/0251_01.jpg,0.0150434132665395,463.71792594912847,79.52272002551021,86.67374064511155,685.2872184044816,6.5632971938775455,21.85621752412675
hard_genuine,/mnt/c/Users/ansar/Desktop/VGGFace2_ArcFace_Project/data/aligned/train/n000914/0209_01.jpg,/mnt/c/Users/ansar/Desktop/VGGFace2_ArcFace_Project/data/aligned/train/n000914/0317_01.jpg,0.0151711646467447,362.81420221610745,82.58111447704081,74.70663679219616,529.8325024485241,10.659996811224488,5.703340188150605
hard_genuine,/mnt/c/Users/ansar/Desktop/VGGFace2_ArcFace_Project/data/aligned/train/n008959/0299_01.jpg,/mnt/c/Users/ansar/Desktop/VGGFace2_ArcFace_Project/data/aligned/train/n008959/0369_03.jpg,0.0153029225766658,468.27873807348647,86.22791772959184,70.4534356874384,620.048072119049,1.3005420918367463,3.8480966104017966
hard_genuine,/mnt/c/Users/ansar/Desktop/VGGFace2_ArcFace_Project/data/aligned/train/n001741/0039_01.jpg,/mnt/c/Users/ansar/Desktop/VGGFace2_ArcFace_Project/data/aligned/train/n001741/0259_01.jpg,0.0158781241625547,641.9899798563648,86.30137914540816,75.6882019518971,98.8113305450529,33.741788903061234,6.1919277491005005
hard_genuine,/mnt/c/Users/ansar/Desktop/VGGFace2_ArcFace_Project/data/aligned/train/n009136/0115_02.jpg,/mnt/c/Users/ansar/Desktop/VGGFace2_ArcFace_Project/data/aligned/train/n009136/0345_03.jpg,0.0177969299256801,441.87146487984745,93.92422672193877,84.73246051467811,16.525885591900078,27.01283482142857,19.401990712461057
hard_genuine,/mnt/c/Users/ansar/Desktop/VGGFace2_ArcFace_Project/data/aligned/train/n001986/0117_01.jpg,/mnt/c/Users/ansar/Desktop/VGGFace2_ArcFace_Project/data/aligned/train/n001986/0275_01.jpg,0.0191979687660932,1174.113630924757,63.64457110969388,68.05531105206543,1910.814543648195,43.56465242346938,14.792337157076028
hard_genuine,/mnt/c/Users/ansar/Desktop/VGGFace2_ArcFace_Project/data/aligned/train/n008360/0063_01.jpg,/mnt/c/Users/ansar/Desktop/VGGFace2_ArcFace_Project/data/aligned/train/n008360/0205_02.jpg,0.0196471456438303,235.0306077676731,53.22807716836735,50.70246816482333,352.8595383090806,20.905931122448983,24.589575379613684
hard_genuine,/mnt/c/Users/ansar/Desktop/VGGFace2_ArcFace_Project/data/aligned/train/n004307/0016_01.jpg,/mnt/c/Users/ansar/Desktop/VGGFace2_ArcFace_Project/data/aligned/train/n004307/0287_07.jpg,0.0198290981352329,424.1055595718886,76.09948979591837,75.47542378977951,580.02141863701,36.79304846938776,22.53360465187302
hard_genuine,/mnt/c/Users/ansar/Desktop/VGGFace2_ArcFace_Project/data/aligned/train/n009119/0157_01.jpg,/mnt/c/Users/ansar/Desktop/VGGFace2_ArcFace_Project/data/aligned/train/n009119/0290_01.jpg,0.0206563901156187,1197.648515983305,47.68865593112245,55.61477240128178,45.989277761412495,7.353236607142854,4.457217772840934
hard_genuine,/mnt/c/Users/ansar/Desktop/VGGFace2_ArcFace_Project/data/aligned/train/n002472/0166_01.jpg,/mnt/c/Users/ansar/Desktop/VGGFace2_ArcFace_Project/data/aligned/train/n002472/0432_01.jpg,0.0217037703841924,255.25538002913416,64.70958227040816,63.79903325695716,174.35103168988013,9.3719706632653,3.77855267448836
hard_genuine,/mnt/c/Users/ansar/Desktop/VGGFace2_ArcFace_Project/data/aligned/train/n006242/0036_01.jpg,/mnt/c/Users/ansar/Desktop/VGGFace2_ArcFace_Project/data/aligned/train/n006242/0393_01.jpg,0.021737715229392,556.4858974566414,93.16330516581633,85.51200368827912,646.3763481435653,16.76267538265307,16.604068778730138
hard_genuine,/mnt/c/Users/ansar/Desktop/VGGFace2_ArcFace_Project/data/aligned/train/n004784/0241_02.jpg,/mnt/c/Users/ansar/Desktop/VGGFace2_ArcFace_Project/data/aligned/train/n004784/0331_01.jpg,0.0223345849663019,1021.3467273863096,78.65457589285714,76.529022049862,1693.7950413206229,23.49410076530613,7.711165371215159
hard_genuine,/mnt/c/Users/ansar/Desktop/VGGFace2_ArcFace_Project/data/aligned/train/n004805/0159_02.jpg,/mnt/c/Users/ansar/Desktop/VGGFace2_ArcFace_Project/data/aligned/train/n004805/0390_01.jpg,0.0253619421273469,869.69793898818,77.67219387755102,77.34944504465554,225.99489089222263,21.49569515306122,18.52739613119365
hard_genuine,/mnt/c/Users/ansar/Desktop/VGGFace2_ArcFace_Project/data/aligned/train/n004371/0367_02.jpg,/mnt/c/Users/ansar/Desktop/VGGFace2_ArcFace_Project/data/aligned/train/n004371/0504_01.jpg,0.0259373001754283,264.02995198610074,66.1791693239796,55.15737000070151,301.2016773915003,39.64086415816326,23.241407661091785
hard_genuine,/mnt/c/Users/ansar/Desktop/VGGFace2_ArcFace_Project/data/aligned/train/n000506/0153_01.jpg,/mnt/c/Users/ansar/Desktop/VGGFace2_ArcFace_Project/data/aligned/train/n000506/0223_01.jpg,0.0265866443514823,702.177732389006,62.57266422193877,64.35569064069746,889.2071419763147,20.611527423469383,5.828783709312127
hard_genuine,/mnt/c/Users/ansar/Desktop/VGGFace2_ArcFace_Project/data/aligned/train/n009058/0137_05.jpg,/mnt/c/Users/ansar/Desktop/VGGFace2_ArcFace_Project/data/aligned/train/n009058/0255_04.jpg,0.0271692834794521,212.938599722726,113.146484375,82.53922969792029,185.93444793078365,29.24067283163265,3.164284844815228
hard_genuine,/mnt/c/Users/ansar/Desktop/VGGFace2_ArcFace_Project/data/aligned/train/n002795/0021_01.jpg,/mnt/c/Users/ansar/Desktop/VGGFace2_ArcFace_Project/data/aligned/train/n002795/0083_01.jpg,0.0272787995636463,581.2956584404528,100.96958705357144,84.15520535652124,420.1577378240837,2.463089923469397,2.768817790837275
hard_genuine,/mnt/c/Users/ansar/Desktop/VGGFace2_ArcFace_Project/data/aligned/train/n004688/0267_01.jpg,/mnt/c/Users/ansar/Desktop/VGGFace2_ArcFace_Project/data/aligned/train/n004688/0468_01.jpg,0.0282450262457132,192.3844983006755,74.83211096938776,62.21758818722731,305.1108156432215,23.78459821428572,12.075326657441169
hard_genuine,/mnt/c/Users/ansar/Desktop/VGGFace2_ArcFace_Project/data/aligned/train/n001854/0039_01.jpg,/mnt/c/Users/ansar/Desktop/VGGFace2_ArcFace_Project/data/aligned/train/n001854/0302_01.jpg,0.0286367163062095,617.8479685912476,80.65776466836735,65.98098895777991,976.827568445043,37.60267857142856,4.4295010317757
hard_genuine,/mnt/c/Users/ansar/Desktop/VGGFace2_ArcFace_Project/data/aligned/train/n009254/0208_01.jpg,/mnt/c/Users/ansar/Desktop/VGGFace2_ArcFace_Project/data/aligned/train/n009254/0259_01.jpg,0.0289091281592845,348.6489411703203,49.547233737244895,53.04341844931595,47.550488892618375,15.035953443877553,12.183635098847256
hard_genuine,/mnt/c/Users/ansar/Desktop/VGGFace2_ArcFace_Project/data/aligned/train/n006464/0279_02.jpg,/mnt/c/Users/ansar/Desktop/VGGFace2_ArcFace_Project/data/aligned/train/n006464/0654_04.jpg,0.0292172227054834,326.2943884560785,88.03989955357143,77.59182382234353,564.579475278906,48.85945471938775,25.313628562090287
hard_genuine,/mnt/c/Users/ansar/Desktop/VGGFace2_ArcFace_Project/data/aligned/train/n003155/0515_02.jpg,/mnt/c/Users/ansar/Desktop/VGGFace2_ArcFace_Project/data/aligned/train/n003155/1055_01.jpg,0.0295794401317834,316.60265854943145,78.5083306760204,70.80312095959665,555.7566678239027,37.30843431122449,24.445655516190925
hard_genuine,/mnt/c/Users/ansar/Desktop/VGGFace2_ArcFace_Project/data/aligned/train/n002177/0018_01.jpg,/mnt/c/Users/ansar/Desktop/VGGFace2_ArcFace_Project/data/aligned/train/n002177/0113_03.jpg,0.0296562574803829,159.91125863236914,93.3272082270408,67.93797298254131,6.978862490767227,37.098134566326536,29.36942853754212
hard_genuine,/mnt/c/Users/ansar/Desktop/VGGFace2_ArcFace_Project/data/aligned/train/n006656/0164_01.jpg,/mnt/c/Users/ansar/Desktop/VGGFace2_ArcFace_Project/data/aligned/train/n006656/0253_08.jpg,0.0300602950155735,349.54853297769404,86.17821269132654,79.97821665968814,106.54243300825988,50.41206951530612,24.896774720772854
hard_genuine,/mnt/c/Users/ansar/Desktop/VGGFace2_ArcFace_Project/data/aligned/train/n006280/0028_01.jpg,/mnt/c/Users/ansar/Desktop/VGGFace2_ArcFace_Project/data/aligned/train/n006280/0232_02.jpg,0.031297817826271,359.6887951826662,55.63416772959184,58.13735906680195,413.41429565251735,21.07637117346939,13.027670012936646
hard_genuine,/mnt/c/Users/ansar/Desktop/VGGFace2_ArcFace_Project/data/aligned/train/n005193/0064_01.jpg,/mnt/c/Users/ansar/Desktop/VGGFace2_ArcFace_Project/data/aligned/train/n005193/0083_03.jpg,0.0347026772797107,475.9962298207757,91.39891581632654,75.10354217808423,567.1205170554749,5.206313775510196,10.528643116651097
hard_genuine,/mnt/c/Users/ansar/Desktop/VGGFace2_ArcFace_Project/data/aligned/train/n008649/0176_01.jpg,/mnt/c/Users/ansar/Desktop/VGGFace2_ArcFace_Project/data/aligned/train/n008649/0369_01.jpg,0.03550411388278,158.78354180529433,47.315250318877546,47.68272554747112,107.07121768110945,34.821986607142854,34.72334060011872
hard_genuine,/mnt/c/Users/ansar/Desktop/VGGFace2_ArcFace_Project/data/aligned/train/n001902/0052_01.jpg,/mnt/c/Users/ansar/Desktop/VGGFace2_ArcFace_Project/data/aligned/train/n001902/0124_01.jpg,0.0357146933674812,517.8561681725987,69.16442123724491,64.10874524468306,643.5390564943541,7.958625637755105,7.327498109961105
hard_genuine,/mnt/c/Users/ansar/Desktop/VGGFace2_ArcFace_Project/data/aligned/train/n002435/0029_03.jpg,/mnt/c/Users/ansar/Desktop/VGGFace2_ArcFace_Project/data/aligned/train/n002435/0718_03.jpg,0.0370384566485881,323.2693346175289,98.03547512755102,91.15027179075476,389.332256128072,38.16661352040816,18.43113383527141
hard_genuine,/mnt/c/Users/ansar/Desktop/VGGFace2_ArcFace_Project/data/aligned/train/n000181/0290_02.jpg,/mnt/c/Users/ansar/Desktop/VGGFace2_ArcFace_Project/data/aligned/train/n000181/0306_01.jpg,0.0380719192326068,1133.8611613396356,86.24880420918367,83.02917347031098,545.4227604546282,35.96970663265307,14.226348683651622
hard_genuine,/mnt/c/Users/ansar/Desktop/VGGFace2_ArcFace_Project/data/aligned/train/n007374/0074_01.jpg,/mnt/c/Users/ansar/Desktop/VGGFace2_ArcFace_Project/data/aligned/train/n007374/0181_01.jpg,0.038219716399908,297.7449078732657,90.18096301020408,76.44379468716281,229.7945268369625,1.115274234693885,12.748148504217966
hard_genuine,/mnt/c/Users/ansar/Desktop/VGGFace2_ArcFace_Project/data/aligned/train/n007549/0018_01.jpg,/mnt/c/Users/ansar/Desktop/VGGFace2_ArcFace_Project/data/aligned/train/n007549/0257_01.jpg,0.0382666774094104,1270.5924200100087,64.80572385204081,63.0211965194689,1686.9680561604278,24.43016581632653,6.292650083482663
hard_genuine,/mnt/c/Users/ansar/Desktop/VGGFace2_ArcFace_Project/data/aligned/train/n003656/0046_01.jpg,/mnt/c/Users/ansar/Desktop/VGGFace2_ArcFace_Project/data/aligned/train/n003656/0337_01.jpg,0.0383619740605354,648.0409766169004,42.91489955357143,53.14223821077958,938.6126388937472,5.260762117346935,6.294917729591482
hard_impostor,/mnt/c/Users/ansar/Desktop/VGGFace2_ArcFace_Project/data/aligned/train/n002705/0308_01.jpg,/mnt/c/Users/ansar/Desktop/VGGFace2_ArcFace_Project/data/aligned/train/n000005/0176_02.jpg,0.9717360734939576,1137.1778447390695,43.998405612244895,56.615966773323976,1459.3789993152673,17.49872448979592,3.634909639058918
hard_impostor,/mnt/c/Users/ansar/Desktop/VGGFace2_ArcFace_Project/data/aligned/train/n008254/0237_02.jpg,/mnt/c/Users/ansar/Desktop/VGGFace2_ArcFace_Project/data/aligned/train/n003332/0090_01.jpg,0.969086766242981,292.7698018027563,49.328005420918366,54.29934810845727,298.34296561816694,17.497688137755105,0.3298245570453488
hard_impostor,/mnt/c/Users/ansar/Desktop/VGGFace2_ArcFace_Project/data/aligned/train/n006487/0116_01.jpg,/mnt/c/Users/ansar/Desktop/VGGFace2_ArcFace_Project/data/aligned/train/n000130/0327_04.jpg,0.948597490787506,134.9248051132971,73.93817761479592,79.69407988455742,70.70191807490696,9.39453125,2.166673795425069
hard_impostor,/mnt/c/Users/ansar/Desktop/VGGFace2_ArcFace_Project/data/aligned/train/n000366/0202_01.jpg,/mnt/c/Users/ansar/Desktop/VGGFace2_ArcFace_Project/data/aligned/train/n005807/0306_01.jpg,0.9223922491073608,524.1944949059922,49.85682397959184,53.40244740048445,624.9534145166159,31.51881377551021,37.18000481938978
hard_impostor,/mnt/c/Users/ansar/Desktop/VGGFace2_ArcFace_Project/data/aligned/train/n002885/0603_04.jpg,/mnt/c/Users/ansar/Desktop/VGGFace2_ArcFace_Project/data/aligned/train/n009108/0317_01.jpg,0.9222070574760436,744.7301734819456,46.96759406887755,58.94903287126344,603.4215863731094,13.796954719387756,6.0997393832914
hard_impostor,/mnt/c/Users/ansar/Desktop/VGGFace2_ArcFace_Project/data/aligned/train/n007718/0208_03.jpg,/mnt/c/Users/ansar/Desktop/VGGFace2_ArcFace_Project/data/aligned/train/n004980/0372_01.jpg,0.914865791797638,270.57378860276623,80.6766581632653,71.19615399741518,441.797989997403,19.09948979591836,8.03410541951851
hard_impostor,/mnt/c/Users/ansar/Desktop/VGGFace2_ArcFace_Project/data/aligned/train/n001443/0241_01.jpg,/mnt/c/Users/ansar/Desktop/VGGFace2_ArcFace_Project/data/aligned/train/n001612/0224_01.jpg,0.8649474382400513,180.2502661772144,48.10391422193878,54.688873121679634,202.4559187819589,6.167330994897959,4.735015781429645
hard_impostor,/mnt/c/Users/ansar/Desktop/VGGFace2_ArcFace_Project/data/aligned/train/n008130/0224_02.jpg,/mnt/c/Users/ansar/Desktop/VGGFace2_ArcFace_Project/data/aligned/train/n003594/0359_01.jpg,0.8602469563484192,2376.951930880596,90.41824776785714,76.06989738804637,4254.812787660902,7.458785076530617,0.5131527415671826
hard_impostor,/mnt/c/Users/ansar/Desktop/VGGFace2_ArcFace_Project/data/aligned/train/n009009/0415_02.jpg,/mnt/c/Users/ansar/Desktop/VGGFace2_ArcFace_Project/data/aligned/train/n008578/0144_01.jpg,0.8499653339385986,506.5183654778801,42.06875797193878,49.85499140100758,503.7335061768798,26.747050382653065,1.7656065814771225
hard_impostor,/mnt/c/Users/ansar/Desktop/VGGFace2_ArcFace_Project/data/aligned/train/n006504/0197_01.jpg,/mnt/c/Users/ansar/Desktop/VGGFace2_ArcFace_Project/data/aligned/train/n007218/0278_02.jpg,0.8014299273490906,940.2535985956983,54.597775829081634,66.86816854367868,678.9745354769581,12.854033801020408,18.19444578309709
hard_impostor,/mnt/c/Users/ansar/Desktop/VGGFace2_ArcFace_Project/data/aligned/train/n005118/0228_01.jpg,/mnt/c/Users/ansar/Desktop/VGGFace2_ArcFace_Project/data/aligned/train/n007491/0422_01.jpg,0.7938125729560852,101.380984327387,61.1745455994898,58.78410031062476,116.21698826126934,9.731903698979592,10.284074367879896
hard_impostor,/mnt/c/Users/ansar/Desktop/VGGFace2_ArcFace_Project/data/aligned/train/n008099/0289_01.jpg,/mnt/c/Users/ansar/Desktop/VGGFace2_ArcFace_Project/data/aligned/train/n004973/0150_07.jpg,0.7823165655136108,125.65911296763454,48.75765306122449,39.98965505706235,4.565478107622397,20.408960459183675,6.040356103456254
hard_impostor,/mnt/c/Users/ansar/Desktop/VGGFace2_ArcFace_Project/data/aligned/train/n000622/0248_02.jpg,/mnt/c/Users/ansar/Desktop/VGGFace2_ArcFace_Project/data/aligned/train/n000475/0173_01.jpg,0.7530239820480347,356.76244926214315,36.02806122448979,43.57760338711279,479.59439430729344,7.090561224489797,8.305301476041528
hard_impostor,/mnt/c/Users/ansar/Desktop/VGGFace2_ArcFace_Project/data/aligned/train/n007856/0304_01.jpg,/mnt/c/Users/ansar/Desktop/VGGFace2_ArcFace_Project/data/aligned/train/n002645/0300_01.jpg,0.7156751155853271,1725.8608192116556,61.95448022959184,65.95807820747476,150.43693328946392,5.772480867346935,2.3068268429757097
hard_impostor,/mnt/c/Users/ansar/Desktop/VGGFace2_ArcFace_Project/data/aligned/train/n005655/0630_01.jpg,/mnt/c/Users/ansar/Desktop/VGGFace2_ArcFace_Project/data/aligned/train/n001427/0357_03.jpg,0.7148692607879639,240.9819620077633,67.79819036989797,68.16973271691658,363.4123907315636,34.93598533163266,11.283334769717436
hard_impostor,/mnt/c/Users/ansar/Desktop/VGGFace2_ArcFace_Project/data/aligned/train/n002901/0163_01.jpg,/mnt/c/Users/ansar/Desktop/VGGFace2_ArcFace_Project/data/aligned/train/n006255/0152_03.jpg,0.714608371257782,233.85160491129895,53.00920758928572,66.75626201505581,22.51356381786113,11.958466198979592,11.486474607242483
hard_impostor,/mnt/c/Users/ansar/Desktop/VGGFace2_ArcFace_Project/data/aligned/train/n000923/0226_01.jpg,/mnt/c/Users/ansar/Desktop/VGGFace2_ArcFace_Project/data/aligned/train/n006226/0262_01.jpg,0.7037510275840759,239.3805431380266,81.59937021683673,79.4880634597862,197.36567873559565,41.129862882653065,13.437251929300544
hard_impostor,/mnt/c/Users/ansar/Desktop/VGGFace2_ArcFace_Project/data/aligned/train/n008417/0392_01.jpg,/mnt/c/Users/ansar/Desktop/VGGFace2_ArcFace_Project/data/aligned/train/n001490/0096_02.jpg,0.7006801962852478,393.72712626490977,74.37097417091837,69.56504691033348,265.20571169203794,7.431361607142847,1.59931015385105
hard_impostor,/mnt/c/Users/ansar/Desktop/VGGFace2_ArcFace_Project/data/aligned/train/n004562/0228_02.jpg,/mnt/c/Users/ansar/Desktop/VGGFace2_ArcFace_Project/data/aligned/train/n003427/0151_01.jpg,0.6900041103363037,778.4614605504441,72.80632174744898,80.98079075097633,963.7268869701102,49.89485012755102,28.35509230193189
hard_impostor,/mnt/c/Users/ansar/Desktop/VGGFace2_ArcFace_Project/data/aligned/train/n007224/0290_02.jpg,/mnt/c/Users/ansar/Desktop/VGGFace2_ArcFace_Project/data/aligned/train/n000916/0325_04.jpg,0.6746336221694946,361.2282938641442,58.815648915816325,59.69898181321924,327.5903410492516,12.43582589285714,18.607104666387823
hard_impostor,/mnt/c/Users/ansar/Desktop/VGGFace2_ArcFace_Project/data/aligned/train/n004077/0188_01.jpg,/mnt/c/Users/ansar/Desktop/VGGFace2_ArcFace_Project/data/aligned/train/n000635/0209_01.jpg,0.6615809202194214,728.3317403352444,62.64457110969387,72.7815080342001,1026.6124165386818,2.181680484693878,10.201179514040916
hard_impostor,/mnt/c/Users/ansar/Desktop/VGGFace2_ArcFace_Project/data/aligned/train/n003355/0537_01.jpg,/mnt/c/Users/ansar/Desktop/VGGFace2_ArcFace_Project/data/aligned/train/n000948/0225_01.jpg,0.6542245149612427,123.64730283013488,81.56317761479592,80.23152429015101,47.31584550062351,2.348294005102048,5.093907489208874
hard_impostor,/mnt/c/Users/ansar/Desktop/VGGFace2_ArcFace_Project/data/aligned/train/n009009/0441_01.jpg,/mnt/c/Users/ansar/Desktop/VGGFace2_ArcFace_Project/data/aligned/train/n001476/0463_02.jpg,0.6484581828117371,827.8499430950757,31.72763871173469,45.18820779911787,996.2887295838544,42.29057716836735,51.75949082517788
hard_impostor,/mnt/c/Users/ansar/Desktop/VGGFace2_ArcFace_Project/data/aligned/train/n001667/0098_01.jpg,/mnt/c/Users/ansar/Desktop/VGGFace2_ArcFace_Project/data/aligned/train/n005183/0177_02.jpg,0.636897623538971,504.1638424550429,51.45479910714286,63.58436176994809,402.8852658984762,1.1721938775510168,16.90150402131109
hard_impostor,/mnt/c/Users/ansar/Desktop/VGGFace2_ArcFace_Project/data/aligned/train/n005236/0285_01.jpg,/mnt/c/Users/ansar/Desktop/VGGFace2_ArcFace_Project/data/aligned/train/n004004/0416_02.jpg,0.6261729598045349,450.9720121651378,55.76458864795919,61.06116097459834,218.36201997540087,0.1433354591836746,5.291824403867047
hard_impostor,/mnt/c/Users/ansar/Desktop/VGGFace2_ArcFace_Project/data/aligned/train/n001998/0824_05.jpg,/mnt/c/Users/ansar/Desktop/VGGFace2_ArcFace_Project/data/aligned/train/n003843/0344_01.jpg,0.6250548362731934,79.69708411785922,60.52523118622449,55.37864638975445,3.1134097708209936,3.774633290816325,6.68281544744454
hard_impostor,/mnt/c/Users/ansar/Desktop/VGGFace2_ArcFace_Project/data/aligned/train/n008232/0095_01.jpg,/mnt/c/Users/ansar/Desktop/VGGFace2_ArcFace_Project/data/aligned/train/n008469/0040_01.jpg,0.6094355583190918,772.748262490396,54.63978794642857,71.53497910845303,37.76247536604831,8.006935586734691,16.339501735649847
hard_impostor,/mnt/c/Users/ansar/Desktop/VGGFace2_ArcFace_Project/data/aligned/train/n009096/0096_07.jpg,/mnt/c/Users/ansar/Desktop/VGGFace2_ArcFace_Project/data/aligned/train/n005615/0104_01.jpg,0.5954307317733765,413.0190128642586,79.10726243622449,68.95772014455218,620.1921034895942,11.736367984693883,8.91629997904873
hard_impostor,/mnt/c/Users/ansar/Desktop/VGGFace2_ArcFace_Project/data/aligned/train/n000089/0300_01.jpg,/mnt/c/Users/ansar/Desktop/VGGFace2_ArcFace_Project/data/aligned/train/n001249/0379_03.jpg,0.5534651279449463,685.9916393465919,74.53447863520408,75.71257699968706,1150.7753449185398,5.26953125,9.610286720575743
hard_impostor,/mnt/c/Users/ansar/Desktop/VGGFace2_ArcFace_Project/data/aligned/train/n001017/0277_01.jpg,/mnt/c/Users/ansar/Desktop/VGGFace2_ArcFace_Project/data/aligned/train/n004385/0234_03.jpg,0.5430449843406677,232.0667662519259,54.76211734693878,57.94237233417845,315.0391963146866,16.44228316326531,20.1575451489717
hard_impostor,/mnt/c/Users/ansar/Desktop/VGGFace2_ArcFace_Project/data/aligned/train/n003803/0320_01.jpg,/mnt/c/Users/ansar/Desktop/VGGFace2_ArcFace_Project/data/aligned/train/n003439/0465_01.jpg,0.5412401556968689,1285.3143556841906,59.560227997448976,64.17640710757615,1909.8386061230285,10.702726403061227,20.658334262871627
hard_impostor,/mnt/c/Users/ansar/Desktop/VGGFace2_ArcFace_Project/data/aligned/train/n008371/0111_01.jpg,/mnt/c/Users/ansar/Desktop/VGGFace2_ArcFace_Project/data/aligned/train/n001426/0317_02.jpg,0.5336377620697021,1353.6793024364188,49.20268654336735,53.83545939063384,2396.211707576321,5.036750637755098,11.165992211770792
hard_impostor,/mnt/c/Users/ansar/Desktop/VGGFace2_ArcFace_Project/data/aligned/train/n008419/0305_01.jpg,/mnt/c/Users/ansar/Desktop/VGGFace2_ArcFace_Project/data/aligned/train/n004127/0063_01.jpg,0.5332978367805481,592.5445547457389,52.04428411989796,66.39941257572457,401.32175772530695,19.094786352040813,8.541606180328102
hard_impostor,/mnt/c/Users/ansar/Desktop/VGGFace2_ArcFace_Project/data/aligned/train/n003300/0233_01.jpg,/mnt/c/Users/ansar/Desktop/VGGFace2_ArcFace_Project/data/aligned/train/n006552/0070_01.jpg,0.5276561379432678,767.846202832865,75.49800701530611,79.59440984524029,576.8507334539562,13.458545918367337,2.7485904919084305
hard_impostor,/mnt/c/Users/ansar/Desktop/VGGFace2_ArcFace_Project/data/aligned/train/n005749/0189_01.jpg,/mnt/c/Users/ansar/Desktop/VGGFace2_ArcFace_Project/data/aligned/train/n001606/0298_01.jpg,0.5185967087745667,1663.3335569191852,86.5626992984694,91.48487539944824,2315.943461108734,26.57613201530613,18.473559066420137
hard_impostor,/mnt/c/Users/ansar/Desktop/VGGFace2_ArcFace_Project/data/aligned/train/n007107/0163_04.jpg,/mnt/c/Users/ansar/Desktop/VGGFace2_ArcFace_Project/data/aligned/train/n001556/0011_01.jpg,0.5115311145782471,91.29112219820416,48.336495535714285,50.557205333970046,3.367628466929048,4.404017857142861,4.750696695068918
hard_impostor,/mnt/c/Users/ansar/Desktop/VGGFace2_ArcFace_Project/data/aligned/train/n004892/0074_01.jpg,/mnt/c/Users/ansar/Desktop/VGGFace2_ArcFace_Project/data/aligned/train/n001383/0414_01.jpg,0.5084683299064636,250.1679180547229,54.29109534438776,55.6117118128885,2.677396686113866,18.09414859693878,17.56099505032693
hard_impostor,/mnt/c/Users/ansar/Desktop/VGGFace2_ArcFace_Project/data/aligned/train/n003567/0291_01.jpg,/mnt/c/Users/ansar/Desktop/VGGFace2_ArcFace_Project/data/aligned/train/n008583/0079_16.jpg,0.5016638040542603,673.5097104715635,91.5967394770408,79.0920042054201,1189.8233967137207,36.39054528061224,30.10982334941316
hard_impostor,/mnt/c/Users/ansar/Desktop/VGGFace2_ArcFace_Project/data/aligned/train/n005883/0221_01.jpg,/mnt/c/Users/ansar/Desktop/VGGFace2_ArcFace_Project/data/aligned/train/n006709/0229_01.jpg,0.4843614101409912,215.4440285946021,59.73401626275511,60.32624839836736,289.1741032789073,5.407924107142854,6.30145555245403
hard_impostor,/mnt/c/Users/ansar/Desktop/VGGFace2_ArcFace_Project/data/aligned/train/n009050/0310_01.jpg,/mnt/c/Users/ansar/Desktop/VGGFace2_ArcFace_Project/data/aligned/train/n004391/0325_01.jpg,0.4832761585712433,267.306339869247,70.55476721938776,64.81136609817311,323.97850712812334,11.244260204081629,2.5954973514693265
hard_impostor,/mnt/c/Users/ansar/Desktop/VGGFace2_ArcFace_Project/data/aligned/train/n003927/0198_03.jpg,/mnt/c/Users/ansar/Desktop/VGGFace2_ArcFace_Project/data/aligned/train/n004714/0241_01.jpg,0.4822405278682709,1681.3949937387488,81.65134725765307,71.42228942581399,2277.526057544027,4.052535076530617,6.960549959302682
hard_impostor,/mnt/c/Users/ansar/Desktop/VGGFace2_ArcFace_Project/data/aligned/train/n008830/0235_01.jpg,/mnt/c/Users/ansar/Desktop/VGGFace2_ArcFace_Project/data/aligned/train/n009195/0234_02.jpg,0.4773782789707184,762.803975605359,72.18267697704081,78.95473934711598,580.0782703811157,33.03260522959184,21.30982579883296
hard_impostor,/mnt/c/Users/ansar/Desktop/VGGFace2_ArcFace_Project/data/aligned/train/n001253/0329_01.jpg,/mnt/c/Users/ansar/Desktop/VGGFace2_ArcFace_Project/data/aligned/train/n006306/0249_01.jpg,0.4745023548603058,892.1701650464599,49.77694515306122,66.65536688221056,1651.3416399719415,7.143654336734691,3.617988011864938
hard_impostor,/mnt/c/Users/ansar/Desktop/VGGFace2_ArcFace_Project/data/aligned/train/n001735/0279_02.jpg,/mnt/c/Users/ansar/Desktop/VGGFace2_ArcFace_Project/data/aligned/train/n003603/0224_02.jpg,0.4719771146774292,369.5072395550316,71.00259088010205,81.79899591492311,181.16315825945736,16.473453443877546,5.5626494745206685
hard_impostor,/mnt/c/Users/ansar/Desktop/VGGFace2_ArcFace_Project/data/aligned/train/n004487/0275_01.jpg,/mnt/c/Users/ansar/Desktop/VGGFace2_ArcFace_Project/data/aligned/train/n004483/0437_01.jpg,0.4708356857299804,222.53506492605212,50.26949139030612,46.21006961012295,205.47518980637133,6.51522640306122,11.137290228429904
hard_impostor,/mnt/c/Users/ansar/Desktop/VGGFace2_ArcFace_Project/data/aligned/train/n005392/0175_01.jpg,/mnt/c/Users/ansar/Desktop/VGGFace2_ArcFace_Project/data/aligned/train/n007234/0107_01.jpg,0.4580374658107757,1048.78529809128,56.89190051020408,65.47685587777076,875.7462528837268,16.053252551020414,15.686884669493494
hard_impostor,/mnt/c/Users/ansar/Desktop/VGGFace2_ArcFace_Project/data/aligned/train/n001347/0240_01.jpg,/mnt/c/Users/ansar/Desktop/VGGFace2_ArcFace_Project/data/aligned/train/n005902/0490_01.jpg,0.4568362832069397,285.4060671074298,65.76239636479592,57.55005533790158,238.82923261268297,45.86439732142858,34.33809428709366
hard_impostor,/mnt/c/Users/ansar/Desktop/VGGFace2_ArcFace_Project/data/aligned/train/n004610/0587_01.jpg,/mnt/c/Users/ansar/Desktop/VGGFace2_ArcFace_Project/data/aligned/train/n006256/0401_02.jpg,0.4534610509872436,637.6862383409125,53.38982780612245,57.11992166455886,260.0526524630749,22.936065051020407,6.450770850589841
hard_impostor,/mnt/c/Users/ansar/Desktop/VGGFace2_ArcFace_Project/data/aligned/train/n003069/0259_01.jpg,/mnt/c/Users/ansar/Desktop/VGGFace2_ArcFace_Project/data/aligned/train/n008118/0033_01.jpg,0.4502555429935455,527.4842582108427,59.482979910714285,61.76121324877454,279.93914045010536,8.43470982142857,8.754513872393005
hard_impostor,/mnt/c/Users/ansar/Desktop/VGGFace2_ArcFace_Project/data/aligned/train/n005241/0198_01.jpg,/mnt/c/Users/ansar/Desktop/VGGFace2_ArcFace_Project/data/aligned/train/n007508/0353_01.jpg,0.4471228420734405,812.7278141750985,63.31652582908164,67.20028736191404,479.1193851024496,25.581712372448983,21.37907689522648
hard_impostor,/mnt/c/Users/ansar/Desktop/VGGFace2_ArcFace_Project/data/aligned/train/n007911/0059_01.jpg,/mnt/c/Users/ansar/Desktop/VGGFace2_ArcFace_Project/data/aligned/train/n005327/0332_01.jpg,0.4441215693950653,548.6254353934355,45.07728794642857,53.96649686348222,483.9719904049989,1.806521045918366,0.7359519909165684
hard_impostor,/mnt/c/Users/ansar/Desktop/VGGFace2_ArcFace_Project/data/aligned/train/n000959/0292_01.jpg,/mnt/c/Users/ansar/Desktop/VGGFace2_ArcFace_Project/data/aligned/train/n005498/0217_01.jpg,0.4430927038192749,123.13448115122016,49.11292251275511,51.22779423021083,126.42282321203854,47.66589604591837,26.32265572473775
hard_impostor,/mnt/c/Users/ansar/Desktop/VGGFace2_ArcFace_Project/data/aligned/train/n003656/0337_01.jpg,/mnt/c/Users/ansar/Desktop/VGGFace2_ArcFace_Project/data/aligned/train/n000028/0106_01.jpg,0.4355843961238861,4182.67550318542,74.0550462372449,68.51027443948466,8007.881692030785,67.54105548469389,37.03099018700164
hard_impostor,/mnt/c/Users/ansar/Desktop/VGGFace2_ArcFace_Project/data/aligned/train/n005298/0053_01.jpg,/mnt/c/Users/ansar/Desktop/VGGFace2_ArcFace_Project/data/aligned/train/n006685/0188_01.jpg,0.4351582825183868,360.4804483880008,65.33099489795919,60.74194616434252,94.8712926417378,17.486447704081634,8.36548801639966
hard_impostor,/mnt/c/Users/ansar/Desktop/VGGFace2_ArcFace_Project/data/aligned/train/n006817/0246_01.jpg,/mnt/c/Users/ansar/Desktop/VGGFace2_ArcFace_Project/data/aligned/train/n006310/0340_05.jpg,0.4292669594287872,652.8359446114474,49.92976721938776,61.00305970260443,778.4280531508682,21.793207908163268,40.551756705399136
hard_impostor,/mnt/c/Users/ansar/Desktop/VGGFace2_ArcFace_Project/data/aligned/train/n007943/0269_01.jpg,/mnt/c/Users/ansar/Desktop/VGGFace2_ArcFace_Project/data/aligned/train/n000369/0248_01.jpg,0.4275694191455841,1709.7189605693827,65.64576690051021,72.92916620388053,1682.7808146129196,15.544722576530615,13.07062617688966
hard_impostor,/mnt/c/Users/ansar/Desktop/VGGFace2_ArcFace_Project/data/aligned/train/n007147/0488_01.jpg,/mnt/c/Users/ansar/Desktop/VGGFace2_ArcFace_Project/data/aligned/train/n003423/0266_02.jpg,0.4231689572334289,519.2920946012384,41.45691167091837,61.24730455580666,319.5923828226684,3.1204559948979598,6.447629110951468
hard_impostor,/mnt/c/Users/ansar/Desktop/VGGFace2_ArcFace_Project/data/aligned/train/n002829/0195_01.jpg,/mnt/c/Users/ansar/Desktop/VGGFace2_ArcFace_Project/data/aligned/train/n004371/0233_01.jpg,0.4197537899017334,424.8952635034627,65.14094387755102,53.9071249893768,41.73988368976927,5.931281887755098,10.176556931513858
hard_impostor,/mnt/c/Users/ansar/Desktop/VGGFace2_ArcFace_Project/data/aligned/train/n004186/0034_01.jpg,/mnt/c/Users/ansar/Desktop/VGGFace2_ArcFace_Project/data/aligned/train/n005644/0207_01.jpg,0.4166100621223449,99.27811112536932,54.40625,50.99810317156616,36.96000506787537,12.23118622448979,10.531613367642876
hard_impostor,/mnt/c/Users/ansar/Desktop/VGGFace2_ArcFace_Project/data/aligned/train/n003918/0308_01.jpg,/mnt/c/Users/ansar/Desktop/VGGFace2_ArcFace_Project/data/aligned/train/n006105/0092_01.jpg,0.4146508574485779,529.6374217283224,54.366868622448976,56.77779059948412,193.39765576192207,26.291772959183668,16.895766805443962
hard_impostor,/mnt/c/Users/ansar/Desktop/VGGFace2_ArcFace_Project/data/aligned/train/n004986/0310_01.jpg,/mnt/c/Users/ansar/Desktop/VGGFace2_ArcFace_Project/data/aligned/train/n001634/0150_02.jpg,0.4072890877723694,161.7865763373893,82.7009725765306,70.79821291286228,157.96425319482563,27.65816326530613,15.622764917639998
hard_impostor,/mnt/c/Users/ansar/Desktop/VGGFace2_ArcFace_Project/data/aligned/train/n001128/0136_02.jpg,/mnt/c/Users/ansar/Desktop/VGGFace2_ArcFace_Project/data/aligned/train/n002146/0066_02.jpg,0.3930800557136535,190.34302191871348,63.03411989795919,70.26917656286068,79.66161158639954,12.63839285714286,2.861677941533074
hard_impostor,/mnt/c/Users/ansar/Desktop/VGGFace2_ArcFace_Project/data/aligned/train/n000037/0154_01.jpg,/mnt/c/Users/ansar/Desktop/VGGFace2_ArcFace_Project/data/aligned/train/n001862/0023_01.jpg,0.3913048505783081,265.4583541190113,75.10188137755102,68.26697562850907,158.38910260373282,21.272480867346943,21.06394180026136
hard_impostor,/mnt/c/Users/ansar/Desktop/VGGFace2_ArcFace_Project/data/aligned/train/n005346/0318_01.jpg,/mnt/c/Users/ansar/Desktop/VGGFace2_ArcFace_Project/data/aligned/train/n000008/0223_01.jpg,0.389599084854126,235.22902655611432,67.78838488520408,64.3492770404534,7.017789015319181,13.26586415816326,16.43958202482556
hard_impostor,/mnt/c/Users/ansar/Desktop/VGGFace2_ArcFace_Project/data/aligned/train/n003278/0242_01.jpg,/mnt/c/Users/ansar/Desktop/VGGFace2_ArcFace_Project/data/aligned/train/n003880/0255_01.jpg,0.3881380558013916,2006.0542853187392,49.61742665816327,63.12138670421741,2715.4341930689684,24.641422193877556,10.810224490432546
hard_impostor,/mnt/c/Users/ansar/Desktop/VGGFace2_ArcFace_Project/data/aligned/train/n000550/0360_01.jpg,/mnt/c/Users/ansar/Desktop/VGGFace2_ArcFace_Project/data/aligned/train/n002352/0389_01.jpg,0.386797696352005,282.1121599133042,56.9035794005102,56.58235035998365,414.18979778551954,7.686144770408163,13.937869717418018
hard_impostor,/mnt/c/Users/ansar/Desktop/VGGFace2_ArcFace_Project/data/aligned/train/n006993/0115_01.jpg,/mnt/c/Users/ansar/Desktop/VGGFace2_ArcFace_Project/data/aligned/train/n003549/0019_01.jpg,0.3865906298160553,1059.2922566488155,89.23505261479592,75.48457266121983,137.37959543757995,32.68423150510205,0.8894351016098767
hard_impostor,/mnt/c/Users/ansar/Desktop/VGGFace2_ArcFace_Project/data/aligned/train/n007603/0082_01.jpg,/mnt/c/Users/ansar/Desktop/VGGFace2_ArcFace_Project/data/aligned/train/n004105/0136_01.jpg,0.3864075243473053,825.0263327678408,74.39325573979592,60.804158460002114,872.8689928797571,60.19897959183674,42.77360690779298
hard_impostor,/mnt/c/Users/ansar/Desktop/VGGFace2_ArcFace_Project/data/aligned/train/n005132/0038_01.jpg,/mnt/c/Users/ansar/Desktop/VGGFace2_ArcFace_Project/data/aligned/train/n006935/0141_01.jpg,0.3850832283496856,652.8056767061322,66.46484375,62.91303790369206,205.60762902211764,37.1734693877551,30.07232823068068
hard_impostor,/mnt/c/Users/ansar/Desktop/VGGFace2_ArcFace_Project/data/aligned/train/n005865/0350_01.jpg,/mnt/c/Users/ansar/Desktop/VGGFace2_ArcFace_Project/data/aligned/train/n005943/0314_01.jpg,0.3826580047607422,101.73800904489666,73.35239955357143,71.68108726465209,34.87774869195127,17.914620535714278,9.9155011034091
hard_impostor,/mnt/c/Users/ansar/Desktop/VGGFace2_ArcFace_Project/data/aligned/train/n005531/0042_02.jpg,/mnt/c/Users/ansar/Desktop/VGGFace2_ArcFace_Project/data/aligned/train/n001482/0057_01.jpg,0.3815967738628387,796.7650014296614,76.47875478316327,69.50722441431381,652.237689760614,24.91254783163265,19.7212849514374
hard_impostor,/mnt/c/Users/ansar/Desktop/VGGFace2_ArcFace_Project/data/aligned/train/n003668/0343_01.jpg,/mnt/c/Users/ansar/Desktop/VGGFace2_ArcFace_Project/data/aligned/train/n000959/0448_01.jpg,0.3809445798397064,1208.8776972340524,85.90796396683675,78.84339337971323,811.2203408288541,26.403300382653057,27.371676045661303
hard_impostor,/mnt/c/Users/ansar/Desktop/VGGFace2_ArcFace_Project/data/aligned/train/n004638/0254_01.jpg,/mnt/c/Users/ansar/Desktop/VGGFace2_ArcFace_Project/data/aligned/train/n001795/0004_01.jpg,0.3795219957828522,641.4435872177639,70.78041294642857,68.92087985963084,1075.5107383807467,18.191565688775512,2.0262702778360198
hard_impostor,/mnt/c/Users/ansar/Desktop/VGGFace2_ArcFace_Project/data/aligned/train/n007678/0078_01.jpg,/mnt/c/Users/ansar/Desktop/VGGFace2_ArcFace_Project/data/aligned/train/n000369/0300_01.jpg,0.3786965608596802,661.7672524092745,82.48975605867346,70.30295116564194,490.1565536251172,37.83426339285715,19.35906637529431
hard_impostor,/mnt/c/Users/ansar/Desktop/VGGFace2_ArcFace_Project/data/aligned/train/n007480/0260_02.jpg,/mnt/c/Users/ansar/Desktop/VGGFace2_ArcFace_Project/data/aligned/train/n005555/0309_01.jpg,0.3747195303440094,243.34579562465623,65.63030133928571,64.64705649772931,236.5305283056701,16.04344706632653,5.712347211161493
hard_impostor,/mnt/c/Users/ansar/Desktop/VGGFace2_ArcFace_Project/data/aligned/train/n008621/0078_04.jpg,/mnt/c/Users/ansar/Desktop/VGGFace2_ArcFace_Project/data/aligned/train/n005812/0455_01.jpg,0.3740224242210388,215.3717226014938,70.9593431122449,70.11235026430754,243.00163699288703,7.630739795918373,12.36721931027934
hard_impostor,/mnt/c/Users/ansar/Desktop/VGGFace2_ArcFace_Project/data/aligned/train/n007509/0309_01.jpg,/mnt/c/Users/ansar/Desktop/VGGFace2_ArcFace_Project/data/aligned/train/n006801/0180_01.jpg,0.3704378604888916,260.186929635235,49.6512675382653,59.5344472104391,386.14580452318046,15.82916135204082,34.89098349571251
hard_impostor,/mnt/c/Users/ansar/Desktop/VGGFace2_ArcFace_Project/data/aligned/train/n004656/0068_02.jpg,/mnt/c/Users/ansar/Desktop/VGGFace2_ArcFace_Project/data/aligned/train/n004847/0299_01.jpg,0.3672917783260345,759.6367880691344,106.04264987244898,88.88909793098412,702.0790625734658,15.336415816326536,10.384380290009103
hard_impostor,/mnt/c/Users/ansar/Desktop/VGGFace2_ArcFace_Project/data/aligned/train/n004218/0362_01.jpg,/mnt/c/Users/ansar/Desktop/VGGFace2_ArcFace_Project/data/aligned/train/n005733/0275_01.jpg,0.3662426173686981,202.1255874602013,83.65668845663265,84.64483619885156,102.0838831751012,2.146444515306115,2.398258833683343
hard_impostor,/mnt/c/Users/ansar/Desktop/VGGFace2_ArcFace_Project/data/aligned/train/n001382/0332_02.jpg,/mnt/c/Users/ansar/Desktop/VGGFace2_ArcFace_Project/data/aligned/train/n003860/0335_04.jpg,0.3661004900932312,413.3402342599712,81.96584024234693,74.67789699554922,261.618130208452,30.128268494897966,12.182443814898376
hard_impostor,/mnt/c/Users/ansar/Desktop/VGGFace2_ArcFace_Project/data/aligned/train/n005896/0340_12.jpg,/mnt/c/Users/ansar/Desktop/VGGFace2_ArcFace_Project/data/aligned/train/n005378/0025_01.jpg,0.3656685054302215,777.866856938449,85.3043287627551,73.09156159089075,208.729792082126,2.886559311224488,14.472039483153909
hard_impostor,/mnt/c/Users/ansar/Desktop/VGGFace2_ArcFace_Project/data/aligned/train/n000466/0159_01.jpg,/mnt/c/Users/ansar/Desktop/VGGFace2_ArcFace_Project/data/aligned/train/n004542/0290_01.jpg,0.3646732568740845,1678.8275314960215,81.24190848214286,74.56765111826854,878.4278749515986,11.963249362244897,0.1838981399966286
hard_impostor,/mnt/c/Users/ansar/Desktop/VGGFace2_ArcFace_Project/data/aligned/train/n003153/0055_01.jpg,/mnt/c/Users/ansar/Desktop/VGGFace2_ArcFace_Project/data/aligned/train/n004877/0093_01.jpg,0.3646731078624725,847.0468094336,90.17633928571428,87.35101298979816,1480.8675492368902,51.250797193877546,21.118746278131525
hard_impostor,/mnt/c/Users/ansar/Desktop/VGGFace2_ArcFace_Project/data/aligned/train/n001149/0594_01.jpg,/mnt/c/Users/ansar/Desktop/VGGFace2_ArcFace_Project/data/aligned/train/n000781/0070_01.jpg,0.3640744984149933,979.7721650339276,71.59095982142857,66.86523479339272,1123.8450571335836,9.12420280612244,16.625271544330147
hard_impostor,/mnt/c/Users/ansar/Desktop/VGGFace2_ArcFace_Project/data/aligned/train/n004112/0275_01.jpg,/mnt/c/Users/ansar/Desktop/VGGFace2_ArcFace_Project/data/aligned/train/n004408/0060_02.jpg,0.3630575537681579,1144.79949805956,103.59239477040816,83.87850987978071,859.425163113341,24.658003826530603,2.286501220873077
hard_impostor,/mnt/c/Users/ansar/Desktop/VGGFace2_ArcFace_Project/data/aligned/train/n001052/0449_01.jpg,/mnt/c/Users/ansar/Desktop/VGGFace2_ArcFace_Project/data/aligned/train/n009025/0402_01.jpg,0.3622350990772247,838.7608153356308,54.19403698979592,66.4702282974233,1484.370189916189,11.715401785714292,14.60827003127674
hard_impostor,/mnt/c/Users/ansar/Desktop/VGGFace2_ArcFace_Project/data/aligned/train/n001891/0478_01.jpg,/mnt/c/Users/ansar/Desktop/VGGFace2_ArcFace_Project/data/aligned/train/n001088/0340_01.jpg,0.3621291518211365,848.5745624572423,81.10929528061224,68.65742871821041,324.0227568855587,0.4676339285714164,1.4701345256382157
hard_impostor,/mnt/c/Users/ansar/Desktop/VGGFace2_ArcFace_Project/data/aligned/train/n008868/0190_01.jpg,/mnt/c/Users/ansar/Desktop/VGGFace2_ArcFace_Project/data/aligned/train/n008823/0041_01.jpg,0.3606187999248504,107.03406763295244,48.28539540816327,50.85378299841686,58.42696443213767,16.504464285714285,20.38106315134643
hard_impostor,/mnt/c/Users/ansar/Desktop/VGGFace2_ArcFace_Project/data/aligned/train/n005064/0148_02.jpg,/mnt/c/Users/ansar/Desktop/VGGFace2_ArcFace_Project/data/aligned/train/n006022/0582_01.jpg,0.3602492213249206,1370.728486959957,69.78507653061224,71.66718716306914,2140.010682467866,0.1339285714285836,0.2446470923946435
hard_impostor,/mnt/c/Users/ansar/Desktop/VGGFace2_ArcFace_Project/data/aligned/train/n004976/0038_02.jpg,/mnt/c/Users/ansar/Desktop/VGGFace2_ArcFace_Project/data/aligned/train/n002116/0485_02.jpg,0.3584299087524414,1312.2091829712217,52.88480548469388,48.98722411830202,1509.2905760816311,21.113520408163268,13.416807488112362
hard_impostor,/mnt/c/Users/ansar/Desktop/VGGFace2_ArcFace_Project/data/aligned/train/n002297/0432_01.jpg,/mnt/c/Users/ansar/Desktop/VGGFace2_ArcFace_Project/data/aligned/train/n001606/0255_01.jpg,0.3583832085132599,1904.2047051902812,70.84363042091837,89.15782708522447,497.5692186717045,7.767777423469383,13.829568423165084
hard_impostor,/mnt/c/Users/ansar/Desktop/VGGFace2_ArcFace_Project/data/aligned/train/n007975/0212_01.jpg,/mnt/c/Users/ansar/Desktop/VGGFace2_ArcFace_Project/data/aligned/train/n000342/0190_01.jpg,0.3580401837825775,1015.2414592471235,63.45165019132653,65.0753548002057,853.1235963693514,3.953045280612244,17.61165141490026
hard_impostor,/mnt/c/Users/ansar/Desktop/VGGFace2_ArcFace_Project/data/aligned/train/n000314/0348_02.jpg,/mnt/c/Users/ansar/Desktop/VGGFace2_ArcFace_Project/data/aligned/train/n007191/0190_01.jpg,0.3564662635326385,827.4740034815968,82.62603635204081,68.46675543580439,428.730770055476,60.22480867346939,26.39556999147669
hard_impostor,/mnt/c/Users/ansar/Desktop/VGGFace2_ArcFace_Project/data/aligned/train/n006666/0338_01.jpg,/mnt/c/Users/ansar/Desktop/VGGFace2_ArcFace_Project/data/aligned/train/n000582/0395_01.jpg,0.355744868516922,2451.6801682058745,89.58729272959184,98.49254122051536,2964.886334897081,1.8660714285714164,26.4470095176942
hard_impostor,/mnt/c/Users/ansar/Desktop/VGGFace2_ArcFace_Project/data/aligned/train/n000556/0028_01.jpg,/mnt/c/Users/ansar/Desktop/VGGFace2_ArcFace_Project/data/aligned/train/n008733/0117_01.jpg,0.3543495833873749,1850.309645732608,91.83533960459184,89.46502991547456,2344.591829763061,61.98046875,28.562709864100757
hard_impostor,/mnt/c/Users/ansar/Desktop/VGGFace2_ArcFace_Project/data/aligned/train/n005679/0926_01.jpg,/mnt/c/Users/ansar/Desktop/VGGFace2_ArcFace_Project/data/aligned/train/n002912/0032_01.jpg,0.3526166975498199,305.64747673330186,65.75733418367346,64.41905757539882,216.65686058670417,36.92873086734694,29.37676558551106
hard_impostor,/mnt/c/Users/ansar/Desktop/VGGFace2_ArcFace_Project/data/aligned/train/n004098/0296_01.jpg,/mnt/c/Users/ansar/Desktop/VGGFace2_ArcFace_Project/data/aligned/train/n008375/0047_05.jpg,0.3520317673683166,274.8506601533012,76.17669802295919,77.51393074563398,212.5176566496138,2.6496332908163254,0.3264106451807294
hard_impostor,/mnt/c/Users/ansar/Desktop/VGGFace2_ArcFace_Project/data/aligned/train/n003290/0159_01.jpg,/mnt/c/Users/ansar/Desktop/VGGFace2_ArcFace_Project/data/aligned/train/n000374/0054_01.jpg,0.351665049791336,670.3182369964612,86.83231026785714,81.44258202016557,710.4695448488158,7.400271045918373,0.1135084010543039
hard_impostor,/mnt/c/Users/ansar/Desktop/VGGFace2_ArcFace_Project/data/aligned/train/n009226/0077_01.jpg,/mnt/c/Users/ansar/Desktop/VGGFace2_ArcFace_Project/data/aligned/train/n006983/0030_01.jpg,0.351542979478836,264.55401239550054,89.55476721938776,71.05379726524191,40.29111207122361,14.352040816326536,6.663039295887316
hard_impostor,/mnt/c/Users/ansar/Desktop/VGGFace2_ArcFace_Project/data/aligned/train/n000471/0397_01.jpg,/mnt/c/Users/ansar/Desktop/VGGFace2_ArcFace_Project/data/aligned/train/n005132/0395_01.jpg,0.3509609997272491,348.7336780876976,66.14775988520408,68.46097612179221,249.23309261984548,41.78738839285714,30.908137183349943
